Date,Adj Close,Close,High,Low,Open,Volume,Returns,MA50
2020-01-01,595.67724609375,639.2999877929688,640.0,635.2999877929688,638.0499877929688,3673698,,
2020-01-02,599.4741821289062,643.375,644.0,639.5,639.5,6137166,0.006374149860608691,
2020-01-03,590.9252319335938,634.2000122070312,642.5,631.7999877929688,641.0999755859375,10855550,-0.014260747919039196,
2020-01-06,578.13671875,620.4749755859375,630.9000244140625,618.0,630.0,10890186,-0.02164150808343024,
2020-01-07,587.2913818359375,630.2999877929688,635.7249755859375,626.125,629.4500122070312,14724494,0.015834771930298697,
2020-01-08,585.7539672851562,628.6500244140625,631.0750122070312,620.0250244140625,623.4749755859375,11332110,-0.002617805400064177,
2020-01-09,592.3228149414062,635.7000122070312,637.9000244140625,631.5499877929688,632.5,9546316,0.011214345993583619,
2020-01-10,597.5872192382812,641.3499755859375,643.4500122070312,637.5499877929688,642.0499877929688,9214580,0.008887728387426241,
2020-01-13,599.1246948242188,643.0,648.25,638.0,641.3499755859375,7451568,0.0025728053352567226,
2020-01-14,600.7553100585938,644.75,646.2750244140625,638.75,644.5,7886290,0.0027216625327943778,
2020-01-15,598.3095092773438,642.125,643.9749755859375,637.0499877929688,643.2000122070312,11787448,-0.004071209592823144,
2020-01-16,599.8934326171875,643.8250122070312,645.5,639.6749877929688,641.0250244140625,7150400,0.0026473310473651424,
2020-01-17,595.4675903320312,639.0750122070312,642.4500122070312,635.9500122070312,640.875,16918814,-0.007377714181412864,
2020-01-20,584.6358642578125,627.4500122070312,652.4249877929688,626.25,652.4249877929688,22178450,-0.018190286507749343,
2020-01-21,579.7208251953125,622.1749877929688,625.0,619.2000122070312,625.0,14984804,-0.008407009153876599,
2020-01-22,578.090087890625,620.4249877929688,627.5,617.2000122070312,624.0250244140625,18368310,-0.0028129700259398316,
2020-01-23,579.9536743164062,622.4249877929688,623.4249877929688,615.5,620.0,11508920,0.003223695518774994,
2020-01-24,579.8139038085938,622.2750244140625,627.0,619.5499877929688,623.0,11831756,-0.00024100288351003307,
2020-01-27,565.2085571289062,606.5999755859375,617.5,605.875,617.5,18888552,-0.0251897144648483,
2020-01-28,569.8673095703125,611.5999755859375,613.9000244140625,606.625,609.4000244140625,13412158,0.008242536993904315,
2020-01-29,575.7608032226562,617.9249877929688,621.0,611.125,612.6500244140625,13788350,0.01034187003424969,
2020-01-30,571.1951904296875,613.0250244140625,619.4749755859375,608.5999755859375,619.4749755859375,12111984,-0.007929704084428835,
2020-01-31,571.3115844726562,613.1500244140625,618.9000244140625,610.125,615.7249755859375,11178268,0.0002037727994192995,
2020-02-03,555.70458984375,596.4000244140625,598.9749755859375,588.8499755859375,598.5,13077010,-0.027317833303366568,
2020-02-04,572.9421997070312,614.9000244140625,617.0,599.0,599.0,20897704,0.031019376442667168,
2020-02-05,579.8605346679688,622.3250122070312,624.0,613.6500244140625,617.4500122070312,18020682,0.012075101056398196,
2020-02-06,577.60107421875,619.9000244140625,624.3499755859375,618.5999755859375,622.3250122070312,11827550,-0.003896558420745988,
2020-02-07,578.718994140625,621.0999755859375,623.5,615.7999877929688,623.0,6815448,0.001935453328903547,
2020-02-10,577.8340454101562,620.1500244140625,621.4749755859375,613.0250244140625,621.4749755859375,9219834,-0.0015291510032133804,
2020-02-11,577.9736938476562,620.2999877929688,627.5,619.0250244140625,621.6500244140625,11613520,0.00024167568285271557,
2020-02-12,581.8870849609375,624.5,626.4500122070312,622.0250244140625,622.5999755859375,6297930,0.006770881019219521,
2020-02-13,578.3463134765625,620.7000122070312,629.9500122070312,616.7999877929688,629.9500122070312,9112140,-0.006084980361117154,
2020-02-14,568.07373046875,609.6749877929688,624.2000122070312,607.5,621.5999755859375,14688858,-0.017761992716892827,
2020-02-17,567.0487670898438,608.5750122070312,616.5,607.2249755859375,612.5,10152690,-0.0018042787827216022,
2020-02-18,565.2318115234375,606.625,609.25,601.75,608.4500122070312,10529116,-0.0032042315791127596,
2020-02-19,571.7308349609375,613.5999755859375,615.0,606.9500122070312,611.25,10012268,0.011497978891144678,
2020-02-20,567.0254516601562,608.5499877929688,615.0,607.0499877929688,615.0,11123414,-0.008230067390195495,
2020-02-24,563.6943359375,604.9749755859375,607.375,600.0,604.4749755859375,16568084,-0.005874719931712624,
2020-02-25,559.1986083984375,600.1500244140625,604.5,599.0,602.0,13886680,-0.007975470485410363,
2020-02-26,558.7095336914062,599.625,602.3499755859375,592.8250122070312,598.75,13814786,-0.0008745992920690115,
2020-02-27,558.8026123046875,599.7249755859375,601.25,590.5,597.5,20655098,0.0001665957132792606,
2020-02-28,548.6463623046875,588.8250122070312,592.5,585.0499877929688,587.75,24313056,-0.01817502240748703,
2020-03-02,549.5548095703125,589.7999877929688,600.5750122070312,583.0750122070312,600.0999755859375,14664898,0.0016557974827517974,
2020-03-03,550.579833984375,590.9000244140625,592.6749877929688,584.0,587.5,22369550,0.0018651905073199249,
2020-03-04,535.2290649414062,574.4249877929688,590.0,566.5499877929688,589.1749877929688,34288870,-0.027881095702107395,
2020-03-05,536.3936157226562,575.6749877929688,582.5,571.375,576.5,19549708,0.002175798844888055,
2020-03-06,528.7299194335938,567.4500122070312,570.4500122070312,550.5,562.5,23053566,-0.01428744873992882,
2020-03-09,515.8715209960938,553.6500244140625,559.2000122070312,532.5,555.0,34420590,-0.02431940763116769,
2020-03-11,518.8998413085938,556.9000244140625,560.0,546.0,552.5,35538240,0.005870299462650275,
2020-03-12,475.8056640625,510.6499938964844,540.0,501.7250061035156,537.5,59000770,-0.08304912396468689,569.9274389648438
2020-03-13,498.4009704589844,534.9000244140625,540.7249755859375,459.6000061035156,490.0249938964844,66342364,0.04748851916465702,567.9819134521484
2020-03-16,465.6494140625,499.75,518.5,497.5,517.5,31986322,-0.06571326770556452,565.3054180908204
2020-03-17,454.2818908691406,487.5499877929688,505.0,477.3500061035156,504.0,42676838,-0.024412192628322726,562.5725512695312
2020-03-18,408.5322570800781,438.4500122070313,496.5,432.5,492.5,61181406,-0.10070758863298168,559.1804620361328
2020-03-19,417.2209777832031,447.7749938964844,459.9750061035156,397.5,423.5,67220048,0.021268138690507143,555.7790539550781
2020-03-20,411.3042602539063,441.4249877929688,457.2999877929688,412.2749938964844,437.5,88637464,-0.014181256083368066,552.2900598144531
2020-03-23,359.4515686035156,385.7749938964844,419.375,382.5,397.2999877929688,50276954,-0.12606893888816273,547.6326348876953
2020-03-24,357.65789794921875,383.8500061035156,405.0,369.375,397.625,61057272,-0.004990020383734528,542.8340484619141
2020-03-25,399.1447143554688,428.375,433.7250061035156,377.625,385.2250061035156,47228042,0.11599580673076715,538.834448852539
2020-03-26,419.8066101074219,450.5499877929688,468.8500061035156,420.5,435.0499877929688,57043156,0.05176542494197256,535.2154748535156
2020-03-27,421.3673095703125,452.2250061035156,494.3250122070313,436.0499877929688,472.4750061035156,55235936,0.0037176629079072043,531.676630859375
2020-03-30,387.4510498046875,415.8250122070313,443.5,414.0,440.0,39268444,-0.08049096120012478,527.427783203125
2020-03-31,401.5440673828125,430.9500122070313,436.7999877929688,419.0,426.8999938964844,35211092,0.036373672455473294,523.5493127441406
2020-04-01,386.5193481445313,414.8250122070313,431.9249877929688,410.0,431.9249877929688,29103504,-0.03741736077987512,519.586982421875
2020-04-03,379.1583251953125,406.9249877929688,422.0,405.0,421.5,34996280,-0.019044384154519256,515.575732421875
2020-04-07,417.4771728515625,448.0499877929688,453.6499938964844,422.6749877929688,437.0,60412638,0.10106292044757592,512.3634741210938
2020-04-08,414.1228637695313,444.4500122070313,472.5,433.0499877929688,439.9750061035156,56219352,-0.00803471255474808,509.04685791015623
2020-04-09,430.9645080566406,462.5249938964844,465.4500122070313,445.0,456.5,44457146,0.040668231002290334,506.0698699951172
2020-04-13,417.1278076171875,447.6749877929688,473.3500061035156,443.1000061035156,467.0,34158056,-0.03210635720757449,503.10825500488284
2020-04-15,402.19622802734375,431.6499938964844,465.25,421.5,465.25,57978752,-0.03579617401951529,499.75483337402346
2020-04-16,409.8600158691406,439.875,445.3500061035156,428.125,432.5,53854396,0.019054847628446225,496.43681762695314
2020-04-17,424.0926818847656,455.1499938964844,460.0,443.625,457.5,55883462,0.03472567575405838,493.49476745605466
2020-04-20,440.1889343261719,472.4249877929688,480.4750061035156,467.5,475.5,66232986,0.03795456306831513,490.872314453125
2020-04-21,429.3804931640625,460.8250122070313,467.0,454.0,462.5,33178006,-0.024554095569564005,488.34583251953126
2020-04-22,432.6183471679688,464.2999877929688,466.5,453.6499938964844,459.5750122070313,38289354,0.007540757103442042,485.53935546875
2020-04-23,444.8944091796875,477.4750061035156,479.25,456.2749938964844,467.5,40901222,0.028376193686839635,482.84003295898435
2020-04-24,437.0209655761719,469.0249938964844,479.2000122070313,463.0,466.5,33284568,-0.017697330964515756,480.0284307861328
2020-04-27,433.130859375,464.8500061035156,478.7000122070313,463.1499938964844,472.5750122070313,27421072,-0.00890141779821274,477.1166680908203
2020-04-28,433.9228515625,465.7000122070313,471.8999938964844,461.0,471.8999938964844,29441436,0.0018285286544643675,474.2384442138672
2020-04-29,455.2136840820313,488.5499877929688,496.3500061035156,467.0499877929688,467.5,55877778,0.04906593981595053,471.7832440185547
2020-04-30,466.7210083007813,500.8999938964844,509.5,496.0499877929688,500.7000122070313,43793134,0.025278950570115866,469.47992248535155
2020-05-04,430.0094604492188,461.5,480.0,458.75,478.75,26722324,-0.07865844304977909,466.5131854248047
2020-05-05,424.6285095214844,455.7250061035156,472.0,454.0249938964844,469.0,29672858,-0.012513564055342208,463.6442810058594
2020-05-06,440.91107177734375,473.2000122070313,475.0,452.8250122070313,459.5,33785846,0.038345428747137644,461.12152709960935
2020-05-07,430.9412231445313,462.5,471.6499938964844,460.6749877929688,470.25,21831730,-0.02261192623860242,458.43571533203124
2020-05-08,432.8280029296875,464.5249938964844,471.9750061035156,462.6000061035156,471.0,20807484,0.004378276395533787,455.65765869140625
2020-05-11,426.6550903320313,457.8999938964844,477.0,457.0,468.5,28550784,-0.014261814290834951,452.8502514648437
2020-05-12,420.0162353515625,450.7749938964844,454.7000122070313,435.5499877929688,450.5,49568418,-0.015560238541399651,449.976689453125
2020-05-13,432.17578125,463.8250122070313,480.0,461.0499877929688,475.5,44346966,0.028950180671610815,447.43623291015626
2020-05-14,416.3591003417969,446.8500061035156,455.5,445.0,449.0,39554890,-0.036597795606352346,444.58922424316404
2020-05-15,413.7734375,444.0750122070313,446.2000122070313,437.5,445.25,24349628,-0.006210174917935629,441.68864074707034
2020-05-18,389.7804870605469,418.3250122070313,444.0,415.6499938964844,444.0,46649964,-0.05798571939372765,438.5113232421875
2020-05-19,386.9852294921875,415.3250122070313,433.6499938964844,413.0499877929688,430.4249877929688,47460692,-0.007171363526787267,435.259931640625
2020-05-20,399.3077697753906,428.5499877929688,432.0,416.1000061035156,418.2250061035156,40014306,0.03184240468137012,432.2344903564453
2020-05-21,400.4491882324219,429.7749938964844,442.0,426.1499938964844,430.7250061035156,48478908,0.0028584929806731996,429.5388928222656
2020-05-22,390.805419921875,419.4249877929688,435.1499938964844,416.5249938964844,425.0,42047432,-0.024082376975501862,426.62712890625
2020-05-26,397.1181335449219,426.2000122070313,435.875,424.375,428.5,38005152,0.016153086168326114,423.99489318847657
2020-05-27,420.9946594238281,451.8250122070313,454.8999938964844,428.5750122070313,429.9500122070313,56025754,0.06012449158584032,422.09735595703125
2020-05-28,440.3753662109375,472.625,475.0,456.9750061035156,460.0,75488806,0.04603551696744512,420.5268664550781
2020-05-29,443.3569946289063,475.8250122070313,477.5,461.7250061035156,472.0,53025166,0.006770652145289713,419.8778930664063
2020-06-01,460.1287536621094,493.8250122070313,497.5,483.0499877929688,487.5,39190230,0.03782901642781389,419.11244873046877
2020-06-02,466.3482666015625,500.5,502.5,487.6000061035156,493.3500061035156,41623594,0.013516896933636113,419.12642578125
2020-06-03,476.2482604980469,511.125,523.125,507.7250061035156,510.0,50546088,0.02122875671572455,419.5657531738281
2020-06-04,466.6743774414063,500.8500061035156,519.4749755859375,495.5499877929688,514.0250244140625,54275882,-0.020102715013863737,420.72859558105466
2020-06-05,481.4195556640625,516.6749877929688,521.2000122070312,501.3999938964844,501.5499877929688,35195984,0.031596288408843654,422.0125671386719
2020-06-08,473.2899169921875,507.9500122070313,533.3250122070312,503.2000122070313,530.0,49812664,-0.016886806063914683,423.2522802734375
2020-06-09,459.9656982421875,493.6499938964844,513.375,489.7749938964844,510.0,61844146,-0.02815234018649071,425.26256286621094
2020-06-10,462.0854187011719,495.9249877929688,499.9249877929688,489.1000061035156,495.0,36497730,0.004608431600628293,427.35111328125
2020-06-11,451.253662109375,484.2999877929688,494.2000122070313,482.5,492.5,30897714,-0.023441026601191517,428.39329223632814
2020-06-12,457.8459167480469,491.375,493.3250122070313,464.0,464.0,42644876,0.014608755988497757,429.1540783691406
2020-06-15,442.5183410644531,474.9249877929688,487.0,471.5,484.0,32009936,-0.03347758519386013,429.57709899902346
2020-06-16,461.409912109375,495.2000122070313,496.9750061035156,476.0,487.5,45399970,0.04269104643093269,431.0562762451172
2020-06-17,456.21533203125,489.625,499.4500122070313,486.625,494.5,36957838,-0.011258059139599985,432.14970153808594
2020-06-18,475.1767883300781,509.9750061035156,512.4500122070312,486.0,490.0,40870126,0.04156251438197889,433.9228503417969
2020-06-19,481.4195556640625,516.6749877929688,521.5,506.0750122070313,508.9750061035156,47877752,0.013137778374914921,435.9680749511719
2020-06-22,479.2764892578125,514.375,522.9749755859375,511.8999938964844,519.7249755859375,29694474,-0.004451556612181884,437.20406127929687
2020-06-23,485.5892028808594,521.1500244140625,522.5,508.2749938964844,519.5,28830512,0.013171340060561976,438.6333880615234
2020-06-24,481.0235595703125,516.25,528.75,515.0250244140625,524.25,39429246,-0.009402275181285447,439.6345690917969
2020-06-25,479.2764892578125,514.375,524.5,503.5,510.9500122070313,70646790,-0.003631984915792086,440.8775427246094
2020-06-26,492.1814270019531,528.2249755859375,531.5,514.0,520.5,39969138,0.02692587271310698,442.67724670410155
2020-06-29,501.3127746582031,538.0250244140625,541.2999877929688,518.5,518.5,46005956,0.018552808284278743,444.5063018798828
2020-06-30,496.5606689453125,532.9249877929688,539.2750244140625,528.1500244140625,537.0,35746130,-0.009479322995769701,445.9556616210937
2020-07-01,505.2960510253906,542.2999877929688,548.0,530.6500244140625,532.9249877929688,34846718,0.0175917720157579,447.25780395507815
2020-07-02,507.5323181152344,544.7000122070312,555.625,542.5999755859375,545.1500244140625,36954496,0.004425657167329344,448.8208404541016
2020-07-03,500.3343811035156,536.9749755859375,547.9000244140625,535.0,546.5,27597254,-0.014182223978265851,450.1751611328125
2020-07-06,513.8682250976562,551.5,559.9500122070312,550.0,553.9749755859375,35558216,0.02704959823926356,451.55463745117186
2020-07-07,514.8699340820312,552.5750122070312,555.8499755859375,546.5250244140625,554.7000122070312,24349850,0.0019493499217326793,453.1116168212891
2020-07-08,517.29248046875,555.1749877929688,562.4500122070312,552.5,553.5,30056350,0.0047051618794520245,454.79484924316404
2020-07-09,524.0943603515625,562.4749755859375,564.8499755859375,553.625,559.0,20114484,0.013149002043580715,456.5982794189453
2020-07-10,514.8465576171875,552.5499877929688,560.0,549.7750244140625,558.9500122070312,17562978,-0.017645300987729762,457.79093688964844
2020-07-13,503.2694091796875,540.125,556.5,535.6500244140625,554.9500122070312,29922114,-0.02248659967948774,458.52190490722654
2020-07-14,493.2994995117188,529.4249877929688,534.4500122070312,525.0,531.2999877929688,26612674,-0.019810283490545033,459.78770568847654
2020-07-15,490.6440734863281,526.5750122070312,539.5,525.0499877929688,535.0999755859375,20974394,-0.0053829894983049575,461.10801696777344
2020-07-16,495.02337646484375,531.2750244140625,532.75,517.0499877929688,526.8250122070312,23662456,0.008925620862793693,462.1902630615234
2020-07-17,511.7484436035156,549.2249755859375,552.0,529.1500244140625,529.5250244140625,28405738,0.033786418851796673,463.8064074707031
2020-07-20,527.8681640625,566.5250244140625,576.4500122070312,562.0750122070312,567.5,65124096,0.031499305294367064,465.7072106933594
2020-07-21,530.430419921875,569.2750244140625,578.9749755859375,567.0,576.0250244140625,47512422,0.004853969293498794,467.78271728515625
2020-07-22,524.74658203125,563.1749877929688,572.25,558.7750244140625,569.25,24718012,-0.010715520221223684,469.87732421875
2020-07-23,526.633544921875,565.2000122070312,571.9500122070312,558.125,562.5,20149122,0.0035959507984228978,471.7664794921875
2020-07-24,521.3689575195312,559.5499877929688,561.4500122070312,550.625,561.4500122070312,19598440,-0.009996680714907225,473.8666766357422
2020-07-27,502.9200439453125,539.75,551.5,537.6749877929688,549.9249877929688,37970094,-0.03538552364527303,475.64960876464846
2020-07-28,506.2510681152344,543.3250122070312,547.2000122070312,529.75,539.5,35596450,0.006623367292722282,477.97902038574216
2020-07-29,495.9783630371094,532.2999877929688,544.25,527.7750244140625,540.5,33592086,-0.02029172030465065,480.1588830566406
2020-07-30,489.4793090820313,525.3250122070312,541.8250122070312,523.3499755859375,537.0,26956266,-0.01310350297396301,481.9623138427734
2020-07-31,481.1633605957031,516.4000244140625,528.8499755859375,510.0249938964844,528.8499755859375,37726696,-0.016989376940005685,483.57659729003905
2020-08-03,466.8141479492188,501.0,513.4749755859375,496.5,512.9749755859375,31783542,-0.029821914596155685,485.0967718505859
2020-08-04,485.2863464355469,520.8250122070312,530.5250244140625,501.5,504.0,60306168,0.03957077686586641,486.8601361083984
2020-08-05,478.7174987792969,513.7750244140625,527.9000244140625,510.0,523.9749755859375,33221360,-0.013536024049509154,488.0145928955078
2020-08-06,484.84375,520.3499755859375,527.5,513.125,518.5,33646888,0.01279721597043082,488.9039605712891
2020-08-07,486.3113098144531,521.9249877929688,523.5999755859375,510.2999877929688,517.4249877929688,24836784,0.0030268716766033155,489.763046875
2020-08-10,489.4793090820313,525.3250122070312,532.0,521.9000244140625,522.0,22172854,0.006514344214587409,490.3500579833984
2020-08-11,496.9334411621094,533.3250122070312,535.5,524.25,524.25,20136148,0.015228696988351942,490.9617614746094
2020-08-12,495.5591125488281,531.8499755859375,533.0,524.0,532.5,20666432,-0.0027656190939118197,491.347978515625
2020-08-13,493.392822265625,529.5250244140625,535.6749877929688,528.25,533.9749755859375,19892740,-0.004371406414183654,491.88234741210937
2020-08-14,481.9320068359375,517.2249755859375,532.9500122070312,513.6500244140625,532.9500122070312,20924512,-0.02322858159358754,491.89259643554686
2020-08-17,481.1400146484375,516.375,523.5,510.1000061035156,523.5,19561012,-0.0016433691397667038,492.0495983886719
2020-08-18,492.2047119140625,528.25,530.8250122070312,511.0,514.0,24040824,0.02299683445308509,492.6943786621094
2020-08-19,496.9101257324219,533.2999877929688,534.9000244140625,528.125,532.5,17715624,0.009559871542190512,493.39087280273435
2020-08-20,493.3694458007813,529.5,534.4749755859375,526.0,527.4749755859375,19216734,-0.007125393000236735,494.2331884765625
2020-08-21,505.7852478027344,542.8250122070312,544.4000244140625,532.2999877929688,532.7000122070312,28924302,0.02516532409460659,495.19197509765627
2020-08-24,520.4138793945312,558.5250244140625,561.4749755859375,542.8250122070312,543.0,36779740,0.028922614203058528,496.7498858642578
2020-08-25,521.6484375,559.8499755859375,563.5,553.0999755859375,559.5,27601738,0.0023722620674626604,497.9546563720703
2020-08-26,521.066162109375,559.2249755859375,565.875,554.75,560.5,25190062,-0.0011162218627847054,499.2516729736328
2020-08-27,518.1078491210938,556.0499877929688,564.9500122070312,553.125,562.9000244140625,20645996,-0.005677422952021005,500.1102941894531
2020-08-28,519.2259521484375,557.25,562.5,547.5,555.9749755859375,38696610,0.002158050740286077,500.8664221191406
2020-08-31,519.8547973632812,557.9249877929688,574.4000244140625,550.3499755859375,564.75,38501166,0.0012111205386435842,501.67798828125
2020-09-01,525.189208984375,563.6500244140625,571.7999877929688,554.0,564.0,28877884,0.01026134922318711,502.4699884033203
2020-09-02,528.3805541992188,567.0750122070312,569.5,560.3499755859375,562.0499877929688,19761682,0.0060765628086976164,503.41712829589846
2020-09-03,526.8663330078125,565.4500122070312,572.9749755859375,564.0,568.625,19833362,-0.0028657776660632184,504.3689251708984
2020-09-04,521.462158203125,559.6500244140625,562.7000122070312,552.2000122070312,555.0,23661370,-0.010257202759257233,504.95453979492186
2020-09-07,517.3623657226562,555.25,559.75,549.5,558.1500244140625,17615466,-0.007862109293982122,505.2755316162109
2020-09-08,518.2708129882812,556.2249755859375,559.4000244140625,551.5,557.0,14624918,0.0017559206579629283,505.7097344970703
2020-09-09,510.8399963378906,548.25,555.0,545.625,550.5,15728872,-0.014337710062323428,505.8206134033203
2020-09-10,508.0680541992188,545.2750244140625,552.4249877929688,542.0,551.5,15188088,-0.005426243361019711,505.831328125
2020-09-11,502.5239868164063,539.3250122070312,552.4249877929688,535.5,548.2249755859375,20794730,-0.010912056636882328,505.8751202392578
2020-09-14,492.8801879882813,528.9749755859375,547.0,526.1749877929688,544.0,21650590,-0.0191907233905797,505.45535949707033
2020-09-15,498.72705078125,535.25,538.0750122070312,529.0499877929688,534.0,16505110,0.011862645193414956,505.1325018310547
2020-09-16,509.5122985839844,546.8250122070312,548.0,534.1749877929688,535.0999755859375,18710112,0.021625552064680198,504.9768981933594
2020-09-17,504.8301696777344,541.7999877929688,547.0,539.0,542.0,18318686,-0.009189432559846722,504.5916143798828
2020-09-18,492.5774841308594,528.6500244140625,546.0999755859375,523.5999755859375,546.0,23481778,-0.024270905906231155,504.14623291015624
2020-09-21,488.8503723144531,524.6500244140625,535.6749877929688,520.75,527.5,19842878,-0.007566549297279845,503.85785217285155
2020-09-22,482.3746032714844,517.7000122070312,529.0750122070312,514.75,527.0250244140625,18620678,-0.013246934869476146,503.63935424804686
2020-09-23,487.8953552246094,523.625,527.5,517.1749877929688,523.0,16079828,0.011444947382559079,503.5843798828125
2020-09-24,480.0452270507813,515.2000122070312,523.5,512.5,519.0,19809510,-0.0160897784530335,503.2848168945313
2020-09-25,486.3812561035156,522.0,525.9749755859375,512.8250122070312,525.0,20321544,0.013198816894109067,502.77747314453126
2020-09-28,491.1331787109375,527.0999755859375,529.5,521.3250122070312,524.4749755859375,16152422,0.009769954223751043,502.0427734375
2020-09-29,495.02337646484375,531.2750244140625,534.9500122070312,525.5,529.0,12644446,0.007920861229772314,501.3346325683594
2020-09-30,502.5007019042969,539.2999877929688,543.4500122070312,526.0,530.0,18813842,0.015104994622378465,500.8897149658203
2020-10-01,515.7084350585938,553.4749755859375,555.0,545.0499877929688,545.0499877929688,21203080,0.026284009364055283,500.6712127685547
2020-10-05,519.156005859375,557.1749877929688,566.0,555.5,556.0,16940126,0.006685116174975025,500.62695373535155
2020-10-06,533.0160522460938,572.0499877929688,574.0,563.0999755859375,567.5250244140625,19371990,0.02669726677586204,501.2288739013672
2020-10-07,541.4718627929688,581.125,582.4249877929688,568.7999877929688,572.4500122070312,21248778,0.015864082350320885,501.93328979492185
2020-10-08,555.2385864257812,595.9000244140625,601.5,581.6749877929688,590.0,35060674,0.025424633445960243,503.1184942626953
2020-10-09,574.689208984375,616.7750244140625,618.5,595.8250122070312,600.5,44972388,0.03503110740880344,504.8226922607422
2020-10-12,565.418212890625,606.8250122070312,621.375,602.7999877929688,615.7750244140625,19220546,-0.016132191015269415,506.50778930664063
2020-10-13,558.3367309570312,599.2249755859375,611.2249755859375,597.5,606.7000122070312,18353952,-0.012524325839082251,508.3382409667969
2020-10-14,564.41650390625,605.75,607.1500244140625,587.75,597.7750244140625,22582918,0.010889079317417671,509.92084411621096
2020-10-15,544.7330322265625,584.625,608.5,582.0,607.0999755859375,28246896,-0.03487401864307804,511.24115478515625
2020-10-16,558.7559814453125,599.6749877929688,601.75,586.5,590.0,25822848,0.025742792136970394,512.7193994140625
2020-10-19,560.7128295898438,601.7750244140625,617.5,596.2999877929688,617.5,42359556,0.003502151582287505,514.2074298095703
2020-10-20,570.216796875,611.9749755859375,613.7000122070312,602.9500122070312,603.75,27411978,0.016949794589341316,515.8221795654297
2020-10-21,580.8156127929688,623.3499755859375,625.5,610.8499755859375,615.2999877929688,35640752,0.018587344280375895,517.4998229980469
2020-10-22,574.57275390625,616.6500244140625,625.0,611.5,619.9749755859375,21913060,-0.010748435044124816,519.0800958251953
2020-10-23,575.7374877929688,617.9000244140625,624.2249755859375,615.5999755859375,621.75,15866230,0.002027130383054576,520.7269891357422
2020-10-26,564.1369018554688,605.4500122070312,621.0,602.2999877929688,614.9000244140625,19571976,-0.02014908909609081,522.3710870361328
2020-10-27,574.4794921875,616.5499877929688,618.0,598.9249877929688,613.0,24317780,0.01833347596658541,524.237876586914
2020-10-28,563.5313720703125,604.7999877929688,616.0,600.75,614.0,16571186,-0.019057460302889684,525.664409790039
2020-10-29,553.0955810546875,593.5999755859375,602.2249755859375,589.25,600.2999877929688,23060024,-0.018518562644144865,526.7881188964843
2020-10-30,551.3950805664062,591.7750244140625,599.6500244140625,588.1749877929688,591.2750244140625,11522716,-0.003074514688833019,527.9486315917969
2020-11-02,566.16357421875,607.625,612.5,588.75,597.1749877929688,21926080,0.026783869085616807,529.1561981201172
2020-11-03,581.3978881835938,623.9749755859375,625.375,612.75,613.2249755859375,28164230,0.026907972640001887,530.3758782958985
2020-11-04,585.8004150390625,628.7000122070312,632.4000244140625,615.0,626.0,23404822,0.007572313117997664,531.6589178466797
2020-11-05,591.2979125976562,634.5999755859375,638.0,626.1749877929688,633.0,21433928,0.009384591436704781,533.0635528564453
2020-11-06,609.2111206054688,653.8250122070312,655.0,632.75,633.125,35705724,0.03029472559630264,534.8856182861329
2020-11-09,624.53857421875,670.2750244140625,672.9749755859375,657.5999755859375,657.5999755859375,26288440,0.02515951054545429,536.9918707275391
2020-11-10,649.2769165039062,696.8250122070312,697.5,675.7750244140625,678.5,41517356,0.039610591413191676,539.5803131103515
2020-11-11,647.5531616210938,694.9749755859375,707.4000244140625,685.25,699.9500122070312,36116194,-0.002654883977847522,542.027592163086
2020-11-12,639.0508422851562,685.8499755859375,694.2750244140625,680.0,688.7000122070312,27053948,-0.013129917109280576,544.2409979248047
2020-11-13,633.041015625,679.4000244140625,684.4000244140625,673.5,684.4000244140625,22472480,-0.009404301289496653,546.3644915771484
2020-11-14,638.119140625,684.8499755859375,687.4749755859375,682.5999755859375,683.9000244140625,1835066,0.008021794598864096,548.697631225586
2020-11-17,656.1719970703125,704.2249755859375,706.2999877929688,690.2999877929688,692.9000244140625,31059900,0.02829073020381556,551.4738238525391
2020-11-18,656.2885131835938,704.3499755859375,709.5,699.5250244140625,701.5,18862776,0.00017756946928781936,554.2341778564453
2020-11-19,640.2855224609375,687.1749877929688,699.7249755859375,684.0,694.8499755859375,20266882,-0.024384078650146135,556.8230883789063
2020-11-20,653.9358520507812,701.8250122070312,704.2000122070312,682.5250244140625,686.3250122070312,20405362,0.021319128905771034,559.7404443359375
2020-11-23,649.7195434570312,697.2999877929688,711.8250122070312,687.6749877929688,707.5,25246636,-0.006447587451471559,562.68435546875
2020-11-24,670.0320434570312,719.0999755859375,722.5,701.0250244140625,704.0,40154400,0.03126348930789602,566.227392578125
2020-11-25,653.539794921875,701.4000244140625,732.2000122070312,698.5,725.6500244140625,24152602,-0.024614119124907075,569.3236474609375
2020-11-26,664.6511840820312,713.3250122070312,716.0,693.5,707.5,27943126,0.01700185550519473,572.4264251708985
2020-11-27,671.2667236328125,720.4249877929688,723.0,707.7750244140625,715.9000244140625,17994580,0.009953400684779012,575.75515625
2020-12-01,667.749267578125,716.6500244140625,724.5,712.75,720.4249877929688,17147574,-0.005240027444905149,579.2585919189453
2020-12-02,655.47314453125,703.4749755859375,715.9000244140625,697.4000244140625,715.5,17892150,-0.018384330231315027,582.5910473632813
2020-12-03,641.6131591796875,688.5999755859375,716.0,687.0250244140625,714.5,37933222,-0.02114500871194991,585.7758184814453
2020-12-04,645.526611328125,692.7999877929688,700.7249755859375,686.6500244140625,690.5,26912322,0.006099395083231984,588.9284436035156
2020-12-07,639.30712890625,686.125,689.9749755859375,679.0499877929688,687.5,24316318,-0.009634742104711824,592.113681640625
2020-12-08,641.1939697265625,688.1500244140625,694.4000244140625,682.5750122070312,687.5,19457896,0.002951383982751077,595.2099359130859
2020-12-09,655.589599609375,703.5999755859375,705.0250244140625,687.5250244140625,688.5,22069074,0.022451287071448167,598.4990643310547
2020-12-10,645.6430053710938,692.9249877929688,701.0,687.875,699.0,19727966,-0.015171982966489694,601.5114569091797
2020-12-11,644.2221069335938,691.4000244140625,697.5,686.5,695.0250244140625,21356384,-0.002200749370286026,604.3458850097657
2020-12-14,639.2605590820312,686.0750122070312,694.0,684.0,691.5,17222050,-0.007701610668374603,606.8169274902343
2020-12-15,648.18212890625,695.6500244140625,697.4749755859375,683.0,690.4000244140625,21561436,0.01395607737325455,609.3974499511719
2020-12-16,657.2203369140625,705.3499755859375,708.4000244140625,697.25,702.0,16832092,0.013943932738571085,611.8815356445313
2020-12-17,671.7092895507812,720.9000244140625,722.5,702.25,709.2999877929688,21924478,0.02204580689750224,614.4862841796875
2020-12-18,657.5230712890625,705.6749877929688,719.8499755859375,703.1500244140625,717.5,22995918,-0.021119580274386318,616.5319738769531
2020-12-21,639.493408203125,686.3250122070312,711.9249877929688,683.3499755859375,708.75,23761824,-0.027420578643104765,617.8280578613281
2020-12-22,639.7030029296875,686.5499877929688,692.4000244140625,672.5,692.4000244140625,22851558,0.000327751191605552,619.3137536621093
2020-12-23,640.8910522460938,687.8250122070312,690.4749755859375,680.5250244140625,683.75,15467394,0.0018571889001071096,620.9648400878906
2020-12-24,650.8842163085938,698.5499877929688,702.0,688.5,694.7000122070312,14952188,0.015592609738390939,622.6941943359375
2020-12-28,658.221923828125,706.4249877929688,710.5,702.0,702.5,11699194,0.01127344516225337,624.9639721679688
2020-12-29,664.9073486328125,713.5999755859375,717.375,710.0,710.5250244140625,14495346,0.010156794483243692,627.0869995117188
2020-12-30,667.3765869140625,716.25,719.9500122070312,706.5,719.9500122070312,16216726,0.0037136576792651255,629.2202746582032
2020-12-31,669.1468505859375,718.1500244140625,722.0,712.5250244140625,717.5,22145750,0.0026525708371949452,631.1988757324219
2021-01-01,663.90576171875,712.5250244140625,721.5,710.2999877929688,720.0,8810938,-0.007832494261309275,632.8606787109375
2021-01-04,659.6893920898438,708.0,719.0,699.5,719.0,15740192,-0.006350855606360062,634.5630114746094
2021-01-05,664.6743774414062,713.3499755859375,715.375,704.5,709.5999755859375,14386824,0.007556564363981222,636.3417492675782
2021-01-06,661.8092651367188,710.2750244140625,720.0,706.5499877929688,717.5,22134050,-0.004310550251262035,638.2951965332031
2021-01-07,659.805908203125,708.125,716.2999877929688,706.2750244140625,716.25,19894842,-0.0030270910957704844,640.0017248535156
2021-01-08,666.98046875,715.8250122070312,721.0,711.5499877929688,716.0,13768764,0.010873744017257714,642.0707067871094
2021-01-11,676.2049560546875,725.7249755859375,732.4500122070312,718.1500244140625,725.0,17331392,0.013830221028773515,644.5328942871093
2021-01-12,689.9718017578125,740.5,743.8499755859375,724.5499877929688,726.2249755859375,20388156,0.02035898373689471,647.3044287109375
2021-01-13,685.1499633789062,735.3250122070312,748.4500122070312,731.0499877929688,746.4500122070312,16934650,-0.006988457161034467,649.6841564941407
2021-01-14,684.2646484375,734.375,744.0,728.0,735.5750122070312,12297166,-0.0012921476884275584,651.7414916992187
2021-01-15,683.2863159179688,733.3250122070312,735.8250122070312,722.5,734.5499877929688,14165236,-0.0014297575094157633,653.6912097167968
2021-01-18,690.9501342773438,741.5499877929688,751.4249877929688,733.5,734.9500122070312,42825632,0.01121611567630909,655.6842541503906
2021-01-19,700.6171875,751.9249877929688,755.8250122070312,733.5,745.9000244140625,17360254,0.013990956428088452,657.5123754882812
2021-01-20,695.0964965820312,746.0,750.5,743.0,750.5,13346052,-0.0078797537606351,658.9235339355469
2021-01-21,687.0833740234375,737.4000244140625,747.1749877929688,734.0750122070312,746.0,26333054,-0.011528072142495849,659.6796630859375
2021-01-22,672.5244750976562,721.7750244140625,733.9500122070312,720.0750122070312,733.9500122070312,15392364,-0.02118942107495181,660.1790893554687
2021-01-25,681.5159912109375,731.4249877929688,740.5,727.5750122070312,732.5499877929688,20344718,0.013369797600266686,661.0283923339844
2021-01-27,656.707763671875,704.7999877929688,735.9500122070312,703.0750122070312,734.0,23556276,-0.03640153401974111,661.5017272949219
2021-01-28,638.9344482421875,685.7249755859375,700.6500244140625,671.0,694.9500122070312,42704446,-0.02706426878572421,661.5180334472657
2021-01-29,647.8094482421875,695.25,704.375,682.25,695.6749877929688,28704502,0.013890313825489553,661.3507824707032
2021-02-01,687.9917602539062,738.375,741.25,700.5,705.125,26370544,0.062027980790882786,661.9848474121094
2021-02-02,727.0327758789062,780.2750244140625,789.25,748.7000122070312,750.5,42420206,0.05674634186111738,663.7197924804688
2021-02-03,733.6715698242188,787.4000244140625,790.8499755859375,771.0,789.5,20237254,0.009131354411480164,665.3145068359376
2021-02-04,735.6748046875,789.5499877929688,794.0,771.7249755859375,783.0,24484684,0.0027304245464510046,667.0336120605468
2021-02-05,744.2937622070312,798.7999877929688,809.125,774.0,774.0,27054716,0.011715716597352266,668.5188464355468
2021-02-08,747.8577270507812,802.625,815.8250122070312,797.8499755859375,810.0,17447580,0.004788384673790391,670.405205078125
2021-02-09,750.9325561523438,805.9249877929688,814.0,793.3499755859375,805.0,18421366,0.0041115161217739615,672.1308325195313
2021-02-10,736.9094848632812,790.875,807.4249877929688,783.5,804.1749877929688,19788006,-0.018674208721105923,673.4436877441407
2021-02-11,732.5302124023438,786.1749877929688,798.9000244140625,782.0999755859375,791.0,13648618,-0.005942754912090731,674.739306640625
2021-02-12,737.002685546875,790.9749755859375,796.25,786.5,786.9500122070312,9910106,0.006105513559452769,676.3698974609375
2021-02-15,753.1454467773438,808.2999877929688,812.5,798.3499755859375,800.0499877929688,10355244,0.021903259712670486,678.6005432128907
2021-02-16,757.8275756835938,813.3250122070312,820.5,804.2249755859375,810.5999755859375,13897358,0.006216765866785101,680.8465625
2021-02-17,739.1223754882812,793.25,810.9000244140625,791.5,810.0,12794426,-0.02468265974412398,682.8428674316406
2021-02-18,724.1210327148438,777.1500244140625,802.9749755859375,774.0,802.9749755859375,14720560,-0.020296155644763503,684.5014086914063
2021-02-19,717.0396118164062,769.5499877929688,782.0999755859375,766.5,772.5,17139508,-0.00977933325854119,685.7304089355468
2021-02-22,721.1859130859375,774.0,786.9500122070312,769.7249755859375,772.5250244140625,29451838,0.005782527493882528,687.2412670898437
2021-02-23,712.404052734375,764.5750122070312,778.8499755859375,761.3250122070312,776.875,18239906,-0.012176971557840255,688.6049060058593
2021-02-24,748.416748046875,803.2249755859375,806.9749755859375,758.125,763.25,14314332,0.05055094110466496,690.7880297851563
2021-02-25,748.3934936523438,803.2000122070312,818.125,801.0,804.875,20109570,-3.107145128955491e-05,692.7922570800781
2021-02-26,714.8500366210938,767.2000122070312,794.4500122070312,760.5,793.5250244140625,27912846,-0.0448206155127695,693.9448510742187
2021-03-01,726.2640380859375,779.4500122070312,786.2750244140625,770.3499755859375,782.0,13536018,0.0159669873121846,695.0359460449218
2021-03-02,730.5967407226562,784.0999755859375,793.75,775.5,787.8499755859375,16110038,0.005965740294862298,696.4974194335938
2021-03-03,739.2854614257812,793.4249877929688,798.0,782.5,792.0,11222410,0.011892635456504763,698.4932604980469
2021-03-04,723.07275390625,776.0250244140625,785.5,769.5499877929688,774.2750244140625,16291438,-0.021930239894429326,700.1606555175781
2021-03-05,712.800048828125,765.0,772.7999877929688,760.5499877929688,765.5,17445822,-0.014207014470713819,701.5988354492188
2021-03-08,707.9083251953125,759.75,777.5,756.25,771.0,15117050,-0.006862687005780521,702.7393176269532
2021-03-09,727.9412841796875,781.25,782.8499755859375,769.125,772.5,15066696,0.0282988040560872,704.1337048339843
2021-03-10,724.7965087890625,777.875,787.5,776.0750122070312,786.0,11055016,-0.004320094846892553,705.3314880371094
2021-03-12,723.0261840820312,775.9749755859375,800.0,767.5250244140625,800.0,15631204,-0.0024425127405607316,706.4444799804687
2021-03-15,712.1710815429688,764.3250122070312,774.2000122070312,757.6500244140625,774.2000122070312,12230386,-0.015013429358501584,707.3049645996093
2021-03-16,704.484130859375,756.0750122070312,770.2000122070312,755.0,765.4500122070312,13722366,-0.010793685510143702,708.1165319824219
2021-03-17,696.6572265625,747.6749877929688,769.5,745.0999755859375,762.125,21064428,-0.011110121511647475,708.855888671875
2021-03-18,694.6306762695312,745.5,761.0250244140625,740.5750122070312,755.875,18065540,-0.0029089632830887613,709.4550146484376
2021-03-19,697.6588134765625,748.75,755.5999755859375,737.0250244140625,742.5,21235020,0.004359348514945571,710.1720056152344
2021-03-22,684.4511108398438,734.5750122070312,747.4500122070312,730.2000122070312,747.4500122070312,14015632,-0.018931463892647327,710.6649096679688
2021-03-23,698.8934326171875,750.0750122070312,753.7249755859375,734.5499877929688,735.0,19761428,0.021100589287703198,711.3031689453124
2021-03-24,688.9468383789062,739.4000244140625,753.2249755859375,735.5,745.4500122070312,16368900,-0.014231918306963687,711.5580065917969
2021-03-25,681.7490234375,731.6749877929688,747.7750244140625,725.125,745.0999755859375,23964356,-0.010447562192668958,711.3935510253906
2021-03-26,694.7704467773438,745.6500244140625,749.5,737.0,747.0,12021258,0.019100024924403103,711.5859606933594
2021-03-30,723.8414306640625,776.8499755859375,781.2750244140625,750.7750244140625,753.3250122070312,25607644,0.041842574078334804,712.3774963378906
2021-03-31,695.8651733398438,746.8250122070312,774.0,744.0,774.0,30774506,-0.03864970439527471,712.6290734863281
2021-04-01,692.650634765625,743.375,749.7000122070312,732.5,749.7000122070312,35763762,-0.004619484775751026,712.6630834960938
2021-04-05,675.3430786132812,724.7999877929688,742.5,715.5,740.0,16006586,-0.024987425526867835,712.1576013183594
2021-04-06,670.987060546875,720.125,731.3250122070312,716.3250122070312,730.0,15075734,-0.0064500817500797725,711.6754125976563
2021-04-07,674.2249755859375,723.5999755859375,728.3499755859375,710.7750244140625,719.6500244140625,25088180,0.004825599820693194,711.4182446289062
2021-04-08,667.5162963867188,716.4000244140625,730.4500122070312,715.25,726.5,17613592,-0.00995020867239238,711.3180810546875
2021-04-09,662.3683471679688,710.875,716.4000244140625,707.5499877929688,713.0,28157816,-0.0077120951902087675,710.9351281738282
2021-04-12,636.8845825195312,683.5250244140625,699.5,676.5,696.5,22549128,-0.038473705389752144,710.5386645507813
2021-04-13,652.3983764648438,700.1749877929688,703.2249755859375,680.5,684.0,18600682,0.02435887815644633,710.8079431152344
2021-04-15,666.2584228515625,715.0499877929688,718.3499755859375,695.5,702.5,34444984,0.021244759163599136,711.1769226074218
2021-04-16,665.5828857421875,714.3250122070312,722.5,711.75,717.4749755859375,15606526,-0.0010139265579318657,710.7287451171875
2021-04-19,658.0123291015625,706.2000122070312,708.8499755859375,686.1500244140625,695.0,24069242,-0.011374325877059,709.3483361816407
2021-04-20,648.228759765625,695.7000122070312,713.2000122070312,691.9749755859375,712.5,23186270,-0.014868367815076944,707.6394799804688
2021-04-22,662.7176513671875,711.25,713.4000244140625,685.5250244140625,690.0,38485312,0.02235150999286284,706.1803369140625
2021-04-23,658.8275756835938,707.0750122070312,717.2999877929688,700.0999755859375,704.5,22713528,-0.005869883917485108,704.4710131835938
2021-04-26,654.4716186523438,702.4000244140625,714.5,701.375,706.5,30170952,-0.006611679887154498,702.603291015625
2021-04-27,670.2649536132812,719.3499755859375,721.0,702.4000244140625,703.625,20592906,0.024131428332153426,700.9899389648438
2021-04-28,688.0150756835938,738.4000244140625,739.5,715.5,718.125,24103940,0.026482247019816052,700.01205078125
2021-04-29,686.0117797851562,736.25,751.8250122070312,730.5,743.0999755859375,24078552,-0.002911703492030404,699.0816821289062
2021-04-30,657.9656982421875,706.1500244140625,726.9000244140625,703.75,722.5,35232902,-0.04088279876440626,697.5009423828125
2021-05-03,658.9674072265625,707.2249755859375,710.9500122070312,688.6500244140625,696.5,22473700,0.0015224334445567145,695.6173815917969
2021-05-04,646.807861328125,694.1749877929688,711.5,691.6500244140625,704.9749755859375,21486328,-0.018452423845382815,693.3969873046875
2021-05-05,653.4467163085938,701.2999877929688,704.7999877929688,690.8499755859375,700.5,14421612,0.010264029516952489,691.6834741210937
2021-05-06,652.6546630859375,700.4500122070312,705.4000244140625,697.5,703.7999877929688,11477044,-0.001212116004087771,690.2541467285156
2021-05-07,659.1071166992188,707.375,712.4749755859375,705.125,706.4749755859375,12048334,0.00988647439178969,689.0954968261718
2021-05-10,661.4830322265625,709.9249877929688,715.0,706.4000244140625,713.5,11060050,0.0036047487079826634,687.9014392089844
2021-05-11,653.8892822265625,701.7750244140625,712.0999755859375,697.5250244140625,698.0,14519034,-0.0114798863009975,686.7311437988282
2021-05-12,652.0023193359375,699.75,704.2999877929688,694.4249877929688,699.875,13774926,-0.002885752897187288,684.8028552246094
2021-05-14,646.1090087890625,693.4249877929688,699.4500122070312,691.1749877929688,697.1749877929688,10604142,-0.009038787703818829,682.7571655273438
2021-05-17,670.987060546875,720.125,721.2999877929688,690.6500244140625,697.5750122070312,15120692,0.03850441863430909,681.8799060058594
2021-05-18,687.9685668945312,738.3499755859375,741.375,727.5,729.4749755859375,22165280,0.025308247127471928,681.1139965820313
2021-05-19,679.3496704101562,729.0999755859375,739.4249877929688,726.2750244140625,735.0999755859375,10130916,-0.01252803819697812,680.0890551757813
2021-05-20,667.5162963867188,716.4000244140625,732.9500122070312,714.25,729.1749877929688,10684184,-0.017418679273507487,678.653671875
2021-05-21,697.5656127929688,748.6500244140625,750.9500122070312,721.5,721.5,19341646,0.04501660344310343,678.1435290527344
2021-05-24,703.4591064453125,754.9749755859375,760.2249755859375,749.25,751.625,22146102,0.008448658512203444,677.9567102050781
2021-05-25,689.0167236328125,739.4749755859375,756.875,735.25,755.25,19236974,-0.02053052221539864,677.5788781738281
2021-05-26,688.131591796875,738.5250244140625,743.5,735.0,740.0,12283990,-0.0012846304096519878,676.7826843261719
2021-05-27,690.7405395507812,741.3250122070312,744.5,731.2249755859375,736.5499877929688,20439496,0.0037913500629924712,676.1015649414062
2021-05-28,700.4308471679688,751.7249755859375,756.5,739.375,745.4500122070312,17750020,0.014028867660626165,675.649658203125
2021-05-31,706.207763671875,757.9249877929688,759.75,743.75,750.0,15661054,0.008247661460462297,675.5303918457031
2021-06-01,704.2744140625,755.8499755859375,763.5,753.625,760.1500244140625,11030162,-0.002737649894023697,675.5261975097657
2021-06-02,700.6871337890625,752.0,755.0999755859375,746.5,755.0,10624016,-0.005093583128691015,675.6067956542969
2021-06-03,708.3974609375,760.2750244140625,762.4749755859375,743.875,754.0,10287260,0.011003951373764753,675.8821313476562
2021-06-04,699.26611328125,750.4749755859375,760.3250122070312,749.5999755859375,758.0,9424476,-0.01289014735338756,675.91427734375
2021-06-07,698.753662109375,749.9249877929688,757.0,748.0,755.0,8091668,-0.0007328414206579925,676.2003283691406
2021-06-08,690.9268798828125,741.5250244140625,750.6500244140625,740.75,748.2750244140625,9872540,-0.011201060761435233,676.0409973144531
2021-06-09,689.6456909179688,740.1500244140625,751.0,736.0250244140625,741.9500122070312,10223442,-0.0018543047059640383,676.0549743652343
2021-06-10,689.9951171875,740.5250244140625,744.5,736.8250122070312,741.0499877929688,11483540,0.0005066750566746769,676.2198962402343
2021-06-11,692.4642333984375,743.1749877929688,748.2750244140625,740.5250244140625,745.5,7205974,0.003578454614290516,676.1737719726563
2021-06-14,689.2496948242188,739.7249755859375,743.0,731.2750244140625,739.125,8881964,-0.004642172720521032,675.4819372558594
2021-06-15,694.28125,745.125,748.0,737.4000244140625,743.0,7569602,0.007300047012809285,675.4502587890624
2021-06-16,691.6490478515625,742.2999877929688,747.0,739.0499877929688,744.0,7702098,-0.003791262040329424,675.4302270507812
2021-06-17,683.0300903320312,733.0499877929688,739.375,730.0,733.0,9283802,-0.01246146083234545,675.5839672851563
2021-06-18,689.4127807617188,739.9000244140625,745.0,727.5,734.75,11938060,0.00934466946629664,675.9524816894532
2021-06-21,693.55908203125,744.3499755859375,745.9000244140625,729.5,730.6749877929688,7260472,0.006014250656841691,676.3391638183593
2021-06-22,691.2762451171875,741.9000244140625,754.0,740.0,748.5,14366824,-0.0032914815380640228,676.8143627929687
2021-06-23,692.0682983398438,742.75,748.9000244140625,739.2999877929688,745.0,7844868,0.001145783944191514,677.4083618164062
2021-06-24,701.7353515625,753.125,756.7249755859375,744.0,745.0,14785024,0.013968351455840189,678.7053771972656
2021-06-25,705.8583374023438,757.5499877929688,761.0,753.5,755.5499877929688,10383176,0.005875414186649497,679.7745764160156
2021-06-28,702.7136840820312,754.1749877929688,761.5,752.5,760.0,9356786,-0.004455077107802241,680.503681640625
2021-06-29,702.8073120117188,751.0250244140625,754.0999755859375,746.0750122070312,753.5,10971692,0.00013323766394246483,681.2481701660156
2021-06-30,700.8655395507812,748.9500122070312,754.5,747.0499877929688,749.0,9679022,-0.0027628802770696126,682.105234375
2021-07-01,695.6484375,743.375,751.0,741.5,751.0,16911442,-0.007443798783608568,683.0536279296875
2021-07-02,692.6773071289062,740.2000122070312,744.625,738.5,742.5,14827036,-0.004271022848511441,683.6528210449219
2021-07-05,699.7191772460938,747.7249755859375,752.25,742.2750244140625,744.9749755859375,7373882,0.010166162576301874,684.4706530761719
2021-07-06,718.0841674804688,767.3499755859375,770.0,748.0,748.5,17669032,0.026246229675531696,685.7429040527344
2021-07-07,720.3301391601562,769.75,772.6749877929688,763.8499755859375,767.0,9629190,0.0031277276138366172,686.7442077636719
2021-07-08,711.4166259765625,760.2249755859375,768.8499755859375,756.7249755859375,762.5,8420922,-0.012374205519133374,687.2122387695313
2021-07-09,702.7838745117188,751.0,758.0,748.75,756.2750244140625,10695842,-0.012134593358699708,687.5476806640625
2021-07-12,695.7654418945312,743.5,751.0,742.0,751.0,14458978,-0.009986615902454754,688.3036755371094
2021-07-13,702.7136840820312,750.9249877929688,753.0499877929688,742.0499877929688,748.0499877929688,18178142,0.009986472119943635,689.1786010742187
2021-07-14,701.4503173828125,749.5750122070312,753.6749877929688,745.5499877929688,748.75,9788494,-0.0017978398995731615,690.2714501953125
2021-07-15,711.5335693359375,760.3499755859375,763.375,749.8250122070312,752.5,10438802,0.014374862628541818,691.4331872558594
2021-07-16,712.3056640625,761.1749877929688,764.9749755859375,759.4000244140625,763.9749755859375,5170628,0.0010851135629244002,692.6262072753906
2021-07-19,688.2789916992188,735.5,744.4249877929688,733.0,743.5,25111600,-0.03373084558425343,693.2096447753906
2021-07-20,675.2481079101562,721.5750122070312,727.0,718.0750122070312,721.0,24174250,-0.018932560700264833,693.4849462890625
2021-07-22,677.8448486328125,724.3499755859375,734.25,722.5,728.0499877929688,13207114,0.0038456097725219074,693.9640576171874
2021-07-23,675.0609130859375,721.375,728.7249755859375,717.6500244140625,725.75,13126684,-0.004107039468530416,694.4252294921876
2021-07-26,671.22412109375,717.2750244140625,722.0,714.0499877929688,715.0,13167166,-0.0056836233854041796,694.9275317382812
2021-07-27,673.6572875976562,719.875,724.9500122070312,718.0499877929688,718.0499877929688,22401430,0.0036249688106282374,694.9809362792969
2021-07-28,663.1528930664062,708.6500244140625,719.3499755859375,702.0,717.5250244140625,20670342,-0.015593083789993467,694.4846228027344
2021-07-29,663.597412109375,709.125,714.9749755859375,706.6500244140625,714.125,13702230,0.0006703115489903322,694.1695776367187
2021-07-30,667.43408203125,713.2249755859375,715.875,703.9749755859375,709.5,11655488,0.005781622790961949,694.1679333496094
2021-08-02,665.6561889648438,711.3250122070312,717.5,708.125,717.5,13258786,-0.0026637732688079563,693.5297448730469
2021-08-03,671.2942504882812,717.3499755859375,719.9500122070312,705.0,705.0,12033120,0.00846993029871057,692.8864477539063
2021-08-04,685.6119995117188,732.6500244140625,737.25,720.0,720.5,22053948,0.021328573889949354,692.8183532714844
2021-08-05,694.7593383789062,742.4249877929688,753.5250244140625,728.7000122070312,733.5499877929688,18822408,0.013341859351502228,692.950908203125
2021-08-06,698.4090576171875,746.3250122070312,750.0,737.0,741.7750244140625,13339270,0.005253213647760768,693.1042785644531
2021-08-09,703.6728515625,751.9500122070312,753.6749877929688,738.0,746.0,10998048,0.007536835165442124,693.1691186523437
2021-08-10,705.427490234375,753.8250122070312,759.875,744.5,744.5,14838346,0.002493543225348116,693.1535131835938
2021-08-11,699.4851684570312,747.4749755859375,759.4249877929688,745.5250244140625,757.4500122070312,12585786,-0.008423717333966407,693.0577282714844
2021-08-12,702.503173828125,750.7000122070312,753.7999877929688,744.6500244140625,748.5,8597674,0.004314609525961854,693.0940490722656
2021-08-13,714.10693359375,763.0999755859375,765.5,750.5,750.5999755859375,16658428,0.016517732870007018,693.2082385253906
2021-08-16,716.1658935546875,765.2999877929688,767.5,760.7249755859375,763.0750122070312,6252778,0.002883265606420826,693.5462341308594
2021-08-17,708.7027587890625,757.3250122070312,762.0,752.6500244140625,758.5999755859375,8282666,-0.010420958094753408,693.7452160644531
2021-08-18,707.9307250976562,756.5,782.6749877929688,754.1749877929688,778.3499755859375,22985932,-0.0010893617695596491,694.08529296875
2021-08-20,708.7495727539062,757.375,759.9000244140625,743.0250244140625,743.0250244140625,13150406,0.0011566776624041264,694.4673706054688
2021-08-23,713.3583984375,762.2999877929688,766.5750122070312,754.3250122070312,764.9249877929688,10843054,0.006502756207225291,694.9346362304688
2021-08-24,729.3839111328125,779.4249877929688,782.25,763.7249755859375,765.0,18381314,0.02246488263180746,695.6730297851562
2021-08-25,728.7054443359375,778.7000122070312,782.4000244140625,774.0,776.0499877929688,7727974,-0.0009301916131125854,696.4621447753906
2021-08-26,727.489013671875,777.4000244140625,785.5,771.7249755859375,775.0,11119002,-0.0016693036583128595,697.1263000488282
2021-08-27,724.5177001953125,774.2249755859375,779.3250122070312,772.625,776.0,6382138,-0.0040843413724769295,697.7836730957031
2021-08-30,733.7821655273438,784.125,785.0,775.7999877929688,777.7999877929688,9049166,0.012787079362635012,698.7987145996094
2021-08-31,739.9351806640625,790.7000122070312,791.6749877929688,781.0999755859375,781.75,12062576,0.008385342988401545,699.8091625976563
2021-09-01,738.8588256835938,789.5499877929688,799.0,787.25,787.5,12422558,-0.0014546611765408057,700.7151574707032
2021-09-02,743.4910278320312,794.5,796.0,785.625,787.0499877929688,9618524,0.006269400848195605,701.759453125
2021-09-03,737.431884765625,788.0250244140625,799.0,784.1500244140625,793.0499877929688,10735334,-0.008149584648081465,702.6667248535156
2021-09-06,732.5890502929688,782.8499755859375,790.4749755859375,780.9749755859375,789.9749755859375,7876896,-0.006567161757855655,703.283798828125
2021-09-07,734.2501220703125,784.625,791.0,777.5999755859375,781.25,7245496,0.002267399132814596,703.8516345214844
2021-09-08,737.5955810546875,788.2000122070312,790.25,782.7999877929688,785.9749755859375,6724080,0.004556293398960687,704.5492724609375
2021-09-09,733.9459228515625,784.2999877929688,789.7249755859375,780.5,787.0,8250948,-0.004948047814910095,705.1720446777343
2021-09-13,727.8399047851562,777.7750244140625,792.0,776.8250122070312,781.0,8959164,-0.008319438634774134,705.7115319824219
2021-09-14,724.5646362304688,774.2750244140625,782.25,773.2999877929688,780.0,9758506,-0.00449998486364156,706.2898559570312
2021-09-15,723.7457275390625,773.4000244140625,777.4000244140625,767.5,767.5,14822998,-0.0011302079213617588,706.9112243652344
2021-09-16,729.8985595703125,779.9749755859375,782.1500244140625,768.1500244140625,768.875,10260550,0.008501372508507021,707.5148120117187
2021-09-17,740.2860107421875,791.0750122070312,794.5,779.5999755859375,784.5,20498102,0.014231362749900445,707.9588488769531
2021-09-20,729.851806640625,779.9249877929688,790.8499755859375,779.0,782.0,8781610,-0.014094828147706684,708.1492822265625
2021-09-21,726.1554565429688,775.9749755859375,784.3250122070312,764.4749755859375,781.0,14774996,-0.00506452140561231,708.4440588378907
2021-09-22,717.6161499023438,766.8499755859375,775.0750122070312,765.0,774.5,10582202,-0.011759612302961076,708.7407043457031
2021-09-23,734.6010131835938,785.0,786.0,771.0,771.0,13664304,0.023668451836767357,709.5174157714844
2021-09-24,749.36328125,800.7750244140625,803.9749755859375,787.5,789.5,20806702,0.020095627151982765,710.4504077148438
2021-09-27,760.3822631835938,812.5499877929688,817.75,804.0,807.8499755859375,16415462,0.014704459384790258,711.6290466308594
2021-09-28,755.6798095703125,807.5250244140625,816.0,791.0,816.0,12773790,-0.006184328384505999,712.5119714355469
2021-09-29,745.7603759765625,796.9249877929688,803.2999877929688,792.5750122070312,798.5,16263036,-0.013126503405444079,713.1810656738281
2021-09-30,746.2750854492188,797.4749755859375,803.1749877929688,791.5499877929688,793.0,15975348,0.000690180772855209,714.3409875488281
2021-10-01,740.5432739257812,791.3499755859375,794.5,782.625,791.5,11128596,-0.007680561277196074,715.6468908691406
2021-10-04,741.9703369140625,792.875,800.6749877929688,791.7999877929688,794.5,7051028,0.0019270487472204945,716.9294006347657
2021-10-05,746.5089721679688,797.7249755859375,798.75,788.125,796.0,10257178,0.006117003643006713,718.3583618164063
2021-10-06,755.609619140625,807.4500122070312,813.4249877929688,793.5,798.0,18600830,0.012190941183501947,720.0460717773437
2021-10-07,753.5509033203125,805.25,813.8499755859375,803.5,813.2999877929688,11265724,-0.002724575982309352,721.6439440917969
2021-10-08,749.8778686523438,801.3250122070312,811.0,800.0750122070312,806.0,7245562,-0.0048743019904621265,723.3784436035156
2021-10-11,764.4529418945312,816.9000244140625,822.5,799.5,799.9500122070312,13080848,0.019436596079814183,725.3955541992187
2021-10-12,762.4877319335938,814.7999877929688,820.7750244140625,812.5,812.5,8176946,-0.0025707402682854097,727.2966271972656
2021-10-13,767.0731811523438,819.7000122070312,824.0,815.0,818.5,6225644,0.006013800651089474,729.3249670410156
2021-10-14,789.5323486328125,843.7000122070312,845.0,819.0,819.0,14757288,0.029279041468676104,731.6897290039062
2021-10-18,781.53125,835.1500244140625,862.5,833.5250244140625,852.5,28856456,-0.010133971896993832,733.6081140136719
2021-10-19,790.1405029296875,844.3499755859375,846.2249755859375,835.5,837.7249755859375,8987540,0.0110158780339078,735.5157373046875
2021-10-20,783.1921997070312,836.9249877929688,849.375,832.2249755859375,844.5499877929688,10908568,-0.008793756549491216,737.2114001464844
2021-10-21,784.3386840820312,838.1500244140625,840.9749755859375,830.4249877929688,835.9000244140625,9738190,0.0014638608191308577,738.824716796875
2021-10-22,786.4207763671875,840.375,854.0,835.375,840.0499877929688,12175554,0.002654583188884896,740.4445825195312
2021-10-25,775.3081665039062,828.5,845.0,806.9000244140625,845.0,16426766,-0.01413061581945374,741.9610424804688
2021-10-26,773.3196411132812,826.375,836.9249877929688,823.1749877929688,825.0,12090656,-0.002564819353821357,743.3773718261718
2021-10-27,768.6641235351562,821.4000244140625,832.5250244140625,818.6500244140625,826.375,13249642,-0.006020172423686132,744.468515625
2021-10-28,745.6433715820312,796.7999877929688,825.0,793.5750122070312,825.0,17797750,-0.029949039181444426,745.0580651855469
2021-10-29,740.6134033203125,791.4249877929688,801.0,780.0,795.0,12406874,-0.006745809663735947,745.6962780761719
2021-11-01,751.1177978515625,802.6500244140625,805.5,791.7750244140625,792.5,8122320,0.014183370816888807,746.56001953125
2021-11-02,751.7963256835938,803.375,811.0,800.0250244140625,803.0,13237722,0.0009033574147385703,747.4209545898437
2021-11-03,739.9583740234375,790.7249755859375,804.9500122070312,787.7750244140625,802.5499877929688,10207338,-0.0157462217567933,747.9529541015625
2021-11-04,745.80712890625,796.9749755859375,798.9249877929688,795.0499877929688,797.5,1096808,0.007904167434460652,748.2814184570312
2021-11-08,748.7549438476562,800.125,802.3499755859375,785.2249755859375,796.0499877929688,18943580,0.00395251644447181,748.6824084472656
2021-11-09,735.6537475585938,786.125,797.2999877929688,784.5250244140625,797.2999877929688,12695476,-0.017497308560981084,748.845703125
2021-11-10,727.6995239257812,777.625,784.5,775.0,784.0,13714126,-0.01081245580439183,748.9093395996093
2021-11-11,724.4475708007812,774.1500244140625,777.4500122070312,767.7999877929688,775.0250244140625,7999404,-0.004468813044505526,748.7226477050781
2021-11-12,726.646728515625,776.5,779.5250244140625,772.5250244140625,775.0,14914092,0.0030356340520445446,748.4568786621094
2021-11-15,728.6353759765625,778.625,785.9249877929688,777.2000122070312,781.0499877929688,9533594,0.002736745908152427,748.2524096679688
2021-11-16,724.3072509765625,774.0,778.5999755859375,770.7999877929688,777.5,8245406,-0.0059400423623395815,747.8687341308594
2021-11-17,716.2593994140625,765.4000244140625,772.0,764.25,768.4500122070312,7598878,-0.011111101748117691,747.4452844238281
2021-11-18,720.2833251953125,769.7000122070312,771.75,762.625,763.0250244140625,9152874,0.0056179727408001146,747.199169921875
2021-11-22,709.0302734375,757.6749877929688,776.3499755859375,749.5250244140625,773.0,15261272,-0.015623090753574154,746.6947729492188
2021-11-23,709.1239624023438,757.7750244140625,763.9000244140625,748.1749877929688,751.0,11235214,0.0001321367624960157,746.1253405761719
2021-11-24,710.2935791015625,759.0250244140625,768.1749877929688,757.0250244140625,762.0,30802286,0.0016493825638839166,745.6522937011719
2021-11-25,713.9900512695312,762.9749755859375,766.6500244140625,753.5,757.4000244140625,10251652,0.005204146956592659,745.3752966308593
2021-11-26,697.1223754882812,744.9500122070312,753.3499755859375,742.5,750.0,18624936,-0.023624524951374237,744.8264514160156
2021-11-29,702.4329223632812,750.625,753.8250122070312,731.0,747.4000244140625,12990996,0.007617811537436792,744.4001953125
2021-11-30,698.8301391601562,746.7750244140625,764.5,743.2750244140625,747.5,25221542,-0.005129006754130638,743.7788269042969
2021-12-01,704.0238037109375,752.3250122070312,753.5250244140625,744.5499877929688,747.5,8677634,0.0074319412683359065,743.0535827636719
2021-12-02,713.896484375,762.875,764.4000244140625,750.0,752.25,11203110,0.014023219970721534,742.7344763183594
2021-12-03,708.1881713867188,756.7750244140625,767.9749755859375,753.5250244140625,762.9000244140625,8124694,-0.007995995376386733,742.3751306152344
2021-12-06,703.6261596679688,751.9000244140625,759.4000244140625,748.6749877929688,756.5,7029532,-0.006441807280990086,742.0953308105469
2021-12-07,713.873046875,762.8499755859375,766.0,754.9500122070312,756.9749755859375,12427534,0.014562970785319651,741.680771484375
2021-12-08,727.0210571289062,776.9000244140625,777.5250244140625,767.0,768.0,15295534,0.018417854983406423,741.2339270019531
2021-12-09,714.4111328125,763.4249877929688,777.3499755859375,761.0,772.5999755859375,11747744,-0.01734464798888269,740.3145043945312
2021-12-10,712.3992309570312,761.2750244140625,764.0,754.2249755859375,762.4500122070312,7779384,-0.002816168118137119,739.4488928222656
2021-12-13,707.0651245117188,755.5750122070312,768.8250122070312,753.5999755859375,763.0,10322142,-0.007487524148709013,738.6749877929688
2021-12-14,702.9944458007812,751.2249755859375,758.0,748.5250244140625,751.25,9191100,-0.0057571482029304955,737.809375
2021-12-15,701.84814453125,750.0,761.6749877929688,747.8250122070312,751.5,10115148,-0.0016305979035516893,737.0354724121094
2021-12-16,701.8949584960938,750.0499877929688,758.5,747.0,756.4000244140625,13210432,6.670098825289905e-05,736.23396484375
2021-12-17,689.2382202148438,736.5250244140625,753.0,733.8499755859375,748.5,14994768,-0.018032239907191827,735.0885498046875
2021-12-20,667.0597534179688,712.8250122070312,729.0,707.0499877929688,726.0,21156668,-0.032178231192637186,733.3175524902343
2021-12-21,674.6163940429688,720.9000244140625,725.375,715.0,719.75,9118750,0.011328281441475463,731.7388623046875
2021-12-22,676.2072143554688,722.5999755859375,728.0,717.8499755859375,726.1500244140625,8577484,0.002358110959868931,730.26544921875
2021-12-23,675.6925048828125,722.0499877929688,728.9000244140625,718.4249877929688,726.625,9779166,-0.0007611712234494306,728.4902404785156
2021-12-24,673.259521484375,719.4500122070312,726.0,714.0,722.75,5561024,-0.0036007257455955566,726.7056762695313
2021-12-27,678.8274536132812,725.4000244140625,727.0,711.0750122070312,714.4500122070312,4705098,0.00827011271467848,724.94076171875
2021-12-28,683.5064697265625,730.4000244140625,733.4500122070312,726.7000122070312,730.3499755859375,5450678,0.006892791516276642,722.820244140625
2021-12-29,680.2545776367188,726.9249877929688,730.5,723.7000122070312,728.0250244140625,7668702,-0.004757661022791293,720.7947106933593
2021-12-30,683.833984375,730.75,733.4249877929688,722.5,729.25,7215918,0.005261863508094988,718.6685803222656
2021-12-31,692.2093505859375,739.7000122070312,742.4000244140625,730.75,730.75,6325736,0.012247660108019254,716.8489233398437
2022-01-03,711.042236328125,759.8250122070312,761.5,740.25,742.5,9069184,0.02720692190338947,715.3829943847657
2022-01-04,715.2066650390625,764.2750244140625,766.4500122070312,753.9000244140625,760.0,8857352,0.005856795135606774,713.9587121582031
2022-01-05,732.1912231445312,782.4249877929688,786.0,764.0499877929688,768.4000244140625,14332638,0.023747762619831247,713.0963732910157
2022-01-06,720.447021484375,769.875,777.375,765.0250244140625,771.5,9628930,-0.01603980120072812,712.0389208984375
2022-01-07,725.5003662109375,775.2750244140625,783.375,767.9500122070312,772.0,11179384,0.007014179496711348,711.1756457519531
2022-01-10,729.5242919921875,779.5750122070312,786.0,772.75,779.0,8856496,0.005546414541822697,710.8532641601563
2022-01-11,732.6825561523438,782.9500122070312,784.3499755859375,773.9000244140625,780.7750244140625,8389198,0.004329210411255335,710.6946472167969
2022-01-12,728.3544921875,778.3250122070312,788.3250122070312,776.0,784.0,21085530,-0.0059071475477352475,710.2393811035156
2022-01-13,714.94921875,764.0,777.5,760.2000122070312,777.5,41963896,-0.01840487507290489,709.5024389648438
2022-01-14,722.9736938476562,772.5750122070312,774.3499755859375,759.5,765.0,11208968,0.01122383924229764,709.1627453613281
2022-01-17,711.9078979492188,760.75,778.0,759.5750122070312,765.0,22989372,-0.015305945420428069,708.4847607421875
2022-01-18,715.5340576171875,764.625,775.4500122070312,761.5,766.5,12341152,0.005093579771223933,707.8203430175781
2022-01-19,710.4808349609375,759.2249755859375,769.875,756.6749877929688,767.0,14317626,-0.0070621693020145315,707.316884765625
2022-01-20,706.0591430664062,754.5,764.25,750.0499877929688,764.2249755859375,15197846,-0.0062235202935126965,706.8840771484375
2022-01-21,711.9547119140625,760.7999877929688,764.9000244140625,742.7999877929688,750.0,11537694,0.008349964596523485,706.6342199707032
2022-01-24,695.6016235351562,743.3250122070312,760.625,733.7750244140625,754.9749755859375,11868508,-0.02296928176083224,706.0133178710937
2022-01-25,696.2567138671875,744.0250244140625,747.5,722.0,729.3250122070312,13594248,0.0009417607864425914,705.3657446289062
2022-01-27,690.127197265625,737.4749755859375,742.5,717.5,725.0,28617838,-0.008803529616996597,704.6821435546875
2022-01-28,684.65283203125,731.625,743.3499755859375,730.0,738.75,24925208,-0.007932400369185744,704.0500122070313
2022-01-31,695.1571044921875,742.8499755859375,745.7750244140625,733.4000244140625,736.375,12842546,0.0153424801147366,703.5474877929687
2022-02-01,700.4443359375,748.5,758.5,736.7249755859375,754.25,14739484,0.00760580796937238,703.3757690429687
2022-02-02,716.4465942382812,765.5999755859375,767.5,752.7999877929688,755.9749755859375,13969290,0.02284586722992521,703.5222216796875
2022-02-03,709.0302734375,757.6749877929688,769.9749755859375,754.5,764.375,10564762,-0.010351533331896423,703.4969555664062
2022-02-04,713.07763671875,762.0,766.4249877929688,757.0499877929688,764.2000122070312,11579958,0.005708308139831253,703.4787072753907
2022-02-07,686.9454956054688,734.0750122070312,759.5,730.0,756.0499877929688,12268042,-0.036646978908957406,703.2751696777344
2022-02-08,683.9977416992188,730.9249877929688,739.2249755859375,722.2750244140625,738.2000122070312,13981130,-0.004291103042537436,702.9064660644531
2022-02-09,700.72509765625,748.7999877929688,749.8499755859375,733.5,737.0,11308342,0.024455279509368433,702.944365234375
2022-02-10,713.5923461914062,762.5499877929688,767.75,750.8250122070312,757.0,14314530,0.018362762484452233,703.1357360839844
2022-02-11,710.66796875,759.4249877929688,762.5,749.75,750.125,10711104,-0.004098106512792965,703.0711657714844
2022-02-14,689.5424194335938,736.8499755859375,749.7249755859375,734.6500244140625,745.0,14656620,-0.029726328250820333,702.6982507324219
2022-02-15,710.1766967773438,758.9000244140625,762.4500122070312,736.5250244140625,738.0,13135066,0.029924594574905816,702.8292614746093
2022-02-16,709.217529296875,757.875,767.375,753.5,767.1749877929688,10032264,-0.0013506039902763112,702.7361511230469
2022-02-17,704.8894653320312,753.25,761.0,751.0,756.5499877929688,7351208,-0.006102590229452809,702.2935192871093
2022-02-18,707.6266479492188,756.1749877929688,758.5,745.2249755859375,749.1500244140625,7796128,0.0038831373595549223,702.1578295898438
2022-02-21,712.1885986328125,761.0499877929688,765.3499755859375,747.7750244140625,752.0,7468066,0.006446832799209545,702.1536169433593
2022-02-22,706.8545532226562,755.3499755859375,761.0499877929688,743.9749755859375,744.9000244140625,9536196,-0.00748965290991177,702.1494055175781
2022-02-23,702.2692260742188,750.4500122070312,762.8499755859375,747.8250122070312,762.5499877929688,9029562,-0.006486945762083973,702.1349011230469
2022-02-24,664.135498046875,709.7000122070312,737.4749755859375,703.5750122070312,724.9500122070312,23630766,-0.05430072486661064,701.3806481933593
2022-02-25,681.3073120117188,728.0499877929688,732.9500122070312,716.4249877929688,719.9749755859375,18318654,0.025855889370984597,700.9688952636719
2022-02-28,667.3405151367188,713.125,719.2750244140625,707.0250244140625,713.0,24880832,-0.020499995565525064,700.5309411621093
2022-03-02,643.0098876953125,687.125,699.2000122070312,677.2000122070312,693.25,38505560,-0.03645908930978303,700.0499438476562
2022-03-03,641.4891357421875,685.5,696.0,681.4500122070312,690.5,17527922,-0.0023650522056133383,699.3873986816407
2022-03-04,639.3836059570312,683.25,693.0,668.4500122070312,680.0,21219364,-0.0032822532258791615,698.6509265136718
2022-03-07,619.8722534179688,662.4000244140625,666.1749877929688,648.5250244140625,659.25,27054458,-0.03051587866388572,697.534521484375
2022-03-08,621.27587890625,663.9000244140625,667.0,646.0,651.0999755859375,39212492,0.0022643786369556107,696.4948486328125
2022-03-09,641.5592651367188,685.5750122070312,687.3499755859375,659.4249877929688,665.0,23134694,0.0326479538625859,695.7494848632813
2022-03-10,651.642578125,696.3499755859375,713.5,690.125,713.5,22273206,0.015716884684273902,695.11220703125
2022-03-11,653.5609130859375,698.4000244140625,704.4749755859375,686.3499755859375,694.0,15150780,0.0029438453307597534,694.5783337402344
2022-03-14,674.96728515625,721.2750244140625,725.0,707.5,707.5,25018126,0.032753445993637165,694.4009997558594
2022-03-15,666.2877807617188,712.0,724.75,705.875,721.75,18867928,-0.0128591482660112,693.882568359375
2022-03-16,677.5875854492188,724.0750122070312,727.5,718.0999755859375,723.5,13364108,0.016959345516710078,693.2134753417969
2022-03-17,692.5136108398438,740.0250244140625,744.9000244140625,735.2750244140625,736.0,14823954,0.02202818603993384,692.7596142578125
2022-03-21,695.5314331054688,743.25,746.8250122070312,736.4000244140625,743.5,12257876,0.004357780436929026,692.0264184570312
2022-03-22,699.1109008789062,747.0750122070312,749.0,728.5999755859375,740.6500244140625,10461814,0.005146378154982312,691.5996960449219
2022-03-23,692.13916015625,739.625,759.4000244140625,736.7999877929688,753.5,31188256,-0.009972295831593425,690.9324719238281
2022-03-24,675.0140991210938,721.3250122070312,734.8250122070312,717.2750244140625,733.0,20160044,-0.024742222404075864,689.8422680664063
2022-03-25,669.5162963867188,715.4500122070312,726.0,709.5,725.5,16366462,-0.008144722816210037,688.5789428710938
2022-03-28,670.4053344726562,716.4000244140625,719.0,700.7999877929688,715.4500122070312,15754886,0.0013278811744172891,687.4199597167968
2022-03-29,679.2953491210938,725.9000244140625,730.125,715.0,720.5,12377448,0.0132606561900801,686.7068823242188
2022-03-30,691.0629272460938,738.4749755859375,741.375,727.0250244140625,736.0,20109742,0.017323213150546968,686.0686669921874
2022-03-31,687.974853515625,735.1749877929688,742.3499755859375,732.9500122070312,735.5,14295714,-0.00446858543370976,685.5900061035156
2022-04-01,704.6554565429688,753.0,755.0,735.1500244140625,738.2000122070312,14568556,0.024245948732143363,685.3724340820313
2022-04-04,775.2146606445312,828.4000244140625,861.0499877929688,781.2750244140625,790.0,97450970,0.10013291381822986,686.6671105957031
2022-04-05,752.4981689453125,804.125,833.3499755859375,801.0,833.3499755859375,30922582,-0.029303485669803675,687.5958911132813
2022-04-06,725.6406860351562,775.4249877929688,794.9000244140625,773.6749877929688,793.8499755859375,27027860,-0.03569109403654658,687.8696105957031
2022-04-07,709.6853637695312,758.375,770.6749877929688,756.8499755859375,770.6500244140625,40781732,-0.021987910232547203,688.1512854003906
2022-04-08,708.7027587890625,757.3250122070312,762.875,748.6500244140625,756.0499877929688,41256322,-0.0013845642458364393,688.4002062988282
2022-04-11,700.0467529296875,748.0750122070312,755.0,746.625,753.0,20799066,-0.012213873520353191,688.5985974121094
2022-04-12,698.8067016601562,746.75,753.4249877929688,740.0750122070312,742.0,27435402,-0.0017713835030898073,688.8816748046875
2022-04-13,685.4481811523438,732.4749755859375,751.1500244140625,731.3250122070312,745.0,28892520,-0.019116188319425964,688.6874963378906
2022-04-18,652.92919921875,697.7249755859375,715.8250122070312,695.0250244140625,709.4249877929688,45620376,-0.04744192606788211,687.7371936035156
2022-04-19,628.013671875,671.0999755859375,694.7750244140625,663.5,690.4500122070312,74096022,-0.038159615734083,685.96853515625
2022-04-20,633.67529296875,677.1500244140625,679.9500122070312,667.6749877929688,677.2249755859375,49325736,0.009015123949207338,684.461435546875
2022-04-21,643.056640625,687.1749877929688,689.9000244140625,676.6500244140625,682.5,52446270,0.014804660620897359,683.061015625
2022-04-22,634.2835083007812,677.7999877929688,687.6749877929688,674.5750122070312,680.0,20659148,-0.013642860939422019,682.0077758789063
2022-04-25,639.03271484375,682.875,685.3250122070312,661.125,675.0,20935488,0.0074875138338244,681.1084753417969
2022-04-26,641.9804077148438,686.0250244140625,690.9749755859375,678.5750122070312,686.0,17016842,0.004612741730780634,679.9335815429688
2022-04-27,642.21435546875,686.2750244140625,689.5,678.0499877929688,680.0,18054334,0.0003644157221853739,678.5060217285156
2022-04-28,641.65283203125,685.6749877929688,689.5,681.0499877929688,686.0,20773722,-0.0008743551630672197,677.1257189941406
2022-04-29,647.8525390625,692.2999877929688,702.375,685.7750244140625,690.1749877929688,28401476,0.009662089406858643,676.2919213867187
2022-05-02,656.7894287109375,701.8499755859375,703.2249755859375,681.0250244140625,681.0250244140625,19494316,0.013794635522105025,675.2241760253906
2022-05-04,634.470703125,678.0,701.7999877929688,675.0,700.0,29055916,-0.0339815542246803,673.7292395019531
2022-05-05,633.0435180664062,676.4749755859375,687.5,673.25,687.5,17862912,-0.002249410495337889,672.2923205566407
2022-05-06,616.5033569335938,658.7999877929688,667.5,656.5,665.0,26731268,-0.026128000146551478,670.4698547363281
2022-05-09,617.5560913085938,659.9249877929688,663.25,647.75,650.0,32762434,0.0017075890393138948,668.5772045898437
2022-05-10,627.4756469726562,670.5250244140625,676.5,657.5250244140625,657.5250244140625,20113812,0.01606259869130766,666.9896264648437
2022-05-11,631.0082397460938,674.2999877929688,677.5,664.3250122070312,676.5,17102924,0.0056298484100234525,665.5644067382813
2022-05-12,616.7843627929688,651.5250244140625,663.4000244140625,646.5,660.5499877929688,22382290,-0.02254150747516137,664.6173840332032
2022-05-13,611.2462768554688,645.6749877929688,659.0,643.5,655.0250244140625,16768238,-0.008978966185883897,663.2161633300781
2022-05-16,617.7547607421875,652.5499877929688,656.0,642.6500244140625,649.5,9804356,0.010647891256207576,662.2244482421875
2022-05-17,621.9674072265625,657.0,658.5,649.0999755859375,656.2999877929688,16641444,0.0068192861505653735,661.8035986328125
2022-05-18,621.9201049804688,656.9500122070312,666.6500244140625,655.0,662.0250244140625,15732384,-7.605261231402594e-05,661.4122180175781
2022-05-19,609.2109375,643.5250244140625,648.2000122070312,639.1500244140625,643.0999755859375,20537506,-0.02043537003980256,660.8087646484375
2022-05-20,625.257080078125,660.4749755859375,662.0999755859375,646.1749877929688,651.5,13919350,0.026339222739455437,660.9164611816407
2022-05-23,617.2340087890625,652.0,664.9749755859375,649.5499877929688,657.0,19486320,-0.012831636049702944,660.8356237792968
2022-05-24,624.3104248046875,659.4749755859375,662.5,648.4500122070312,650.0,12870796,0.011464721507338904,660.4906469726562
2022-05-25,628.972900390625,664.4000244140625,667.9749755859375,661.5999755859375,665.0,12887112,0.007468200755091026,660.0372534179687
2022-05-26,646.912353515625,683.3499755859375,685.5,670.0,671.0750122070312,26992428,0.0285218220274015,659.9042822265625
2022-05-27,658.9115600585938,696.0250244140625,697.3499755859375,685.375,685.9000244140625,24031718,0.018548426966588982,659.5831677246093
2022-05-30,663.4082641601562,700.7750244140625,710.25,699.2249755859375,705.125,12624674,0.00682444257187198,659.5255773925782
2022-05-31,657.4442138671875,694.4749755859375,702.4000244140625,690.0,697.9500122070312,13485388,-0.008990015070914126,659.1227099609375
2022-06-01,660.2368774414062,697.4249877929688,700.2249755859375,689.5750122070312,690.0,12091896,0.004247757475561054,658.4771752929687
2022-06-02,655.6218872070312,692.5499877929688,694.0,689.2999877929688,693.625,11475020,-0.006989900734202137,657.678984375
2022-06-03,653.349853515625,690.1500244140625,700.375,688.1500244140625,699.1500244140625,6957244,-0.003465463456513329,656.7637634277344
2022-06-06,652.47412109375,689.2249755859375,693.5,680.3250122070312,688.1500244140625,6173266,-0.0013403728755164712,655.9704626464844
2022-06-07,644.9716796875,681.2999877929688,687.1500244140625,677.0499877929688,681.0,10253966,-0.011498450534212057,655.3696142578125
2022-06-08,647.2437133789062,683.7000122070312,690.5,678.5,686.6500244140625,5986588,0.0035226875271594515,654.9241625976563
2022-06-09,652.1190795898438,688.8499755859375,691.0250244140625,678.5750122070312,681.125,7311816,0.00753250454220078,654.5584375
2022-06-10,639.5283203125,675.5499877929688,683.9749755859375,671.7999877929688,680.0499877929688,9155430,-0.01930745422333424,653.7630969238281
2022-06-13,627.9315185546875,663.2999877929688,665.0,654.1500244140625,661.7999877929688,10892572,-0.01813336702922841,652.50046875
2022-06-14,621.0208129882812,656.0,663.0,652.5,655.625,11870356,-0.011005508343191028,651.1613879394531
2022-06-15,618.8670043945312,653.7249755859375,657.9000244140625,649.2000122070312,650.8250122070312,11810470,-0.003468174574353,649.4456188964843
2022-06-16,606.4892578125,640.6500244140625,660.2750244140625,639.0,655.0,12169192,-0.020000656836020925,646.0711108398438
2022-06-17,610.489013671875,644.875,649.5,635.7999877929688,637.5,14723922,0.006594932734342862,643.230927734375
2022-06-20,625.8251953125,661.0750122070312,662.5,647.0750122070312,652.3499755859375,15936840,0.025121142718659728,641.2346179199219
2022-06-21,632.6412353515625,668.2750244140625,677.0,662.0250244140625,668.4500122070312,13220684,0.010891284163877302,639.6937353515625
2022-06-22,629.6591186523438,665.125,668.4749755859375,661.5999755859375,666.125,8159698,-0.004713756442957129,638.1128625488282
2022-06-23,631.9785766601562,667.5750122070312,674.0,659.25,665.25,15372244,0.0036836725445617002,636.7514990234375
2022-06-24,640.8064575195312,676.9000244140625,680.8250122070312,669.2750244140625,669.2750244140625,8013432,0.013968639421336304,635.591494140625
2022-06-27,641.9660034179688,678.125,688.0,676.0,685.0,9804164,0.001809510320676111,634.7218505859375
2022-06-28,637.0669555664062,672.9500122070312,675.5,669.2000122070312,672.0,9770574,-0.00763131976690179,634.4046057128907
2022-06-29,636.1439208984375,671.9749755859375,675.375,665.625,665.625,9994046,-0.0014488817225625228,634.5672106933594
2022-06-30,638.0609741210938,674.0,677.0,668.0,668.0,12475822,0.0030135526878081187,634.6549243164062
2022-07-01,640.7826538085938,676.875,680.0,665.0250244140625,671.9749755859375,11472452,0.004265547961539218,634.6094445800782
2022-07-04,641.6820068359375,677.8250122070312,680.0999755859375,671.125,676.8499755859375,8487480,0.0014035227420690077,634.7574145507813
2022-07-05,640.2383422851562,676.2999877929688,689.6749877929688,674.1500244140625,682.0,14325718,-0.0022498130466518385,634.7815270996093
2022-07-06,649.0661010742188,685.625,686.7000122070312,673.5499877929688,674.0,15049078,0.013788238232584238,634.9232409667969
2022-07-07,660.6866455078125,697.9000244140625,699.0,687.2249755859375,690.0,17743142,0.017903483812144128,635.2926867675782
2022-07-08,661.3018798828125,698.5499877929688,705.0,697.375,705.0,12474030,0.0009312044963873944,635.6856677246094
2022-07-11,665.5855712890625,703.0750122070312,704.9500122070312,696.625,697.0,7462880,0.006477664039015174,636.0403283691406
2022-07-12,658.793212890625,695.9000244140625,702.625,694.7000122070312,702.625,9876974,-0.010205086605592273,636.0804040527344
2022-07-13,642.723388671875,678.9249877929688,697.0999755859375,677.125,695.0,15945610,-0.02439281993850473,636.2454577636719
2022-07-14,639.504638671875,675.5250244140625,686.3250122070312,674.625,681.0,10372410,-0.005007986416444621,636.3746801757812
2022-07-15,644.71142578125,681.0250244140625,682.4500122070312,673.4000244140625,676.5,13595646,0.008141906711088831,636.9388415527344
2022-07-18,637.8480224609375,673.7750244140625,683.0499877929688,671.0250244140625,674.0,20332220,-0.01064569828585793,637.3446801757813
2022-07-19,638.0846557617188,674.0250244140625,679.2750244140625,668.5,668.5,15792538,0.0003709869631143281,637.5568603515625
2022-07-20,646.1314086914062,682.5250244140625,685.5499877929688,677.625,679.9500122070312,20347862,0.01261079209008975,637.8593237304688
2022-07-21,644.0960083007812,680.375,684.75,679.0499877929688,680.2750244140625,12640278,-0.0031501338013381064,638.405556640625
2022-07-22,659.12451171875,696.25,698.5,681.2000122070312,683.0,12729592,0.023332706963385963,639.3631213378907
2022-07-25,661.065185546875,698.2999877929688,702.2999877929688,691.6500244140625,697.5,10143126,0.0029443205246069137,640.2293298339844
2022-07-26,659.7162475585938,696.875,701.0,693.1500244140625,698.0,8527964,-0.002040552153968478,640.984306640625
2022-07-27,664.7572631835938,702.2000122070312,703.0,692.125,694.4500122070312,9212778,0.007641187622186463,641.8410498046875
2022-07-28,670.6503295898438,708.4249877929688,712.0,705.5,707.5250244140625,17420406,0.008864989873186957,643.0698376464844
2022-07-29,678.8627319335938,717.0999755859375,719.2999877929688,707.6500244140625,719.0,20019736,0.012245431011377539,644.1419506835938
2022-08-01,684.5192260742188,723.0750122070312,724.2249755859375,715.0250244140625,719.5,13193036,0.008332309131941384,645.4876550292969
2022-08-02,676.9931030273438,715.125,722.2999877929688,711.5250244140625,721.0,15036510,-0.010994757722201598,646.54130859375
2022-08-03,678.5787353515625,716.7999877929688,717.875,708.5,712.4749755859375,10975498,0.002342169096152036,647.5334252929688
2022-08-04,677.7741088867188,715.9500122070312,723.3499755859375,706.4749755859375,720.0,12012206,-0.0011857525485630127,648.1506604003906
2022-08-05,675.4783935546875,713.5250244140625,718.4749755859375,710.5750122070312,716.5,9268982,-0.003387139316670118,648.4819970703124
2022-08-08,692.0452880859375,731.0250244140625,732.25,713.5499877929688,714.0,15357736,0.02452616499554794,649.0547375488281
2022-08-10,694.0569458007812,733.1500244140625,735.75,724.5250244140625,730.6749877929688,17353102,0.0029068295810634748,649.7869921875
2022-08-11,703.2396850585938,742.8499755859375,745.5,737.2750244140625,743.25,18301766,0.013230527139552972,650.6470483398438
2022-08-12,702.9793701171875,742.5750122070312,744.6500244140625,737.9749755859375,742.5,8850370,-0.00037016531765343696,651.5941979980469
2022-08-16,711.026123046875,751.0750122070312,754.25,744.0250244140625,747.4000244140625,12563756,0.011446641639492272,652.7477233886718
2022-08-17,714.694580078125,754.9500122070312,756.375,742.875,750.0,12384350,0.005159384321253846,653.9921325683594
2022-08-18,715.5465698242188,755.8499755859375,756.9500122070312,749.8250122070312,750.0,8342138,0.0011921032701838197,655.4036303710938
2022-08-19,706.7188110351562,746.5250244140625,756.0,745.0,755.0,8063702,-0.012337084910114426,656.5931323242188
2022-08-22,695.9739990234375,735.1749877929688,744.1749877929688,733.8499755859375,742.4000244140625,8234066,-0.015203800781785404,657.4702307128906
2022-08-23,693.8203125,732.9000244140625,737.9749755859375,725.2000122070312,726.6500244140625,14966884,-0.003094492792057535,658.5560705566406
2022-08-24,697.1572875976562,736.4249877929688,737.75,729.5999755859375,730.9500122070312,13455520,0.004809566738731341,659.9405859375
2022-08-25,693.3706665039062,732.4249877929688,743.4000244140625,728.5,739.9500122070312,11823040,-0.0054315161888336405,661.3875830078125
2022-08-26,693.4889526367188,732.5499877929688,740.9000244140625,730.5999755859375,736.0250244140625,7706176,0.00017059581336043017,662.8800219726562
2022-08-29,681.3241577148438,719.7000122070312,723.0,714.2999877929688,718.5,8653178,-0.017541440098826633,664.3767199707031
2022-08-30,703.4291381835938,743.0499877929688,744.9749755859375,721.5499877929688,723.2249755859375,10135400,0.03244414603305712,666.2355224609375
2022-09-01,696.8259887695312,736.0750122070312,744.7249755859375,729.5,732.375,22403136,-0.009387085429974129,667.6555383300781
2022-09-02,703.1451416015625,742.75,745.25,732.5999755859375,736.0750122070312,12038086,0.009068480415303837,669.0656164550782
2022-09-05,707.66552734375,747.5250244140625,749.5,742.0499877929688,743.0499877929688,12131932,0.006428808896967286,670.6257446289062
2022-09-06,704.9674682617188,744.6749877929688,753.3250122070312,743.2249755859375,749.4500122070312,12238696,-0.0038126190661830206,672.0855224609375
2022-09-07,701.6304321289062,741.1500244140625,745.0,735.6500244140625,735.6500244140625,9776206,-0.00473360301439274,673.302001953125
2022-09-08,708.8724365234375,748.7999877929688,750.0,741.0750122070312,745.0499877929688,11164690,0.010321679423963115,674.6401306152344
2022-09-09,709.3458251953125,749.2999877929688,754.5,747.0250244140625,748.0999755859375,15128888,0.0006678051613864255,676.0857080078125
2022-09-12,706.9555053710938,746.7750244140625,752.0,745.0,750.0,11080492,-0.0033697524385380984,677.5019396972656
2022-09-13,716.209228515625,756.5499877929688,757.9500122070312,749.2750244140625,749.4500122070312,13001966,0.013089541101563018,679.0649047851563
2022-09-14,723.569580078125,764.3250122070312,769.4500122070312,746.1749877929688,747.0250244140625,20219760,0.010276817540810779,680.7206433105468
2022-09-15,719.806640625,760.3499755859375,770.4749755859375,756.0,765.0,13539372,-0.005200521907953504,682.2831359863281
2022-09-16,706.5767211914062,746.375,757.3499755859375,741.5,751.5499877929688,20560046,-0.018379824090128394,683.6099035644531
2022-09-19,711.2391357421875,751.2999877929688,757.0,740.0,744.5,12076038,0.006598596317919592,684.8533642578125
2022-09-20,719.806640625,760.3499755859375,762.0,754.9500122070312,757.0,10781668,0.01204588506490456,686.0357641601563
2022-09-21,718.6942749023438,759.1749877929688,760.75,752.5,754.0,9072304,-0.0015453674082395175,687.1836120605469
2022-09-22,703.3817749023438,743.0,755.0750122070312,741.375,751.0,12048144,-0.021305999692401434,687.9395361328125
2022-09-23,684.5192260742188,723.0750122070312,737.5,718.5,736.1749877929688,15806252,-0.02681694280569591,688.4540563964844
2022-09-26,675.2891235351562,713.3250122070312,718.2249755859375,709.0,712.6749877929688,8923486,-0.013484066170059261,689.10537109375
2022-09-27,669.2303466796875,706.9249877929688,720.0,703.5,716.2000122070312,12639700,-0.008972122672065153,689.6998852539062
2022-09-28,657.728271484375,694.7750244140625,705.2999877929688,692.9500122070312,703.0,11816132,-0.017187019764388745,689.9602221679687
2022-09-29,654.3201293945312,691.1749877929688,701.0999755859375,689.4000244140625,698.1500244140625,14410388,-0.005181687085081821,690.2896643066406
2022-09-30,672.7803344726562,710.6749877929688,715.7249755859375,682.5,689.4000244140625,15781756,0.028212803257645414,690.9835778808593
2022-10-03,668.922607421875,706.5999755859375,708.9249877929688,700.5499877929688,704.9749755859375,11541112,-0.005734006856495055,691.4394018554688
2022-10-04,687.7615356445312,726.5,729.0,713.0750122070312,714.75,11538526,0.028163090937028068,692.3127124023438
2022-10-06,680.1881103515625,718.5,731.2999877929688,717.0999755859375,729.9749755859375,12549198,-0.01101170231317361,692.733984375
2022-10-07,677.25341796875,715.4000244140625,717.4749755859375,710.1749877929688,715.125,13297994,-0.004314530551402407,693.0577490234375
2022-10-10,669.774658203125,707.5,713.0,699.0999755859375,704.0,13109302,-0.011042778917315199,693.2589172363281
2022-10-11,662.9822387695312,700.3250122070312,708.5,699.7249755859375,700.5499877929688,14521620,-0.010141350304020857,693.2234167480469
2022-10-12,667.3132934570312,704.9000244140625,707.4249877929688,698.6500244140625,701.5999755859375,9225050,0.0065326858462124715,693.1566760253907
2022-10-13,659.6452026367188,696.7999877929688,703.125,692.0,701.0250244140625,14714234,-0.01149099065685888,692.7723254394531
2022-10-14,681.1348266601562,719.5,723.5,707.625,708.5,12849920,0.03257754916967426,692.7046374511718
2022-10-17,684.70849609375,723.2750244140625,728.7999877929688,713.5,717.5,18410500,0.005246640303384176,692.8589453125
2022-10-18,683.4304809570312,721.9249877929688,731.4500122070312,720.0,729.0250244140625,10561108,-0.0018665098271889446,692.9559802246093
2022-10-19,690.4359130859375,729.3250122070312,738.7000122070312,726.7000122070312,732.0,12967040,0.010250394625502146,693.2092163085938
2022-10-20,685.7735595703125,724.4000244140625,726.4500122070312,721.25,722.0,7898078,-0.006752767964786743,693.4151196289063
2022-10-21,680.9454956054688,719.2999877929688,728.8250122070312,717.0,726.0,10492606,-0.007040318042983329,693.1931237792969
2022-10-24,691.572021484375,730.5250244140625,731.5,727.1500244140625,727.1500244140625,2167794,0.015605545447448188,693.1434252929688
2022-10-25,686.7674560546875,725.4500122070312,733.9000244140625,722.5,730.5499877929688,13773394,-0.006947310302367504,692.8139807128906
2022-10-27,688.4241943359375,727.2000122070312,733.6749877929688,725.625,732.25,15937276,0.002412371562810378,692.5228771972656
2022-10-28,690.4595336914062,729.3499755859375,733.5,723.7000122070312,725.0,10474278,0.002956519210415065,692.1115454101563
2022-10-31,708.4464111328125,748.3499755859375,749.0,733.625,736.0,12830528,0.02605058886687095,691.98658203125
2022-11-01,716.2802124023438,756.625,764.5,749.4500122070312,751.75,19073756,0.01105771889930951,692.0012548828125
2022-11-02,716.7298583984375,757.0999755859375,764.125,755.7999877929688,758.5,12720406,0.000627751525601461,692.2014758300782
2022-11-03,713.5822143554688,753.7750244140625,760.125,748.5,748.8499755859375,10332352,-0.00439167422158504,692.5536401367187
2022-11-04,708.6594848632812,748.5750122070312,758.0499877929688,744.7999877929688,751.5999755859375,10818060,-0.006898615735026259,692.8504235839844
2022-11-07,714.1738891601562,754.4000244140625,756.0,746.0499877929688,755.0,9835834,0.007781458393856022,693.1907556152344
2022-11-09,713.9608764648438,754.1749877929688,758.9749755859375,752.0,757.5250244140625,9269790,-0.00029826446828373765,693.6025598144531
2022-11-10,721.7236328125,762.375,763.5,747.5250244140625,748.5499877929688,12774182,0.010872803543652498,694.1672534179687
2022-11-11,762.6201171875,805.5750122070312,818.5,769.0,772.5,56722338,0.056665020397945964,695.7931726074219
2022-11-14,764.4661254882812,807.5250244140625,814.0,799.0,806.0,19195390,0.002420613171849162,697.0139123535156
2022-11-15,766.3358154296875,809.5,811.5750122070312,802.625,811.5750122070312,11030202,0.002445745964495316,698.4041088867187
2022-11-16,772.915283203125,816.4500122070312,821.0,806.0,809.3250122070312,13578150,0.008585619569076774,699.79951171875
2022-11-17,765.9335327148438,809.0750122070312,815.7750244140625,806.9500122070312,809.0499877929688,12100930,-0.009033008713901225,700.9648718261719
2022-11-18,763.921875,806.9500122070312,811.5,802.625,810.5,10459232,-0.0026264129051948304,702.1439599609375
2022-11-21,756.0880737304688,798.6749877929688,806.0,795.0999755859375,803.8250122070312,8344816,-0.010254715208320553,703.2331127929688
2022-11-22,754.9757080078125,797.5,802.1749877929688,795.5,800.0,8546314,-0.0014712118353724657,704.1551782226562
2022-11-23,756.9400634765625,799.5750122070312,802.5,797.0,802.5,10185738,0.0026018790378479206,705.1070629882812
2022-11-24,769.2468872070312,812.5750122070312,816.0,799.5750122070312,802.9749755859375,17197960,0.01625865022118722,706.352890625
2022-11-25,765.6968383789062,808.8250122070312,815.8499755859375,807.0499877929688,814.8499755859375,8410496,-0.004614966777460094,707.3426428222656
2022-11-28,757.460693359375,800.125,803.7249755859375,797.0250244140625,801.4500122070312,16105980,-0.010756404632632943,708.0204650878907
2022-11-29,756.32470703125,798.9249877929688,806.1749877929688,796.4249877929688,798.625,12638236,-0.0014997297392249642,708.7508264160156
2022-11-30,761.342041015625,804.2249755859375,806.4500122070312,798.5499877929688,798.5499877929688,15184806,0.0066338358878546,709.8461328125
2022-12-01,766.572509765625,809.75,818.5,807.5,811.0,20446366,0.006870064265757092,710.9528002929687
2022-12-02,760.7030639648438,803.5499877929688,809.2999877929688,802.5750122070312,805.0,7811078,-0.007656739220371689,711.7707287597656
2022-12-05,763.4721069335938,806.4749755859375,807.2999877929688,798.0999755859375,804.9749755859375,11592622,0.003640110182174805,712.6662854003906
2022-12-06,762.6201171875,805.5750122070312,806.8499755859375,800.0,800.5,12353092,-0.0011159408947049032,713.8510522460938
2022-12-07,762.288818359375,805.2249755859375,809.2999877929688,802.2249755859375,807.0750122070312,11674720,-0.0004344218316018056,715.4064440917969
2022-12-08,766.572509765625,809.75,813.0,802.5,805.0,14803634,0.005619512320106601,717.2321118164062
2022-12-09,772.0396118164062,815.5250244140625,817.4249877929688,810.0,813.0,11963384,0.007131878564824667,719.2882971191407
2022-12-12,778.0509643554688,821.875,826.7999877929688,810.7000122070312,812.5,14434808,0.007786326565445645,721.6947509765625
2022-12-13,780.2047119140625,824.1500244140625,828.5,822.5,825.0,17031702,0.002768131725635614,724.2124426269531
2022-12-14,786.8076782226562,831.125,832.75,825.0,826.5,14227640,0.008463120265442603,726.4929895019532
2022-12-15,772.3945922851562,815.9000244140625,834.7000122070312,813.5250244140625,828.5250244140625,18182648,-0.01831843579622683,728.5624291992187
2022-12-16,776.1102905273438,819.8250122070312,822.5499877929688,804.5,810.0250244140625,14647958,0.004810621771955237,730.329404296875
2022-12-19,778.5242919921875,822.375,823.3250122070312,813.0999755859375,822.0,9604542,0.003110384560425672,732.2961279296875
2022-12-20,773.1519165039062,816.7000122070312,818.2000122070312,810.0999755859375,810.0999755859375,7174698,-0.006900716578199129,734.2140979003906
2022-12-21,765.6732177734375,808.7999877929688,822.4000244140625,803.2750244140625,820.5,9269198,-0.009673000313167979,736.1320690917969
2022-12-22,763.0460815429688,806.0250244140625,813.75,804.5,811.0999755859375,9747096,-0.0034311455193749563,738.1333459472656
2022-12-23,756.2301025390625,798.8250122070312,802.0750122070312,792.7249755859375,793.5,10693152,-0.008932591581000682,739.9116821289062
2022-12-26,771.2822265625,814.7249755859375,819.5,795.0,799.75,9907322,0.019904158764507685,742.1444226074219
2022-12-27,772.0631713867188,815.5499877929688,817.9749755859375,806.75,816.5,7926772,0.001012527966188559,743.9629895019531
2022-12-28,771.4478759765625,814.9000244140625,816.5,811.5499877929688,811.5499877929688,8691870,-0.0007969495670296922,745.6977770996094
2022-12-29,776.891357421875,820.6500244140625,821.75,805.5,810.0499877929688,11012896,0.007056188259539464,747.5669946289063
2022-12-30,770.6668090820312,814.0750122070312,822.5,810.0,822.5,7122640,-0.008012122004420252,749.1716125488281
2023-01-02,770.9271240234375,814.3499755859375,819.875,809.2750244140625,813.5,4381378,0.0003377788407890048,750.8746838378906
2023-01-03,775.96826171875,819.6749877929688,821.5,811.0999755859375,811.0999755859375,8378030,0.00653905867133453,752.7751391601563
2023-01-04,762.0994873046875,805.0250244140625,822.875,803.5,817.5,10351600,-0.017872862974245285,754.1856884765625
2023-01-05,757.2003784179688,799.8499755859375,809.0250244140625,794.7000122070312,807.5,10941436,-0.0064284374524976595,755.5943469238281
2023-01-06,754.691650390625,797.2000122070312,804.5499877929688,789.0999755859375,801.0,9092462,-0.0033131626698144068,756.9196960449219
2023-01-09,756.1590576171875,798.75,805.7750244140625,795.0,798.0,10729340,0.0019443798348677266,758.2336865234375
2023-01-10,742.3375854492188,784.1500244140625,800.0,782.5,800.0,16371766,-0.018278524906549465,758.9115100097656
2023-01-11,753.034912109375,795.4500122070312,799.0,780.0,783.9749755859375,15195798,0.014410326069752788,759.6466040039063
2023-01-12,757.0584106445312,799.7000122070312,801.9500122070312,792.0750122070312,793.9000244140625,9250070,0.005343043822345184,760.4531750488281
2023-01-13,757.6500854492188,800.3250122070312,804.9500122070312,793.0,799.375,9244546,0.000781544457294503,761.3345324707032
2023-01-16,750.3843383789062,792.6500244140625,810.6500244140625,790.1500244140625,807.5,14748094,-0.009589845246311235,762.1690295410157
2023-01-17,761.5550537109375,804.4500122070312,805.5,788.75,794.9000244140625,10786354,0.01488665842382031,763.1166528320313
2023-01-18,774.9979858398438,818.6500244140625,820.7999877929688,799.8499755859375,802.5,19090642,0.017651950523341675,764.3373950195313
2023-01-19,778.2166137695312,822.0499877929688,825.0,816.5,818.5,11172162,0.004153079089876055,765.4672546386719
2023-01-20,786.1923828125,830.4749755859375,834.5,821.7000122070312,822.0499877929688,18843404,0.010248777656307828,765.9386999511719
2023-01-23,791.9434814453125,836.5499877929688,841.2999877929688,830.7000122070312,833.125,15444400,0.007315128915696967,766.4882470703125
2023-01-24,802.5463256835938,847.75,851.2000122070312,837.5,837.5250244140625,24983940,0.013388385013196613,767.2124572753906
2023-01-25,780.370361328125,824.3250122070312,846.4749755859375,822.6500244140625,845.7000122070312,14704142,-0.027632005338233512,767.3615588378906
2023-01-27,764.8211669921875,807.9000244140625,818.5,794.9749755859375,816.0,35179948,-0.019925403509013395,767.3393115234375
2023-01-30,764.0401000976562,807.0750122070312,812.6500244140625,791.0,797.5,18512822,-0.0010212412106780366,767.3416760253906
2023-01-31,758.9991455078125,801.75,811.3499755859375,797.5,809.8499755859375,18596244,-0.006597761804909785,767.3998974609375
2023-02-01,770.3829345703125,813.7750244140625,832.5,803.0,812.0,17302790,0.014998421447343757,767.7080419921875
2023-02-02,758.9281005859375,801.6749877929688,812.25,794.375,804.0499877929688,17497106,-0.014869013149628074,767.747802734375
2023-02-03,785.1746826171875,829.4000244140625,830.25,803.5,805.5,14411100,0.034583753073559986,768.0663586425782
2023-02-06,781.837646484375,825.875,834.7000122070312,823.0999755859375,830.0,11167672,-0.004250055696764621,768.3891748046875
2023-02-07,782.997314453125,827.0999755859375,832.4500122070312,816.2999877929688,829.7000122070312,10264588,0.0014832593108871084,768.8999072265625
2023-02-08,782.9026489257812,827.0,834.0999755859375,825.0,827.125,8444826,-0.00012090147130305873,769.4314660644532
2023-02-09,781.2697143554688,825.2750244140625,830.8250122070312,817.7750244140625,830.0,11777336,-0.002085744086513186,769.83001953125
2023-02-10,784.3701171875,828.5499877929688,829.25,821.0999755859375,824.4000244140625,8172116,0.003968415484515431,770.1859716796876
2023-02-13,784.9617309570312,829.1749877929688,830.875,822.2750244140625,827.5,5736944,0.0007542533257802742,770.6711450195312
2023-02-14,792.2273559570312,836.8499755859375,838.75,828.9749755859375,832.5,10908592,0.009256024483055514,771.24625
2023-02-15,790.6181640625,835.1500244140625,839.0,828.375,839.0,11438712,-0.002031224852854674,771.8062109375
2023-02-16,787.7544555664062,832.125,840.9500122070312,830.5,836.5999755859375,8062500,-0.0036221132099709674,772.3155236816406
2023-02-17,783.8020629882812,827.9500122070312,834.0750122070312,821.4749755859375,830.5,8956270,-0.005017290032695798,772.6601147460938
2023-02-20,776.4415893554688,820.1749877929688,834.7249755859375,817.4000244140625,830.0,8086706,-0.009390730109525847,772.748154296875
2023-02-21,779.3526000976562,823.25,831.1749877929688,817.0,820.0,12389296,0.003749169006523667,772.7741870117187
2023-02-22,764.0638427734375,807.0999755859375,820.9749755859375,804.5250244140625,819.5,10359102,-0.019617253246223876,772.4513696289063
2023-02-23,758.8807983398438,801.625,809.4249877929688,796.0499877929688,806.5,27882010,-0.0067835227155627065,771.89283203125
2023-02-24,752.1119995117188,794.4749755859375,808.9500122070312,792.5999755859375,808.9500122070312,17061740,-0.008919449329766516,771.4871801757813
2023-02-27,753.981689453125,796.4500122070312,799.5,788.6500244140625,792.9500122070312,14312972,0.002485919573973039,771.0446081542968
2023-02-28,757.153076171875,799.7999877929688,802.6500244140625,794.3499755859375,796.0,18993992,0.004206185326662615,770.6171838378906
2023-03-01,756.4193115234375,799.0250244140625,806.5,797.875,806.0,14137256,-0.0009691100406635789,770.2825317382812
2023-03-02,749.9819946289062,792.2249755859375,802.9749755859375,791.0,797.0,17391814,-0.008510249271090675,769.9687072753907
2023-03-03,764.8684692382812,807.9500122070312,810.0,794.0,798.0,14986234,0.019849109333272663,770.0051550292969
2023-03-06,770.2645874023438,813.6500244140625,819.7249755859375,809.0250244140625,810.0,27004710,0.007054962233488782,770.2858447265625
2023-03-08,771.8029174804688,815.2750244140625,819.75,810.0,810.0,20099774,0.001997145011317425,770.2962585449219
2023-03-09,771.8739624023438,815.3499755859375,822.9749755859375,813.5,814.9749755859375,20700166,9.205060030992307e-05,770.2924743652344
2023-03-10,751.969970703125,794.3250122070312,806.875,792.5,805.2249755859375,27387000,-0.025786582614175102,769.9029162597657
2023-03-13,742.4559326171875,784.2750244140625,801.9000244140625,782.4749755859375,793.9500122070312,26443550,-0.012652151623876007,769.2142077636719
2023-03-14,740.4677734375,782.1749877929688,791.7999877929688,779.6500244140625,785.125,33185612,-0.0026778143891708073,768.6102270507813
2023-03-15,729.8413696289062,770.9500122070312,791.4500122070312,768.2999877929688,789.0,37264754,-0.014350933544700295,767.7885119628907
2023-03-16,734.5747680664062,775.9500122070312,779.5499877929688,766.0250244140625,769.5,21753342,0.006485516763603982,766.9606420898438
2023-03-17,744.3966064453125,786.3250122070312,789.5999755859375,770.0,778.75,22950876,0.013370781036707635,766.6065844726562
2023-03-20,739.2372436523438,780.875,784.0499877929688,772.7000122070312,783.9749755859375,26503114,-0.006930932715566884,766.2473217773437
2023-03-21,747.6151733398438,789.7249755859375,791.25,778.0999755859375,785.9749755859375,33050494,0.011333208329855182,766.1057922363282
2023-03-22,745.8875732421875,787.9000244140625,793.0250244140625,782.6500244140625,792.0,14177324,-0.0023108146533977747,765.9003625488281
2023-03-23,739.8998413085938,781.5750122070312,795.1749877929688,779.2750244140625,783.875,28364178,-0.008027660130556336,765.8516076660156
2023-03-24,738.7164916992188,780.3250122070312,786.9500122070312,777.4749755859375,780.0,31477748,-0.0015993375634222318,765.5652392578126
2023-03-27,741.9351806640625,783.7249755859375,789.7249755859375,779.4500122070312,781.0999755859375,31872006,0.0043571370085973005,765.2627746582032
2023-03-28,747.9702758789062,790.0999755859375,791.4500122070312,782.0499877929688,782.8499755859375,39276302,0.008134262092063249,765.0691784667969
2023-03-29,751.5676879882812,793.9000244140625,801.0,790.9500122070312,792.0,39763612,0.004809565600916166,765.0928454589844
2023-03-31,761.8628540039062,804.7750244140625,806.4749755859375,796.2000122070312,797.7999877929688,34711228,0.013698255233912437,765.0990014648437
2023-04-03,762.336181640625,805.2750244140625,807.8499755859375,801.375,803.7750244140625,40025398,0.000621276695971229,764.8457653808593
2023-04-05,782.7843627929688,826.875,828.0,808.0,809.2999877929688,43365392,0.02682304952171788,764.9371203613281
2023-04-06,788.7483520507812,833.1749877929688,834.5999755859375,823.5499877929688,824.2750244140625,44637344,0.007618942765454717,764.9882397460938
2023-04-10,785.009033203125,829.2249755859375,835.5,827.0,831.625,31813286,-0.004740826193720515,764.84955078125
2023-04-11,787.3047485351562,831.6500244140625,834.7000122070312,825.5499877929688,829.5,42361542,0.0029244444776181933,764.5447192382812
2023-04-12,797.52880859375,842.4500122070312,844.0999755859375,833.9000244140625,834.0,26955504,0.012986153173363268,764.8878881835938
2023-04-13,801.1025390625,846.2249755859375,848.5250244140625,839.0750122070312,844.1500244140625,35330086,0.004481004861819793,765.613515625
2023-04-17,788.8905029296875,833.3250122070312,860.0,826.6500244140625,860.0,32405148,-0.015244036234242642,766.1105236816406
2023-04-18,785.5534057617188,829.7999877929688,838.625,828.2000122070312,835.0,29637226,-0.004230114515988981,766.6416088867187
2023-04-19,788.4407348632812,832.8499755859375,835.1500244140625,828.5750122070312,832.5,24741168,0.003675535081873571,767.0027648925782
2023-04-20,791.3754272460938,835.9500122070312,838.7249755859375,833.2000122070312,835.8499755859375,32922716,0.0037221470848045612,767.6517114257813
2023-04-21,792.6534423828125,837.2999877929688,838.4749755859375,831.625,834.5,20128618,0.0016149290118421256,767.8012866210937
2023-04-24,799.0671997070312,844.0750122070312,845.7249755859375,837.0499877929688,843.5,35675852,0.00809150251708779,768.1458776855469
2023-04-25,787.7070922851562,832.0750122070312,843.8499755859375,830.9500122070312,843.8499755859375,50353068,-0.014216710967538182,768.2400732421875
2023-04-26,791.328125,835.9000244140625,837.5,827.5,830.0,27392750,0.004596927906715953,768.4085827636719
2023-04-27,795.6828002929688,840.5,842.625,832.9249877929688,835.25,47790392,0.005502995730081839,768.6968444824219
2023-04-28,798.806884765625,843.7999877929688,845.5,835.0,842.3499755859375,27916272,0.003926293834057848,768.9855798339844
2023-05-02,798.6411743164062,843.625,849.5,841.0,844.3499755859375,32221184,-0.00020744744741074683,769.2591687011719
2023-05-03,801.4340209960938,846.5750122070312,848.0,839.8250122070312,842.4749755859375,29407270,0.0034969981131740546,769.4433020019532
2023-05-04,817.8351440429688,863.9000244140625,867.2249755859375,843.5499877929688,843.5499877929688,56854638,0.020464720260428004,769.9876416015625
2023-05-05,769.483642578125,812.8250122070312,830.4749755859375,811.0499877929688,819.5,62770416,-0.05912133003458142,769.6222253417968
2023-05-08,778.38232421875,822.2249755859375,825.1749877929688,815.0,817.5,37244524,0.011564484477941894,769.5138305664062
2023-05-09,778.4059448242188,822.25,828.0,819.9749755859375,824.9500122070312,43688938,3.0345762916050845e-05,769.5531176757812
2023-05-10,782.0032958984375,826.0499877929688,827.3250122070312,816.5499877929688,822.25,46340550,0.0046214331970846345,769.6061315917968
2023-05-11,782.5240478515625,826.5999755859375,844.0,824.625,832.5750122070312,35734618,0.0006659204070575964,769.9753356933594
2023-05-12,789.434814453125,833.9000244140625,836.4000244140625,822.125,823.5,22478760,0.008831379202385081,770.586416015625
2023-05-15,793.2214965820312,837.9000244140625,840.375,832.5499877929688,836.0,18512260,0.004796700195606851,771.4086059570312
2023-05-16,788.6731567382812,823.6500244140625,835.9000244140625,822.0,835.9000244140625,32722086,-0.0057340098110661986,772.1024353027344
2023-05-17,784.4360961914062,819.2249755859375,825.0,812.6749877929688,825.0,30466868,-0.005372390971689955,772.648095703125
2023-05-18,787.5720825195312,822.5,826.9749755859375,820.0,824.0,49646942,0.003997758827456899,773.2711511230468
2023-05-19,788.481689453125,823.4500122070312,825.0,815.7750244140625,824.0,30460332,0.001154950707094482,774.0411450195312
2023-05-22,785.6809692382812,820.5250244140625,826.4500122070312,816.3499755859375,822.5,28334032,-0.0035520421746081388,774.4573950195313
2023-05-23,783.837646484375,818.5999755859375,824.7999877929688,816.7249755859375,824.5,22470074,-0.0023461466244922846,774.7288562011719
2023-05-24,773.592041015625,807.9000244140625,817.375,806.7999877929688,813.7750244140625,33588112,-0.01307108112847477,774.764638671875
2023-05-25,770.6236572265625,804.7999877929688,810.0250244140625,798.6749877929688,807.8499755859375,29776930,-0.0038371436515367563,774.7396325683594
2023-05-26,773.592041015625,807.9000244140625,809.5,801.125,809.5,26635066,0.003851924037403087,775.1720739746094
2023-05-29,783.0237426757812,817.75,820.5,812.4249877929688,814.25,21816292,0.012192087250243233,775.9834301757812
2023-05-30,783.6222534179688,818.375,821.3250122070312,814.2750244140625,816.7999877929688,37125928,0.000764358357949968,776.8465197753907
2023-05-31,771.22216796875,805.4249877929688,817.4749755859375,802.3250122070312,814.9500122070312,43334270,-0.01582405986447244,777.6741357421874
2023-06-01,767.9425659179688,802.0,809.9500122070312,800.0,809.9500122070312,50366938,-0.004252473783811328,778.3414916992188
2023-06-02,769.1395263671875,803.25,807.4000244140625,800.5,806.2249755859375,17859710,0.0015586588142668667,778.8363500976562
2023-06-05,768.1340942382812,802.2000122070312,808.25,801.2249755859375,807.25,18697242,-0.001307216824046331,779.414287109375
2023-06-06,765.7402954101562,799.7000122070312,804.9249877929688,796.125,803.8250122070312,32182852,-0.0031163814314202343,779.7767895507812
2023-06-07,769.7140502929688,803.8499755859375,806.2750244140625,798.0,801.7249755859375,24949026,0.00518942898347019,780.2533190917969
2023-06-08,770.1927490234375,804.3499755859375,813.0,801.625,801.625,37395522,0.0006219176202988397,780.8591772460937
2023-06-09,771.1024780273438,805.2999877929688,809.25,803.5,807.9500122070312,18212578,0.0011811705641993075,781.5068969726562
2023-06-12,766.4105834960938,800.4000244140625,807.9000244140625,799.7249755859375,806.2750244140625,13408292,-0.006084657571394314,781.9964050292969
2023-06-13,767.7032470703125,801.75,804.5,795.0499877929688,795.0499877929688,27926108,0.001686646299066119,782.391064453125
2023-06-14,766.8652954101562,800.875,806.0,800.0999755859375,805.2249755859375,20113968,-0.0010915046449966326,782.6970166015625
2023-06-15,757.4336547851562,791.0250244140625,802.9749755859375,789.5,802.0,35377476,-0.012298953520846867,782.6084326171875
2023-06-16,767.3441772460938,801.375,804.5999755859375,792.0,793.5750122070312,15779272,0.013084343953198907,782.7085925292969
2023-06-19,768.014404296875,802.0750122070312,807.125,799.1749877929688,805.5,24829146,0.00087343733184575,782.413193359375
2023-06-20,769.6182861328125,803.75,805.5,795.3250122070312,802.0750122070312,20005626,0.0020883486389893235,782.0305920410157
2023-06-21,783.0715942382812,817.7999877929688,818.625,805.5,808.0,24308946,0.017480494353985687,781.9918432617187
2023-06-22,786.9017333984375,821.7999877929688,828.7750244140625,819.5250244140625,820.0,56596140,0.004891173665776849,781.9837829589844
2023-06-23,786.8538208007812,821.75,829.9500122070312,817.0250244140625,818.7750244140625,21339218,-6.088765041767363e-05,781.770283203125
2023-06-26,783.0476684570312,817.7750244140625,825.375,814.3499755859375,822.5,16130314,-0.004837178448058421,781.4091857910156
2023-06-27,794.083251953125,829.2999877929688,836.4500122070312,819.2750244140625,821.4749755859375,33831864,0.014093118389381099,781.5130407714844
2023-06-28,802.4856567382812,838.0750122070312,839.9500122070312,830.25,835.0,59562950,0.010581264325232542,781.8516857910156
2023-06-30,814.5745239257812,850.7000122070312,854.4000244140625,841.625,852.0,40699016,0.015064278203594794,782.3743615722656
2023-07-03,823.3839111328125,859.9000244140625,878.75,855.0,856.25,44104116,0.010814709947685408,783.01453125
2023-07-04,827.4054565429688,864.0999755859375,873.5,856.9000244140625,861.7249755859375,38795188,0.00488416807248937,783.7095715332031
2023-07-05,801.1211547851562,836.6500244140625,860.0,834.2750244140625,858.125,37165754,-0.03176713611200066,783.7506506347656
2023-07-06,801.93505859375,837.5,843.9249877929688,830.2000122070312,836.5,52156544,0.0010159559558904352,784.0352099609376
2023-07-07,794.945068359375,830.2000122070312,837.5,828.1500244140625,832.5,19926336,-0.008716404351534979,784.107548828125
2023-07-10,793.0538940429688,828.2249755859375,838.375,824.8499755859375,830.5,38398442,-0.0023789999984644705,784.054970703125
2023-07-11,789.1998291015625,824.2000122070312,838.0,822.75,831.5,50670426,-0.004859776832767726,783.8628295898437
2023-07-12,781.8029174804688,816.4749755859375,833.1500244140625,813.5750122070312,827.6749877929688,70958358,-0.009372672608804922,783.526064453125
2023-07-13,785.704833984375,820.5499877929688,828.7249755859375,819.0250244140625,828.3499755859375,41913546,0.00499092087873132,783.2114807128906
2023-07-14,787.3326416015625,822.25,826.7999877929688,817.5,826.7999877929688,24727214,0.0020717800715730483,782.6014306640625
2023-07-17,803.80224609375,839.4500122070312,841.0,816.5,825.0,49252928,0.02091822899490814,783.287802734375
2023-07-18,803.1319580078125,838.75,852.0,835.0,849.0,81076818,-0.000833896756565311,783.7827954101563
2023-07-19,806.7705688476562,842.5499877929688,844.375,837.5,840.5499877929688,32935134,0.004530526775287758,784.350087890625
2023-07-20,808.51806640625,844.375,846.0,840.0,840.5750122070312,56210948,0.0021660402920866684,784.8803833007812
2023-07-21,802.2941284179688,837.875,844.9000244140625,836.625,840.0,42154248,-0.007697957840256842,785.2757849121094
2023-07-24,803.5629272460938,839.2000122070312,842.3250122070312,835.0499877929688,839.25,32179444,0.0015814634348962908,785.5583471679688
2023-07-25,812.2763671875,848.2999877929688,849.5,839.2000122070312,842.3250122070312,55992596,0.010843506645171308,785.9394445800781
2023-07-26,809.45166015625,845.3499755859375,849.7999877929688,844.0,849.7999877929688,24794358,-0.0034775196538470166,786.3550146484375
2023-07-27,801.04931640625,836.5750122070312,851.5,833.7249755859375,849.9500122070312,59741302,-0.010380290959410843,786.6872790527344
2023-07-28,786.8538208007812,821.75,834.4500122070312,820.5499877929688,830.75,41015684,-0.01772112567195494,786.6729138183593
2023-07-31,790.5403442382812,825.5999755859375,828.4000244140625,819.3499755859375,825.0250244140625,34565006,0.0046851439747070955,786.7140869140625
2023-08-01,795.8306884765625,831.125,833.7249755859375,825.0,827.2249755859375,35394188,0.006692061040070918,786.9170812988282
2023-08-02,785.4176025390625,820.25,825.75,816.5750122070312,821.0,28116322,-0.013084549374985155,786.9486804199219
2023-08-03,779.7442016601562,814.3250122070312,825.6749877929688,811.5,820.0,57673946,-0.007223419567584877,787.0717236328124
2023-08-04,791.0191040039062,826.0999755859375,828.25,814.625,817.5750122070312,37388304,0.014459745028875481,787.4796325683594
2023-08-07,790.5642700195312,825.625,831.5499877929688,823.7750244140625,831.5499877929688,28300918,-0.000574997471075922,787.8190771484375
2023-08-08,789.91796875,824.9500122070312,827.7999877929688,821.0250244140625,825.8499755859375,43773828,-0.0008175189469609156,787.9569616699218
2023-08-09,790.2052001953125,825.25,827.25,815.5499877929688,826.5,33361236,0.0003636218654032852,788.0886206054688
2023-08-10,783.1912231445312,817.9249877929688,827.125,815.5,823.5250244140625,50781118,-0.008876146409878882,788.3280017089844
2023-08-11,775.0283813476562,809.4000244140625,819.2000122070312,808.0999755859375,819.2000122070312,28225822,-0.010422539931054131,788.4697180175781
2023-08-14,771.24609375,805.4500122070312,807.5,800.125,805.5,31304410,-0.004880192375767534,788.5118493652344
2023-08-16,768.9957885742188,803.0999755859375,804.8250122070312,790.6500244140625,791.5499877929688,34137542,-0.0029177524450589853,788.5290832519531
2023-08-17,764.73486328125,798.6500244140625,804.9500122070312,797.0,798.7999877929688,52884040,-0.0055408954850960646,788.508974609375
2023-08-18,761.598876953125,795.375,798.1500244140625,792.75,793.7750244140625,25633366,-0.004100749787539937,788.3466711425781
2023-08-21,761.0004272460938,794.75,800.25,793.5,800.25,21837270,-0.0007857807110028814,788.1628247070313
2023-08-22,757.7448120117188,791.3499755859375,799.0,790.0,798.1749877929688,32273570,-0.004278072807601951,787.8956713867187
2023-08-23,759.6119384765625,793.2999877929688,795.2750244140625,786.625,790.0,36498588,0.002464057074685444,787.7596984863281
2023-08-24,756.1170043945312,789.6500244140625,798.0999755859375,788.0750122070312,796.6500244140625,43145792,-0.0046009467532073245,787.5279736328125
2023-08-25,747.594970703125,780.75,788.75,779.2000122070312,787.2750244140625,30069756,-0.011270786983861525,787.1425671386719
2023-08-28,755.3749389648438,788.875,791.3250122070312,780.75,780.75,28867238,0.01040666211866248,787.1013928222657
2023-08-29,761.3834838867188,795.1500244140625,796.3250122070312,790.7249755859375,794.8499755859375,35538932,0.007954387433224852,786.9821789550781
2023-08-30,755.8297119140625,789.3499755859375,801.9749755859375,786.8499755859375,801.9749755859375,28084204,-0.007294316320476613,786.7384851074219
2023-08-31,752.3587036132812,785.7249755859375,791.5750122070312,781.5499877929688,789.5,100075772,-0.004592315234593358,786.3932934570313
2023-09-01,753.9146728515625,787.3499755859375,789.5,779.6749877929688,785.5,43226776,0.002068121536719758,785.8101550292969
2023-09-04,758.630615234375,792.2750244140625,795.7249755859375,787.4500122070312,795.0,25073638,0.006255273378584336,785.2447326660156
2023-09-05,754.0104370117188,787.4500122070312,794.2000122070312,785.2999877929688,794.2000122070312,38712082,-0.006090155247990947,784.5878649902344
2023-09-06,763.873046875,797.75,800.0,787.4500122070312,788.4000244140625,56320910,0.01308020337539162,784.2043725585937
2023-09-07,771.22216796875,805.4249877929688,807.0,793.5750122070312,797.75,34208342,0.009620867137301481,783.7471508789063
2023-09-08,777.2306518554688,811.7000122070312,816.4500122070312,803.7999877929688,804.1500244140625,34502210,0.007790859931508409,783.24205078125
2023-09-11,781.2523193359375,815.9000244140625,818.25,812.0,814.4500122070312,31573022,0.005174355219866644,782.5756066894531
2023-09-12,783.694091796875,818.4500122070312,821.4500122070312,812.5250244140625,820.0,39033340,0.003125459471292169,781.7818103027344
2023-09-13,787.04541015625,821.9500122070312,825.7999877929688,814.2999877929688,815.6500244140625,46420094,0.0042763093335194124,780.974609375
2023-09-14,786.5665893554688,821.4500122070312,825.0,817.5499877929688,822.125,23538848,-0.0006083776038872113,780.6835180664062
2023-09-15,795.5913696289062,830.875,835.0,825.0,825.0,173411202,0.011473637954585225,780.5566442871094
2023-09-18,779.9357299804688,814.5250244140625,827.5,813.0499877929688,826.875,37056288,-0.019677990795375133,780.2564575195313
2023-09-20,748.648193359375,781.8499755859375,799.5,780.2000122070312,799.5,115474648,-0.04011553185526873,779.3683435058593
2023-09-21,743.6929931640625,776.6749877929688,784.4749755859375,768.5250244140625,776.5,72841442,-0.006618863491912319,778.4582067871094
2023-09-22,732.3462524414062,764.8250122070312,782.2000122070312,761.875,779.5,61704250,-0.015257291418574792,777.4690734863282
2023-09-25,732.9925537109375,765.5,770.3499755859375,762.5,762.5,40208754,0.0008825077855956209,776.4148278808593
2023-09-26,736.1763305664062,768.8250122070312,770.0,762.5,762.5,27575308,0.004343532331058775,775.3917016601563
2023-09-27,731.005615234375,763.4249877929688,766.25,757.5,761.5,39338538,-0.00702374569425912,773.9357690429688
2023-09-28,729.49755859375,761.8499755859375,768.7999877929688,759.1749877929688,767.0,55354188,-0.002062989133320814,772.4630810546874
2023-09-29,730.742431640625,763.1500244140625,767.7249755859375,761.1500244140625,761.8499755859375,32053782,0.001706480072770633,770.9425183105469
2023-10-03,722.0048828125,754.0250244140625,763.5,753.0,763.5,38971694,-0.011957084260876827,769.2122546386719
2023-10-04,732.29833984375,764.7750244140625,767.5,744.625,747.5,54649430,0.014256769277172898,767.8123388671875
2023-10-05,735.2667236328125,767.875,775.7750244140625,766.2999877929688,767.5250244140625,48512674,0.004053517026538556,766.4464147949219
2023-10-06,734.4528198242188,767.0250244140625,772.5,764.9249877929688,772.0,17759356,-0.001106950420076691,764.8899438476562
2023-10-09,725.9307861328125,758.125,765.0,756.0,764.0,16454972,-0.011603241843970102,763.2195263671875
2023-10-10,730.0481567382812,762.4249877929688,764.5,757.5999755859375,760.2750244140625,33266292,0.005671850104887799,761.7995031738282
2023-10-11,737.1099853515625,769.7999877929688,771.0750122070312,764.25,765.0499877929688,31333360,0.009673099710068689,760.8046264648438
2023-10-12,742.0173950195312,774.9249877929688,776.0,765.7999877929688,768.0499877929688,22025336,0.0066576355842311585,759.8341674804688
2023-10-13,735.2667236328125,767.875,774.4000244140625,764.9749755859375,770.0,39745300,-0.00909772659243524,758.6228881835938
2023-10-16,732.322265625,764.7999877929688,767.2249755859375,760.25,765.75,17856084,-0.004004612085889758,757.5609814453124
2023-10-17,737.8759765625,770.5999755859375,777.875,767.5,777.875,32902558,0.007583698049601351,756.7236169433594
2023-10-18,727.6065063476562,759.875,770.5999755859375,759.0499877929688,770.5999755859375,31216200,-0.013917610196073293,755.4553649902343
2023-10-19,725.3082885742188,757.4749755859375,763.125,751.5999755859375,752.7000122070312,30252364,-0.003158599811007412,754.1502453613281
2023-10-20,729.0667114257812,761.4000244140625,763.5,752.5,752.5,21094010,0.005181828073343331,752.9332202148438
2023-10-23,721.04736328125,753.0250244140625,764.375,750.0499877929688,761.75,22376136,-0.010999470993331206,751.5500634765625
2023-10-25,716.47509765625,748.25,761.4000244140625,745.7249755859375,760.5,28311996,-0.006341144642971974,750.2157409667968
2023-10-26,700.6279296875,731.7000122070312,746.0,730.125,745.625,55561798,-0.02211823972750715,748.7277319335938
2023-10-27,703.380859375,734.5750122070312,739.0,733.4500122070312,734.75,31940532,0.003929232008675232,747.3704272460938
2023-10-30,711.01708984375,742.5499877929688,744.9749755859375,730.9500122070312,731.625,23310982,0.010856466119273156,746.2108532714843
2023-10-31,706.8997192382812,738.25,752.0,737.0,752.0,32634824,-0.005790818060890213,745.054150390625
2023-11-01,705.9422607421875,737.25,738.7249755859375,731.125,731.125,33877466,-0.0013544474131712558,743.9410180664063
2023-11-02,707.0194702148438,738.375,745.25,733.5750122070312,742.5,45225154,0.0015259172492716466,742.8613989257813
2023-11-03,710.370849609375,741.875,745.7000122070312,740.8250122070312,744.0,18095340,0.004740151489057043,741.9139196777344
2023-11-06,715.517578125,747.25,749.0,741.5,749.0,25593730,0.007245129101870029,741.0320324707031
2023-11-07,712.0465087890625,743.625,747.0,738.5999755859375,747.0,41952848,-0.004851130764716327,740.1506225585938
2023-11-08,714.105224609375,745.7750244140625,746.7249755859375,740.5,741.9749755859375,31399546,0.0028912659424644716,739.4808276367188
2023-11-09,711.2805786132812,742.8250122070312,746.2999877929688,741.75,743.0,22116740,-0.003955503893195655,738.5989404296874
2023-11-10,714.081298828125,745.75,748.0,740.0250244140625,740.0499877929688,14015186,0.003937574424292656,737.6528967285157
2023-11-13,712.7886352539062,744.4000244140625,747.9749755859375,742.9500122070312,746.0499877929688,20605914,-0.0018102470633807322,736.7920751953125
2023-11-15,720.2574462890625,752.2000122070312,755.4749755859375,750.2750244140625,752.0499877929688,41245460,0.010478297023486904,736.1500500488281
2023-11-16,722.1484985351562,754.1749877929688,759.5,751.875,754.8499755859375,29713838,0.002625522659761348,735.5147265625
2023-11-17,720.5924682617188,752.5499877929688,753.75,744.5,745.0,23701874,-0.002154723407434611,734.7539636230468
2023-11-20,720.640380859375,752.5999755859375,756.5,750.7750244140625,756.5,19331452,6.649056126240005e-05,734.0865625
2023-11-21,726.74462890625,758.9749755859375,761.0,756.0499877929688,759.5,24959972,0.008470588394721368,733.343994140625
2023-11-22,724.1593017578125,756.2750244140625,760.0,751.7750244140625,760.0,29123650,-0.0035574079884544973,732.4027368164062
2023-11-23,728.3485107421875,760.6500244140625,761.9249877929688,754.25,754.25,13046220,0.005784927396784267,731.4250939941406
2023-11-24,733.5192260742188,766.0499877929688,766.5750122070312,759.9249877929688,760.5999755859375,16469192,0.007099232380886278,730.4704321289063
2023-11-28,731.867431640625,764.3250122070312,768.625,762.9000244140625,767.5999755859375,28489338,-0.0022518761265932774,729.4338989257812
2023-11-29,746.4698486328125,779.5750122070312,781.5,766.5,766.9500122070312,34042488,0.019952270535462002,728.6223876953125
2023-11-30,746.3023071289062,779.4000244140625,786.2249755859375,771.0750122070312,784.5750122070312,69491440,-0.00022444510546959506,727.8171020507813
2023-12-01,744.6744995117188,777.7000122070312,782.875,776.0499877929688,778.9500122070312,22153536,-0.0021811638549662504,726.7987646484376
2023-12-04,770.5279541015625,804.7000122070312,806.0,786.8250122070312,794.0,50662456,0.03471779227943994,726.6106091308594
2023-12-05,777.3743286132812,811.8499755859375,819.5,808.25,818.25,52230820,0.008885303220051988,727.1851318359375
2023-12-06,779.3372192382812,813.9000244140625,819.2249755859375,808.3250122070312,819.2249755859375,38613060,0.0025250263003944173,727.8980163574219
2023-12-07,780.60595703125,815.2249755859375,817.0,808.0999755859375,812.5,20450386,0.0016279702311776667,728.8632104492187
2023-12-08,791.4979248046875,826.5999755859375,827.5,815.2249755859375,815.2249755859375,33728038,0.013953221436922014,730.0333178710938
2023-12-11,790.4446411132812,825.5,831.8499755859375,823.5,825.0250244140625,23187620,-0.00133074725580129,731.1186840820312
2023-12-12,782.5928344726562,817.2999877929688,828.125,815.9249877929688,827.0999755859375,36581476,-0.00993340486130223,732.1504284667968
2023-12-13,780.8214721679688,815.4500122070312,818.0,807.5499877929688,816.2249755859375,29346914,-0.0022634532628721393,733.1769067382812
2023-12-14,790.0376586914062,825.0750122070312,829.4749755859375,822.5,823.0,35172366,0.011803192985777589,734.3628112792969
2023-12-15,793.101806640625,828.2750244140625,834.0,823.2999877929688,825.0,138837130,0.0038784834058342987,735.7847497558594
2023-12-18,792.69482421875,827.8499755859375,832.3499755859375,825.4749755859375,830.3499755859375,18014754,-0.0005131528114894479,736.9926794433594
2023-12-19,791.3543090820312,826.4500122070312,829.3250122070312,822.0250244140625,825.0,24008446,-0.0016910860217107526,738.1144311523437
2023-12-20,793.3171997070312,828.5,834.4749755859375,822.2249755859375,829.0,34232520,0.002480419456206695,739.29171875
2023-12-21,807.5365600585938,843.3499755859375,844.875,825.125,828.5,36589240,0.01792392797838449,740.9238342285156
2023-12-22,799.9481811523438,835.4249877929688,842.9500122070312,833.5499877929688,841.7999877929688,48578850,-0.009396947805928924,742.3218347167968
2023-12-26,805.5018310546875,841.2249755859375,842.9749755859375,834.2750244140625,836.625,18045856,0.006942512069148865,743.6896716308594
2023-12-27,815.4841918945312,851.6500244140625,853.25,839.2999877929688,840.75,27009078,0.012392722716437987,745.1590075683594
2023-12-28,816.4177856445312,852.625,860.7000122070312,851.0,854.6500244140625,44076470,0.0011448336574508833,746.7820288085937
2023-12-29,818.3328247070312,854.625,857.4500122070312,848.0,848.5,25011426,0.0023456606362246557,748.5022399902343
2024-01-01,812.9945678710938,849.0499877929688,854.5750122070312,846.0,853.0,14239686,-0.006523332163595685,750.0046118164063
2024-01-02,813.4733276367188,849.5499877929688,851.4000244140625,844.3499755859375,849.4000244140625,29242092,0.0005888843352037654,751.7219482421875
2024-01-03,800.9296264648438,836.4500122070312,852.3499755859375,834.4749755859375,851.0,28389762,-0.01541992926592517,753.234375
2024-01-04,809.5234985351562,845.4249877929688,847.4749755859375,835.3499755859375,839.0,26734056,0.010729871622110254,754.8435107421875
2024-01-05,805.3822021484375,841.0999755859375,852.4500122070312,834.0499877929688,843.5750122070312,31889470,-0.005115721031214604,756.5302075195312
2024-01-08,796.4052734375,831.7249755859375,841.1749877929688,830.0,839.25,17998470,-0.011146172198728266,758.1288110351562
2024-01-09,790.2052001953125,825.25,838.9000244140625,823.375,833.5750122070312,25326888,-0.0077850730639016374,759.9203564453124
2024-01-10,792.8145141601562,827.9749755859375,829.9749755859375,820.7000122070312,821.5,16115824,0.0033020713660183443,761.7090295410156
2024-01-11,789.4871215820312,824.5,831.4500122070312,821.5,830.0,18314010,-0.004196937011994306,763.2784301757813
2024-01-12,785.7527465820312,820.5999755859375,828.0,816.7999877929688,826.0,19773552,-0.004730127823385888,764.8554907226562
2024-01-15,800.8817749023438,836.4000244140625,840.4500122070312,821.7999877929688,823.8499755859375,28320356,0.019254184457035306,766.7542810058594
2024-01-16,803.9219970703125,839.5750122070312,841.8250122070312,829.0499877929688,836.5,25322500,0.003796093584898408,768.6923315429688
2024-01-17,736.1045532226562,768.75,798.4000244140625,764.2000122070312,785.0,170145236,-0.08435823885252491,769.2070056152344
2024-01-18,711.5198974609375,743.0750122070312,757.5,740.0250244140625,747.0,161070930,-0.03339832046152602,769.1270520019531
2024-01-19,704.0989990234375,735.3250122070312,755.125,734.2000122070312,752.9749755859375,109600538,-0.01042964288698256,768.9681018066407
2024-01-23,683.3683471679688,713.6749877929688,737.3499755859375,712.5,732.5,115469402,-0.029442808304260493,768.3533642578125
2024-01-24,697.0371704101562,727.9500122070312,729.2249755859375,690.125,690.125,86004404,0.020002131059821737,768.06849609375
2024-01-25,686.9830322265625,717.4500122070312,728.6749877929688,709.7000122070312,726.25,98941852,-0.014424106217574617,767.5265307617187
2024-01-29,696.438720703125,727.3250122070312,731.4000244140625,722.9000244140625,724.0250244140625,65645498,0.0137640786351243,767.1995324707032
2024-01-30,691.4835205078125,722.1500244140625,731.5999755859375,720.4500122070312,727.2750244140625,41728768,-0.007115055564845263,766.6240539550781
2024-01-31,700.220947265625,731.2750244140625,737.4749755859375,718.4000244140625,719.75,65761040,0.01263577004900407,766.1855029296875
2024-02-01,702.0402221679688,733.1749877929688,736.7999877929688,728.0250244140625,732.5250244140625,32690740,0.002598144070736552,765.8144580078125
2024-02-02,692.3692016601562,723.0750122070312,740.4249877929688,721.0250244140625,737.5,44867754,-0.013775593195995861,765.2490344238281
2024-02-05,691.7467651367188,722.4249877929688,725.9500122070312,717.0250244140625,723.0,38605046,-0.000898995105422129,764.5490771484375
2024-02-06,691.3876953125,722.0499877929688,724.8499755859375,716.2999877929688,722.7750244140625,41075740,-0.0005190769835371478,763.8936450195313
2024-02-07,684.6131591796875,714.9749755859375,726.9000244140625,713.3250122070312,726.5,54837086,-0.00979846210562152,763.0189379882812
2024-02-08,671.734375,701.5250244140625,719.4749755859375,700.25,714.9249877929688,69106124,-0.018811768378976246,761.7832409667968
2024-02-09,671.9976196289062,701.7999877929688,707.0999755859375,693.5,696.0750122070312,56642124,0.000391887982368333,760.5858447265625
2024-02-12,665.4864501953125,695.0,706.8250122070312,691.6749877929688,699.8250122070312,34447812,-0.009689274550093496,758.9661767578125
2024-02-13,667.6168823242188,697.2249755859375,702.1749877929688,692.1749877929688,695.9749755859375,57580994,0.0032013155613928035,757.3924682617187
2024-02-14,662.6378173828125,692.0250244140625,695.75,681.7750244140625,688.0,91320810,-0.00745796739601956,755.7517346191406
2024-02-15,677.0007934570312,707.0250244140625,707.75,692.1749877929688,692.5,41584944,0.021675454822285056,753.88119140625
2024-02-16,679.8015747070312,709.9500122070312,713.8499755859375,704.2249755859375,711.9500122070312,32175742,0.004137042787938361,751.929736328125
2024-02-19,678.4609985351562,708.5499877929688,714.5,707.5999755859375,714.5,34451756,-0.001972010983429584,749.9122119140625
2024-02-20,696.2711181640625,727.1500244140625,728.625,705.9000244140625,707.5,56133508,0.026250764107825786,748.2255151367187
2024-02-21,689.017822265625,719.5750122070312,732.0,717.5,732.0,45893136,-0.010417344205750023,746.1759130859375
2024-02-22,679.634033203125,709.7750244140625,714.4000244140625,706.0999755859375,708.875,50560882,-0.013619080318770682,743.9597009277344
2024-02-23,680.1366577148438,710.2999877929688,716.9500122070312,709.0,711.2750244140625,29833452,0.0007395517104253901,741.9105773925781
2024-02-26,680.9505615234375,711.1500244140625,717.4249877929688,706.7750244140625,706.7750244140625,23506870,0.0011966768727453836,739.9131591796875
2024-02-27,679.9212036132812,710.0750122070312,713.3499755859375,706.5250244140625,706.7750244140625,32087150,-0.0015116485224028198,737.710830078125
2024-02-28,674.7745361328125,704.7000122070312,712.0999755859375,702.0,710.0750122070312,25321986,-0.007569505779666863,735.3442846679687
2024-02-29,671.9019165039062,701.7000122070312,705.2000122070312,698.6500244140625,701.0499877929688,53295700,-0.004257154760713755,732.9284265136719
2024-03-01,684.9961547851562,715.375,716.375,700.0,700.0,34738898,0.019488318100628454,730.8012634277344
2024-03-04,685.9297485351562,716.3499755859375,718.5,712.1500244140625,715.4749755859375,35616474,0.0013629182346182045,728.6535144042969
2024-03-05,689.8317260742188,720.4249877929688,721.5,710.8250122070312,711.0,37991672,0.00568859645961628,726.2994177246094
2024-03-06,690.6695556640625,721.2999877929688,726.4249877929688,716.7750244140625,716.7750244140625,42409530,0.0012145419791167456,724.1138452148438
2024-03-07,692.34521484375,723.0499877929688,725.5250244140625,720.7000122070312,722.75,49348046,0.0024261373126204244,721.850712890625
2024-03-11,683.5838012695312,713.9000244140625,722.9749755859375,711.5,715.0,50531094,-0.012654689288487453,719.212705078125
2024-03-12,698.7847290039062,729.7750244140625,732.0,714.625,717.0,65418454,0.022237109343644867,716.8600439453126
2024-03-13,699.191650390625,730.2000122070312,735.7999877929688,725.0499877929688,732.75,63067454,0.0005823272459013484,714.4772204589843
2024-03-14,696.8217163085938,727.7249755859375,733.0,722.1500244140625,731.0499877929688,52432158,-0.0033895343010850176,712.1537634277344
2024-03-15,695.4811401367188,726.3250122070312,729.6500244140625,721.125,725.0,143613804,-0.0019238438477157116,709.7939196777344
2024-03-18,692.3213500976562,723.0250244140625,728.0,717.9000244140625,723.5,21437856,-0.004543315205414955,707.6217541503906
2024-03-19,693.9011840820312,724.6749877929688,726.2000122070312,717.75,717.75,36183594,0.002281937403999068,705.3093078613281
2024-03-20,685.1397705078125,715.5250244140625,725.8250122070312,712.3250122070312,724.5250244140625,43606094,-0.012626313047453985,702.9044592285156
2024-03-21,692.1776733398438,722.875,725.625,719.1500244140625,721.2999877929688,28922860,0.010272214714400318,700.8199072265625
2024-03-22,690.7891845703125,721.4249877929688,725.375,718.875,720.5,45980326,-0.002005971621175884,698.8315869140625
2024-03-26,682.434814453125,712.7000122070312,718.9749755859375,711.0750122070312,713.5999755859375,56844290,-0.012093950374142182,696.6239929199219
2024-03-27,689.7599487304688,720.3499755859375,723.9749755859375,710.625,711.7750244140625,62168668,0.010733822662921666,694.6294494628906
2024-03-28,693.20703125,723.9500122070312,730.25,720.3499755859375,720.3499755859375,55592142,0.004997510403258021,692.77853515625
2024-04-01,704.0271606445312,735.25,736.9000244140625,727.7999877929688,729.0,25199570,0.01560879925730152,690.8414428710937
2024-04-02,708.6472778320312,740.0750122070312,747.4249877929688,731.625,732.5750122070312,41225446,0.006562413278587531,688.9359484863281
2024-04-03,709.6766357421875,741.1500244140625,747.8250122070312,735.7000122070312,736.0499877929688,45584386,0.001452567366525992,688.4073901367187
2024-04-04,731.36474609375,763.7999877929688,765.0,752.0,752.0,88935066,0.030560552876143232,688.804287109375
2024-04-05,741.8737182617188,774.7750244140625,777.25,765.0750122070312,769.5,59055902,0.014368989241138053,689.5597814941407
2024-04-08,740.4613647460938,773.2999877929688,778.625,770.7750244140625,777.4749755859375,20482940,-0.0019037653994998793,690.7016418457031
2024-04-09,741.3949584960938,774.2750244140625,777.4249877929688,770.1500244140625,777.4249877929688,21884494,0.0012608270930112297,691.5887976074218
2024-04-10,735.5540161132812,768.1749877929688,774.9500122070312,766.4749755859375,774.9500122070312,27807400,-0.007878314137259257,692.5602172851562
2024-04-12,727.2233276367188,759.4749755859375,764.9249877929688,756.7249755859375,760.5,41084208,-0.011325733112820813,693.1759094238281
2024-04-15,715.61328125,747.3499755859375,755.0,746.0250244140625,748.7750244140625,23415248,-0.015964898189457566,693.6585046386718
2024-04-16,722.5794067382812,754.625,756.4500122070312,741.125,743.5,20744886,0.009734483233895697,694.105673828125
2024-04-18,715.61328125,747.3499755859375,759.4249877929688,745.5250244140625,754.9000244140625,34234884,-0.009640636618370113,694.3771350097657
2024-04-19,733.13623046875,765.6500244140625,767.4749755859375,740.125,743.2750244140625,34576434,0.024486618230647794,695.1924755859375
2024-04-22,723.9917602539062,756.0999755859375,778.7000122070312,754.1500244140625,778.7000122070312,42298438,-0.01247308458483487,695.8373754882813
2024-04-23,721.7894287109375,753.7999877929688,763.25,751.625,763.1500244140625,26827060,-0.0030419290161484147,696.44541015625
2024-04-24,723.7523803710938,755.8499755859375,760.875,754.5250244140625,757.5,22441580,0.00271956277284624,697.2281945800781
2024-04-25,723.2975463867188,755.375,759.8499755859375,753.125,753.125,35445204,-0.0006284386714442425,698.2594580078126
2024-04-26,722.8427734375,754.9000244140625,764.0,752.7750244140625,759.9000244140625,24854694,-0.0006287494703812735,699.2763610839844
2024-04-29,732.2744140625,764.75,767.2249755859375,753.2750244140625,757.5,36093350,0.013047983560999787,700.6121203613282
2024-04-30,727.7740478515625,760.0499877929688,769.75,757.4500122070312,764.5999755859375,52307382,-0.006145737341784807,701.815263671875
2024-05-02,733.591064453125,766.125,768.5,760.1749877929688,761.0,33475006,0.007992888203055326,703.2343286132813
2024-05-03,727.53466796875,759.7999877929688,770.2999877929688,753.5999755859375,766.625,31865242,-0.008255820957810966,704.2450061035156
2024-05-06,728.994873046875,761.3250122070312,767.25,758.5750122070312,761.0,28793396,0.002007059103041664,705.2288720703125
2024-05-07,721.09521484375,753.0750122070312,762.0250244140625,752.0750122070312,760.9749755859375,28480602,-0.01083637004209359,706.0815563964844
2024-05-08,709.84423828125,741.3250122070312,748.4749755859375,740.1749877929688,747.9749755859375,41687862,-0.015602622692396984,706.3530187988281
2024-05-09,693.0155029296875,723.75,743.375,722.6500244140625,737.4749755859375,46281278,-0.02370764520440427,706.4329724121094
2024-05-10,697.8200073242188,718.9500122070312,725.9749755859375,713.4000244140625,719.5,27276608,0.006932751683361271,706.7966918945312
2024-05-13,706.2400512695312,727.625,729.9000244140625,715.1500244140625,716.0,27047202,0.012066211712099095,707.318759765625
2024-05-14,709.0062866210938,730.4749755859375,732.75,725.1500244140625,726.125,25665142,0.003916848593604971,707.8798742675781
2024-05-15,698.1111450195312,719.25,729.8499755859375,717.9000244140625,729.8499755859375,38931996,-0.01536677714591983,708.2436730957031
2024-05-16,708.6665649414062,730.125,731.2750244140625,717.75,723.0250244140625,34945236,0.015119970504954061,708.921513671875
2024-05-17,710.5349731445312,732.0499877929688,734.0,723.0999755859375,723.0999755859375,20920190,0.0026365124242591076,709.6941748046875
2024-05-21,707.962890625,729.4000244140625,734.8499755859375,725.0499877929688,725.0499877929688,43769978,-0.0036199238837579806,710.1535095214844
2024-05-22,708.156982421875,729.5999755859375,732.7999877929688,724.0750122070312,728.9249877929688,39996278,0.0002741553257172846,710.5980541992187
2024-05-23,724.3661499023438,746.2999877929688,747.8250122070312,728.5250244140625,729.3250122070312,40861920,0.022889229200330652,711.2887426757812
2024-05-24,736.3046875,758.5999755859375,759.9500122070312,743.0,743.75,31060206,0.016481357665961927,712.2014453125
2024-05-27,741.400390625,763.8499755859375,772.5,759.5250244140625,761.6749877929688,29385440,0.006920644688955591,713.182548828125
2024-05-28,742.75927734375,765.25,768.0250244140625,762.4000244140625,765.0499877929688,27908904,0.0018328648540426595,714.3660583496094
2024-05-29,731.9855346679688,754.1500244140625,761.9249877929688,750.625,759.0,35147706,-0.014505026062158644,715.0300744628906
2024-05-30,735.1642456054688,757.4249877929688,761.7999877929688,748.8250122070312,749.5999755859375,33755350,0.004342587096262562,715.7495263671875
2024-05-31,743.2688598632812,765.7750244140625,768.0,757.0,759.5,74079588,0.011024222554699481,716.6784692382812
2024-06-03,762.9964599609375,786.0999755859375,799.5,775.0,799.5,72637256,0.026541674437006613,718.0287756347657
2024-06-04,719.7800903320312,741.5750122070312,779.5,727.0,778.5,89531240,-0.056640327834704185,718.5779504394532
2024-06-05,753.0963134765625,775.9000244140625,779.7999877929688,741.1749877929688,747.0250244140625,81631650,0.04628666948701321,719.7618530273437
2024-06-06,756.93017578125,779.8499755859375,782.7249755859375,773.2999877929688,782.4500122070312,46422870,0.005090799458291162,721.1976611328125
2024-06-07,763.5545654296875,786.6749877929688,792.1749877929688,776.0250244140625,780.5250244140625,36712216,0.008751652213627503,722.6251989746094
2024-06-10,757.7067260742188,780.6500244140625,790.3250122070312,778.7999877929688,787.0,22454058,-0.007658705245482844,723.9635498046875
2024-06-11,759.4052734375,782.4000244140625,785.5,776.0999755859375,778.0,29545326,0.00224169497884974,725.502958984375
2024-06-12,763.94287109375,787.0750122070312,794.1500244140625,783.2000122070312,787.5,39280436,0.0059751990339891314,726.9866174316406
2024-06-13,767.1458129882812,790.375,792.8499755859375,787.0,790.875,24120192,0.004192645832201469,728.4653930664062
2024-06-14,774.9835815429688,798.4500122070312,799.5,788.8499755859375,792.0,25540554,0.010216791152332316,729.884521484375
2024-06-18,780.2733764648438,803.9000244140625,805.25,794.7249755859375,798.4500122070312,32415714,0.006825686437567091,731.3170434570312
2024-06-19,804.5628051757812,828.9249877929688,834.9500122070312,802.0,806.7000122070312,90131196,0.031129382910621395,733.2147668457031
2024-06-20,810.143798828125,834.6749877929688,840.7249755859375,826.0,834.9000244140625,41408742,0.006936678673735708,734.7903479003907
2024-06-21,808.396728515625,832.875,836.4249877929688,821.5750122070312,836.4249877929688,51630776,-0.0021564940878732175,736.1208081054688
2024-06-24,811.6240234375,836.2000122070312,837.5499877929688,822.875,823.5,28544994,0.003992216702560114,737.5440612792969
2024-06-25,830.5266723632812,855.6749877929688,858.4749755859375,835.5499877929688,835.5499877929688,74521548,0.023289908110065705,739.3266955566406
2024-06-26,825.7463989257812,850.75,855.4500122070312,845.5499877929688,853.9749755859375,47596666,-0.005755713328143508,741.1305432128906
2024-06-27,823.1500244140625,848.0750122070312,856.5,843.2999877929688,848.0499877929688,55074650,-0.0031442759121885766,743.0490771484375
2024-06-28,817.156494140625,841.9000244140625,853.2999877929688,839.5,848.7999877929688,26476046,-0.007281212531948689,745.07994140625
2024-07-01,827.5420532226562,852.5999755859375,853.6500244140625,840.0,840.0,21187024,0.012709388172890135,747.1791943359375
2024-07-02,839.8687744140625,865.2999877929688,867.4500122070312,851.375,857.5,45921690,0.014895582820719344,749.6643041992188
2024-07-03,858.3346557617188,884.3250122070312,897.0,882.3250122070312,895.5,123217802,0.02198662685196151,752.1682727050782
2024-07-04,838.1945190429688,863.5750122070312,879.875,862.4249877929688,879.875,45848658,-0.02346420080274736,754.4523278808593
2024-07-05,799.8310546875,824.0499877929688,842.5,821.0999755859375,842.5,82242548,-0.04576916632582051,756.0131604003906
2024-07-08,793.6434936523438,817.6749877929688,827.4749755859375,813.5750122070312,822.6500244140625,39087800,-0.007736085013070437,757.4109826660156
2024-07-09,794.2015380859375,818.25,823.3499755859375,810.1749877929688,812.5,48550878,0.0007031424538310738,758.8290625
2024-07-10,789.1544799804688,813.0499877929688,820.0,810.375,814.9749755859375,45507182,-0.0063548833179452036,760.1552966308594
2024-07-11,787.1161499023438,810.9500122070312,812.9249877929688,800.5,811.9749755859375,44177074,-0.0025829291093619755,761.2521313476562
2024-07-12,787.50439453125,811.3499755859375,819.2000122070312,805.5750122070312,811.0,56049960,0.0004932494765281792,762.44673828125
2024-07-15,787.2131958007812,811.0499877929688,814.9000244140625,807.5999755859375,811.75,33375694,-0.0003697741022030687,763.5191809082031
2024-07-16,786.07275390625,809.875,813.5,808.4000244140625,810.375,28950324,-0.0014487077968391437,764.6899426269531
2024-07-18,783.6705322265625,807.4000244140625,811.9749755859375,799.5750122070312,804.0,33717064,-0.00305597881080355,765.7834558105469
2024-07-19,780.0307006835938,803.6500244140625,811.5,801.75,808.0,26002152,-0.004644594116136158,766.9621655273437
2024-07-22,797.1376953125,821.2750244140625,825.5,806.3250122070312,808.5,53744822,0.02193118118801518,768.7080346679687
2024-07-23,785.4176025390625,809.2000122070312,823.9000244140625,802.5,823.7750244140625,52002152,-0.014702720549230719,770.5560766601562
2024-07-24,778.4534912109375,802.0250244140625,810.5,794.0250244140625,804.0750122070312,61728206,-0.00886676247847229,772.1687463378906
2024-07-25,784.5440673828125,808.2999877929688,812.5,796.5,796.5,25535732,0.00782394355043703,773.7348266601563
2024-07-26,785.2962646484375,809.0750122070312,810.875,798.2249755859375,802.5,43810540,0.0009587699364477231,775.2606262207031
2024-07-29,778.9387817382812,802.5250244140625,815.9249877929688,799.1500244140625,807.5,51001148,-0.008095648987968107,776.8771789550781
2024-07-30,784.0344848632812,807.7750244140625,817.375,799.5,801.0,54595834,0.006541853152603805,778.3845373535156
2024-07-31,784.1315307617188,807.875,813.9500122070312,804.5999755859375,807.0,37820484,0.0001237775892657389,779.8564685058594
2024-08-01,795.3178100585938,819.4000244140625,825.0250244140625,808.9749755859375,811.4500122070312,26215174,0.014265820028954046,781.6035668945312
2024-08-02,805.1937255859375,829.5750122070312,835.25,815.5,815.5,44119238,0.012417571192849586,783.5443017578125
2024-08-05,784.1315307617188,807.875,823.0,800.5,820.0499877929688,41333634,-0.026157922193062122,784.739609375
2024-08-06,777.0703125,800.5999755859375,816.4749755859375,796.6500244140625,815.0,45116050,-0.00900514516341333,785.554921875
2024-08-07,787.8926391601562,811.75,815.0,801.0999755859375,808.5,42346264,0.013927088046046254,786.4847668457031
2024-08-08,797.21044921875,821.3499755859375,826.6500244140625,809.625,812.0,33976950,0.011826243317269558,787.5737902832032
2024-08-09,800.8502197265625,825.0999755859375,831.2750244140625,822.9000244140625,826.0,26644618,0.004565633216899512,788.951083984375
2024-08-12,805.65478515625,830.0499877929688,837.9749755859375,823.6749877929688,826.0,39316196,0.005999330850315454,790.3608947753906
2024-08-13,778.0409545898438,801.5999755859375,816.2000122070312,800.5750122070312,814.0,54055042,-0.03427501589412241,791.0563366699218
2024-08-14,780.2733764648438,803.9000244140625,806.8499755859375,801.5999755859375,803.25,32334428,0.002869285815650713,791.401875
2024-08-16,792.0662841796875,816.0499877929688,817.0750122070312,805.5,814.25,27849246,0.015113815324923063,792.8475988769532
2024-08-19,791.7993774414062,815.7750244140625,818.8250122070312,811.8499755859375,818.8250122070312,19502164,-0.00033697525524356564,793.62166015625
2024-08-20,794.783935546875,818.8499755859375,823.0,813.7249755859375,813.7249755859375,31134494,0.0037693362618103077,794.3787353515625
2024-08-21,789.0089111328125,812.9000244140625,817.2750244140625,808.9000244140625,814.0499877929688,47630904,-0.0072661564429945535,794.887822265625
2024-08-22,791.6781005859375,815.6500244140625,819.1500244140625,814.0,816.0,21300638,0.0033829649012362406,795.5672497558594
2024-08-23,788.6448974609375,812.5250244140625,817.0,811.5,817.0,20333422,-0.0038313591379565137,796.1520422363282
2024-08-26,795.8758544921875,819.9749755859375,823.9749755859375,816.0999755859375,816.0999755859375,22364266,0.0091688376537149,796.7907019042968
2024-08-27,794.8082275390625,818.875,823.7000122070312,816.0999755859375,821.7000122070312,35773244,-0.0013414491055344646,797.3439501953125
2024-08-28,794.49267578125,818.5499877929688,819.875,815.0999755859375,818.875,26921188,-0.00039701621960996913,797.7341320800781
2024-08-29,795.1964721679688,819.2750244140625,822.2000122070312,815.5750122070312,821.0,49052604,0.0008858437694554411,798.0325939941406
2024-08-30,794.3956909179688,818.4500122070312,831.0,810.5750122070312,828.0,445342100,-0.001007023142113317,797.8292517089844
2024-09-02,789.56689453125,813.4749755859375,823.4000244140625,811.5999755859375,823.4000244140625,34049680,-0.006078578272672663,797.4177136230469
2024-09-03,794.6140747070312,818.6749877929688,819.9749755859375,812.2999877929688,817.0,37282860,0.006392340168691613,797.142060546875
2024-09-04,796.773681640625,820.9000244140625,822.4000244140625,816.0,819.5,24682744,0.002717806042373372,796.8450537109375
2024-09-05,798.5450439453125,822.7249755859375,824.9500122070312,821.0,823.0,22876318,0.0022231686933233963,796.2054211425781
2024-09-06,794.419921875,818.4749755859375,823.875,817.0499877929688,819.1500244140625,26029602,-0.005165797598507216,795.5788916015625
2024-09-09,799.0546264648438,823.25,824.25,815.0499877929688,819.0,23792914,0.005834073973000065,795.0969836425782
2024-09-10,800.9229736328125,825.1749877929688,827.0,819.0,827.0,26606646,0.0023381970469711355,794.7723132324219
2024-09-11,797.7928466796875,821.9500122070312,826.25,819.5999755859375,825.2000122070312,22226684,-0.003908149792391957,794.1773291015625
2024-09-12,808.8092651367188,833.2999877929688,835.0,823.5250244140625,827.0,32424046,0.013808620248827896,793.5561389160156
2024-09-13,808.4937744140625,832.9749755859375,837.0,828.5250244140625,837.0,23860532,-0.00039006813627795456,792.5593212890625
2024-09-16,810.9202880859375,835.4749755859375,838.9000244140625,832.0250244140625,833.5,15172820,0.003001276878889403,792.0138366699218
2024-09-17,809.876953125,834.4000244140625,839.0,832.0750122070312,839.0,20127122,-0.0012866060650673639,792.2147546386718
2024-09-18,822.494873046875,847.4000244140625,849.4500122070312,835.5499877929688,835.9249877929688,40917342,0.015580045676305998,792.7917822265625
2024-09-19,829.1435546875,854.25,859.5,849.5750122070312,849.5999755859375,30651776,0.008083553902282103,793.4906225585937
2024-09-20,845.0130004882812,870.5999755859375,872.4749755859375,853.7750244140625,858.25,60623386,0.019139563602785792,794.60779296875
2024-09-23,854.0397338867188,879.9000244140625,883.1749877929688,870.125,874.5,26965350,0.010682360381700118,795.9462646484375
2024-09-24,858.0435180664062,884.0250244140625,890.8250122070312,877.125,882.5,33039036,0.004688053753033605,797.3570471191406
2024-09-25,863.4060668945312,889.5499877929688,894.0,880.0750122070312,880.0750122070312,31965312,0.006249739920195951,798.8809045410156
2024-09-26,865.5171508789062,891.7249755859375,894.0,884.0250244140625,886.5250244140625,31899644,0.0024450650340783753,800.4697924804688
2024-09-27,850.5697631835938,876.3250122070312,889.0999755859375,875.0,888.5,35613502,-0.017269891971677165,801.8077770996093
2024-09-30,840.572509765625,866.0250244140625,875.7249755859375,862.2000122070312,874.4000244140625,26383534,-0.01175359606077464,803.01861328125
2024-10-01,837.7334594726562,863.0999755859375,871.0,860.0499877929688,862.0,24572284,-0.0033775197975013382,803.8305285644532
2024-10-03,816.282958984375,841.0,863.0750122070312,836.6749877929688,857.8250122070312,48473398,-0.025605400197079464,804.4478356933594
2024-10-04,804.4657592773438,828.8250122070312,845.3250122070312,826.5,837.25,48683232,-0.01447684234610791,804.9680810546874
2024-10-07,785.12646484375,808.9000244140625,829.5,806.5,826.0999755859375,94458296,-0.024039922408837344,804.9797290039063
2024-10-08,801.2627563476562,825.5250244140625,828.4000244140625,811.0,815.0,29734406,0.02055247431650087,805.2990588378906
2024-10-09,792.5758666992188,816.5750122070312,828.375,814.3499755859375,824.75,41125642,-0.01084149934540124,805.5718005371094
2024-10-10,806.7709350585938,831.2000122070312,832.7249755859375,816.25,819.5,21754766,0.01791004363846227,806.0265295410156
2024-10-11,801.238525390625,825.5,832.2249755859375,821.625,832.2249755859375,23672594,-0.006857472707004431,806.3686694335937
2024-10-14,819.2432861328125,844.0499877929688,846.0250244140625,827.0,828.0250244140625,18527508,0.022471162046794557,806.8471789550781
2024-10-15,817.3020629882812,842.0499877929688,849.0,837.75,847.0,19651130,-0.002369531953926307,807.089345703125
2024-10-16,824.92138671875,849.9000244140625,853.9749755859375,840.0499877929688,840.0499877929688,20470682,0.00932253089220203,807.9051428222656
2024-10-17,811.9879760742188,836.5750122070312,848.8250122070312,832.5999755859375,847.4749755859375,14695732,-0.015678355359382556,808.60349609375
2024-10-18,816.2101440429688,840.9249877929688,845.5,827.0499877929688,831.5499877929688,24809724,0.005199791244647756,809.1698461914062
2024-10-21,838.9466552734375,864.3499755859375,874.0750122070312,855.5250244140625,857.5,46548354,0.02785619781426263,810.0045703125
2024-10-22,832.0796508789062,857.2750244140625,870.0,855.3499755859375,865.0250244140625,38875280,-0.008185269410595719,810.6291589355469
2024-10-23,842.3923950195312,867.9000244140625,873.25,852.5250244140625,852.5250244140625,38036090,0.012393938644854385,811.3639111328125
2024-10-24,849.1138305664062,874.8250122070312,884.3250122070312,869.0499877929688,869.0499877929688,30832258,0.007978984124992206,812.7853686523438
2024-10-25,846.0806884765625,871.7000122070312,878.9249877929688,864.3499755859375,877.5,26130478,-0.003572126587339297,814.1015148925782
2024-10-28,841.6158447265625,867.0999755859375,875.5,864.4500122070312,871.0,22012142,-0.005277089775018173,815.0925061035156
2024-10-29,850.1815185546875,875.9249877929688,882.0,862.5499877929688,863.0750122070312,35794926,0.01017765276378313,816.2601489257812
2024-10-30,841.8099975585938,867.2999877929688,877.375,862.0999755859375,871.0,32715724,-0.009846745445990623,817.2006701660156
2024-10-31,842.3438110351562,867.8499755859375,869.4500122070312,859.7000122070312,864.0,22895912,0.0006341258456310506,818.2673681640625
2024-11-01,843.120361328125,868.6500244140625,872.0499877929688,863.0499877929688,866.5,1759692,0.0009218923232954257,819.2962133789063
2024-11-04,831.8612060546875,857.0499877929688,872.5,855.4500122070312,872.5,28089248,-0.013354149407211025,820.1605395507812
2024-11-05,853.0933227539062,878.9249877929688,881.3499755859375,848.9500122070312,851.5,44232406,0.025523628875443682,821.3048889160157
2024-11-06,851.8316040039062,877.625,885.75,872.6749877929688,885.75,27787910,-0.0014789926451739266,822.4453564453125
2024-11-07,847.6094360351562,873.2750244140625,880.4749755859375,869.0,872.1500244140625,18895456,-0.004956575864178192,823.5076916503906
2024-11-08,851.4432983398438,877.2249755859375,880.9000244140625,872.9249877929688,876.0,19902986,0.004523147267709859,824.6326281738282
2024-11-11,857.1942138671875,883.1500244140625,891.4000244140625,875.5999755859375,877.2750244140625,24565362,0.006754314161092179,825.8885986328125
2024-11-12,833.8509521484375,859.0999755859375,887.5,854.3250122070312,886.0,31395406,-0.027232173690765027,826.7742797851563
2024-11-13,815.967529296875,840.6749877929688,864.7000122070312,836.5,858.375,35728500,-0.02144678590998239,827.2013488769531
2024-11-14,821.5,846.375,852.4249877929688,836.0499877929688,836.5499877929688,27146470,0.006780258410395756,827.6958752441407
2024-11-18,827.4934692382812,852.5499877929688,859.4500122070312,847.5,850.0,27081968,0.007295762919392823,828.27484375
2024-11-19,845.5225830078125,871.125,876.875,851.3499755859375,857.0,50981272,0.021787620615456138,829.2968969726562
2024-11-21,845.0130004882812,870.5999755859375,879.5,867.0999755859375,874.7000122070312,35716512,-0.0006026835116792473,830.216064453125
2024-11-22,847.1483764648438,872.7999877929688,877.1500244140625,864.7750244140625,871.7750244140625,24773612,0.002527033282716973,831.1405725097657
2024-11-25,866.560546875,892.7999877929688,901.7750244140624,882.4500122070312,892.5250244140625,427737274,0.022914723027816386,832.5159265136718
2024-11-26,866.5363159179688,892.7750244140625,905.0,884.9000244140625,905.0,30935566,-2.79622204341079e-05,833.6704675292968
2024-11-27,879.5182495117188,906.1500244140624,908.6749877929688,892.5750122070312,894.9500122070312,32714976,0.014981407420873616,835.09095703125
2024-11-28,870.224609375,896.5750122070312,918.0499877929688,894.0,909.5,35722392,-0.010566739396116298,836.2770434570313
2024-11-29,871.632080078125,898.0250244140625,902.2999877929688,891.4500122070312,900.6500244140625,27669536,0.0016173648595572132,837.5121459960938
2024-12-02,875.8298950195312,902.3499755859376,904.0750122070312,887.5,901.75,15110876,0.00481603997529545,838.5788464355469
2024-12-03,886.3125610351562,913.1500244140624,918.7000122070312,908.0499877929688,911.3499755859376,43410242,0.011968837870499183,839.7222265625
2024-12-04,902.7157592773438,930.0499877929688,932.5,915.5750122070312,919.0,44669084,0.018507238826706462,840.8762817382812
2024-12-05,905.4577026367188,932.875,939.9749755859376,917.5999755859376,930.0,39682714,0.0030374382314650727,841.9046411132813
2024-12-06,900.6531982421875,927.9249877929688,932.0999755859376,922.0,928.5,17783156,-0.005306161050417257,842.7568347167969
2024-12-09,907.520263671875,935.0,940.0,924.5,926.8250122070312,26947912,0.007624538993577179,843.6391186523438
2024-12-10,906.59814453125,934.0499877929688,938.8499755859376,929.2750244140624,938.8499755859376,13325480,-0.0010160865575541411,844.4607385253906
2024-12-11,904.1716918945312,931.5499877929688,935.9500122070312,928.375,930.8499755859376,14045426,-0.0026764367998716176,845.5327770996093
2024-12-12,902.30322265625,929.625,934.3250122070312,924.3499755859376,925.5,17293790,-0.0020664982713252122,846.7673913574218
2024-12-13,908.3695678710938,935.875,937.5,914.625,931.25,19009002,0.006723178043169797,848.1801135253907
2024-12-16,905.1907958984376,932.5999755859376,934.9749755859376,927.625,932.5499877929688,13107082,-0.003499425878066398,849.9582702636719
2024-12-17,889.6853637695312,916.625,931.1749877929688,913.25,928.1749877929688,21079532,-0.01712946287032957,851.6626623535157
2024-12-18,878.74169921875,905.3499755859376,918.0,903.5750122070312,914.9249877929688,23422312,-0.012300600860076782,853.5349670410156
2024-12-19,870.3944702148438,896.75,900.5499877929688,889.5,899.7999877929688,25380770,-0.009499070103680562,854.9176013183594
2024-12-20,859.7177734375,885.75,898.7750244140625,883.5250244140625,891.0999755859375,25692348,-0.012266503456425215,856.260439453125
2024-12-23,874.0343017578125,900.5,903.0,890.6500244140625,891.0,11044592,0.01665259084160753,857.6057067871094
2024-12-24,872.6268310546875,899.0499877929688,904.3499755859376,894.7750244140625,901.0250244140624,14485834,-0.001610315179043198,859.0334729003906
2024-12-26,869.0598754882812,895.375,906.0,890.375,899.2750244140625,10481678,-0.004087607026814766,860.0298046875
2024-12-27,872.6996459960938,899.125,902.9749755859376,894.5499877929688,897.4000244140625,7259330,0.0041881700104582364,861.1377563476562
2024-12-30,862.82373046875,888.9500122070312,907.5,885.5,896.0999755859375,22222218,-0.0113165114397078,861.8958032226562
2024-12-31,860.3729248046875,886.4249877929688,890.9000244140625,882.7999877929688,885.1500244140625,14117236,-0.002840447680699576,862.8635021972656
