Date,Adj Close,Close,High,Low,Open,Volume,Returns,MA50
2020-01-01,519.1380004882812,536.75,542.5,535.7000122070312,539.9000244140625,7642793,,
2020-01-02,522.861572265625,540.5999755859375,541.9000244140625,535.8499755859375,536.0,10264223,0.007172604921700021,
2020-01-03,521.1690063476562,538.8499755859375,540.7999877929688,536.25,538.0,9594690,-0.003237120507125102,
2020-01-06,508.4505310058594,525.7000122070312,537.25,523.7999877929688,537.25,12534334,-0.024403744633487934,
2020-01-07,505.742431640625,522.9000244140625,535.5999755859375,521.6500244140625,531.2999877929688,16101835,-0.005326180621499144,
2020-01-08,508.6923828125,525.9500122070312,527.3499755859375,515.0,516.0,16094310,0.005832912145230518,
2020-01-09,528.3745727539062,546.2999877929688,547.4000244140625,530.2999877929688,530.7000122070312,18934019,0.0386917331700265,
2020-01-10,522.5231323242188,540.25,546.5,538.5,544.9000244140625,12335407,-0.011074417149162907,
2020-01-13,520.9271850585938,538.5999755859375,546.0499877929688,538.0,539.4000244140625,7901800,-0.003054309305936642,
2020-01-14,519.9600219726562,537.5999755859375,538.9500122070312,534.1500244140625,536.2000122070312,13939440,-0.0018566185710363614,
2020-01-15,518.025634765625,535.5999755859375,536.9500122070312,530.6500244140625,535.0999755859375,12353176,-0.003720261414892012,
2020-01-16,519.5248413085938,537.1500244140625,540.0,533.2000122070312,533.9000244140625,11249232,0.002894077903397685,
2020-01-17,514.5921630859375,532.0499877929688,538.0,530.5999755859375,534.5,18312609,-0.009494595504291325,
2020-01-20,517.30029296875,534.8499755859375,544.0,531.0,533.0,19159996,0.005262672222935194,
2020-01-21,513.6248779296875,531.0499877929688,540.25,530.2000122070312,532.9500122070312,13477994,-0.007104993151984429,
2020-01-22,505.6940002441406,522.8499755859375,534.9500122070312,520.75,531.5,17527408,-0.015440992105979268,
2020-01-23,510.3848876953125,527.7000122070312,530.25,517.0499877929688,521.4000244140625,17061293,0.009276138235587483,
2020-01-24,516.3330078125,533.8499755859375,537.4000244140625,527.0,529.25,17851868,0.01165418542082386,
2020-01-27,519.6214599609375,537.25,545.0,531.5,538.5,38149166,0.006368859047709119,
2020-01-28,510.8684692382813,528.2000122070312,540.5999755859375,524.4500122070312,538.0999755859375,24009224,-0.016844936934117816,
2020-01-29,509.3209533691406,526.5999755859375,534.7999877929688,525.2999877929688,531.5499877929688,16400827,-0.0030291864977458616,
2020-01-30,514.7373046875,532.2000122070312,533.9500122070312,524.1500244140625,527.6500244140625,14319317,0.01063445609792879,
2020-01-31,508.4021301269531,525.6500244140625,532.75,522.4000244140625,530.0,16292578,-0.01230758777896035,
2020-02-03,498.6335144042969,515.5499877929688,519.1500244140625,502.0,504.0,22531888,-0.019214348531972014,
2020-02-04,513.3831176757812,530.7999877929688,534.6500244140625,516.6500244140625,520.0,17781475,0.029580047961889067,
2020-02-05,521.4107666015625,539.0999755859375,540.4000244140625,525.7000122070312,529.0499877929688,18782476,0.01563676063623687,
2020-02-06,523.8287353515625,541.5999755859375,547.0,536.25,540.3499755859375,15296851,0.00463735869084525,
2020-02-07,518.8477172851562,536.4500122070312,541.75,535.1500244140625,540.9500122070312,8297149,-0.009508867555849676,
2020-02-10,516.4298706054688,533.9500122070312,542.25,530.5,538.6500244140625,12536053,-0.004660031448801116,
2020-02-11,522.0394897460938,539.75,544.7999877929688,537.5,537.7000122070312,11243552,0.010862305726135224,
2020-02-12,531.276123046875,549.2999877929688,550.7000122070312,542.7000122070312,545.7999877929688,14026335,0.01769336129202359,
2020-02-13,523.2484741210938,541.0,549.0,538.0,549.0,9227235,-0.01511012555908331,
2020-02-14,527.8909912109375,545.7999877929688,548.6500244140625,536.5499877929688,541.25,14458649,0.008872490450434256,
2020-02-17,523.8287353515625,541.5999755859375,545.3499755859375,537.75,543.0,7793293,-0.007695255132232015,
2020-02-18,523.44189453125,541.2000122070312,544.4000244140625,536.0,541.0,15918303,-0.0007384872081385163,
2020-02-19,526.9237670898438,544.7999877929688,546.5,540.5,543.5,8704234,0.006651879788322601,
2020-02-20,529.0515747070312,547.0,549.3499755859375,541.7999877929688,545.5,13588526,0.004038169750700815,
2020-02-24,512.4642944335938,529.8499755859375,541.8499755859375,527.5499877929688,539.5,16940750,-0.031352860602717025,
2020-02-25,513.5281982421875,530.9500122070312,538.7999877929688,525.2999877929688,532.4500122070312,14942960,0.002076054507894387,
2020-02-26,506.51611328125,523.7000122070312,529.3499755859375,522.2000122070312,526.8499755859375,15743918,-0.013654722340350478,
2020-02-27,498.4400939941406,515.3499755859375,523.2999877929688,512.6500244140625,522.7999877929688,26315054,-0.015944249502335306,
2020-02-28,480.93402099609375,497.25,506.8500061035156,492.2000122070313,501.6000061035156,32737933,-0.03512171915739315,
2020-03-02,489.4936218261719,506.1000061035156,520.5499877929688,498.4500122070313,508.25,28642076,0.0177978692635421,
2020-03-03,497.85980224609375,514.75,519.5,508.5,509.8500061035156,19661945,0.017091500372793167,
2020-03-04,491.6697998046875,508.3500061035156,517.5,497.0499877929688,517.5,21883404,-0.012433223998965293,
2020-03-05,487.9461364746094,504.5,511.1499938964844,500.0,509.75,16671516,-0.007573504273716503,
2020-03-06,470.3916931152344,486.3500061035156,496.7999877929688,477.2999877929688,485.0,31024353,-0.03597619090952364,
2020-03-09,442.7301330566406,457.75,475.0,442.9500122070313,475.0,42027175,-0.05880537531477481,
2020-03-11,450.370849609375,465.6499938964844,471.75,449.6000061035156,450.0,31018779,0.017258180508253007,
2020-03-12,411.6833801269531,425.6499938964844,445.9500122070313,416.0,438.0,50757033,-0.08590136221288991,508.21063537597655
2020-03-13,432.52630615234375,447.2000122070313,464.75,395.2000122070313,401.0,67104335,0.0506285340422612,506.4784014892578
2020-03-16,389.6798706054688,402.8999938964844,424.2000122070313,397.4500122070313,424.2000122070313,34833637,-0.09906087777186812,503.8147674560547
2020-03-17,355.1996459960937,367.25,408.4500122070313,364.0,407.0,47232699,-0.08848346350505898,500.4953802490234
2020-03-18,343.39996337890625,355.04998779296875,375.5,342.29998779296875,369.1000061035156,61202289,-0.033219860296024084,497.1943688964844
2020-03-19,327.4413452148437,338.54998779296875,369.6000061035156,323.0,336.1000061035156,57985870,-0.046472393319547,493.62834716796874
2020-03-20,334.3567810058594,345.70001220703125,359.79998779296875,323.0,328.0,88640642,0.021119616969806465,490.1416351318359
2020-03-23,274.6812744140625,284.0,313.70001220703125,280.0,311.1499938964844,56867949,-0.17847852946864895,485.06776916503907
2020-03-24,286.7711181640625,296.5,305.0,268.29998779296875,295.29998779296875,67895418,0.044014080595007776,480.35272888183596
2020-03-25,306.5017395019531,316.8999938964844,334.1499938964844,281.6000061035156,284.0,66544138,0.0688026795174077,476.0642199707031
2020-03-26,319.4136962890625,330.25,364.3999938964844,314.25,322.0,76173940,0.04212686299298185,472.05329345703126
2020-03-27,328.6986999511719,339.8500061035156,359.54998779296875,326.0,355.79998779296875,72889985,0.029068896449908843,468.2667547607422
2020-03-30,303.1165771484375,313.3999938964844,333.8999938964844,311.1000061035156,330.1000061035156,36559880,-0.07782848793297503,463.93858947753904
2020-03-31,313.1269836425781,323.75,334.8500061035156,316.0,324.70001220703125,46279768,0.033024939078929005,459.9092858886719
2020-04-01,300.9404296875,311.1499938964844,323.75,308.1000061035156,319.0,33141186,-0.03891888783685471,455.5820886230469
2020-04-03,277.2442626953125,286.6499938964844,309.5,281.5,309.5,57326314,-0.07874039063742244,450.8544763183594
2020-04-07,315.3998718261719,326.1000061035156,329.6000061035156,296.8500061035156,308.29998779296875,57661076,0.13762452200062958,447.04859375
2020-04-08,308.4844970703125,318.95001220703125,352.75,315.1000061035156,322.8500061035156,73931321,-0.02192573736894443,443.0105859375
2020-04-09,331.4552001953125,342.70001220703125,345.0,322.6499938964844,332.3999938964844,52431174,0.07446307138009689,439.31302978515623
2020-04-13,319.8005676269531,330.6499938964844,345.79998779296875,329.25,341.04998779296875,30994190,-0.035162014539194986,435.31661193847657
2020-04-15,316.60888671875,327.3500061035156,351.8999938964844,325.0,342.70001220703125,49132329,-0.009980222774107816,431.4314202880859
2020-04-16,330.77813720703125,342.0,347.79998779296875,319.3500061035156,325.29998779296875,56494027,0.0447531673388184,427.8605639648438
2020-04-17,363.227294921875,375.5499877929688,385.5,349.04998779296875,362.0,69006835,0.09809946324999741,424.83036376953123
2020-04-20,349.4448547363281,361.2999877929688,378.8999938964844,357.0,376.0,55810736,-0.0379443956394061,421.6512182617187
2020-04-21,320.961181640625,331.8500061035156,346.20001220703125,328.0,341.0,50118175,-0.081511210451776,418.0977716064453
2020-04-22,324.9266357421875,335.95001220703125,338.0,323.04998779296875,326.0,49115085,0.012354933644288968,414.3286419677734
2020-04-23,341.3688659667969,352.95001220703125,354.79998779296875,338.0,340.25,45953398,0.050602900519535865,410.7278039550781
2020-04-24,323.8627319335937,334.8500061035156,343.25,331.5,337.8999938964844,38513206,-0.05128216360218951,406.7284838867188
2020-04-27,336.4845275878906,347.8999938964844,352.8999938964844,338.0,339.29998779296875,38980019,0.038972670856382896,403.08122009277344
2020-04-28,348.0424499511719,359.8500061035156,362.8500061035156,350.25,353.75,32933194,0.03434904554493157,399.7134716796875
2020-04-29,358.29461669921875,370.4500122070313,376.5,351.6499938964844,353.0,39341745,0.02945665607596193,396.43857421875
2020-04-30,367.6763610839844,380.1499938964844,392.9500122070313,374.1499938964844,382.0,45734705,0.026184441371725597,393.1665789794922
2020-05-04,326.9577331542969,338.04998779296875,359.0,336.0,359.0,38837299,-0.11074584128726883,389.24076416015623
2020-05-05,319.9940185546875,330.8500061035156,348.0,329.54998779296875,348.0,45069968,-0.021298516271285428,385.08282470703125
2020-05-06,330.19781494140625,341.3999938964844,345.54998779296875,325.25,331.5,49952812,0.0318874597494232,381.2102062988281
2020-05-07,325.7004089355469,336.75,342.8999938964844,333.70001220703125,337.0,27656346,-0.013620338483031569,377.25537658691405
2020-05-08,326.6192321777344,337.70001220703125,352.5,333.70001220703125,344.0,42968091,0.0028210687397980383,373.24928588867186
2020-05-11,309.6451110839844,320.1499938964844,343.54998779296875,318.20001220703125,341.0,83665601,-0.05196914150025711,368.86115661621096
2020-05-12,310.6606140136719,321.20001220703125,324.3999938964844,308.0,318.29998779296875,69072308,0.003279570364061346,364.8250830078125
2020-05-13,326.9577331542969,338.04998779296875,348.3999938964844,332.29998779296875,343.5,72816461,0.052459560064822996,361.0936737060547
2020-05-14,316.6571960449219,327.3999938964844,334.5,325.6499938964844,330.0,33999095,-0.03150418560222279,357.29649536132814
2020-05-15,312.1114501953125,322.70001220703125,330.54998779296875,318.79998779296875,329.29998779296875,31828868,-0.014355416224188677,353.5699224853516
2020-05-18,288.7055053710937,298.5,320.5,293.25,320.0,74034133,-0.07499226577420304,349.72535217285156
2020-05-19,290.4464111328125,300.29998779296875,311.5,297.1000061035156,307.04998779296875,61827491,0.006030040055803987,345.74440795898437
2020-05-20,295.6208801269531,305.6499938964844,308.25,297.5,299.0,42238419,0.017815572153083048,341.6996295166016
2020-05-21,294.4118957519531,304.3999938964844,312.79998779296875,302.0,306.0,43075357,-0.004089644731728015,337.75447143554686
2020-05-22,281.4999389648437,291.04998779296875,307.70001220703125,285.54998779296875,301.0,80358245,-0.04385677675873523,333.62554748535155
2020-05-26,283.0958251953125,292.70001220703125,297.8999938964844,290.0,296.04998779296875,46681705,0.005669224072791357,329.87963012695315
2020-05-27,308.38775634765625,318.8500061035156,321.95001220703125,294.8500061035156,296.1000061035156,80541990,0.0893405303129935,327.1927825927734
2020-05-28,316.1252746582031,326.8500061035156,329.75,320.75,322.25,66136408,0.025090225377897735,324.50787109375
2020-05-29,321.05792236328125,331.95001220703125,334.29998779296875,320.0,322.8999938964844,60487477,0.015603458819960947,322.69536193847654
2020-06-01,328.1183776855469,339.25,348.0,336.20001220703125,339.0,44024770,0.02199121974718521,320.6072033691406
2020-06-02,336.9681396484375,348.3999938964844,350.0,332.5,337.0,47558213,0.02697124746658308,319.55296875
2020-06-03,345.140869140625,356.8500061035156,373.0,353.79998779296875,357.8999938964844,69689299,0.024253715798514985,319.35179321289064
2020-06-04,336.4361877441406,347.8500061035156,363.0,345.5,357.0,57061575,-0.0252206625606477,319.2125177001953
2020-06-05,345.4794311523437,357.20001220703125,360.0,347.0,350.0,37251097,0.02687952050830056,319.57327941894533
2020-06-08,347.9940795898437,359.79998779296875,373.75,353.1499938964844,366.5499877929688,46827341,0.007278721135763222,319.846025390625
2020-06-09,337.1132202148437,348.54998779296875,369.3500061035156,345.25,360.04998779296875,47621969,-0.0312673692260067,321.09466430664065
2020-06-10,341.4172058105469,353.0,356.8500061035156,345.29998779296875,348.54998779296875,36292403,0.012767181283962259,322.1875860595703
2020-06-11,330.0527648925781,341.25,354.20001220703125,340.1000061035156,352.45001220703125,36999490,-0.03328608144100065,322.65860656738283
2020-06-12,332.9059753417969,344.20001220703125,346.1499938964844,324.1000061035156,324.20001220703125,47509067,0.008644710036431302,322.9284521484375
2020-06-15,320.2357788085937,331.1000061035156,342.25,325.5,341.20001220703125,43500660,-0.03805938454602564,322.75919372558593
2020-06-16,331.6969909667969,342.95001220703125,347.8999938964844,326.04998779296875,342.25,57511237,0.03578991766892359,323.33080200195315
2020-06-17,330.7298278808594,341.95001220703125,351.0,336.1000061035156,338.6000061035156,37107002,-0.002915803013824436,323.68285888671875
2020-06-18,340.4500427246094,352.0,354.70001220703125,337.20001220703125,340.0,39285919,0.029390197146813124,324.4730511474609
2020-06-19,351.8628234863281,363.7999877929688,365.4500122070313,349.20001220703125,351.0,51367236,0.03352262984132026,325.9654223632813
2020-06-22,355.4897766113281,367.5499877929688,375.25,365.1499938964844,367.0,40133602,0.01030786114049631,326.76722045898435
2020-06-23,363.8075866699219,376.1499938964844,378.2999877929688,364.2000122070313,369.0,32493320,0.023398169527918622,327.8736822509766
2020-06-24,336.677978515625,348.1000061035156,380.0,345.0,380.0,57955780,-0.07457130952827329,327.9781378173828
2020-06-25,339.4828186035156,351.0,355.6000061035156,338.5,345.8999938964844,69902888,0.00833092826640125,328.37178283691406
2020-06-26,337.64520263671875,349.1000061035156,358.5,346.1000061035156,355.6000061035156,34596104,-0.005412986655277674,328.7925091552734
2020-06-29,331.842041015625,343.1000061035156,345.6000061035156,338.5,345.25,27384244,-0.01718715851958219,328.8137872314453
2020-06-30,339.9180908203125,351.45001220703125,354.45001220703125,346.29998779296875,347.0,47526095,0.02433703029299794,328.34760314941406
2020-07-01,352.1046142578125,364.0499877929688,365.75,351.6000061035156,354.25,36922617,0.03585135291884778,328.40079833984373
2020-07-02,350.9440002441406,362.8500061035156,370.8999938964844,361.3500061035156,366.0,50964311,-0.0032962192674421686,329.0004547119141
2020-07-03,349.1547546386719,361.0,367.1499938964844,359.79998779296875,364.6499938964844,28779044,-0.005098379240631057,329.4850170898437
2020-07-06,349.97686767578125,361.8500061035156,367.8500061035156,360.5,367.8500061035156,33334074,0.002354580672859985,329.65717712402346
2020-07-07,363.7108459472656,376.0499877929688,378.0,362.1000061035156,363.0,46030825,0.03924253154984947,330.4541394042969
2020-07-08,356.8438415527344,368.9500122070313,379.0,367.5499877929688,377.8999938964844,46315597,-0.0188803948824966,330.86132568359375
2020-07-09,358.1979064941406,370.3500061035156,376.0,365.2999877929688,373.4500122070313,35144463,0.003794558806211379,331.06443481445314
2020-07-10,348.5260314941406,360.3500061035156,368.2000122070313,359.0,364.8999938964844,27864858,-0.027001483885440325,330.8690631103516
2020-07-13,341.9975280761719,353.6000061035156,367.0,352.5,364.1000061035156,32379935,-0.01873175266128868,330.3554864501953
2020-07-14,334.2117004394531,345.54998779296875,352.45001220703125,340.6000061035156,351.5,34031256,-0.022765742432455993,330.5005657958984
2020-07-15,334.4534606933594,345.79998779296875,356.79998779296875,343.75,349.5,30442553,0.0007233745963661775,330.78975463867187
2020-07-16,333.3411865234375,344.6499938964844,348.6000061035156,341.0,347.95001220703125,35535437,-0.0033256470649638548,330.8526220703125
2020-07-17,342.19091796875,353.79998779296875,356.0,345.45001220703125,346.0,27511781,0.02654856886306267,331.18243225097655
2020-07-20,351.089111328125,363.0,366.3500061035156,355.25,358.0,36312529,0.02600359300064059,331.67182983398436
2020-07-21,366.3706359863281,378.7999877929688,379.8999938964844,370.0499877929688,371.0,45559912,0.04352605696142242,332.80634033203125
2020-07-22,368.5951843261719,381.1000061035156,389.5,375.2999877929688,386.8999938964844,45500191,0.006071852166467773,333.96503173828125
2020-07-23,379.3793029785156,392.25,395.6499938964844,378.8500061035156,382.5499877929688,37838027,0.02925735091210746,335.01346313476563
2020-07-24,369.2721862792969,381.7999877929688,388.7000122070313,372.1499938964844,388.2999877929688,52980980,-0.026641191598665404,336.0657629394531
2020-07-27,346.7367553710937,358.5,385.7999877929688,356.6000061035156,385.0,73275058,-0.06102661328291492,336.7582690429688
2020-07-28,340.5467224121094,352.1000061035156,362.75,343.20001220703125,361.1000061035156,125939354,-0.017852254954509927,337.79509338378904
2020-07-29,339.5311584472656,351.04998779296875,357.6499938964844,348.20001220703125,353.20001220703125,50194622,-0.002982157507347205,338.77678833007815
2020-07-30,333.6313781738281,344.95001220703125,354.6000061035156,340.3999938964844,353.3999938964844,40820253,-0.017376255835895082,339.5369982910156
2020-07-31,335.4206237792969,346.79998779296875,353.0,342.04998779296875,346.45001220703125,37345191,0.005362941625162376,340.3571728515625
2020-08-03,331.98712158203125,343.25,349.3500061035156,340.5,346.79998779296875,32119883,-0.010236407524913615,341.3669165039062
2020-08-04,339.4828186035156,351.0,353.20001220703125,344.20001220703125,347.0,30811518,0.02257827648784949,342.4946563720703
2020-08-05,340.6434936523437,352.20001220703125,360.0,350.75,353.3999938964844,37057881,0.003418950784026764,343.13977111816405
2020-08-06,346.97857666015625,358.75,363.75,348.6000061035156,353.45001220703125,48021824,0.01859739911626801,343.7568371582031
2020-08-07,346.2048034667969,357.95001220703125,359.6499938964844,353.1499938964844,359.45001220703125,28510964,-0.002230031608312366,344.25977478027346
2020-08-10,351.6210021972656,363.5499877929688,364.9500122070313,357.3500061035156,359.5,22856010,0.015644493306367968,344.7298272705078
2020-08-11,355.29638671875,367.3500061035156,374.2999877929688,364.0499877929688,370.0,45446107,0.010452687690772233,345.09639221191406
2020-08-12,354.8127136230469,366.8500061035156,368.75,363.75,365.75,25706005,-0.0013613228667197497,345.2898291015625
2020-08-13,355.973388671875,368.0499877929688,372.3500061035156,366.25,368.9500122070313,26257336,0.003271232975211813,345.6805731201172
2020-08-14,349.5415954589844,361.3999938964844,371.7999877929688,354.20001220703125,371.7999877929688,28893259,-0.018068185481188492,345.76181640625
2020-08-17,348.3809509277344,360.20001220703125,366.3500061035156,354.3500061035156,366.0,24232497,-0.0033204761502731994,345.7695538330078
2020-08-18,357.42413330078125,369.5499877929688,370.0,361.6000061035156,361.8999938964844,26517363,0.02595774065420331,346.17577209472654
2020-08-19,362.1634216308594,374.4500122070313,375.8500061035156,370.3999938964844,374.0,35790233,0.013259564446058025,346.5906964111328
2020-08-20,355.6832275390625,367.75,369.6499938964844,362.6000061035156,367.0,68444775,-0.01789301101313845,347.1033056640625
2020-08-21,358.9716491699219,371.1499938964844,373.0,367.0499877929688,370.0,34109928,0.009245366034298597,347.624619140625
2020-08-24,367.8698120117188,380.3500061035156,381.2000122070313,373.8500061035156,374.8500061035156,32907235,0.02478792646264094,348.5772998046875
2020-08-25,373.6728820800781,386.3500061035156,389.7999877929688,381.3999938964844,382.5,53072303,0.015774792817667915,349.4168176269531
2020-08-26,376.574462890625,389.3500061035156,391.6499938964844,384.2000122070313,388.2000122070313,37163882,0.007765029119573885,350.3337103271484
2020-08-27,379.3309631347656,392.2000122070313,397.4500122070313,387.6000061035156,389.9500122070313,36910405,0.0073199340788576706,351.11132873535155
2020-08-28,396.2567443847656,409.7000122070313,411.8999938964844,392.8999938964844,393.8999938964844,83472297,0.04462008877452672,351.9992071533203
2020-08-31,381.6522216796875,394.6000061035156,422.0,387.5,414.8500061035156,72744175,-0.036856212322021964,352.5224560546875
2020-09-01,378.12200927734375,390.9500122070313,399.6499938964844,385.2999877929688,394.7000122070313,34872793,-0.009249814888557362,352.8087445068359
2020-09-02,379.5243835449219,392.3999938964844,394.0,381.1000061035156,387.25,31295799,0.003708787727692231,353.66567260742187
2020-09-03,370.1910400390625,382.75,392.5499877929688,381.0499877929688,392.3999938964844,26135555,-0.02459221043634119,354.2798370361328
2020-09-04,360.3257141113281,372.5499877929688,379.9500122070313,368.3500061035156,375.0,33118984,-0.026649283371886545,354.733447265625
2020-09-07,361.1477966308594,373.3999938964844,376.8500061035156,369.0,374.1000061035156,22323904,0.002281498342572519,355.3195623779297
2020-09-08,363.3723754882813,375.7000122070313,381.2999877929688,369.1499938964844,372.3999938964844,32052920,0.0061597464477838315,355.78864807128906
2020-09-09,355.5381774902344,367.6000061035156,372.3999938964844,361.8999938964844,370.7999877929688,25285238,-0.02155969613133013,355.8573193359375
2020-09-10,358.53643798828125,370.7000122070313,375.0,365.4500122070313,371.7000122070313,24852274,0.008433019821420418,356.0091680908203
2020-09-11,358.3429870605469,370.5,373.6499938964844,365.1000061035156,373.0,22678353,-0.0005395572311138741,356.1929327392578
2020-09-14,351.76611328125,363.7000122070313,373.8500061035156,359.3500061035156,373.5,27140598,-0.018353571903963695,356.22871765136716
2020-09-15,359.3585510253906,371.5499877929688,372.25,363.7000122070313,364.0499877929688,24967618,0.02158376676286089,356.1416717529297
2020-09-16,362.4051818847656,374.7000122070313,376.7000122070313,365.0,371.3500061035156,22068622,0.008477969567391108,356.2528985595703
2020-09-17,356.8922119140625,369.0,371.75,367.3999938964844,370.0,24084936,-0.01521217202809233,356.22678466796873
2020-09-18,357.42413330078125,369.5499877929688,374.6499938964844,364.5499877929688,370.0,78166508,0.0014904258735879417,356.40474670410157
2020-09-21,339.19268798828125,350.70001220703125,367.3999938964844,348.5,366.6499938964844,28932482,-0.05100787443795185,356.34864990234377
2020-09-22,342.771240234375,354.3999938964844,356.1499938964844,349.5,354.0,28593292,0.010550204567550736,356.5198406982422
2020-09-23,340.304931640625,351.8500061035156,357.1000061035156,342.45001220703125,356.6000061035156,22740143,-0.0071952028182517,356.6368701171875
2020-09-24,324.6849060058594,335.70001220703125,346.95001220703125,333.75,344.95001220703125,25840472,-0.04590008601832718,356.46374450683595
2020-09-25,337.2099609375,348.6499938964844,350.5,336.6000061035156,339.04998779296875,23231600,0.0385760307915719,356.36412536621094
2020-09-28,351.089111328125,363.0,363.9500122070313,349.1000061035156,351.5,18495592,0.041158779390853883,356.36412536621094
2020-09-29,345.3343200683594,357.04998779296875,363.75,354.25,363.75,17080848,-0.016391255308363162,355.9433990478516
2020-09-30,343.1097717285156,354.75,357.5,349.3500061035156,356.95001220703125,19565058,-0.006441723890644235,355.4336907958984
2020-10-01,357.0856628417969,369.2000122070313,371.2000122070313,358.25,358.25,23237122,0.04073300227759069,354.9878179931641
2020-10-05,360.8576965332031,373.1000061035156,382.6499938964844,370.75,370.75,26530105,0.010563385999278863,354.8195281982422
2020-10-06,368.1116027832031,380.6000061035156,381.7999877929688,375.1000061035156,377.1000061035156,18093629,0.02010184712613583,355.24702514648436
2020-10-07,370.0942993164063,382.6499938964844,384.3500061035156,374.1000061035156,379.2999877929688,21845743,0.0053861288756249515,355.8379766845703
2020-10-08,374.7851867675781,387.5,389.7000122070313,382.6499938964844,385.0,21085500,0.012674843843410333,356.5430572509766
2020-10-09,388.3258056640625,401.5,403.5,386.8999938964844,390.7000122070313,41641237,0.03612901303082072,357.63694580078123
2020-10-12,390.7921142578125,404.0499877929688,410.0,400.7000122070313,403.4500122070313,25742564,0.006351132368173307,358.74437561035154
2020-10-13,383.2480773925781,396.25,401.0,393.5,401.0,19922778,-0.019304475678998623,359.7695947265625
2020-10-14,393.451904296875,406.7999877929688,409.25,389.0,394.3500061035156,23368177,0.026624600372997076,360.8489764404297
2020-10-15,378.17034912109375,391.0,409.8999938964844,389.1499938964844,406.8999938964844,34234586,-0.03883970317309915,361.59951354980467
2020-10-16,383.1029968261719,396.1000061035156,401.2999877929688,390.5,394.0,25339096,0.013043454402340338,362.322001953125
2020-10-19,403.4139404296875,417.1000061035156,418.75,401.1499938964844,402.0499877929688,41072871,0.053016926966852784,363.4661846923828
2020-10-20,400.9959411621094,414.6000061035156,416.8999938964844,411.0,413.5,26158669,-0.0059938416233277225,364.4536834716797
2020-10-21,406.5089111328125,420.2999877929688,428.5,410.2999877929688,416.0,43124966,0.013748193946118814,365.4779339599609
2020-10-22,399.3517761230469,412.8999938964844,419.6499938964844,407.6499938964844,416.3999938964844,33088074,-0.017606342232008965,366.36871520996095
2020-10-23,403.2688598632813,416.9500122070313,420.5,411.75,417.0,22151463,0.009808604780131347,367.31462463378904
2020-10-26,391.1790161132813,404.4500122070313,419.1499938964844,401.4500122070313,418.0499877929688,21712057,-0.02997961150310191,368.147373046875
2020-10-27,396.49853515625,409.9500122070313,412.3999938964844,393.25,406.3500061035156,33571163,0.013598681994302586,369.10972473144534
2020-10-28,383.05462646484375,396.0499877929688,409.8999938964844,394.7999877929688,409.8999938964844,28145103,-0.033906578459636294,369.62233459472657
2020-10-29,386.7783203125,399.8999938964844,402.8999938964844,389.6499938964844,392.25,32615425,0.00972105175186555,370.11463256835935
2020-10-30,379.71783447265625,392.6000061035156,402.7000122070313,388.0499877929688,399.3999938964844,27225165,-0.018254605982411798,370.59532470703124
2020-11-02,403.7524719238281,417.4500122070313,422.7999877929688,407.0,417.0,72698777,0.06329604582452819,371.4909411621094
2020-11-03,429.2862243652344,443.8500061035156,446.8999938964844,424.2000122070313,425.0,61813071,0.0632411049268411,372.7192694091797
2020-11-04,422.7092895507813,437.0499877929688,442.0,425.2999877929688,437.2999877929688,43426662,-0.015320628618302523,373.69999755859374
2020-11-05,424.11175537109375,438.5,446.25,435.6000061035156,445.0,30129938,0.0033178022224278347,374.65074340820314
2020-11-06,428.2706298828125,442.7999877929688,444.8999938964844,436.2000122070313,439.8500061035156,27831424,0.00980608167316599,375.62953674316407
2020-11-09,447.5176696777344,462.7000122070313,464.6000061035156,449.0,450.0,40995422,0.04494130218592951,376.6547552490234
2020-11-10,467.97369384765625,483.8500061035156,487.0499877929688,473.0,485.7999877929688,57535138,0.0457099809816508,378.3811846923828
2020-11-11,470.5850830078125,486.5499877929688,490.5499877929688,472.1000061035156,484.75,45609279,0.0055802050296578365,380.2304461669922
2020-11-12,461.0583190917969,476.7000122070313,483.5499877929688,471.3500061035156,481.6000061035156,31071572,-0.020244508931570704,381.8611248779297
2020-11-13,469.6179504394531,485.5499877929688,487.1000061035156,467.5499877929688,472.7000122070313,34815091,0.01856518143847219,383.8496630859375
2020-11-14,470.9236450195313,486.8999938964844,489.8500061035156,484.6499938964844,489.8500061035156,3636073,0.002780333628338516,386.0616217041016
2020-11-17,470.4400329589844,486.3999938964844,493.0,478.1499938964844,490.5,36127378,-0.0010269436790052433,388.2474664306641
2020-11-18,481.3208923339844,497.6499938964844,499.0,486.25,488.0,29156543,0.02312911022168196,390.60643676757815
2020-11-19,463.04107666015625,478.75,493.3500061035156,475.7999877929688,490.0,31896908,-0.037978438012917004,392.7564947509766
2020-11-20,464.4434814453125,480.2000122070313,483.4500122070313,468.1000061035156,479.5,30089190,0.003028683319569847,394.8746356201172
2020-11-23,452.8855895996094,468.25,483.3500061035156,466.5,481.7999877929688,29513544,-0.024885464663506163,396.76548767089844
2020-11-24,462.5090942382813,478.2000122070313,480.0,471.2000122070313,474.0,23135994,0.021249306358323228,398.98034729003905
2020-11-25,457.1896057128906,472.7000122070313,489.9500122070313,471.1000061035156,485.0,34168305,-0.011501370657698073,400.93696838378906
2020-11-26,459.7041931152344,475.2999877929688,477.2000122070313,465.7999877929688,475.1000061035156,28707911,0.005500097488924327,402.88294860839846
2020-11-27,457.8182373046875,473.3500061035156,479.5499877929688,471.2999877929688,476.3999938964844,48390771,-0.004102542110322016,404.90146911621093
2020-12-01,469.1827392578125,485.1000061035156,488.5,474.2999877929688,479.7000122070313,20120049,0.024823174410943505,407.1366412353516
2020-12-02,464.6852722167969,480.4500122070313,487.0,472.2000122070313,486.3500061035156,21244707,-0.009585747012198387,409.64649291992185
2020-12-03,466.0393371582031,481.8500061035156,485.0,478.8500061035156,482.1000061035156,22701738,0.002913939869336968,412.11185485839843
2020-12-04,485.5765380859375,502.0499877929688,504.0,483.0,483.7000122070313,39547014,0.04192178507262412,415.0172869873047
2020-12-07,493.700927734375,510.4500122070313,515.5999755859375,504.1499938964844,505.0,37778332,0.01673142957125262,418.397607421875
2020-12-08,491.71820068359375,508.3999938964844,512.0,505.3999938964844,511.5,19339943,-0.004016048865616129,421.4877722167969
2020-12-09,494.7164306640625,511.5,515.0,506.0499877929688,510.0,21272782,0.006097455771009841,424.3603186035156
2020-12-10,490.3157043457031,506.9500122070313,514.4000244140625,498.75,508.1000061035156,20419020,-0.008895452112743119,427.2599462890625
2020-12-11,498.5368347167969,515.4500122070312,516.9000244140625,506.1000061035156,509.25,25335765,0.016767014187449636,430.3684875488281
2020-12-14,508.5472106933594,525.7999877929688,527.7999877929688,518.0999755859375,518.0999755859375,26369591,0.0200795112406269,433.39771850585936
2020-12-15,501.051513671875,518.0499877929688,524.25,513.0999755859375,524.0,26969145,-0.014739431981673157,436.2015948486328
2020-12-16,495.63525390625,512.4500122070312,521.7000122070312,511.1000061035156,520.0499877929688,24263586,-0.010809786255175258,438.75206787109374
2020-12-17,493.6525268554688,510.3999938964844,516.5,509.1000061035156,514.0,23883288,-0.004000375346900231,441.223232421875
2020-12-18,500.18109130859375,517.1500244140625,518.25,509.1499938964844,514.0,21735833,0.013225019822569184,443.7311505126953
2020-12-21,478.2742614746094,494.5,514.7000122070312,488.2000122070313,514.5999755859375,29157759,-0.043797796867272365,445.5301196289063
2020-12-22,483.8839416503906,500.2999877929688,501.7999877929688,489.1000061035156,497.2999877929688,32328041,0.011729002849715453,447.3919561767578
2020-12-23,487.07568359375,503.6000061035156,505.5,496.5499877929688,499.0,19205951,0.0065960898236738785,449.46850830078125
2020-12-24,496.69915771484375,513.5499877929688,515.9500122070312,505.1000061035156,506.75,17576807,0.01975765665427942,451.5334533691406
2020-12-28,503.0342102050781,520.0999755859375,521.2000122070312,513.5999755859375,515.9000244140625,14470472,0.012754304878188183,454.0307305908203
2020-12-29,511.4487609863281,528.7999877929688,530.7999877929688,517.8499755859375,522.5499877929688,19092649,0.01672759150479952,456.59764587402344
2020-12-30,511.4003601074219,528.75,533.0,524.5499877929688,531.6500244140625,21365141,-9.463485415994732e-05,458.75737426757814
2020-12-31,517.4935913085938,535.0499877929688,538.5,526.5,530.0999755859375,27817770,0.01191479646180138,461.0873272705078
2021-01-01,510.1914367675781,527.5,537.0,526.0999755859375,535.5499877929688,13592625,-0.014110618302635491,463.1609777832031
2021-01-04,514.253662109375,531.7000122070312,535.0,524.2999877929688,532.2999877929688,16549750,0.007962159003557456,465.4590155029297
2021-01-05,519.6214599609375,537.25,539.9500122070312,523.0,526.6500244140625,23311516,0.010438035248100608,467.7860675048828
2021-01-06,528.761474609375,546.7000122070312,550.5999755859375,535.8499755859375,538.75,28178838,0.017589755914092953,470.5377166748047
2021-01-07,523.3451538085938,541.0999755859375,554.4000244140625,539.75,552.1500244140625,21138034,-0.010243410423920518,473.07464904785155
2021-01-08,524.2639770507812,542.0499877929688,547.0999755859375,536.3499755859375,547.0,21937965,0.00175567354641748,475.8988360595703
2021-01-11,526.8270874023438,544.7000122070312,546.0,535.0,545.1500244140625,19394393,0.004888969038042923,478.6998114013672
2021-01-12,530.018798828125,548.0,550.6500244140625,537.0999755859375,541.0,16388310,0.006058366211803667,481.70583068847657
2021-01-13,538.2398681640625,556.5,561.0,548.25,551.5,21920297,0.01551090141352418,484.39557861328126
2021-01-14,535.1448974609375,553.2999877929688,558.4500122070312,550.5999755859375,554.0499877929688,13330898,-0.005750169926434401,486.5127520751953
2021-01-15,525.1828002929688,543.0,551.0,541.5,550.0,15708956,-0.018615700561166126,488.5622222900391
2021-01-18,515.6561279296875,533.1500244140625,548.4000244140625,528.9000244140625,544.5,21580313,-0.018139726506593234,490.39310974121094
2021-01-19,528.5196533203125,546.4500122070312,547.75,533.9000244140625,539.0,20575358,0.024945937212597302,492.3980902099609
2021-01-20,532.9203491210938,551.0,554.5999755859375,546.0,546.4500122070312,16097138,0.008326456307035768,494.1061437988281
2021-01-21,534.5645141601562,552.7000122070312,561.0,549.7000122070312,555.0,18189277,0.0030851984574695734,495.4379602050781
2021-01-22,516.2847290039062,533.7999877929688,553.5,530.5999755859375,553.0999755859375,24515997,-0.03419565772144273,496.351953125
2021-01-25,520.3953247070312,538.0499877929688,542.2999877929688,531.2000122070312,536.5499877929688,23415249,0.00796187737540821,497.5386932373047
2021-01-27,505.2104187011719,522.3499755859375,539.2000122070312,519.0999755859375,537.7999877929688,28049286,-0.02917955885635226,498.25054260253904
2021-01-28,510.9168701171875,528.25,529.8499755859375,512.0,514.5999755859375,29836591,0.011295197416328229,499.0504071044922
2021-01-29,519.3796997070312,537.0,544.9500122070312,529.4500122070312,533.3499755859375,33172808,0.01656400499733479,500.0292004394531
2021-02-01,583.98779296875,603.7999877929688,609.4500122070312,551.0,552.0,69354326,0.12439472181558608,502.0825384521484
2021-02-02,597.0932006835938,617.3499755859375,624.0,598.7000122070312,613.0,42362384,0.022441235711831098,504.7635809326172
2021-02-03,601.9291381835938,622.3499755859375,627.5,614.0,623.4000244140625,27155908,0.008099133425842897,507.5132940673828
2021-02-04,607.6840209960938,628.2999877929688,631.6500244140625,609.0,618.7999877929688,29982222,0.009560731400819256,510.6092626953125
2021-02-05,593.9983520507812,614.1500244140625,635.2999877929688,611.0,628.2999877929688,32015570,-0.022521028153545064,513.2390478515625
2021-02-08,608.9412841796875,629.5999755859375,633.9500122070312,622.3499755859375,622.3499755859375,18230551,0.025156521187837955,516.2740814208985
2021-02-09,612.5682983398438,633.3499755859375,643.2000122070312,628.5999755859375,631.3499755859375,27155615,0.00595626254022541,519.3313635253907
2021-02-10,611.4076538085938,632.1500244140625,638.2000122070312,626.4000244140625,633.3499755859375,23967387,-0.0018947185716197135,522.4031518554688
2021-02-11,609.9568481445312,630.6500244140625,633.5999755859375,624.0999755859375,626.75,16072702,-0.0023728941811982374,525.2186340332031
2021-02-12,626.3507080078125,647.5999755859375,649.9000244140625,629.4000244140625,629.9000244140625,19049709,0.026877081408546832,528.4519427490235
2021-02-15,651.8360595703125,673.9500122070312,676.7999877929688,652.0,655.0,27155194,0.040688628968839735,532.1678771972656
2021-02-16,636.7479248046875,658.3499755859375,679.4000244140625,649.5499877929688,673.4000244140625,24966739,-0.02314713115989786,535.1913049316406
2021-02-17,635.7807006835938,657.3499755859375,664.9500122070312,649.3499755859375,654.7999877929688,21684753,-0.001519006318537186,538.032900390625
2021-02-18,623.4974975585938,644.6500244140625,652.4000244140625,637.5999755859375,650.0,27845347,-0.01931987415124914,540.668486328125
2021-02-19,603.5734252929688,624.0499877929688,635.5,619.0,635.5,24055811,-0.03195533637847936,542.8456262207031
2021-02-22,589.8392944335938,609.8499755859375,629.2999877929688,607.2999877929688,622.0,27092321,-0.022754697744866048,544.836098022461
2021-02-23,596.0776977539062,616.2999877929688,623.0499877929688,609.0499877929688,614.75,23534585,0.010576445786479871,546.7869152832031
2021-02-24,620.0639038085938,641.0999755859375,645.0,615.0999755859375,615.0999755859375,17762047,0.04024006626161403,549.0172491455078
2021-02-25,607.3937377929688,628.0,648.4000244140625,626.2999877929688,642.7000122070312,38571809,-0.02043364552879401,551.1440936279297
2021-02-26,578.1363525390625,597.75,615.0,590.9000244140625,615.0,57349273,-0.04816873048480241,552.7941156005859
2021-03-01,588.3885498046875,608.3499755859375,611.8499755859375,600.2000122070312,607.5499877929688,21527318,0.017733182182022134,554.6888360595703
2021-03-02,590.4679565429688,610.5,616.5,599.0,610.0,24051433,0.003534070707139847,556.4945733642578
2021-03-03,611.3591918945312,632.0999755859375,633.75,613.8499755859375,618.0,21036174,0.03538081130409698,559.1562719726562
2021-03-04,600.3817138671875,620.75,630.9000244140625,615.7999877929688,618.75,25057198,-0.017955856676213244,561.4862274169922
2021-03-05,589.4524536132812,609.4500122070312,614.7000122070312,601.5,613.2000122070312,26645968,-0.01820385265152158,563.5337628173828
2021-03-08,588.098388671875,608.0499877929688,616.0,601.1500244140625,611.5999755859375,19632433,-0.002297157189025123,565.3617474365234
2021-03-09,604.5889282226562,625.0999755859375,628.3499755859375,612.2999877929688,614.8499755859375,23056249,0.02804044334830169,567.392841796875
2021-03-10,605.072509765625,625.5999755859375,630.5,621.7999877929688,628.75,15838994,0.0007998518007770183,569.2653167724609
2021-03-12,592.7409057617188,612.8499755859375,638.0,608.3499755859375,631.4500122070312,21757862,-0.020380373930197093,570.8921276855468
2021-03-15,583.6976928710938,603.5,612.8499755859375,590.5999755859375,611.9000244140625,24347946,-0.015256603353540732,572.2162097167969
2021-03-16,575.4282836914062,594.9500122070312,607.0,593.6500244140625,606.8499755859375,17925629,-0.01416728090702557,573.5209466552734
2021-03-17,570.1571044921875,589.5,603.6500244140625,587.0,597.5499877929688,20214082,-0.009160445095614422,574.6390155029297
2021-03-18,559.6146850585938,578.5999755859375,601.4000244140625,575.5,594.75,22776537,-0.018490376337559455,575.4388800048828
2021-03-19,567.4005737304688,586.6500244140625,588.9000244140625,570.0,575.2000122070312,29162618,0.013912945603026472,576.2116619873046
2021-03-22,554.6337280273438,573.4500122070312,586.8499755859375,569.5,586.8499755859375,21755401,-0.022500586524238586,576.8374334716797
2021-03-23,567.1588134765625,586.4000244140625,589.25,574.2999877929688,576.0,29486417,0.022582624922156347,577.6953302001953
2021-03-24,548.87890625,567.5,580.5499877929688,565.0,580.0,24434219,-0.0322306676581654,578.1363665771485
2021-03-25,552.7960205078125,571.5499877929688,579.0,557.0999755859375,568.0999755859375,27170186,0.007136572772626026,578.5919110107421
2021-03-26,559.5663452148438,578.5499877929688,584.5,574.2999877929688,584.5,20724410,0.012247419402208859,579.0184405517579
2021-03-30,572.0430908203125,591.4500122070312,593.0999755859375,582.0,582.0,28011943,0.022297169428011854,579.7564044189453
2021-03-31,562.9998779296875,582.0999755859375,589.6500244140625,579.0,586.0,20119972,-0.015808621825423974,580.5127459716797
2021-04-01,574.8963012695312,594.4000244140625,596.0999755859375,580.2000122070312,587.5499877929688,15631940,0.021130419039503634,581.6975494384766
2021-04-05,552.5059814453125,571.25,592.0,563.5,592.0,23260127,-0.03894671051940091,582.1772760009766
2021-04-06,547.3314208984375,565.9000244140625,578.5,564.4000244140625,574.7000122070312,23284697,-0.009365619053279262,582.4654974365235
2021-04-07,558.6959228515625,577.6500244140625,580.0,559.4000244140625,566.5499877929688,23984399,0.020763474412761385,582.9481256103516
2021-04-08,557.777099609375,576.7000122070312,585.8499755859375,573.2999877929688,582.0,19262565,-0.0016445855511131313,583.777973022461
2021-04-09,547.62158203125,566.2000122070312,579.0,565.0,573.9500122070312,23239564,-0.01820712536466118,584.3224981689453
2021-04-12,520.8788452148438,538.5499877929688,551.9500122070312,531.1500244140625,551.4000244140625,26601702,-0.04883433687403538,584.6358666992187
2021-04-13,542.205322265625,560.5999755859375,563.7999877929688,537.8499755859375,541.0,25445897,0.04094325820044542,585.2616357421875
2021-04-15,556.3262329101562,575.2000122070312,576.75,554.1500244140625,565.9500122070312,37614884,0.026043474795722332,586.00056640625
2021-04-16,548.3470458984375,566.9500122070312,577.75,564.0999755859375,574.5999755859375,24045008,-0.014342640234632498,585.2877514648437
2021-04-19,541.3832397460938,559.75,562.2999877929688,534.4000244140625,550.0,28526176,-0.012699632840975639,584.1735522460938
2021-04-20,540.7545776367188,559.0999755859375,572.6500244140625,552.5999755859375,565.2000122070312,24425842,-0.0011612145763320036,582.9500610351563
2021-04-22,560.195068359375,579.2000122070312,580.5999755859375,546.9000244140625,552.0,34942633,0.03595067249845174,582.0002819824218
2021-04-23,551.24853515625,569.9500122070312,580.5,567.0499877929688,569.9000244140625,33749097,-0.01597038908130055,581.1452856445312
2021-04-26,571.7045288085938,591.0999755859375,605.5,588.0,602.0,62584522,0.0371084771164889,580.4005505371093
2021-04-27,579.103515625,598.75,601.9500122070312,591.0999755859375,593.25,24239685,0.0129419769191359,579.7312548828126
2021-04-28,600.9620361328125,621.3499755859375,622.7999877929688,598.0,598.0,33292864,0.03774544605245844,579.5223425292969
2021-04-29,601.0587158203125,621.4500122070312,628.4500122070312,609.0,622.5499877929688,34537860,0.00016087486677540674,579.3443798828125
2021-04-30,580.796142578125,600.5,616.3499755859375,598.0999755859375,610.0999755859375,23653258,-0.03371147062485158,578.4332885742188
2021-05-03,577.169189453125,596.75,598.8499755859375,587.5,592.5499877929688,18010557,-0.006244795478324128,576.939951171875
2021-05-04,572.1397705078125,591.5499877929688,608.0,589.0,596.6500244140625,15115127,-0.008713942180589962,575.6477880859375
2021-05-05,583.0206298828125,602.7999877929688,604.7999877929688,584.7000122070312,595.2999877929688,17253943,0.019017834340274042,574.5925866699218
2021-05-06,588.2435302734375,608.2000122070312,610.8499755859375,599.25,602.7999877929688,16949763,0.008958345765011533,573.8875073242187
2021-05-07,587.1795043945312,607.0999755859375,614.7999877929688,603.7000122070312,612.0,10941083,-0.0018088186680296214,573.55962890625
2021-05-10,593.1278076171875,613.25,617.0,611.0,611.0,12060808,0.010130297767783736,573.6253991699218
2021-05-11,589.8392944335938,609.8499755859375,612.9000244140625,603.25,606.4000244140625,13818480,-0.005544358469391164,573.5006311035156
2021-05-12,575.23486328125,594.75,606.6500244140625,593.2000122070312,603.2000122070312,14785569,-0.024760017330428874,572.6040502929687
2021-05-14,577.7011108398438,597.2999877929688,601.9500122070312,591.0999755859375,592.0,12675754,0.004287374976763125,572.0101977539063
2021-05-17,603.1381225585938,623.5999755859375,624.5,601.2000122070312,603.25,20453101,0.04403143985956759,572.5102331542969
2021-05-18,612.4232177734375,633.2000122070312,635.5,626.0,628.0,19242627,0.015394641571411682,572.9909265136719
2021-05-19,604.927490234375,625.4500122070312,634.0,623.3499755859375,627.0999755859375,13911576,-0.012239456835608564,573.2801171875
2021-05-20,598.3021850585938,618.5999755859375,632.9000244140625,616.6500244140625,628.0499877929688,13900762,-0.010952230280052766,573.0189770507812
2021-05-21,621.3696899414062,642.4500122070312,643.9500122070312,622.2999877929688,622.2999877929688,23975898,0.038554940060186116,573.4387365722656
2021-05-24,626.10888671875,647.3499755859375,653.4500122070312,638.0,643.25,20323003,0.007627016338358272,574.171865234375
2021-05-25,628.9620971679688,650.2999877929688,652.0,642.5,650.0999755859375,14884778,0.004557051512511734,574.9891394042969
2021-05-26,631.0899658203125,652.5,656.6500244140625,643.2999877929688,649.3499755859375,14487031,0.003383142898315983,575.51916015625
2021-05-27,630.8480834960938,652.25,656.5,648.0999755859375,651.0999755859375,23349546,-0.0003832770877673086,576.0346716308594
2021-05-28,621.949951171875,643.0499877929688,660.0,639.25,658.0499877929688,14191446,-0.01410503187218426,576.6188525390625
2021-05-31,641.0034790039062,662.75,665.0,643.75,643.75,21786138,0.030635146439244254,577.7649682617188
2021-06-01,628.7686157226562,650.0999755859375,664.9000244140625,648.3499755859375,664.5499877929688,14123196,-0.0190870466105153,578.8317749023438
2021-06-02,627.0759887695312,648.3499755859375,649.3499755859375,641.0999755859375,648.5,16025108,-0.0026919711175145133,579.9701525878907
2021-06-03,628.9136962890625,650.25,653.6500244140625,644.75,653.4500122070312,11805702,0.002930597810222757,581.3561328125
2021-06-04,621.6115112304688,642.7000122070312,654.9000244140625,639.4000244140625,653.0,15111572,-0.011610790322552522,582.4403515625
2021-06-07,626.9309692382812,648.2000122070312,650.0,644.25,645.2000122070312,7556341,0.008557528153368299,583.8862963867188
2021-06-08,621.3212280273438,642.4000244140625,648.0,637.4000244140625,648.0,11912935,-0.008947940819949096,584.9695446777343
2021-06-09,615.2279663085938,636.0999755859375,645.5999755859375,628.7999877929688,644.4000244140625,15823094,-0.009806942759859827,586.2965258789062
2021-06-10,619.386962890625,640.4000244140625,642.4000244140625,631.0,635.4500122070312,10712418,0.006760090258876694,587.6283447265625
2021-06-11,614.8411254882812,635.7000122070312,644.5499877929688,631.5,644.0,9015059,-0.007339252639624094,588.7338403320313
2021-06-14,614.3092041015625,635.1500244140625,636.0999755859375,623.3499755859375,635.7000122070312,10170497,-0.0008651363167945236,589.5791625976562
2021-06-15,624.1260986328125,645.2999877929688,646.2000122070312,636.0,636.3499755859375,11039987,0.01598038001987523,590.8016870117187
2021-06-16,619.0967407226562,640.0999755859375,649.2000122070312,637.5999755859375,644.9000244140625,8601339,-0.008058240027413288,591.6856958007812
2021-06-17,612.229736328125,633.0,637.5499877929688,626.7000122070312,633.0499877929688,9720060,-0.011091973100222696,592.8801708984375
2021-06-18,609.7150268554688,630.4000244140625,636.5999755859375,620.7000122070312,632.5999755859375,13820690,-0.004107460522480233,594.1278430175781
2021-06-21,610.5371704101562,631.25,633.0999755859375,616.25,622.8499755859375,13407446,0.0013484062528812402,595.16466796875
2021-06-22,610.1502685546875,630.8499755859375,644.0999755859375,629.5499877929688,635.0,15270093,-0.0006337072896132057,596.2121313476563
2021-06-23,604.2021484375,624.7000122070312,635.0,623.4500122070312,633.75,10950633,-0.009748615093257751,597.3437426757813
2021-06-24,613.2452392578125,634.0499877929688,636.2999877929688,624.4500122070312,627.0,12815724,0.014966995472787348,599.1910705566406
2021-06-25,627.7047119140625,649.0,650.0,636.0999755859375,636.0999755859375,14785922,0.023578613792011982,600.9010583496093
2021-06-28,628.9620971679688,650.2999877929688,653.0,646.1500244140625,651.0,12093491,0.0020031477063029435,602.3537756347656
2021-06-29,619.0967407226562,640.0999755859375,648.75,636.4500122070312,646.2999877929688,12225470,-0.015685136655663845,603.76876953125
2021-06-30,610.1986694335938,630.9000244140625,640.7999877929688,629.7999877929688,638.2999877929688,14276494,-0.014372666990099203,605.145078125
2021-07-01,610.1502685546875,630.8499755859375,637.4000244140625,630.0499877929688,633.9500122070312,10517081,-7.931986962739224e-05,606.5329919433593
2021-07-02,619.2418212890625,640.25,641.3499755859375,632.25,632.25,10999396,0.014900514189579717,607.7139270019532
2021-07-05,626.5924682617188,647.8499755859375,648.5,641.2000122070312,642.75,7358568,0.011870398154560258,609.2208056640625
2021-07-06,628.9620971679688,650.2999877929688,655.0,645.2000122070312,645.2000122070312,9209891,0.0037817704908322813,610.36595703125
2021-07-07,632.5406494140625,654.0,654.75,645.9000244140625,650.9000244140625,7741559,0.005689615101143408,611.4346997070312
2021-07-08,620.8377075195312,641.9000244140625,654.0,638.0999755859375,650.5,10782941,-0.0185014858813769,611.8322131347657
2021-07-09,617.5975341796875,638.5499877929688,641.1500244140625,633.7999877929688,639.5,7069698,-0.005219034379837173,612.1629895019531
2021-07-12,625.0449829101562,646.25,650.25,642.4000244140625,646.0,6992783,0.012058741038143417,613.0479663085938
2021-07-13,643.13134765625,664.9500122070312,666.3499755859375,653.0,655.1500244140625,19825411,0.02893610098570054,614.3672094726562
2021-07-14,642.551025390625,664.3499755859375,668.0,658.2000122070312,662.0,11648541,-0.0009023386400613953,615.7754345703125
2021-07-15,645.5493774414062,667.4500122070312,669.5999755859375,661.0999755859375,665.0999755859375,8244429,0.004666325213563249,617.0260095214844
2021-07-16,638.6339111328125,660.2999877929688,667.75,657.7000122070312,667.4500122070312,9212875,-0.010712528816932299,618.0338171386719
2021-07-19,634.3783569335938,655.9000244140625,656.9000244140625,645.5499877929688,645.6500244140625,9121737,-0.006663526826613753,618.9777941894531
2021-07-20,620.8377075195312,641.9000244140625,651.25,639.0999755859375,648.6500244140625,13169127,-0.021344753121014692,619.5319921875
2021-07-22,634.4267578125,655.9500122070312,660.2999877929688,648.2999877929688,652.5,13123569,0.021888248939101684,620.4237414550781
2021-07-23,654.4474487304688,676.6500244140625,677.8499755859375,650.75,655.9500122070312,19298083,0.03155713511674696,622.0079931640626
2021-07-26,654.5441284179688,676.75,687.75,663.5999755859375,680.0,31054759,0.00014772719748168406,623.544853515625
2021-07-27,655.2213134765625,677.4500122070312,685.5999755859375,673.2999877929688,680.1500244140625,12598869,0.0010345903800719203,624.5865173339844
2021-07-28,662.5718994140625,685.0499877929688,687.0,670.0499877929688,677.9000244140625,18367497,0.011218478071933102,625.5894909667969
2021-07-29,666.888427734375,687.5,692.5,683.0999755859375,692.5,11043138,0.0065148074105312315,626.8287097167969
2021-07-30,662.038330078125,682.5,687.6500244140625,678.0,687.0,14536250,-0.0072727272727273196,628.1034326171875
2021-08-02,660.9713134765625,681.4000244140625,688.0499877929688,677.7000122070312,684.0499877929688,9348206,-0.0016117142362989112,628.8954650878907
2021-08-03,669.7015380859375,690.4000244140625,691.9000244140625,676.6500244140625,683.0,10162609,0.013208174744310686,629.7673181152344
2021-08-04,693.2244262695312,714.6500244140625,717.4000244140625,693.2000122070312,694.0,28730606,0.03512443505927143,631.0525646972657
2021-08-05,681.3902587890625,702.4500122070312,716.5,699.0499877929688,715.5,17774554,-0.017071192289273895,632.0585705566406
2021-08-06,676.734130859375,697.6500244140625,706.0,695.7000122070312,705.0499877929688,14701949,-0.006833276334126337,632.9762915039063
2021-08-09,681.7781982421875,702.8499755859375,706.2999877929688,694.3499755859375,697.4000244140625,8602980,0.007453543648533234,634.1728564453125
2021-08-10,679.88671875,700.9000244140625,708.2999877929688,697.2999877929688,704.0999755859375,10843554,-0.0027743326158922166,634.9505212402344
2021-08-11,672.7570190429688,693.5499877929688,707.1500244140625,690.0,706.25,9748084,-0.01048659947371744,635.8302893066407
2021-08-12,680.3231811523438,701.3499755859375,702.9500122070312,693.2999877929688,693.5,8840339,0.011246500438060414,636.8952331542969
2021-08-13,683.6697387695312,704.7999877929688,709.9000244140625,701.0,707.0499877929688,12787590,0.004919070391691038,637.9903540039063
2021-08-16,681.584228515625,702.6500244140625,707.4000244140625,698.6500244140625,702.4000244140625,7920846,-0.003050464479618098,639.1898083496094
2021-08-17,680.177734375,701.2000122070312,702.9000244140625,691.5,699.7999877929688,8669653,-0.002063566147485707,640.2547436523438
2021-08-18,667.6644287109375,688.2999877929688,700.8499755859375,683.5999755859375,700.8499755859375,11069373,-0.018397111566083035,641.1816076660157
2021-08-20,660.2922973632812,680.7000122070312,684.4000244140625,675.3499755859375,683.8499755859375,13121808,-0.01104167158027225,642.0828942871094
2021-08-23,662.2322998046875,682.7000122070312,689.9500122070312,673.8499755859375,689.9500122070312,10917371,0.0029380964296465972,642.9398010253906
2021-08-24,673.630126953125,694.4500122070312,697.25,680.4000244140625,683.25,9821388,0.01721122203160297,644.1155810546875
2021-08-25,670.33203125,691.0499877929688,700.4500122070312,687.1500244140625,699.9500122070312,9535359,-0.004896003862004394,645.2360375976563
2021-08-26,677.8496704101562,698.7999877929688,701.5499877929688,690.0,692.0499877929688,10756731,0.011214799248273621,646.3105090332032
2021-08-27,678.7711791992188,699.75,700.4500122070312,689.0499877929688,696.0999755859375,9135827,0.001359458932103541,647.5039978027344
2021-08-30,692.25439453125,713.6500244140625,715.0,700.9000244140625,704.5,10797869,0.019864154143872215,649.1044909667969
2021-08-31,697.4924926757812,719.0499877929688,719.9000244140625,709.3499755859375,714.0,19760246,0.007566724293716076,650.8600402832031
2021-09-01,698.317138671875,719.9000244140625,734.7999877929688,717.2000122070312,727.5999755859375,13729351,0.0011823008917704048,652.6156396484375
2021-09-02,703.40966796875,725.1500244140625,728.0499877929688,717.5,722.2999877929688,8627956,0.007292573839101868,654.4808276367188
2021-09-03,702.5851440429688,724.2999877929688,731.7999877929688,721.0999755859375,724.75,8993813,-0.00117218167922295,656.4484875488281
2021-09-06,699.5296020507812,721.1500244140625,728.0,720.0,725.4000244140625,5329995,-0.004348998862407805,658.1741748046875
2021-09-07,695.4070434570312,716.9000244140625,722.4500122070312,711.6500244140625,720.9000244140625,6242711,-0.0058933297199490475,659.5282214355469
2021-09-08,699.3355712890625,720.9500122070312,722.75,715.0,716.5,7118011,0.005649249412979174,660.9356909179687
2021-09-09,698.6565551757812,720.25,723.9000244140625,717.5999755859375,720.7999877929688,6243422,-0.0009709446239516417,662.5268872070312
2021-09-13,686.1918334960938,707.4000244140625,717.9000244140625,705.2000122070312,717.9000244140625,6967906,-0.017840985799598474,664.0467504882813
2021-09-14,686.2402954101562,707.4500122070312,714.0,706.5,713.25,5241865,7.062444013006264e-05,665.5685510253907
2021-09-15,692.9334106445312,714.3499755859375,716.0,706.2999877929688,707.0999755859375,5936741,0.009753311309669721,667.0423828125
2021-09-16,705.3981323242188,727.2000122070312,729.4000244140625,712.8499755859375,720.0,13557169,0.017988339843641565,668.61849609375
2021-09-17,698.5595703125,720.1500244140625,734.4000244140625,714.0,732.9000244140625,17075003,-0.009694613152981257,670.0104455566407
2021-09-20,688.7138671875,710.0,720.4000244140625,706.5,710.0,7943459,-0.014094292803970232,671.1339099121094
2021-09-21,690.5083618164062,711.8499755859375,714.5,694.4000244140625,711.1500244140625,10009615,0.00260557353990043,672.5273229980469
2021-09-22,682.26318359375,703.3499755859375,715.0,702.25,715.0,9740470,-0.011940736243898686,673.8206359863282
2021-09-23,695.5039672851562,717.0,720.0,707.1500244140625,711.0,10412491,0.019407149630530807,675.2298156738282
2021-09-24,701.2756958007812,722.9500122070312,724.5999755859375,716.5499877929688,722.5999755859375,11780868,0.008298627739183884,676.3927026367187
2021-09-27,708.1142578125,730.0,731.75,722.2999877929688,724.5,7712240,0.009751602761464362,677.7039672851563
2021-09-28,695.6495361328125,717.1500244140625,735.4000244140625,706.5999755859375,734.0999755859375,13491800,-0.017602698352937263,678.7059704589843
2021-09-29,688.2288818359375,709.5,711.9500122070312,701.2999877929688,707.3499755859375,11453404,-0.010667230999861221,679.6978698730469
2021-09-30,679.8381958007812,700.8499755859375,713.9000244140625,698.7999877929688,709.5999755859375,18487517,-0.012191708683851,680.6070666503906
2021-10-01,671.593017578125,692.3499755859375,694.8499755859375,687.9000244140625,693.0,10935810,-0.012128147952829016,681.6221728515625
2021-10-04,679.2076416015625,700.2000122070312,703.3499755859375,694.0499877929688,697.0499877929688,8976533,0.011338152458608253,682.5177905273438
2021-10-05,676.2006225585938,697.0999755859375,699.0,691.8499755859375,693.0,7497208,-0.004427245600297169,682.9528540039063
2021-10-06,668.8284301757812,689.5,705.0,688.3499755859375,696.5999755859375,13200810,-0.010902374438695017,683.2385400390625
2021-10-07,681.147705078125,702.2000122070312,704.9500122070312,693.4500122070312,697.5499877929688,10041549,0.018419185468993904,683.7570678710938
2021-10-08,682.3118286132812,703.4000244140625,710.0,698.2999877929688,706.0,9383924,0.0017090618179838035,684.1518664550781
2021-10-11,691.9149169921875,713.2999877929688,719.4000244140625,700.2999877929688,702.0,9337637,0.014074339585206097,684.6523962402343
2021-10-12,687.3557739257812,708.5999755859375,713.0,704.4000244140625,706.5,7376091,-0.006589167185793943,685.1587451171876
2021-10-13,688.6654052734375,709.9500122070312,715.9000244140625,707.9500122070312,713.8499755859375,6357766,0.0019053180279207105,685.712626953125
2021-10-14,705.4951782226562,727.2999877929688,729.7999877929688,709.0499877929688,710.25,8950350,0.02443824362360192,686.4284997558593
2021-10-18,723.1010131835938,745.4500122070312,748.9000244140625,732.0499877929688,739.0,15345601,0.02495528744121489,687.0260314941406
2021-10-19,725.0411376953125,747.4500122070312,755.0,738.75,755.0,11349799,0.0026830615313024886,687.8990490722656
2021-10-20,723.489013671875,745.8499755859375,757.4500122070312,741.9000244140625,746.75,12762996,-0.0021407392529081415,688.8341467285156
2021-10-21,732.8497314453125,755.5,759.8499755859375,737.4000244140625,748.9000244140625,12166996,0.01293829981733885,689.8555773925781
2021-10-22,736.5357666015625,759.2999877929688,765.8499755859375,753.3499755859375,758.5,13248928,0.00502972846695382,690.9885583496093
2021-10-25,816.4654541015625,841.7000122070312,867.0,798.4000244140625,800.0,96124084,0.10852112161341765,693.8627270507812
2021-10-26,804.5342407226562,829.4000244140625,841.7000122070312,822.3499755859375,828.7000122070312,16925115,-0.01461324948773901,696.3469482421875
2021-10-27,809.96630859375,835.0,849.0,824.2000122070312,828.75,22898400,0.006751816885027129,698.8728796386719
2021-10-28,774.7545776367188,798.7000122070312,831.9500122070312,796.25,830.0999755859375,18750423,-0.04347308102008007,700.7362866210938
2021-10-29,778.004150390625,802.0499877929688,808.75,783.9000244140625,798.0,15701200,0.00419432533566777,702.6928149414063
2021-11-01,779.7987670898438,803.9000244140625,809.7000122070312,793.0,807.7000122070312,11406421,0.002306692963421453,704.9355017089844
2021-11-02,776.9371337890625,800.9500122070312,810.0,798.0,809.0,9452457,-0.003669707393178734,707.2683984375
2021-11-03,762.3869018554688,785.9500122070312,806.0,780.4500122070312,806.0,11839149,-0.01872768246078471,709.2714904785156
2021-11-04,758.6522827148438,782.0999755859375,789.0,779.0,788.5,3149310,-0.0048985877531944055,710.97193359375
2021-11-08,756.7607421875,780.1500244140625,793.0,773.1500244140625,793.0,13967995,-0.0024932904974264147,712.7005078125
2021-11-09,762.9688110351562,786.5499877929688,788.5999755859375,779.2000122070312,784.0,10084357,0.008203476345391758,714.402890625
2021-11-10,757.48828125,780.9000244140625,784.2999877929688,773.0999755859375,782.5499877929688,9507347,-0.007183163591864994,715.9772326660157
2021-11-11,748.321533203125,771.4500122070312,777.0,766.0999755859375,776.7000122070312,9221059,-0.012101504767503601,717.0985754394532
2021-11-12,753.317138671875,776.5999755859375,779.9000244140625,771.2000122070312,772.7000122070312,15380106,0.006675747318624747,718.215068359375
2021-11-15,750.1161499023438,773.2999877929688,784.5499877929688,771.5499877929688,777.0,10934583,-0.00424919148285241,719.2510485839844
2021-11-16,741.1434326171875,764.0499877929688,775.75,762.0,773.2999877929688,12785837,-0.011961770568897134,720.0057238769531
2021-11-17,738.4758911132812,761.2999877929688,771.9500122070312,756.2999877929688,760.9000244140625,11657214,-0.0035992243694130677,720.7235388183594
2021-11-18,740.0279541015625,762.9000244140625,767.5,756.4000244140625,764.9000244140625,20644385,0.0021017111146870437,721.533505859375
2021-11-22,729.4546508789062,752.0,770.4500122070312,740.25,768.2999877929688,20403786,-0.014287707868404609,722.2144580078125
2021-11-23,729.3091430664062,751.8499755859375,757.9500122070312,731.2000122070312,740.9500122070312,24913042,-0.00019947478890525172,722.8139294433594
2021-11-24,737.408935546875,760.2000122070312,772.25,746.7000122070312,750.25,23186419,0.011106116737290339,723.5889770507813
2021-11-25,728.5331420898438,751.0499877929688,754.9500122070312,745.2999877929688,754.9000244140625,17749726,-0.012036460407750305,724.4358032226562
2021-11-26,700.5482177734375,722.2000122070312,742.0499877929688,718.5999755859375,739.0,18987552,-0.03841269902441191,724.7219616699218
2021-11-29,696.862060546875,718.4000244140625,727.75,710.5,726.75,15878074,-0.005261818006301211,724.8005346679688
2021-11-30,692.9334106445312,714.3499755859375,732.2999877929688,711.0999755859375,716.75,23965914,-0.005637629202055683,724.551240234375
2021-12-01,705.8831787109375,727.7000122070312,732.75,715.0,716.4000244140625,15214913,0.01868832974060375,724.6977124023438
2021-12-02,700.7421264648438,722.4000244140625,727.0999755859375,715.2000122070312,724.5999755859375,21924640,-0.007283148828510333,724.9382775878906
2021-12-03,694.8250122070312,716.2999877929688,729.5,715.0999755859375,720.5,20130259,-0.008444068130545546,725.0246105957032
2021-12-06,688.27734375,709.5499877929688,726.7999877929688,707.5,719.0,20129080,-0.00942347834634416,725.1448937988281
2021-12-07,712.6248779296875,734.6500244140625,740.9500122070312,712.0,717.0,30513303,0.03537459775594631,725.4873120117187
2021-12-08,730.812744140625,753.4000244140625,758.7999877929688,744.0999755859375,747.9000244140625,33432411,0.025522356535989443,726.0780529785156
2021-12-09,732.36474609375,755.0,763.0,748.4000244140625,759.0499877929688,16007459,0.0021236656935286202,726.5630627441407
2021-12-10,735.2747802734375,758.0,759.7999877929688,751.0499877929688,756.5,7627774,0.003973476597841197,727.3555676269531
2021-12-13,731.3947143554688,754.0,769.7000122070312,752.5,763.0,16855546,-0.0052770284281011826,728.2188842773437
2021-12-14,735.9053955078125,758.6500244140625,764.3499755859375,746.2999877929688,751.0499877929688,17488089,0.006167232362786157,729.3402282714844
2021-12-15,729.6972045898438,752.25,759.5,750.9000244140625,757.5999755859375,7358740,-0.008436126376930253,730.5023120117188
2021-12-16,718.9299926757812,741.1500244140625,757.9000244140625,738.9500122070312,757.9000244140625,14123215,-0.014755725863188185,731.2967590332031
2021-12-17,706.4652709960938,728.2999877929688,742.0,726.0499877929688,742.0,13227787,-0.01733787963595057,731.9020520019532
2021-12-20,688.6654052734375,709.9500122070312,720.2000122070312,698.2000122070312,718.0999755859375,16900016,-0.025195669841716395,732.2987915039063
2021-12-21,698.7535400390625,720.3499755859375,728.9500122070312,716.1500244140625,720.0,14563335,0.014648818843483902,732.650908203125
2021-12-22,710.830322265625,732.7999877929688,734.9500122070312,720.0499877929688,726.25,9843359,0.017283321707232346,733.2212780761719
2021-12-23,709.3753051757812,731.2999877929688,739.5,727.9500122070312,739.0499877929688,9994049,-0.0020469260304009085,733.5704858398437
2021-12-24,705.3012084960938,727.0999755859375,733.9000244140625,719.5999755859375,733.9000244140625,8800690,-0.005743217518233146,733.92939453125
2021-12-27,713.934326171875,736.0,738.75,716.0999755859375,724.0,7955163,0.012240327354875236,734.4347729492188
2021-12-28,713.7404174804688,735.7999877929688,742.4500122070312,732.5,740.4000244140625,17833655,-0.0002716057826298579,734.599677734375
2021-12-29,713.6433715820312,735.7000122070312,744.9500122070312,731.9000244140625,738.0,7143073,-0.0001359680579391398,734.4105249023437
2021-12-30,713.6433715820312,735.7000122070312,740.5,729.0,733.2999877929688,14326182,0.0,734.1825695800782
2021-12-31,717.9599609375,740.1500244140625,746.25,736.5499877929688,736.5499877929688,6973055,0.006048664539403781,734.0719885253907
2022-01-03,741.77392578125,764.7000122070312,766.0,743.0,743.0499877929688,9653095,0.03316893161096912,734.2504724121094
2022-01-04,749.6795654296875,772.8499755859375,778.0,763.5999755859375,767.9500122070312,12114437,0.010657748100421749,734.5133483886718
2022-01-05,764.4238891601562,788.0499877929688,795.8499755859375,771.2000122070312,773.0,19741360,0.01966750117034044,733.4725170898438
2022-01-06,761.5137329101562,785.0499877929688,792.5,774.0,775.0499877929688,13018067,-0.003806992810229004,732.6121069335937
2022-01-07,769.468017578125,793.25,802.2999877929688,786.25,792.2000122070312,12250210,0.010445359452115444,731.8021411132812
2022-01-10,786.4432983398438,810.75,812.7999877929688,799.0,800.25,10905080,0.022061060854936976,732.0359155273437
2022-01-11,786.3463134765625,810.6500244140625,814.7000122070312,801.9000244140625,809.75,9982061,-0.00012332085922273084,732.2027587890625
2022-01-12,799.0536499023438,823.75,825.4500122070312,812.0499877929688,818.5999755859375,13034848,0.01615997456591378,732.5878564453125
2022-01-13,799.9751586914062,824.7000122070312,828.0,817.4000244140625,821.0,9372244,0.001153250209388501,733.0486169433593
2022-01-14,795.4159545898438,820.0,822.0,811.5999755859375,821.0,7552844,-0.005699182095879607,733.7091979980469
2022-01-17,794.7369995117188,819.2999877929688,828.9000244140625,814.5499877929688,820.0,6722700,-0.0008535849378016325,734.4308923339844
2022-01-18,798.4229736328125,823.0999755859375,836.0,818.2000122070312,821.0,10835146,0.004637979763567612,735.2641369628906
2022-01-19,784.3577270507812,808.5999755859375,821.0,803.25,816.0,16416144,-0.017616284909782287,735.6919152832031
2022-01-20,785.958251953125,810.25,812.9500122070312,795.4000244140625,803.0,13567654,0.0020405547713053807,736.2613146972657
2022-01-21,780.3806762695312,804.5,811.3499755859375,795.5,803.0,12078277,-0.007096529198253654,736.9024975585937
2022-01-24,774.5120849609375,798.4500122070312,816.7000122070312,783.2999877929688,813.0,29612316,-0.007520164820901898,737.326396484375
2022-01-25,777.6162109375,801.6500244140625,804.2999877929688,786.0499877929688,789.0,19513184,0.004007847052146518,737.8763977050781
2022-01-27,770.8260498046875,794.6500244140625,801.5,781.0499877929688,786.9000244140625,23984679,-0.008732021062969109,738.4700500488282
2022-01-28,757.7308349609375,781.1500244140625,805.8499755859375,778.5,803.75,14072314,-0.016988547347443816,738.8551489257812
2022-01-31,765.1513671875,788.7999877929688,798.7000122070312,784.0,788.9500122070312,14824509,0.009793097870888445,739.3576171875
2022-02-01,786.0068359375,810.2999877929688,812.8499755859375,789.2999877929688,802.0499877929688,20031583,0.027256657498580195,740.4886608886719
2022-02-02,789.3533935546875,813.75,818.7000122070312,808.8499755859375,815.0,11214375,0.004257669862623992,741.6895458984375
2022-02-03,784.697265625,808.9500122070312,818.4000244140625,806.0,814.0499877929688,9755335,-0.0058986608123892115,742.6353125
2022-02-04,780.9142456054688,805.0499877929688,812.0,795.7999877929688,809.7999877929688,10314067,-0.00482099299341654,743.6829345703125
2022-02-07,762.8234252929688,786.4000244140625,805.0,781.4500122070312,798.0499877929688,14659368,-0.0231662060390172,744.9284387207031
2022-02-08,768.740478515625,792.5,795.7000122070312,774.2999877929688,790.0,14642455,0.0077567796510493725,746.3660070800781
2022-02-09,778.7316284179688,802.7999877929688,804.25,794.2000122070312,797.25,8855292,0.01299677873296834,748.0819714355468
2022-02-10,781.3507690429688,805.5,808.7999877929688,796.2999877929688,805.9500122070312,13159771,0.0033633417847955815,749.5913232421875
2022-02-11,767.0914306640625,790.7999877929688,797.4000244140625,787.9000244140625,796.8499755859375,13138408,-0.018249599211851653,750.9183093261719
2022-02-14,731.1036987304688,753.7000122070312,773.9500122070312,751.1500244140625,772.0,16170656,-0.046914527388787985,751.6438830566407
2022-02-15,752.7836303710938,776.0499877929688,778.0,743.2000122070312,752.9500122070312,18880659,0.029653702584559793,752.9340087890625
2022-02-16,741.1434326171875,764.0499877929688,777.5499877929688,760.4000244140625,775.7000122070312,10549784,-0.015462873107599417,753.5043798828125
2022-02-17,727.8541259765625,750.3499755859375,767.25,746.2999877929688,766.5,16683808,-0.01793081616293446,753.4452075195312
2022-02-18,726.4476928710938,748.9000244140625,756.7999877929688,745.5499877929688,746.8499755859375,8945567,-0.001932300793901165,753.3268664550782
2022-02-21,731.831298828125,754.4500122070312,762.9000244140625,740.0,746.25,10967164,0.0074108652417270715,753.2579968261718
2022-02-22,728.775634765625,751.2999877929688,759.75,737.75,738.4000244140625,13156371,-0.004175366737379282,753.205615234375
2022-02-23,722.2765502929688,744.5999755859375,756.4000244140625,742.7000122070312,754.5999755859375,11624282,-0.008917812509945389,752.9330383300781
2022-02-24,686.1918334960938,707.4000244140625,727.0999755859375,702.2999877929688,712.9000244140625,28023104,-0.04995969588412963,752.0629309082032
2022-02-25,708.1627197265625,730.0499877929688,739.2999877929688,720.25,724.9500122070312,16935750,0.032018577251974545,751.8475854492187
2022-02-28,720.4335327148438,742.7000122070312,744.75,715.4000244140625,722.9500122070312,20547432,0.017327674341596655,752.1269506835938
2022-03-02,693.4183959960938,714.8499755859375,724.9500122070312,707.75,717.0,25252492,-0.03749844432830274,752.2220104980469
2022-03-03,677.3646240234375,698.2999877929688,721.9500122070312,693.4500122070312,717.5999755859375,23190595,-0.02315163841246959,751.7942321777343
2022-03-04,667.421875,688.0499877929688,706.5499877929688,685.0,691.0,18697223,-0.014678577343439025,750.9260632324218
2022-03-07,634.1502685546875,653.75,667.0,642.1500244140625,663.5,27799873,-0.04985093790237627,749.4215625
2022-03-08,645.06298828125,665.0,669.4500122070312,643.0,643.2999877929688,26716975,0.017208413001912115,748.2167980957031
2022-03-09,647.4395751953125,667.4500122070312,674.5,658.0,664.7000122070312,33728639,0.003684271082417645,746.8869030761718
2022-03-10,656.315185546875,676.5999755859375,701.0,673.6500244140625,693.9500122070312,35959638,0.01370878564055178,745.7383984375
2022-03-11,657.5762939453125,677.9000244140625,684.7000122070312,670.5999755859375,674.6500244140625,20546724,0.0019214981250001983,744.6170568847656
2022-03-14,675.279052734375,696.1500244140625,698.4500122070312,677.25,678.0999755859375,24648981,0.026921224125720622,743.8497705078125
2022-03-15,676.443115234375,697.3499755859375,708.0999755859375,688.0,701.5,27714580,0.0017238243882826687,743.01943359375
2022-03-16,686.7738037109375,708.0,711.4000244140625,701.25,706.9000244140625,14621688,0.01527207276399456,741.9194311523438
2022-03-17,698.5110473632812,720.0999755859375,725.0,716.2000122070312,717.7999877929688,18329844,0.01709040675244511,740.8960607910157
2022-03-21,689.44140625,710.75,722.9000244140625,705.5,721.0,12866839,-0.01298424863503167,739.3964111328125
2022-03-22,696.6680297851562,718.2000122070312,721.0,699.5,708.6500244140625,11761758,0.01048185309098737,738.0994970703125
2022-03-23,696.7650756835938,718.2999877929688,726.7999877929688,714.25,725.0,7140403,0.0001393000601268568,736.6454382324218
2022-03-24,683.0878295898438,704.2000122070312,712.7000122070312,698.0,702.4500122070312,17727969,-0.01962963783787719,734.5783288574219
2022-03-25,678.2861328125,699.25,706.0999755859375,696.6500244140625,705.0,15263007,-0.0070293988113167005,732.4171252441406
2022-03-28,689.0534057617188,710.3499755859375,713.4000244140625,695.6500244140625,702.0,13806166,0.015874234232937212,730.2171203613282
2022-03-29,693.85498046875,715.2999877929688,716.9500122070312,705.8499755859375,714.2999877929688,11489374,0.0069683636520501135,728.094716796875
2022-03-30,708.9873657226562,730.9000244140625,731.75,719.0999755859375,721.0499877929688,20154520,0.021809146982966432,726.3661450195312
2022-03-31,708.4052124023438,730.2999877929688,739.9000244140625,727.7999877929688,739.9000244140625,16046383,-0.0008211053517421796,724.6395092773438
2022-04-01,714.1768798828125,736.25,738.2999877929688,723.0999755859375,725.0,12658848,0.008147409673759931,722.9545874023438
2022-04-04,724.216552734375,746.5999755859375,749.7999877929688,725.0,742.0,17192197,0.014057683935679854,721.7517639160156
2022-04-05,719.5604858398438,741.7999877929688,755.4500122070312,738.0,746.7999877929688,12290391,-0.0064291086373980955,720.42380859375
2022-04-06,719.3665161132812,741.5999755859375,744.9000244140625,732.0999755859375,732.2999877929688,13518142,-0.00026956695146496124,719.203525390625
2022-04-07,726.1080932617188,748.5499877929688,757.7999877929688,737.0999755859375,737.0999755859375,15087175,0.009371547045117001,718.2354455566406
2022-04-08,731.6857299804688,754.2999877929688,756.0,743.5999755859375,749.8499755859375,15480705,0.007681551507978668,717.3168359375
2022-04-11,736.8267822265625,759.5999755859375,765.4500122070312,751.6500244140625,752.2999877929688,13216391,0.007026312029115189,716.6368505859375
2022-04-12,740.9494018554688,763.8499755859375,768.9000244140625,750.25,757.0,14020000,0.00559510013526987,716.3012219238282
2022-04-13,739.3973999023438,762.25,772.5499877929688,760.7000122070312,769.5999755859375,16119956,-0.0020946126000487286,715.786142578125
2022-04-18,735.0807495117188,757.7999877929688,762.9000244140625,749.2000122070312,751.0,17651530,-0.005838065418129812,714.7676208496093
2022-04-19,743.325927734375,766.2999877929688,777.9000244140625,757.0,761.7999877929688,31088359,0.011216697251469565,713.8470715332031
2022-04-20,732.8983154296875,755.5499877929688,770.0,753.7999877929688,766.7999877929688,15984202,-0.014028317748138286,712.8110925292968
2022-04-21,739.494384765625,762.3499755859375,764.2000122070312,751.2000122070312,759.0499877929688,8953098,0.00899997884709336,711.9826953125
2022-04-22,725.2351684570312,747.6500244140625,758.8499755859375,745.9000244140625,757.0,14411607,-0.019282386184870215,711.2309301757813
2022-04-25,729.648681640625,752.2000122070312,762.2000122070312,744.0,747.6500244140625,35417460,0.0060856303934953004,710.4490942382813
2022-04-26,731.1522827148438,753.75,768.5499877929688,751.6500244140625,768.0,18727514,0.0020607192366028926,709.4975073242188
2022-04-27,714.6134033203125,736.7000122070312,750.0,732.5499877929688,749.0,21441480,-0.02262029372748542,708.1627600097656
2022-04-28,724.7501220703125,747.1500244140625,751.9000244140625,734.6500244140625,739.0999755859375,18649559,0.014184898719925565,707.3159338378906
2022-04-29,721.0155029296875,743.2999877929688,759.9500122070312,740.0999755859375,750.0999755859375,19560317,-0.005152974834908286,707.114169921875
2022-05-02,718.7844848632812,741.0,743.7999877929688,731.0999755859375,732.0,10903446,-0.003094271977982399,706.4341870117188
2022-05-04,702.5366821289062,724.25,747.0,721.1500244140625,746.2000122070312,12212165,-0.02260455404440942,705.6620520019532
2022-05-05,706.9501953125,728.7999877929688,743.0,726.5,730.7999877929688,9121547,0.006282253006660632,705.2439733886719
2022-05-06,697.6865234375,719.25,723.0,710.2999877929688,716.25,12455025,-0.013103712165897452,704.66875
2022-05-09,689.0534057617188,710.3499755859375,720.0,704.4500122070312,705.2999877929688,13055889,-0.012373920644540903,703.8131921386719
2022-05-10,689.974853515625,711.2999877929688,720.0,705.0,705.0,12797419,0.0013372660902641886,703.0371765136719
2022-05-11,692.7879638671875,714.2000122070312,719.7999877929688,707.1500244140625,718.0,13516852,0.0040771201113039,702.4474047851562
2022-05-12,674.9395751953125,695.7999877929688,710.7000122070312,693.2999877929688,707.5499877929688,16685166,-0.025763133314620768,702.2223596191407
2022-05-13,657.042724609375,677.3499755859375,702.4000244140625,675.0,702.4000244140625,15717043,-0.02651622640553941,701.1999597167969
2022-05-16,662.5233154296875,683.0,690.9500122070312,675.75,676.7000122070312,9025623,0.008341300519796313,700.0417553710937
2022-05-17,688.7138671875,710.0,712.0,685.1500244140625,686.0999755859375,12765052,0.03953151707698965,699.9476647949218
2022-05-18,686.143310546875,707.3499755859375,717.0,706.0999755859375,712.3499755859375,11835013,-0.0037324014559521057,700.1232385253907
2022-05-19,669.6044921875,690.2999877929688,698.7000122070312,685.5999755859375,693.0999755859375,16661023,-0.024104029151276185,700.1668908691406
2022-05-20,688.27734375,709.5499877929688,711.9000244140625,693.7000122070312,694.7999877929688,11695528,0.02788638932438836,701.2494323730468
2022-05-23,689.7323608398438,711.0499877929688,725.9500122070312,707.4500122070312,709.5499877929688,17438451,0.0021139982349502873,702.1428198242188
2022-05-24,686.9193725585938,708.1500244140625,717.3499755859375,706.0499877929688,711.0499877929688,13779981,-0.004078376542786533,702.9324157714843
2022-05-25,691.96337890625,713.3499755859375,720.8499755859375,711.5999755859375,712.0499877929688,10457589,0.007342937976648756,703.6453796386719
2022-05-26,706.6592407226562,728.5,733.0,715.4500122070312,723.0,14028733,0.021237918456949556,704.6270385742188
2022-05-27,717.620361328125,739.7999877929688,741.2000122070312,731.25,733.5499877929688,8110620,0.015511182722608208,705.4738647460938
2022-05-30,726.0596313476562,748.5,751.9500122070312,744.2999877929688,748.75,7628515,0.011760076043428214,706.4661950683594
2022-05-31,730.2791748046875,752.8499755859375,756.7000122070312,740.5,741.0,20272212,0.005811565985564204,707.3363024902344
2022-06-01,730.085205078125,752.6500244140625,755.5999755859375,744.2000122070312,748.0,10102092,-0.0002656103764897555,707.9677856445312
2022-06-02,727.2721557617188,749.75,751.75,743.2000122070312,751.0499877929688,10949759,-0.003853042489890268,708.7244006347656
2022-06-03,721.9855346679688,744.2999877929688,757.0,741.2000122070312,756.1500244140625,8563791,-0.007269109716173561,709.2307507324218
2022-06-06,724.362060546875,746.75,750.9500122070312,739.5999755859375,740.2000122070312,9107831,0.0032916530384492493,709.7826904296875
2022-06-07,713.2069091796875,735.25,742.9500122070312,732.3499755859375,741.0,9938912,-0.015399966363182527,710.3850720214843
2022-06-08,707.6292114257812,729.5,741.0,726.4500122070312,736.5999755859375,9369224,-0.007820588502601034,710.97193359375
2022-06-09,710.7817993164062,732.75,734.0999755859375,722.1500244140625,725.0,7444368,0.004455140968916416,711.4065014648437
2022-06-10,698.4140014648438,720.0,728.2999877929688,718.0,724.75,7990818,-0.017400273703487068,711.4976818847656
2022-06-13,667.3734741210938,688.0,702.2999877929688,682.0999755859375,702.25,16622521,-0.044444308502759156,710.6654040527344
2022-06-14,664.9484252929688,685.5,694.6500244140625,680.6500244140625,682.4000244140625,13348598,-0.003633720730837675,709.7962683105469
2022-06-15,666.64599609375,687.25,696.3499755859375,686.0999755859375,687.5,9199591,0.0025529360416687297,708.8456506347657
2022-06-16,658.1583251953125,678.5,700.0499877929688,676.2999877929688,700.0,13237239,-0.012731901111191712,707.5244860839844
2022-06-17,666.2579345703125,686.8499755859375,692.6500244140625,669.9500122070312,671.25,16335613,0.01230647560766851,706.4584350585938
2022-06-20,665.3849487304688,685.9500122070312,687.7999877929688,677.5999755859375,686.0,10981042,-0.001310282091284587,705.3788037109375
2022-06-21,675.2305297851562,696.0999755859375,708.0,688.5999755859375,690.5499877929688,13319648,0.014796819605662037,704.3612524414062
2022-06-22,666.015380859375,686.5999755859375,698.9000244140625,685.0999755859375,694.25,6838249,-0.013647411542119237,703.0478454589844
2022-06-23,678.1891479492188,699.1500244140625,706.0,687.0,690.2000122070312,14960412,0.01827850743347037,701.8750927734375
2022-06-24,692.0604858398438,713.4500122070312,715.25,706.5499877929688,710.9000244140625,10856736,0.020453494327608457,700.897314453125
2022-06-27,695.843505859375,717.3499755859375,728.8499755859375,716.0999755859375,728.8499755859375,8285225,0.005466314140071704,700.0262365722656
2022-06-28,689.0048828125,710.2999877929688,717.2999877929688,707.0,711.0499877929688,8339931,-0.009827817590147947,699.1047192382813
2022-06-29,681.6812133789062,702.75,706.7000122070312,700.9500122070312,704.9500122070312,9570557,-0.010629343298263372,697.8718249511719
2022-06-30,685.997802734375,707.2000122070312,711.9000244140625,701.2000122070312,702.75,11970404,0.00633226979231627,696.9338146972656
2022-07-01,682.7967529296875,703.9000244140625,706.75,694.0999755859375,703.4500122070312,9884899,-0.00466626830571204,695.7998620605468
2022-07-04,698.5110473632812,720.0999755859375,721.0999755859375,704.8499755859375,704.8499755859375,8303732,0.023014600415377062,695.2653796386719
2022-07-05,697.8805541992188,719.4500122070312,732.1500244140625,718.0999755859375,723.0499877929688,11460367,-0.0009026244702105002,694.6300170898437
2022-07-06,704.1856689453125,725.9500122070312,731.9000244140625,722.0,723.0,12163533,0.00903466174570311,694.0906848144531
2022-07-07,719.7545776367188,742.0,744.0,733.0,735.9500122070312,10374018,0.022109096191526456,694.1935083007812
2022-07-08,733.0437622070312,755.7000122070312,757.5,744.5499877929688,751.2999877929688,9797700,0.0184634943398998,694.3593811035156
2022-07-11,746.4300537109375,769.5,771.5499877929688,755.0,755.0,12440573,0.018261244681494926,694.8676721191406
2022-07-12,737.1177978515625,759.9000244140625,767.4500122070312,757.7000122070312,765.3499755859375,10219829,-0.012475724701970892,695.2343383789063
2022-07-13,730.61865234375,753.2000122070312,764.75,749.9000244140625,764.75,8674121,-0.008816969996865098,695.7959777832032
2022-07-14,729.8426513671875,752.4000244140625,759.5,748.7999877929688,750.0,7044542,-0.0010621149269501862,696.2538269042968
2022-07-15,728.6787109375,751.2000122070312,759.0,744.2000122070312,753.25,6358018,-0.0015947826939233245,696.8736706542969
2022-07-18,748.8551025390625,772.0,773.1500244140625,757.8499755859375,759.25,8045363,0.02768900929684648,698.0697045898437
2022-07-19,757.2457885742188,780.6500244140625,782.0,767.1500244140625,767.7999877929688,12825591,0.011204685668438241,699.4151232910157
2022-07-20,759.6222534179688,783.0999755859375,789.5499877929688,780.2999877929688,789.5,8152179,0.0031383005090388494,700.7518090820313
2022-07-21,762.4353637695312,786.0,788.9500122070312,780.0999755859375,784.9000244140625,8312338,0.003703301659350622,702.5017248535156
2022-07-22,776.0641479492188,800.0499877929688,803.9000244140625,789.0999755859375,789.0999755859375,12267898,0.017875330588426275,704.8821533203125
2022-07-25,776.888671875,800.9000244140625,817.7999877929688,797.0999755859375,803.0,21034148,0.001062443005465541,707.1694604492187
2022-07-26,772.426513671875,796.2999877929688,802.7999877929688,791.6500244140625,801.5999755859375,7374145,-0.005743626293785109,708.8437133789063
2022-07-27,776.5006103515625,800.5,803.7999877929688,794.6500244140625,795.0,9536564,0.005274413303500536,710.650859375
2022-07-28,790.1779174804688,814.5999755859375,815.5,805.2999877929688,806.9500122070312,11124518,0.017614032682748082,713.0623278808594
2022-07-29,794.0579833984375,818.5999755859375,823.4000244140625,808.0,820.6500244140625,11095993,0.004910369971285133,715.1779406738282
2022-08-01,798.7140502929688,823.4000244140625,825.0,817.2999877929688,820.7000122070312,7974903,0.0058636358954595735,717.3575744628906
2022-08-02,793.2335205078125,817.75,822.0,812.2000122070312,820.0,11106772,-0.006861691969918371,719.483857421875
2022-08-03,800.0721435546875,824.7999877929688,828.0,811.5499877929688,817.75,11073975,0.008621197755860122,721.6460327148437
2022-08-04,795.6585083007812,820.25,829.9500122070312,808.3499755859375,824.0,11113742,-0.005516546588282267,723.4260180664063
2022-08-05,813.0704345703125,838.2000122070312,840.9000244140625,823.0999755859375,823.0999755859375,16056522,0.021883667538120655,725.33501953125
2022-08-08,816.7297973632812,836.9500122070312,842.2999877929688,831.1500244140625,836.5999755859375,12142951,0.004500671328558026,727.1484228515625
2022-08-10,828.2446899414062,848.75,853.0,842.1500244140625,842.1500244140625,23658553,0.014098778586626226,729.1077331542969
2022-08-11,838.9301147460938,859.7000122070312,866.5,858.0999755859375,860.0499877929688,22787391,0.012901289841584562,731.2846313476563
2022-08-12,853.2750244140625,874.4000244140625,877.25,858.5,863.9500122070312,10792853,0.017099052013778593,733.8046887207031
2022-08-16,858.0078735351562,879.25,884.5,876.4000244140625,881.4500122070312,13804836,0.005546686573117299,736.5251354980469
2022-08-17,861.9111938476562,883.25,885.5,878.4000244140625,881.7999877929688,9058040,0.0045492826265307595,739.2761181640625
2022-08-18,863.7164916992188,885.0999755859375,887.6500244140625,875.0499877929688,880.5499877929688,13137856,0.0020945288382943072,742.2863098144531
2022-08-19,849.3716430664062,870.4000244140625,886.9000244140625,864.2999877929688,885.0,10787199,-0.01660828381844537,745.1211584472657
2022-08-22,831.6600952148438,852.25,867.4000244140625,849.5999755859375,865.5499877929688,13848023,-0.020852530215890175,747.5387243652344
2022-08-23,843.0286865234375,863.9000244140625,868.0,842.7999877929688,845.3499755859375,13254855,0.013669756880251516,750.4310180664063
2022-08-24,852.2015991210938,873.2999877929688,875.3499755859375,857.0499877929688,857.0499877929688,10494109,0.010880902090632638,754.1275805664062
2022-08-25,851.2745361328125,872.3499755859375,881.4500122070312,866.7000122070312,873.2999877929688,9827829,-0.0010878446945387088,757.8541027832031
2022-08-26,849.810791015625,870.8499755859375,877.5,867.2999877929688,874.1500244140625,5976725,-0.0017194748051986286,761.5173986816407
2022-08-29,835.1731567382812,855.8499755859375,861.0,847.0,850.0499877929688,7755134,-0.017224580379651355,765.0576953125
2022-08-30,865.8633422851562,887.2999877929688,890.75,859.0999755859375,860.5,12544701,0.03674709286243538,769.0498034667969
2022-09-01,853.2261962890625,874.3499755859375,885.7000122070312,863.0,863.0,15877583,-0.014594850456126518,772.8066284179688
2022-09-02,851.3233642578125,872.4000244140625,881.2999877929688,867.0,874.0999755859375,8401284,-0.0022301612860997633,776.3284851074219
2022-09-05,861.1305541992188,882.4500122070312,885.9000244140625,871.5499877929688,871.5499877929688,8744999,0.011519935142337179,780.2307885742188
2022-09-06,862.3015747070312,883.6500244140625,889.9500122070312,878.0999755859375,882.5,9879326,0.001359864078799733,783.913037109375
2022-09-07,855.0315551757812,876.2000122070312,882.6500244140625,872.5,878.5499877929688,8814960,-0.008430947761773444,787.1724584960938
2022-09-08,877.0855102539062,898.7999877929688,900.7999877929688,885.5,885.5,12163106,0.02579314756821005,790.7972985839843
2022-09-09,879.476318359375,901.25,911.9500122070312,897.7000122070312,910.1500244140624,9936230,0.0027258552074092,794.6067272949218
2022-09-12,885.2825927734375,907.2000122070312,908.9000244140624,902.7999877929688,905.0499877929688,6016978,0.006601967890271121,798.6787548828125
2022-09-13,888.0149536132812,910.0,913.9500122070312,905.2999877929688,913.9500122070312,10400475,0.0030864278391420363,802.7190979003906
2022-09-14,895.919189453125,918.0999755859376,922.25,898.0499877929688,898.25,14712947,0.00890101659626552,806.9815466308594
2022-09-15,895.4312744140625,917.5999755859376,936.6500244140624,915.75,920.0,16253099,-0.0005445971520716686,810.919951171875
2022-09-16,887.1366577148438,909.0999755859376,917.5999755859376,905.2000122070312,914.9000244140624,11966860,-0.00926326445839909,814.7050732421875
2022-09-19,877.475830078125,899.2000122070312,912.5,895.3499755859375,904.9500122070312,11235656,-0.010889897912238045,818.1708764648438
2022-09-20,894.601806640625,916.75,922.5,907.3499755859376,909.2000122070312,12090663,0.01951731999384565,821.6678210449219
2022-09-21,893.1380615234375,915.25,917.0,905.6500244140624,912.0,8917640,-0.0016361973632538218,824.86970703125
2022-09-22,881.5744018554688,903.4000244140624,911.7000122070312,895.2999877929688,906.0,11125669,-0.012947225256803474,827.5725939941407
2022-09-23,860.9353637695312,882.25,904.9000244140624,878.75,901.7000122070312,15927517,-0.02341156689951307,830.0489453125
2022-09-26,840.2474975585938,861.0499877929688,877.9000244140625,859.2000122070312,870.0,14208640,-0.02402952309957096,832.2415222167969
2022-09-27,831.952880859375,852.5499877929688,874.8499755859375,848.5999755859375,864.9500122070312,12493809,-0.009871635111463495,834.2837268066406
2022-09-28,828.9766235351562,849.5,863.25,844.0,844.0,11411458,-0.003577434963797921,836.2896850585937
2022-09-29,823.511962890625,843.9000244140625,861.5999755859375,841.0999755859375,858.0,13803629,-0.006592056385410827,837.782822265625
2022-09-30,841.1746215820312,862.0,867.0499877929688,837.5,843.9000244140625,13175031,0.021447968563089503,839.4613989257813
2022-10-03,827.8543701171875,848.3499755859375,860.9500122070312,845.7000122070312,859.7000122070312,8232026,-0.015835298787060137,840.8260412597656
2022-10-04,846.6881103515625,867.6500244140625,872.6500244140625,860.0999755859375,865.0,8975095,0.022750064400468117,842.5110961914063
2022-10-06,864.0580444335938,885.4500122070312,891.7000122070312,873.0499877929688,873.0499877929688,12116698,0.02051515058457465,844.2709741210938
2022-10-07,861.2280883789062,882.5499877929688,884.5,872.7999877929688,877.2000122070312,9705750,-0.0032751920694663594,845.9577624511719
2022-10-10,860.4474487304688,881.75,889.7999877929688,870.7000122070312,872.0,7357588,-0.0009064261360853809,847.7181811523437
2022-10-11,849.5668334960938,870.5999755859375,883.25,865.4500122070312,883.25,11130051,-0.01264529896675104,849.1795056152343
2022-10-12,847.3711547851562,868.3499755859375,871.7000122070312,861.5,867.9500122070312,14557532,-0.0025844684895500736,850.3233703613281
2022-10-13,832.9774780273438,853.5999755859375,865.4500122070312,850.5,862.3499755859375,11563124,-0.016986271808440145,851.1017602539063
2022-10-14,849.2252807617188,870.25,883.7999877929688,868.5499877929688,883.7999877929688,8199540,0.019505692726354384,852.1119848632812
2022-10-17,863.8140869140625,885.2000122070312,887.5,868.5499877929688,872.0,8936947,0.017178958849715542,853.5235961914062
2022-10-18,875.2314453125,896.9000244140625,900.7000122070312,891.1500244140625,896.0499877929688,8097552,0.013217379261810214,855.0267822265625
2022-10-19,870.54736328125,892.0999755859375,900.6500244140625,885.5499877929688,900.0499877929688,5529462,-0.005351821002703483,856.5245593261719
2022-10-20,867.1807861328125,888.6500244140625,893.2999877929688,880.0999755859375,889.7000122070312,8107159,-0.003867195847619631,857.6067663574219
2022-10-21,885.23388671875,907.1500244140624,910.0,885.7000122070312,888.0,17022807,0.02081815104142848,858.9768481445312
2022-10-24,903.921142578125,926.2999877929688,933.5,917.5999755859376,925.0,4390050,0.021109964428318584,860.4903771972656
2022-10-25,902.7012939453124,925.0499877929688,943.25,922.9500122070312,942.0499877929688,15838120,-0.0013495078003523675,861.76580078125
2022-10-27,902.0670776367188,924.4000244140624,933.7000122070312,920.25,926.0499877929688,16080842,-0.0007025760490735333,862.7416418457032
2022-10-28,885.9168701171875,907.8499755859376,927.5,901.0,918.0,9854094,-0.0179035549793507,863.2998217773437
2022-10-31,886.746337890625,908.7000122070312,917.0499877929688,904.5999755859376,912.5999755859376,9000840,0.0009362817228300013,863.7965246582031
2022-11-01,886.6487426757812,908.5999755859376,921.0,899.5499877929688,921.0,9823761,-0.00011005990177070935,864.2551696777343
2022-11-02,882.843017578125,904.7000122070312,920.75,902.3499755859376,920.5999755859376,7690974,-0.0042922579308815045,864.9245971679687
2022-11-03,886.6976318359375,908.6500244140624,913.8499755859376,897.0499877929688,901.0499877929688,9022366,0.004366137785613011,866.0253479003907
2022-11-04,883.428466796875,905.2999877929688,913.4000244140624,900.2000122070312,906.2999877929688,7099336,-0.0036868994814992506,866.8333435058594
2022-11-07,895.333740234375,917.5,920.0999755859376,903.4500122070312,910.25,11100219,0.01347621667735699,867.695986328125
2022-11-09,888.5028076171875,910.5,921.9000244140624,905.75,920.0,11590409,-0.007629481957643347,868.4405517578125
2022-11-10,888.6980590820312,910.7000122070312,912.9500122070312,903.9500122070312,907.5499877929688,10009741,0.00021975334593182794,869.2182971191406
2022-11-11,884.6483154296875,906.5499877929688,928.0,903.5,925.9000244140624,17921457,-0.004556939908844759,870.2078002929687
2022-11-14,873.32861328125,894.9500122070312,906.5499877929688,891.25,905.0,12641308,-0.012795708702547315,870.3571057128906
2022-11-15,889.673828125,911.7000122070312,913.6500244140624,898.7999877929688,900.5499877929688,15176911,0.018715996012472536,871.0860583496094
2022-11-16,891.5279541015625,913.5999755859376,918.0999755859376,908.0999755859376,912.5499877929688,13008311,0.0020840513882149914,871.8901501464844
2022-11-17,897.5781860351562,919.7999877929688,922.2999877929688,910.3499755859376,913.0,12584194,0.006786362565255555,872.6191027832032
2022-11-18,898.1148681640625,920.3499755859376,922.0,910.5499877929688,919.7999877929688,10874061,0.0005979224286598583,873.3353686523437
2022-11-21,899.1395874023438,921.4000244140624,924.7999877929688,914.0499877929688,914.0499877929688,9245704,0.00114096679011233,874.217529296875
2022-11-22,901.3839721679688,923.7000122070312,926.5,920.4000244140624,923.75,11256509,0.0024961472023594666,874.7034985351562
2022-11-23,905.0433349609376,927.4500122070312,931.8499755859376,923.7000122070312,927.0,10959704,0.004059715843590439,875.2148388671875
2022-11-24,916.16796875,938.8499755859376,940.6500244140624,927.5499877929688,927.5499877929688,10844395,0.012291824445668675,875.8325463867187
2022-11-25,907.8245239257812,930.2999877929688,942.9000244140624,927.5,940.2999877929688,9815055,-0.00910689426918343,876.2287377929688
2022-11-28,914.7529907226562,937.4000244140624,943.7999877929688,923.9500122070312,924.0,9381474,0.007631944956624004,876.6054138183594
2022-11-29,923.8770751953124,946.75,949.9000244140624,933.5499877929688,933.5499877929688,13096845,0.009974369655187498,877.1743298339844
2022-11-30,929.8785400390624,952.9000244140624,958.2000122070312,941.0,948.0499877929688,20858573,0.006495956015015514,878.0291674804688
2022-12-01,917.4853515625,940.2000122070312,957.0,936.25,956.0,15920653,-0.013327749746802176,878.8293579101562
2022-12-02,908.1172485351562,930.5999755859376,934.5,926.0999755859376,928.25,14228874,-0.010210629533637383,879.0996667480468
2022-12-05,911.0447998046876,933.5999755859376,937.0,928.4000244140624,937.0,10984608,0.0032237591282995304,879.4578015136718
2022-12-06,900.3593139648438,922.6500244140624,929.75,920.2000122070312,925.0,18220912,-0.011728825895427564,879.8334997558594
2022-12-07,899.8713989257812,922.1500244140624,933.2000122070312,920.6500244140624,922.0,15675663,-0.0005419114696708638,880.6122204589843
2022-12-08,909.3858642578124,931.9000244140624,933.5499877929688,923.7999877929688,925.0,10136870,0.010573138943396732,881.9949877929688
2022-12-09,907.4342041015624,929.9000244140624,934.7999877929688,925.0499877929688,932.0,9575331,-0.0021461298585753186,883.5046142578125
2022-12-12,907.8245239257812,930.2999877929688,933.9000244140624,925.0499877929688,925.0499877929688,8493863,0.00043013567535221675,885.081572265625
2022-12-13,910.4105224609376,932.9500122070312,935.9000244140624,927.7999877929688,929.5,10415140,0.0028485665092781165,886.8195434570313
2022-12-14,899.4810180664062,921.75,936.0499877929688,920.0,936.0,12319827,-0.012005028638056303,887.9856713867188
2022-12-15,886.8439331054688,908.7999877929688,919.9000244140624,905.0,916.0,8929748,-0.014049306997165,889.1654626464843
2022-12-16,880.208251953125,902.0,913.7000122070312,899.6500244140625,905.5,9157260,-0.0074823550171985165,889.8358654785156
2022-12-19,884.5507202148438,906.4500122070312,910.5999755859376,901.1500244140624,908.0,7015083,0.004933455522693642,890.2457189941406
2022-12-20,887.72216796875,909.7000122070312,912.4500122070312,895.7000122070312,906.0,6384331,0.003585376939307716,890.7756005859375
2022-12-21,870.6937866210938,892.25,915.8499755859376,887.0,910.25,11341147,-0.019182106701942425,890.98052734375
2022-12-22,869.1324462890625,890.6500244140625,903.8499755859376,886.3499755859375,900.5,9788367,-0.0017932140507058714,891.3718395996094
2022-12-23,857.6663208007812,878.9000244140625,889.6500244140625,875.2999877929688,883.0499877929688,11059215,-0.013192610098999524,891.5777429199219
2022-12-26,871.620849609375,893.2000122070312,897.0,875.25,881.0999755859375,6943159,0.01627034718533049,892.3506103515625
2022-12-27,878.890869140625,900.6500244140625,902.75,888.2000122070312,897.7000122070312,4994381,0.00834080498935763,892.9439221191407
2022-12-28,877.2318725585938,898.9500122070312,903.9500122070312,895.7999877929688,896.0,8980300,-0.0018876024774877598,893.2122778320313
2022-12-29,886.112060546875,908.0499877929688,923.3499755859376,889.3499755859375,897.9000244140625,11994220,0.01012296550783165,893.4298901367188
2022-12-30,869.3275146484375,890.8499755859375,908.5,888.5499877929688,908.5,9688527,-0.0189417869880687,893.4054931640625
2023-01-02,880.6473388671875,902.4500122070312,907.0,894.0,894.0,4315403,0.013021357345772921,893.67482421875
2023-01-03,879.5739135742188,901.3499755859376,905.9500122070312,896.75,898.5,5846855,-0.0012189048278389292,893.5616247558594
2023-01-04,877.3782348632812,899.0999755859375,907.9000244140624,894.7999877929688,899.0,12454582,-0.0024962981246399174,893.0307666015625
2023-01-05,857.9102783203125,879.1500244140625,903.0,872.0,900.9000244140624,16547196,-0.022188784459649114,892.1349462890626
2023-01-06,849.078857421875,870.0999755859375,878.9500122070312,860.5,878.9500122070312,14804613,-0.010294107812449105,891.0751818847656
2023-01-09,852.2503051757812,873.3499755859375,878.75,862.2999877929688,874.25,16811853,0.003735162789868518,890.4018505859375
2023-01-10,840.540283203125,861.3499755859375,878.4000244140625,856.5999755859375,875.4000244140625,13470142,-0.013740120597834249,889.4777294921874
2023-01-11,845.3706665039062,866.2999877929688,870.8499755859375,854.8499755859375,862.9000244140625,15558460,0.005746760027221631,888.65216796875
2023-01-12,839.857177734375,860.6500244140625,869.3499755859375,854.9500122070312,865.5,16659001,-0.006521977858934602,887.792451171875
2023-01-13,852.3479614257812,873.4500122070312,874.9000244140625,858.2999877929688,864.7000122070312,11223103,0.01487250930581041,887.1054577636719
2023-01-16,844.3460693359375,865.25,877.4500122070312,861.0499877929688,877.25,8319812,-0.009388057990375676,886.3238098144532
2023-01-17,844.24853515625,865.1500244140625,867.9500122070312,858.0999755859375,866.9500122070312,12624859,-0.00011551445933088988,885.3021057128906
2023-01-18,848.493408203125,869.5,872.0,858.6500244140625,864.4500122070312,11313898,0.005027989827769641,884.5019177246094
2023-01-19,845.224365234375,866.1500244140625,870.5499877929688,862.0,868.0,6694679,-0.0038527617741579423,883.6324438476563
2023-01-20,849.3228149414062,870.3499755859375,876.5,865.5499877929688,873.5,8127162,0.00484894884199738,882.9259338378906
2023-01-23,850.6402587890625,871.7000122070312,883.2999877929688,864.5999755859375,882.0,16882379,0.0015511697372065925,882.4721667480469
2023-01-24,849.7131958007812,870.75,881.7000122070312,868.0,879.0,11504090,-0.0010898414208622142,881.6729541015625
2023-01-25,834.6364135742188,855.2999877929688,876.7999877929688,848.0,873.2999877929688,14918485,-0.01774337776684043,880.5351232910157
2023-01-27,797.4569091796875,817.2000122070312,843.0,813.0999755859375,839.1500244140625,39718683,-0.04454574925064081,878.5326977539063
2023-01-30,803.6046752929688,823.5,826.25,796.0,800.0,36301441,0.007709214181372159,876.6424938964843
2023-01-31,811.8018188476562,831.9000244140625,838.2999877929688,814.0999755859375,826.0,27291226,0.01020046772587424,874.8957385253906
2023-02-01,827.4640502929688,847.9500122070312,875.2000122070312,823.1500244140625,843.4500122070312,39237711,0.01929317116774243,873.4173400878906
2023-02-02,837.1736450195312,857.9000244140625,860.5999755859375,826.0999755859375,828.4000244140625,16798190,0.01173415899231478,872.0599462890625
2023-02-03,842.93115234375,863.7999877929688,872.6500244140625,852.0999755859375,864.6500244140625,14914366,0.006877315546745866,870.5952099609375
2023-02-06,833.0751342773438,853.7000122070312,867.7999877929688,849.6500244140625,861.5,8463833,-0.011692554058539417,869.1002221679687
2023-02-07,832.1480712890625,852.75,856.0,847.2000122070312,855.0,9337066,-0.0011128203809437354,867.4481237792969
2023-02-08,838.3446044921875,859.0999755859375,860.7000122070312,851.9000244140625,852.5,8082983,0.007446431010200039,865.7374743652343
2023-02-09,840.0036010742188,860.7999877929688,864.9000244140625,851.5999755859375,858.5,6299265,0.0019788957585480382,863.9399755859375
2023-02-10,833.221435546875,853.8499755859375,861.9000244140625,852.0,855.5499877929688,8656405,-0.008073971967108906,862.254697265625
2023-02-13,830.098876953125,850.6500244140625,859.2999877929688,849.3499755859375,853.4000244140625,9394365,-0.0037475735267187282,860.6943298339844
2023-02-14,844.3948364257812,865.2999877929688,867.2999877929688,852.0999755859375,853.9000244140625,13402934,0.01722199592069029,859.3613305664062
2023-02-15,849.761962890625,870.7999877929688,873.25,860.5999755859375,866.4000244140625,12070288,0.0063561810580961,858.3493835449219
2023-02-16,848.4446411132812,869.4500122070312,877.7999877929688,864.8499755859375,875.9500122070312,10715685,-0.0015502244568145196,857.3208483886718
2023-02-17,841.8088989257812,862.6500244140625,867.5499877929688,855.1500244140625,867.5499877929688,9990618,-0.00782106676847294,855.9693090820313
2023-02-20,831.5137329101562,852.0999755859375,866.5499877929688,850.25,862.6500244140625,9013430,-0.012229813712782645,854.4508996582031
2023-02-21,833.5630493164062,854.2000122070312,859.4500122070312,846.8499755859375,854.4000244140625,11704445,0.0024645611072202644,852.9656701660156
2023-02-22,818.9741821289062,839.25,854.0999755859375,834.75,851.25,13880984,-0.017501816088733912,851.136943359375
2023-02-23,819.4620971679688,839.75,844.4500122070312,833.5499877929688,836.5499877929688,11743574,0.0005957636390858667,849.5365649414063
2023-02-24,819.4133911132812,839.7000122070312,845.5999755859375,835.5499877929688,843.9500122070312,8246139,-5.943661684393309e-05,848.1879541015625
2023-02-27,835.7098999023438,856.4000244140625,858.2999877929688,833.5499877929688,833.5499877929688,14422574,0.019888018631134985,847.2979870605469
2023-02-28,834.1973266601562,854.8499755859375,858.0,850.0,854.9000244140625,19600146,-0.001809926198510059,846.2909191894531
2023-03-01,835.6123046875,856.2999877929688,864.0,851.8499755859375,864.0,11015843,0.0016962150106722973,845.2487219238282
2023-03-02,833.3678588867188,854.0,861.8499755859375,851.0999755859375,853.0,12327141,-0.002685989409431433,844.5022033691406
2023-03-03,847.56640625,868.5499877929688,873.0,849.8499755859375,856.75,12823098,0.01703755095888737,844.0708825683594
2023-03-06,846.78564453125,867.75,876.8499755859375,865.3499755859375,871.75,13904231,-0.0009211805859606903,843.8532690429688
2023-03-08,851.0305786132812,872.0999755859375,873.6500244140625,861.5,866.6500244140625,16144568,0.0050129972200709805,843.4414636230468
2023-03-09,835.2708129882812,855.9500122070312,869.7999877929688,854.1500244140625,867.2000122070312,10624440,-0.018518448127539555,842.5690625
2023-03-10,822.2921142578125,842.6500244140625,845.3499755859375,836.25,844.7000122070312,17273189,-0.01553831227986513,841.4702673339843
2023-03-13,808.3863525390625,828.4000244140625,855.2999877929688,823.9500122070312,841.4500122070312,16413159,-0.016910975403553685,839.9157531738281
2023-03-14,810.2892456054688,830.3499755859375,834.4500122070312,818.25,827.0,15456802,0.0023539401183969577,838.7349877929687
2023-03-15,805.94677734375,825.9000244140625,843.9500122070312,822.2000122070312,836.4500122070312,12914488,-0.0053591582083432066,837.2409765625
2023-03-16,803.9951171875,823.9000244140625,831.2999877929688,810.2999877929688,829.7000122070312,14987868,-0.0024215744899214187,835.7294006347656
2023-03-17,816.046630859375,836.25,838.4000244140625,818.6500244140625,831.7999877929688,11104490,0.014989535899214257,834.5027685546875
2023-03-20,816.241943359375,836.4500122070312,837.7999877929688,825.0,837.0,14838651,0.00023933987668600665,833.6694018554688
2023-03-21,831.8065795898438,852.4000244140625,854.5,839.0499877929688,843.0,18755854,0.01906865526465107,833.3239562988281
2023-03-22,839.4180908203125,860.2000122070312,862.5499877929688,851.0,857.6500244140625,17431520,0.009150578292157707,833.0673120117187
2023-03-23,834.7828369140625,855.4500122070312,867.4500122070312,852.7999877929688,857.0,17920621,-0.005521984761753473,832.9521630859375
2023-03-24,831.8065795898438,852.4000244140625,860.0,849.1500244140625,852.5,17295696,-0.0035653072782629858,832.6808813476563
2023-03-27,828.1958618164062,848.7000122070312,856.4000244140625,844.0499877929688,854.9500122070312,17047675,-0.00434081415323484,832.4476550292969
2023-03-28,834.0997314453125,854.75,858.9000244140625,848.2000122070312,855.5499877929688,24469018,0.0071285910750118475,832.0826904296875
2023-03-29,830.4403686523438,851.0,862.0999755859375,848.0,857.0499877929688,34881515,-0.004387200540908798,831.8045764160156
2023-03-31,856.05615234375,877.25,881.0,858.5,861.9500122070312,25739021,0.03084602417988913,832.0407287597657
2023-04-03,862.4478759765625,883.7999877929688,887.0999755859375,868.8499755859375,880.2000122070312,26416933,0.007466477070824151,832.3198181152344
2023-04-05,863.2285766601562,884.5999755859375,887.75,874.0,886.5999755859375,21068934,0.000905214918304198,832.67990234375
2023-04-06,853.8605346679688,875.0,890.0999755859375,872.7000122070312,882.0,26042745,-0.01085233070994085,832.7706567382812
2023-04-10,847.4688110351562,868.4500122070312,882.7999877929688,864.4000244140625,880.0499877929688,30906205,-0.007485676376058237,832.7072277832032
2023-04-11,860.5938720703125,881.9000244140625,885.5999755859375,865.0,873.7000122070312,39504022,0.015487367634360982,832.9248413085937
2023-04-12,868.64453125,890.1500244140625,892.0,880.2999877929688,883.4500122070312,22686032,0.009354771676819196,833.6050036621094
2023-04-13,877.2806396484375,899.0,901.6500244140624,886.5,891.0999755859375,34439635,0.0099420511932653,835.2014782714843
2023-04-17,879.5250854492188,901.2999877929688,917.2999877929688,893.1500244140625,917.2999877929688,29957514,0.002558412552772893,836.7198864746093
2023-04-18,875.1826171875,896.8499755859375,907.9500122070312,894.0999755859375,907.9500122070312,26699379,-0.004937287558433701,837.9875024414063
2023-04-19,870.3522338867188,891.9000244140625,896.9000244140625,887.25,895.9000244140625,24377956,-0.005519286153447878,838.8452661132812
2023-04-20,872.7919311523438,894.4000244140625,899.2999877929688,889.2000122070312,892.25,16999919,0.002803114843205501,839.5576318359375
2023-04-21,864.2532348632812,885.6500244140625,900.7000122070312,882.4000244140625,894.5499877929688,29578071,-0.009783198015807626,839.9840734863282
2023-04-24,882.8917846679688,904.75,906.5,895.0,905.0,30881665,0.021566074679067793,840.9804064941407
2023-04-25,891.381591796875,913.4500122070312,916.0,903.0999755859376,906.2999877929688,41383839,0.009615909080068041,842.1650769042968
2023-04-26,892.8453369140625,914.9500122070312,916.9500122070312,905.75,911.4500122070312,30371555,0.0016421083076629817,843.2550915527344
2023-04-27,896.1631469726562,918.3499755859376,919.9000244140624,908.5499877929688,909.5,25835108,0.0037159964009680913,844.3782824707031
2023-04-28,895.4801025390625,917.6500244140624,920.4500122070312,910.25,915.0999755859376,20381002,-0.000762187594860575,845.6234558105468
2023-05-02,899.8225708007812,922.0999755859376,925.7999877929688,918.7000122070312,924.0,17515017,0.004849318538073577,847.0179296875
2023-05-03,900.5545043945312,922.8499755859376,923.8499755859376,911.5499877929688,919.5499877929688,18715142,0.0008134199091034411,848.141123046875
2023-05-04,899.4323120117188,921.7000122070312,923.9000244140624,911.7999877929688,920.0,20485002,-0.0012461126753976481,849.1345300292969
2023-05-05,904.5554809570312,926.9500122070312,942.4500122070312,923.4500122070312,925.0,19002035,0.005696002775188003,850.2567468261718
2023-05-08,915.2409057617188,937.9000244140624,941.7000122070312,927.0,927.0,18623913,0.01181290150758052,851.7253869628906
2023-05-09,911.8255004882812,934.4000244140624,945.0,931.7999877929688,941.0,21507610,-0.0037317008581417843,853.3316223144532
2023-05-10,913.435546875,936.0499877929688,941.0,928.25,934.5999755859376,25910923,0.0017657395914640883,854.929072265625
2023-05-11,916.509521484375,939.2000122070312,947.0,933.8499755859376,940.0499877929688,20027372,0.0033652890123354595,856.8797790527344
2023-05-12,921.095947265625,943.9000244140624,948.0,935.0999755859376,939.75,13873480,0.005004231460489228,858.9124560546875
2023-05-15,922.9013061523438,945.75,949.0,938.2000122070312,943.75,10453762,0.00196001175781757,860.9822143554687
2023-05-16,923.4867553710938,946.3499755859376,952.2000122070312,943.0,950.0,19612293,0.0006343573411882186,862.7377514648438
2023-05-17,916.6558227539062,939.3499755859376,948.4000244140624,935.7999877929688,947.2999877929688,19273344,-0.007396892892570617,864.3869213867188
2023-05-18,923.6331176757812,946.5,952.25,942.0999755859376,947.9500122070312,21550141,0.007611684504346572,866.1473376464844
2023-05-19,931.2446899414062,954.2999877929688,956.0,941.5999755859376,951.4500122070312,15427412,0.008240904445672825,868.1048742675781
2023-05-22,927.3900146484376,950.3499755859376,954.25,946.1500244140624,951.0499877929688,15509525,-0.004139272239191194,869.7013464355468
2023-05-23,930.366455078125,953.4000244140624,958.8499755859376,945.0,952.0,16579935,0.003209480782274454,871.3729626464843
2023-05-24,917.9244995117188,940.6500244140624,953.8499755859376,938.5,946.7000122070312,18049620,-0.013373177309323192,872.7108410644531
2023-05-25,917.143798828125,939.8499755859376,941.5999755859376,932.9500122070312,937.0,19328582,-0.0008505064240130755,874.34830078125
2023-05-26,927.7316284179688,950.7000122070312,952.4500122070312,935.5499877929688,939.7999877929688,10957182,0.011544350627864741,876.4570910644532
2023-05-29,925.2432861328124,948.1500244140624,957.5999755859376,946.7999877929688,953.8499755859376,12108079,-0.0026821789932931495,878.7942297363281
2023-05-30,926.9998168945312,949.9500122070312,952.2999877929688,944.6500244140624,945.3499755859376,18483624,0.0018984528588805727,881.1284411621094
2023-05-31,926.2191162109376,949.1500244140624,952.0,940.5,949.5,27254425,-0.0008421799760532922,883.5338879394532
2023-06-01,913.4843139648438,936.0999755859376,954.25,932.7999877929688,954.25,21650700,-0.01374923279298157,885.723671875
2023-06-02,915.4848022460938,938.1500244140624,944.6500244140624,935.0499877929688,943.0,12494376,0.0021899536211706927,887.7124353027343
2023-06-05,923.8770751953124,946.75,951.7999877929688,943.0,943.0,10751684,0.009167025961139608,889.8651379394531
2023-06-06,919.3394165039062,942.0999755859376,947.7999877929688,938.0999755859376,946.5,11894330,-0.004911539438779644,891.6157946777344
2023-06-07,917.4853515625,940.2000122070312,945.8499755859376,933.7999877929688,944.3499755859376,16486469,-0.002016736047777634,893.1771398925781
2023-06-08,915.2409057617188,937.9000244140624,950.5,935.2000122070312,936.5999755859376,17608140,-0.0024463015098376006,894.7863012695312
2023-06-09,915.3872680664062,938.0499877929688,944.0,936.2000122070312,941.4000244140624,12253128,0.00015991669927140073,896.4579150390625
2023-06-12,913.3380126953124,935.9500122070312,943.5,933.2999877929688,938.0,10520125,-0.0022386758507386695,898.1607580566406
2023-06-13,920.7543334960938,943.5499877929688,946.25,934.0999755859376,935.9000244140624,13528776,0.008120017668919122,899.8938500976562
2023-06-14,917.0950317382812,939.7999877929688,946.9500122070312,936.25,946.0499877929688,13489262,-0.003974243318430215,901.626943359375
2023-06-15,904.2138671875,926.5999755859376,942.9500122070312,924.3499755859376,940.7000122070312,19366819,-0.014045615890390328,902.59009765625
2023-06-16,911.6303100585938,934.2000122070312,937.75,927.0,929.2999877929688,11249387,0.008202089284653491,903.5737463378906
2023-06-19,900.8472900390624,923.1500244140624,933.9500122070312,918.7000122070312,933.5,19351375,-0.01182828159677829,904.3261206054688
2023-06-20,903.1892700195312,925.5499877929688,928.5499877929688,914.7999877929688,920.9500122070312,15212286,0.0025997524845384756,905.3126953125
2023-06-21,902.3598022460938,924.7000122070312,928.4000244140624,920.0,928.0,9210553,-0.0009183764698837971,906.4105151367188
2023-06-22,903.3844604492188,925.75,935.5499877929688,920.7000122070312,924.4000244140624,27291569,0.0011355317475074678,907.2663269042969
2023-06-23,901.1887817382812,923.5,931.9000244140624,919.0,926.0499877929688,8767733,-0.002430503077112567,907.9172119140625
2023-06-26,905.0433349609376,927.4500122070312,931.7999877929688,923.2000122070312,927.0999755859376,11749040,0.004277187311654496,908.4724658203126
2023-06-27,913.4843139648438,936.0999755859376,939.9500122070312,922.2000122070312,930.0,13422726,0.009326602028697728,909.151650390625
2023-06-28,914.8017578125,937.4500122070312,944.0,934.2999877929688,944.0,25708001,0.0014422183583406856,909.944033203125
2023-06-30,912.0205688476562,934.5999755859376,942.2000122070312,930.6500244140624,940.5,13843218,-0.00304020946734318,910.7773999023437
2023-07-03,919.7785034179688,942.5499877929688,945.75,936.5,937.0,12350359,0.008506315356587413,911.7171313476563
2023-07-04,921.8766479492188,944.7000122070312,951.2999877929688,942.0,947.25,14041699,0.0022811410828293965,912.869599609375
2023-07-05,934.8552856445312,958.0,964.75,941.0,942.0499877929688,13817767,0.014078497078957808,913.9088696289062
2023-07-06,936.2214965820312,959.4000244140624,963.9000244140624,954.0,954.7000122070312,16334427,0.0014614143584352757,914.8056677246094
2023-07-07,923.5355834960938,946.4000244140624,955.0499877929688,943.7999877929688,953.0,8593807,-0.013550119423930584,915.41947265625
2023-07-10,925.4872436523438,948.4000244140624,952.9000244140624,941.3499755859376,946.0,12069184,0.0021132484672241603,916.0059545898438
2023-07-11,922.12060546875,944.9500122070312,952.7000122070312,941.9000244140624,948.4000244140624,16977595,-0.003637692692886496,916.5387646484374
2023-07-12,921.5838623046876,944.4000244140624,951.1500244140624,941.25,948.4000244140624,21511161,-0.0005820747968098283,916.9739904785156
2023-07-13,932.61083984375,955.7000122070312,959.25,942.2000122070312,947.7000122070312,23222286,0.011965245909890676,917.6151171875
2023-07-14,936.8557739257812,960.0499877929688,965.0,951.3499755859376,959.75,12871569,0.004551667105587631,918.3635864257812
2023-07-17,945.2967529296876,968.7000122070312,973.7999877929688,952.8499755859376,962.9000244140624,16290763,0.009009902312429041,919.1784118652344
2023-07-18,951.8837280273438,975.4500122070312,987.9500122070312,971.1500244140624,978.0,29709508,0.006968155848670499,919.9112683105469
2023-07-19,949.9320068359376,973.4500122070312,980.0,967.5499877929688,980.0,15994261,-0.002050377723601615,920.6733984375
2023-07-20,971.546875,995.5999755859376,998.1500244140624,972.0999755859376,976.0499877929688,26487838,0.022754121356598933,921.835625
2023-07-21,972.9130859375,997.0,1001.4500122070312,988.7999877929688,995.2999877929688,16903003,0.0014062223580308952,922.9636962890625
2023-07-24,968.0338745117188,992.0,1008.7000122070312,990.0999755859376,1004.9500122070312,21687719,-0.005015053755885734,923.9024548339844
2023-07-25,970.6686401367188,994.7000122070312,999.0,988.25,999.0,29325327,0.0027217700685620017,924.8578015136719
2023-07-26,972.3764038085938,996.4500122070312,997.75,990.0,993.0999755859376,12780537,0.0017593683377208347,925.8355944824219
2023-07-27,966.326171875,990.25,1006.5,987.2000122070312,1002.5499877929688,25932395,-0.006222108958934269,926.8290014648437
2023-07-28,972.1324462890624,996.2000122070312,998.7000122070312,977.0499877929688,988.0,12584130,0.0060086072208891395,927.7989880371093
2023-07-31,974.181640625,998.2999877929688,999.4000244140624,988.5999755859376,996.0,14303116,0.002107937394498105,928.6577270507812
2023-08-01,970.522216796875,994.5499877929688,1003.7000122070312,990.4500122070312,1001.6500244140624,15508569,-0.0037564081230039292,929.52037109375
2023-08-02,963.1058959960938,986.9500122070312,994.0999755859376,977.5,985.25,15787996,-0.007641577567650271,930.1751599121094
2023-08-03,941.6862182617188,965.0,983.0,960.0499877929688,976.5499877929688,30994707,-0.02224021036878987,930.6503942871094
2023-08-04,947.0532836914062,970.5,976.0,961.25,968.6500244140624,20582882,0.005699420173733261,931.248583984375
2023-08-07,952.078857421875,975.6500244140624,981.5,968.2000122070312,970.9500122070312,16686062,0.005306537464164762,931.7355285644531
2023-08-08,956.2262573242188,979.9000244140624,986.5999755859376,972.2999877929688,975.75,23784778,0.004356151667493702,932.3551879882813
2023-08-09,957.0133056640624,972.7000122070312,975.2999877929688,963.5999755859376,974.9500122070312,19317331,0.0008230775235622545,932.9554577636719
2023-08-10,948.552001953125,964.0999755859376,973.6500244140624,959.4500122070312,971.5499877929688,24858441,-0.008841364755180825,933.4021154785156
2023-08-11,937.4833984375,952.8499755859376,963.5,950.0,963.4000244140624,17162177,-0.011668947504020921,933.8820971679687
2023-08-14,944.0753784179688,959.5499877929688,962.9000244140624,946.0,949.0,19026691,0.0070315698298824,934.4539086914062
2023-08-16,941.0745239257812,956.5,959.7999877929688,946.5999755859376,954.4500122070312,17930805,-0.003178617471431333,934.7978576660156
2023-08-17,936.3027954101562,951.6500244140624,957.7999877929688,946.4500122070312,956.9500122070312,27077611,-0.005070510777105408,935.1371252441406
2023-08-18,935.3189086914062,950.6500244140624,955.0,946.0,947.9000244140624,13257508,-0.0010508210843469534,935.4937963867187
2023-08-21,939.7955322265624,955.2000122070312,959.2999877929688,948.4000244140624,950.7000122070312,13358017,0.0047862001864362735,935.9848889160156
2023-08-22,936.6471557617188,952.0,956.9500122070312,949.2999877929688,956.4000244140624,16872719,-0.003350065367287436,936.4100866699218
2023-08-23,951.2576293945312,966.8499755859376,968.0499877929688,949.8499755859376,954.0,14707331,0.01559869534961722,937.1684790039062
2023-08-24,953.3237915039062,968.9500122070312,982.4000244140624,966.75,972.5,28389740,0.0021720321031117873,937.8198681640625
2023-08-25,954.7504272460938,970.4000244140624,972.5999755859376,960.2000122070312,962.9500122070312,10275758,0.0014964860364357069,938.5729760742188
2023-08-28,954.8980102539062,970.5499877929688,975.0,965.0499877929688,969.9500122070312,10481574,0.00015457757713521758,939.5866589355469
2023-08-29,952.1431274414062,967.75,977.25,965.6500244140624,973.2999877929688,13209913,-0.0028850021498814105,940.3969152832032
2023-08-30,943.4359130859376,958.9000244140624,975.9000244140624,955.4000244140624,970.4500122070312,13936165,-0.00914485869248105,941.2486877441406
2023-08-31,943.2882690429688,958.75,966.2000122070312,954.0499877929688,960.0,36675400,-0.0001564961020891209,942.0506677246094
2023-09-01,953.0778198242188,968.7000122070312,973.0499877929688,952.7999877929688,956.9000244140624,16268147,0.010378111445382698,943.0650280761719
2023-09-04,951.7495727539062,967.3499755859376,969.0499877929688,960.5499877929688,968.7000122070312,9512956,-0.0013936396825995345,944.0323303222656
2023-09-05,952.7826538085938,968.4000244140624,970.0,962.25,964.0999755859376,16623486,0.0010854547081100563,945.0642077636719
2023-09-06,942.0584716796876,957.5,969.5,950.7999877929688,962.5499877929688,30802100,-0.011255643756777012,945.8045104980469
2023-09-07,950.0770263671876,965.6500244140624,969.5,954.7000122070312,957.4000244140624,13462347,0.0085117377833277,946.5363647460938
2023-09-08,954.8980102539062,970.5499877929688,975.0,961.25,967.5,13086915,0.005074308453865806,947.3382897949218
2023-09-11,962.4738159179688,978.25,982.0,969.3499755859376,974.9500122070312,7894110,0.00793362807620479,948.3473547363282
2023-09-12,974.5262451171876,990.5,995.1500244140624,982.6500244140624,990.0999755859376,20959591,0.012522345023717518,949.4423095703125
2023-09-13,973.8375244140624,989.7999877929688,994.8499755859376,980.5499877929688,989.7999877929688,21997553,-0.0007067236070613658,950.4815270996094
2023-09-14,971.7714233398438,987.7000122070312,992.9000244140624,982.25,992.2999877929688,11464188,-0.002121607580753082,951.2198498535156
2023-09-15,976.44482421875,992.4500122070312,997.5,988.5999755859376,990.3499755859376,13307980,0.004809156522471492,952.02431640625
2023-09-18,974.2311401367188,990.2000122070312,996.25,987.2999877929688,990.0999755859376,16713222,-0.002267085683824943,953.0382275390625
2023-09-20,971.2302856445312,987.1500244140624,996.0,980.6500244140624,981.5499877929688,25741856,-0.0030802284679243286,953.9530883789063
2023-09-21,943.8294067382812,959.2999877929688,982.5,957.4500122070312,979.9500122070312,19742813,-0.028212545789864985,954.3872644042968
2023-09-22,934.9744873046876,950.2999877929688,960.9000244140624,947.4000244140624,956.5,12701888,-0.009381906698790798,954.6550769042968
2023-09-25,940.9269409179688,956.3499755859376,961.2000122070312,941.5,950.2999877929688,8997098,0.006366434265431931,954.8213989257813
2023-09-26,933.4003295898438,948.7000122070312,958.9500122070312,947.0999755859376,958.9500122070312,10521409,-0.007999145311730627,954.7522900390625
2023-09-27,927.890625,943.0999755859376,946.5,934.4000244140624,946.2999877929688,15152973,-0.005902831202411085,954.4041674804688
2023-09-28,927.398681640625,942.5999755859376,947.25,934.75,945.5,25991282,-0.0005301738654542865,953.9144665527343
2023-09-29,936.5487670898438,951.9000244140624,956.0,943.7000122070312,946.7000122070312,10447334,0.009866399025963313,953.6468017578125
2023-10-03,925.1358032226562,940.2999877929688,951.5999755859376,939.0,951.5999755859376,11131636,-0.012186192826510456,952.7185803222657
2023-10-04,915.0510864257812,930.0499877929688,935.5,925.0,935.0,17334739,-0.01090079614446382,951.5613403320312
2023-10-05,925.6769409179688,940.8499755859376,943.9500122070312,934.5499877929688,935.2000122070312,10478856,0.011612307388970455,950.7142016601563
2023-10-06,929.9568481445312,945.2000122070312,946.5499877929688,938.0,946.0,6355755,0.004623543093034366,949.8999658203124
2023-10-09,923.4632568359376,938.5999755859376,942.0499877929688,936.2999877929688,940.25,6725306,-0.006982680241077621,948.9217028808594
2023-10-10,935.8600463867188,951.2000122070312,957.5,940.3499755859376,940.4000244140624,11452715,0.013424236924440613,948.3123803710937
2023-10-11,937.7293701171876,953.0999755859376,962.0499877929688,950.75,954.9000244140624,12233117,0.001997439400994061,947.6243188476562
2023-10-12,938.86083984375,954.25,960.0999755859376,948.4000244140624,952.8499755859376,7836818,0.0012066058317241612,946.9179028320312
2023-10-13,935.9584350585938,951.2999877929688,957.4000244140624,944.5499877929688,949.9500122070312,6650442,-0.0030914110611315326,946.2266271972657
2023-10-16,936.056884765625,951.4000244140624,954.8499755859376,946.1500244140624,948.5,5763024,0.00010518598192343909,945.6856469726563
2023-10-17,938.5165405273438,953.9000244140624,960.9500122070312,951.5,955.4000244140624,7747527,0.002627677656934946,945.6222534179688
2023-10-18,928.5301513671876,943.75,950.6500244140624,939.0999755859376,949.2000122070312,12000153,-0.010640610718000598,945.2517907714844
2023-10-19,920.6591796875,935.75,945.0,934.0,936.0,8612676,-0.00847680785389493,944.6233972167969
2023-10-20,917.7075805664062,932.75,940.0,930.0,932.0,6586576,-0.0032059628429443876,943.8530236816406
2023-10-23,914.9527587890624,929.9500122070312,944.7999877929688,925.4000244140624,942.0,11856890,-0.003001851391097321,943.0118127441406
2023-10-25,901.3260498046876,916.0999755859376,933.7999877929688,911.4000244140624,926.0499877929688,12593434,-0.014893347064617535,942.0672937011718
2023-10-26,893.9962768554688,908.6500244140624,916.5999755859376,899.0,914.2999877929688,21693345,-0.008132210259325312,941.1975512695312
2023-10-27,898.0301513671875,912.75,918.1500244140624,911.2999877929688,916.0,8645505,0.004512182674750509,940.2766467285156
2023-10-30,909.9841918945312,924.9000244140624,926.2999877929688,908.2000122070312,909.0999755859376,7687791,0.01331140219417426,939.6548400878906
2023-10-31,900.5881958007812,915.3499755859376,931.0,914.0999755859376,929.2999877929688,17211107,-0.01032544980170269,938.9405480957031
2023-11-01,899.3091430664062,914.0499877929688,917.5999755859376,909.2999877929688,913.7999877929688,12927203,-0.0014202415047620542,938.2203527832031
2023-11-02,905.114013671875,919.9500122070312,924.7999877929688,912.7999877929688,920.0499877929688,9747311,0.00645481106271828,937.5267224121094
2023-11-03,918.7406616210938,933.7999877929688,934.5,926.7999877929688,928.5499877929688,7146961,0.01505517287699254,937.1685925292969
2023-11-06,930.2028198242188,945.4500122070312,947.75,937.4000244140624,941.0,10338367,0.01247594526065754,936.7474963378907
2023-11-07,932.8099975585938,948.0999755859376,950.4500122070312,930.4500122070312,943.5999755859376,15704942,0.0028028056664757273,936.3372204589843
2023-11-08,920.6591796875,935.75,948.4500122070312,934.0999755859376,948.4500122070312,17606074,-0.01302603735261798,935.6553955078125
2023-11-09,922.2333374023438,937.3499755859376,942.3499755859376,933.0,934.0,9406117,0.0017098159118753564,935.0021020507812
2023-11-10,923.4632568359376,938.5999755859376,941.4500122070312,932.4000244140624,934.9000244140624,9560455,0.0013336315048619873,934.4285046386718
2023-11-13,919.3801879882812,934.4500122070312,940.9000244140624,932.0,940.9000244140624,11470096,-0.004421474073203702,933.9473901367187
2023-11-15,925.9229125976562,941.0999755859376,944.4000244140624,938.75,944.4000244140624,19492138,0.007116451599518792,933.6000830078125
2023-11-16,920.9051513671876,936.0,946.2000122070312,934.0,939.0,19706373,-0.005419199765120175,932.9566296386719
2023-11-17,906.9833374023438,921.8499755859376,938.4000244140624,920.1500244140624,926.5499877929688,10956653,-0.01511753294481566,932.0613049316406
2023-11-20,906.58984375,921.4500122070312,926.75,917.5,922.0,10562301,-0.0004338488218215142,931.1374487304688
2023-11-21,911.164794921875,926.0999755859376,928.0499877929688,922.0,924.4000244140624,8989572,0.005046329609155187,930.5195751953125
2023-11-22,907.8688354492188,922.75,925.2000122070312,914.75,923.25,12197979,-0.0036173033583226655,929.6754113769531
2023-11-23,908.1148071289062,923.0,925.3499755859376,918.5,923.0,5534614,0.0002709330578196667,928.7397473144531
2023-11-24,914.41162109375,929.4000244140624,930.4000244140624,920.2000122070312,921.5,7452002,0.0069339404174586505,927.7785034179688
2023-11-28,910.5745239257812,925.5,931.0499877929688,921.7000122070312,928.9000244140624,14231987,-0.004196247159872213,926.4994689941407
2023-11-29,924.4470825195312,939.5999755859376,941.0999755859376,926.0,930.9000244140624,11680078,0.015234951373272354,925.51166015625
2023-11-30,919.8721313476562,934.9500122070312,940.8499755859376,928.2000122070312,938.9500122070312,23950292,-0.004948851327872927,924.4736743164062
2023-12-01,931.4326171875,946.7000122070312,952.0,933.0,935.9500122070312,16986046,0.012567492204494934,923.5734301757813
2023-12-04,975.2149658203124,991.2000122070312,994.8499755859376,961.4000244140624,963.7000122070312,33131257,0.04700538485007644,923.5931066894532
2023-12-05,997.1061401367188,1013.4500122070312,1015.75,995.0499877929688,1002.5,31378461,0.022447537295525732,924.1106237792969
2023-12-06,987.0706176757812,1003.25,1016.25,1000.25,1014.0,18786590,-0.0100646481422344,924.9754479980469
2023-12-07,982.88916015625,999.0,1002.2000122070312,988.1500244140624,996.3499755859376,11841945,-0.004236229348389631,925.9337414550781
2023-12-08,994.5480346679688,1010.8499755859376,1012.8499755859376,993.25,994.5,16116363,0.0118618405658939,927.0061633300782
2023-12-11,1000.697265625,1017.0999755859376,1020.0,1004.6500244140624,1007.0999755859376,11714606,0.006182940132282377,928.3521020507812
2023-12-12,999.3198852539062,1015.7000122070312,1021.0,1008.5999755859376,1017.0999755859376,12380856,-0.0013764206402957502,929.7806872558593
2023-12-13,997.5488891601562,1013.9000244140624,1020.7000122070312,1009.2000122070312,1014.7999877929688,15887040,-0.0017722013940510983,931.18369140625
2023-12-14,1016.9804077148438,1033.6500244140625,1040.0,1021.25,1022.25,16317672,0.019479264390787954,932.79232421875
2023-12-15,1020.6699829101562,1037.4000244140625,1043.699951171875,1025.699951171875,1043.6500244140625,14306067,0.0036279707724193866,934.7030078125
2023-12-18,1004.9771728515624,1021.4500122070312,1029.949951171875,1018.0,1029.949951171875,8592711,-0.01537500888764276,936.5015295410157
2023-12-19,999.0739135742188,1015.4500122070312,1025.5,1012.5999755859376,1025.5,10094256,-0.005874023248302773,937.9694689941406
2023-12-20,990.415771484375,1006.6500244140624,1022.0,1002.0,1022.0,16490281,-0.008666167710123629,939.1786474609376
2023-12-21,988.2020874023438,1004.4000244140624,1010.9000244140624,989.2000122070312,996.5499877929688,18064916,-0.0022351058472276364,940.4734240722656
2023-12-22,978.2649536132812,994.2999877929688,1009.5499877929688,991.5999755859376,1002.9500122070312,20881976,-0.010055770895185945,941.3215222167969
2023-12-26,979.052001953125,995.0999755859376,997.5,989.9000244140624,994.9000244140624,14339699,0.0008045349441752059,942.1479748535156
2023-12-27,986.0867919921876,1002.25,1004.9000244140624,992.0,997.9500122070312,12996468,0.007185307853953438,943.0924938964844
2023-12-28,989.6779174804688,1005.9000244140624,1011.7000122070312,999.0999755859376,1008.0,24915990,0.003641794533142395,944.1668835449219
2023-12-29,980.5278930664062,996.5999755859376,1008.5499877929688,993.7000122070312,1004.0499877929688,12280140,-0.009245456781896033,945.0563037109375
2024-01-01,983.28271484375,999.4000244140624,1004.8499755859376,991.0,991.5499877929688,7683792,0.0028095292309620046,945.9516271972657
2024-01-02,966.4092407226562,982.25,997.6500244140624,980.25,997.0,16263825,-0.01716034856137494,946.709208984375
2024-01-03,968.1802978515624,984.0499877929688,988.0,975.0999755859376,984.7000122070312,16826752,0.0018326160950010717,947.6596313476563
2024-01-04,971.2302856445312,987.1500244140624,989.1500244140624,981.9000244140624,986.4000244140624,22789140,0.0031502270803660526,948.7300854492188
2024-01-05,977.6746215820312,993.7000122070312,998.2999877929688,983.7999877929688,988.0,14875499,0.006635229597709014,949.9845227050781
2024-01-08,966.1632690429688,982.0,998.2000122070312,980.2999877929688,994.0,8393164,-0.011774216375214253,951.2812670898437
2024-01-09,963.9495849609376,979.75,995.0,975.4000244140624,986.25,14660414,-0.002291211178234831,952.6803332519531
2024-01-10,977.0350952148438,993.0499877929688,994.9500122070312,974.2999877929688,974.2999877929688,9409181,0.01357489069766693,954.2604321289062
2024-01-11,975.165771484375,991.1500244140624,998.5,986.8499755859376,995.2999877929688,6451345,-0.0019132616009639447,955.5640637207031
2024-01-12,987.3165893554688,1003.5,1008.7000122070312,991.75,994.7999877929688,12255743,0.012460258785127465,957.2986315917968
2024-01-15,993.5641479492188,1009.8499755859376,1011.6500244140624,999.25,1003.5,12388044,0.006327816893898719,959.1837316894531
2024-01-16,992.777099609375,1009.0499877929688,1015.7999877929688,1004.5999755859376,1006.0999755859376,11505126,-0.0007921464773746889,960.9369934082031
2024-01-17,965.9173583984376,981.75,1007.7999877929688,976.75,987.9000244140624,41914771,-0.027055157921658135,961.88052734375
2024-01-18,970.443115234375,986.3499755859376,994.2999877929688,970.1500244140624,973.9500122070312,17902484,0.004685449326059743,962.6853332519531
2024-01-19,983.0859375,999.2000122070312,1010.9000244140624,987.5499877929688,991.2999877929688,23271148,0.013027885990588572,963.6908520507812
2024-01-23,1012.45458984375,1029.050048828125,1059.4000244140625,1021.2000122070312,1059.0999755859375,50797448,0.029873942066992454,965.5267602539062
2024-01-24,983.0859375,999.2000122070312,1035.949951171875,996.6500244140624,1029.449951171875,34578943,-0.029007377356333963,966.7438122558593
2024-01-25,993.66259765625,1009.9500122070312,1015.0999755859376,988.1500244140624,998.4000244140624,28315035,0.01075863233599561,968.1477990722656
2024-01-29,1000.0086059570312,1016.4000244140624,1032.0,1010.0,1020.0,14078922,0.006386482006819572,969.7603674316406
2024-01-30,1000.5005493164062,1016.9000244140624,1023.8499755859376,1008.0,1014.9500122070312,16085742,0.0004919391257680594,971.2519201660157
2024-01-31,1011.569091796875,1028.1500244140625,1039.0,1003.25,1016.7999877929688,25627447,0.011063004900928153,973.0651989746094
2024-02-01,1008.617431640625,1025.1500244140625,1033.949951171875,1017.4000244140624,1033.949951171875,13058880,-0.0029179026723789026,975.097880859375
2024-02-02,1007.4859619140624,1024.0,1050.0,1021.6500244140624,1037.0999755859375,14774650,-0.0011218026687503935,977.1158032226563
2024-02-05,1006.9940795898438,1023.5,1026.449951171875,1012.0999755859376,1022.5,12948430,-0.0004882274719582025,979.0323889160156
2024-02-06,1009.8472900390624,1026.4000244140625,1034.9000244140625,1016.7000122070312,1023.5499877929688,12886927,0.002833393469781731,981.0719580078126
2024-02-07,1005.6658935546876,1022.1500244140624,1031.550048828125,1013.0,1028.0,16410895,-0.004140622572956554,983.0229797363281
2024-02-08,973.3456420898438,989.2999877929688,1028.25,985.25,1024.0999755859375,20565502,-0.03213816007083903,984.20166015625
2024-02-09,994.4005126953124,1010.7000122070312,1013.75,985.5,988.8499755859376,12799837,0.021631442824629366,985.8781799316406
2024-02-12,980.0359497070312,996.0999755859376,1012.2000122070312,985.25,1010.4000244140624,8050066,-0.014445450102741897,986.9899572753907
2024-02-13,1003.3536987304688,1019.7999877929688,1027.050048828125,1000.2999877929688,1006.0,18706292,0.023792748654177354,988.6595886230468
2024-02-14,1006.2069702148438,1022.7000122070312,1035.699951171875,1007.5499877929688,1009.5499877929688,17878720,0.0028437344557410427,990.1550756835937
2024-02-15,1000.2545776367188,1016.6500244140624,1026.6500244140625,1006.5999755859376,1022.8499755859376,10069878,-0.0059156741647834465,990.6558679199219
2024-02-16,1006.7481079101562,1023.25,1026.199951171875,1016.9000244140624,1023.2000122070312,7159395,0.00649187758658365,990.8487072753907
2024-02-19,1026.91748046875,1043.75,1046.0,1023.3499755859376,1023.3499755859376,9388255,0.020034179751737602,991.64564453125
2024-02-20,1031.8369140625,1048.75,1052.6500244140625,1033.25,1041.050048828125,11293528,0.004790485786165144,992.624599609375
2024-02-21,1034.9852294921875,1051.949951171875,1064.0,1048.0,1056.800048828125,15946325,0.0030511754200497343,993.4333435058594
2024-02-22,1045.5618896484375,1062.699951171875,1066.0,1040.300048828125,1056.0,13432573,0.010219141157637113,994.3306359863282
2024-02-23,1044.1844482421875,1061.300048828125,1070.0,1057.6500244140625,1070.0,13142759,-0.0013174173809196166,995.2279272460937
2024-02-26,1037.198974609375,1054.199951171875,1062.300048828125,1050.5,1053.0999755859375,7875941,-0.00668988476563892,996.0209289550781
2024-02-27,1043.10205078125,1060.199951171875,1066.199951171875,1046.5,1050.75,10580973,0.005691363293237162,996.5433618164062
2024-02-28,1029.327880859375,1046.199951171875,1064.8499755859375,1042.1500244140625,1063.0,7730332,-0.013205007037958127,996.7165197753907
2024-02-29,1035.231201171875,1052.199951171875,1060.699951171875,1038.5,1043.050048828125,20944844,0.00573512135663834,997.3216003417969
2024-03-01,1069.37158203125,1086.9000244140625,1089.949951171875,1054.0,1055.0,14909562,0.03297850839573635,998.7275537109375
2024-03-04,1074.733642578125,1092.3499755859375,1095.0,1080.0999755859375,1081.0,11424581,0.005014216421096451,1000.4139111328125
2024-03-05,1070.5030517578125,1088.050048828125,1099.5,1076.5,1086.199951171875,9222544,-0.003936408662302493,1002.0599304199219
2024-03-06,1079.4071044921875,1097.0999755859375,1113.550048828125,1080.300048828125,1080.300048828125,21796484,0.008317634143830022,1004.0827734375
2024-03-07,1070.4046630859375,1087.949951171875,1095.0,1082.699951171875,1094.949951171875,9963926,-0.008340172460218565,1005.9098266601562
2024-03-11,1061.3038330078125,1078.699951171875,1087.949951171875,1076.75,1087.949951171875,13310362,-0.00850223321326693,1007.4141674804688
2024-03-12,1059.483642578125,1076.8499755859375,1094.800048828125,1055.6500244140625,1077.050048828125,21785435,-0.0017150512163222054,1008.8102819824219
2024-03-13,1066.4691162109375,1083.949951171875,1089.6500244140625,1073.1500244140625,1077.1500244140625,24855870,0.006593281247659677,1010.5291064453126
2024-03-14,1066.124755859375,1083.5999755859375,1097.0999755859375,1075.050048828125,1080.0,14231421,-0.00032289763137816063,1012.185947265625
2024-03-15,1062.9271240234375,1080.3499755859375,1086.25,1070.0,1072.0,66192734,-0.0029993036165453235,1014.1163049316406
2024-03-18,1063.763427734375,1081.199951171875,1084.800048828125,1060.050048828125,1075.050048828125,8769440,0.0007867930849030369,1016.0279675292969
2024-03-19,1066.4691162109375,1083.949951171875,1088.75,1075.25,1078.449951171875,16708715,0.0025435058265963484,1017.932744140625
2024-03-20,1067.01025390625,1084.5,1090.0,1067.5,1080.0,18725251,0.0005074105635942683,1019.7194567871094
2024-03-21,1064.3538818359375,1081.800048828125,1100.0,1079.1500244140625,1092.0,19992607,-0.0024895469004048154,1021.6832690429687
2024-03-22,1072.716796875,1090.300048828125,1093.699951171875,1078.699951171875,1081.1500244140625,17214415,0.007857269261457578,1023.85861328125
2024-03-26,1066.22314453125,1083.699951171875,1089.1500244140625,1076.949951171875,1081.0,13367635,-0.006053463843082474,1025.6423742675781
2024-03-27,1066.2724609375,1083.75,1092.5,1079.550048828125,1083.699951171875,26907245,4.6253363100268174e-05,1027.4645080566406
2024-03-28,1075.66845703125,1093.300048828125,1105.050048828125,1085.0,1085.0,22070566,0.008812002971068766,1029.2315454101563
2024-04-01,1081.916015625,1099.6500244140625,1102.949951171875,1094.449951171875,1096.050048828125,10848191,0.00580807083531365,1030.998582763672
2024-04-02,1063.763427734375,1081.199951171875,1094.449951171875,1079.25,1094.449951171875,14380396,-0.01677818576346579,1032.4183093261718
2024-04-03,1059.8280029296875,1077.199951171875,1083.6500244140625,1072.25,1075.0,15477184,-0.0036995300854337776,1034.2965222167968
2024-04-04,1061.451416015625,1078.8499755859375,1085.800048828125,1063.449951171875,1084.75,21419689,0.0015317703263642013,1036.116688232422
2024-04-05,1065.9281005859375,1083.4000244140625,1086.0,1067.449951171875,1070.0,15340637,0.00421751245772195,1037.7735314941406
2024-04-08,1069.6175537109375,1087.1500244140625,1091.75,1076.300048828125,1078.3499755859375,8023461,0.003461258900081532,1038.9167907714843
2024-04-09,1089.19677734375,1107.050048828125,1115.25,1088.300048828125,1091.949951171875,12298463,0.018304882492704344,1041.0390075683595
2024-04-10,1091.5087890625,1109.4000244140625,1116.550048828125,1105.1500244140625,1110.949951171875,10598000,0.002122675871653268,1042.9959313964844
2024-04-12,1086.5894775390625,1104.4000244140625,1111.8499755859375,1095.800048828125,1103.5,12216657,-0.0045068913532640975,1044.727548828125
2024-04-15,1060.95947265625,1078.3499755859375,1106.1500244140625,1076.5999755859375,1100.199951171875,10526597,-0.023587569558339627,1045.9367272949219
2024-04-16,1049.8416748046875,1067.050048828125,1074.5999755859375,1062.699951171875,1070.550048828125,11278092,-0.010479003334338155,1046.7021789550781
2024-04-18,1038.4287109375,1055.449951171875,1078.050048828125,1050.449951171875,1074.0,16564216,-0.010871128610236203,1047.2984045410155
2024-04-19,1050.0384521484375,1067.25,1072.0,1048.0999755859375,1052.949951171875,11284433,0.011180104217704212,1048.1494543457031
2024-04-22,1069.1256103515625,1086.6500244140625,1088.699951171875,1070.3499755859375,1078.800048828125,10346714,0.018177580224868484,1049.3920849609376
2024-04-23,1072.6676025390625,1090.25,1100.0,1082.699951171875,1100.0,9848215,0.0033129803955731507,1050.6484912109374
2024-04-24,1079.062744140625,1096.75,1098.4000244140625,1089.0,1092.25,5461309,0.00596190430886967,1052.1164282226562
2024-04-25,1095.78857421875,1113.75,1125.6500244140625,1089.949951171875,1090.0,19905338,0.01550033134676121,1054.5652868652344
2024-04-26,1090.032958984375,1107.9000244140625,1120.0,1102.75,1112.1500244140625,14190059,-0.005252486994106964,1056.4779357910156
2024-04-29,1141.4403076171875,1160.1500244140625,1163.449951171875,1107.9000244140625,1108.0,28578063,0.047161279123808075,1059.7060229492188
2024-04-30,1131.8475341796875,1150.4000244140625,1169.550048828125,1146.75,1159.949951171875,29568491,-0.008404095574235826,1062.2758996582031
2024-05-02,1121.0740966796875,1139.449951171875,1155.5,1133.25,1143.0,25118334,-0.009518452949414336,1064.5732421875
2024-05-03,1123.6322021484375,1142.050048828125,1157.4000244140625,1135.449951171875,1141.300048828125,19933604,0.0022818344267576673,1067.0407946777343
2024-05-06,1127.813720703125,1146.300048828125,1158.449951171875,1138.0999755859375,1141.550048828125,14970524,0.003721429972096013,1069.4621069335938
2024-05-07,1113.6458740234375,1131.9000244140625,1152.75,1126.300048828125,1147.949951171875,15097728,-0.012562222306405912,1071.1966748046875
2024-05-08,1104.889404296875,1123.0,1132.0,1116.050048828125,1126.550048828125,19913090,-0.007862885258961838,1072.657724609375
2024-05-09,1097.7071533203125,1115.699951171875,1128.8499755859375,1110.0,1120.550048828125,12229853,-0.006500425244943986,1073.9121630859374
2024-05-10,1099.035400390625,1117.050048828125,1128.9000244140625,1112.050048828125,1118.0,8573656,0.001210019508659288,1074.9816333007811
2024-05-13,1109.808837890625,1128.0,1130.6500244140625,1106.699951171875,1112.4000244140625,9707983,0.009802630102880183,1076.29412109375
2024-05-14,1102.47900390625,1120.550048828125,1127.9000244140625,1118.550048828125,1125.9000244140625,8944262,-0.00660459147028114,1077.5997216796875
2024-05-15,1106.2176513671875,1124.3499755859375,1127.800048828125,1113.5,1122.0999755859375,10743423,0.003391128037532498,1078.8620336914062
2024-05-16,1112.8095703125,1131.050048828125,1136.550048828125,1112.800048828125,1133.0,14265565,0.005958971037178351,1080.5316674804687
2024-05-17,1112.2684326171875,1130.5,1144.0,1120.5999755859375,1131.050048828125,8641784,-0.00048628059081168296,1082.072412109375
2024-05-21,1102.8724365234375,1120.949951171875,1133.800048828125,1116.25,1122.199951171875,10452900,-0.008447597556680675,1082.7424291992188
2024-05-22,1093.1812744140625,1111.0999755859375,1125.9000244140625,1098.0999755859375,1125.0,17527411,-0.008787201301289405,1083.1113818359374
2024-05-23,1116.2039794921875,1134.5,1137.0,1111.4000244140625,1115.550048828125,13787687,0.021060281233288514,1084.025400390625
2024-05-24,1113.6949462890625,1131.949951171875,1135.0,1124.1500244140625,1130.0,6312670,-0.0022478267854468825,1084.7111572265626
2024-05-27,1111.579833984375,1129.800048828125,1147.800048828125,1121.550048828125,1131.9000244140625,11599857,-0.0018991846122093925,1085.5346606445312
2024-05-28,1108.775634765625,1126.949951171875,1135.199951171875,1125.0,1132.5,9311718,-0.00252271508803692,1086.4840966796876
2024-05-29,1084.2281494140625,1102.0,1123.550048828125,1098.5,1115.050048828125,19268547,-0.022139271987836717,1086.9789868164062
2024-05-30,1095.7393798828125,1113.699951171875,1121.0,1096.9000244140625,1097.0,15255387,0.010616981744083098,1087.5643920898438
2024-05-31,1102.970947265625,1121.050048828125,1130.5999755859375,1111.25,1118.0,26197718,0.00659971478216459,1088.3013159179689
2024-06-03,1141.292724609375,1160.0,1173.0,1136.300048828125,1170.0,25699977,0.03474414030465045,1089.8686279296876
2024-06-04,1054.1707763671875,1071.449951171875,1159.4000244140625,1053.550048828125,1157.9000244140625,43476837,-0.07633619873639896,1089.6767749023438
2024-06-05,1090.7708740234375,1108.6500244140625,1123.25,1051.050048828125,1085.0,42172104,0.03471932487293827,1090.1628100585938
2024-06-06,1092.4925537109375,1110.4000244140625,1118.0,1096.5999755859375,1118.0,18574162,0.001578406362419127,1090.6724560546875
2024-06-07,1103.6103515625,1121.699951171875,1128.300048828125,1103.5999755859375,1110.4000244140625,17197635,0.010176543367547808,1091.4575854492186
2024-06-10,1105.676513671875,1123.800048828125,1133.199951171875,1115.0999755859375,1116.0,10851455,0.0018721844231071039,1092.1167797851563
2024-06-11,1100.166748046875,1118.199951171875,1129.050048828125,1111.0,1119.75,12250002,-0.004983162395936658,1092.7956518554688
2024-06-12,1101.4951171875,1119.550048828125,1133.4000244140625,1112.0,1121.0,16096514,0.0012074252771074878,1093.5001049804687
2024-06-13,1089.4918212890625,1107.3499755859375,1123.199951171875,1105.0,1122.199951171875,12494254,-0.010897275631222114,1093.776572265625
2024-06-14,1087.8192138671875,1105.6500244140625,1114.0,1099.449951171875,1114.0,11377979,-0.0015352179696915824,1093.8946362304687
2024-06-18,1104.7418212890625,1122.8499755859375,1135.050048828125,1101.199951171875,1113.949951171875,18306176,0.01555645203371192,1094.7142041015625
2024-06-19,1125.993408203125,1144.449951171875,1165.550048828125,1126.1500244140625,1127.949951171875,34309514,0.019236699928011358,1096.0375122070313
2024-06-20,1138.1444091796875,1156.800048828125,1160.0,1135.5,1154.050048828125,15475933,0.010791360666980498,1097.5713720703125
2024-06-21,1139.964599609375,1158.6500244140625,1169.9000244140625,1150.6500244140625,1163.550048828125,69259425,0.0015992614074336053,1099.0521020507813
2024-06-24,1151.2298583984375,1170.0999755859375,1175.6500244140625,1152.6500244140625,1154.6500244140625,12210295,0.00988211282431295,1100.6843481445312
2024-06-25,1178.6307373046875,1197.949951171875,1206.0,1167.6500244140625,1170.25,27309845,0.023801397007170655,1102.47302734375
2024-06-26,1198.357421875,1218.0,1222.8499755859375,1193.8499755859375,1202.0,25403461,0.01673695072251702,1104.61
2024-06-27,1200.226806640625,1219.9000244140625,1235.0,1209.0999755859375,1228.3499755859375,20516632,0.0015599559292587273,1106.8827465820314
2024-06-28,1180.2540283203125,1199.5999755859375,1227.0,1196.3499755859375,1227.0,12507092,-0.016640836723365027,1109.2686376953125
2024-07-01,1192.3065185546875,1211.8499755859375,1215.3499755859375,1192.050048828125,1199.5999755859375,8636894,0.010211776401668038,1112.1179345703124
2024-07-02,1171.3992919921875,1190.5999755859375,1217.0,1185.550048828125,1217.0,16153925,-0.017535110508196894,1114.7773461914062
2024-07-03,1182.2218017578125,1201.5999755859375,1215.8499755859375,1179.449951171875,1196.8499755859375,22330897,0.009238958773160277,1117.4210131835937
2024-07-04,1213.115478515625,1233.0,1234.949951171875,1214.300048828125,1229.0,15275791,0.026131878731958436,1120.300810546875
2024-07-05,1213.509033203125,1233.4000244140625,1242.5999755859375,1220.8499755859375,1225.0,9535575,0.00032441650813130885,1123.1176391601562
2024-07-08,1215.1324462890625,1235.050048828125,1239.5,1216.9000244140625,1228.9000244140625,6617190,0.0013377840967960797,1125.839033203125
2024-07-09,1228.1195068359375,1248.25,1250.199951171875,1229.300048828125,1234.949951171875,13366874,0.010687773655075006,1128.4856518554689
2024-07-10,1223.1510009765625,1243.199951171875,1252.75,1236.3499755859375,1252.75,18226503,-0.004045620830643415,1131.1480126953124
2024-07-11,1218.4775390625,1238.449951171875,1257.800048828125,1225.050048828125,1246.3499755859375,11307116,-0.003820838073411381,1132.6887573242188
2024-07-12,1213.01708984375,1232.9000244140625,1252.9000244140625,1230.0999755859375,1235.9000244140625,12208290,-0.004481370434576304,1134.3121484375
2024-07-15,1210.1146240234375,1229.949951171875,1238.449951171875,1224.050048828125,1233.0999755859375,15612671,-0.002392765810650177,1136.092958984375
2024-07-16,1219.9041748046875,1239.9000244140625,1245.0,1229.0,1230.0,12320605,0.008089771486854191,1138.0183984375
2024-07-18,1230.136474609375,1250.300048828125,1256.449951171875,1231.699951171875,1234.9000244140625,10999632,0.008387789808429691,1140.064853515625
2024-07-19,1228.51318359375,1248.6500244140625,1250.5,1240.25,1244.0,7958817,-0.001319602376752882,1142.3621997070313
2024-07-22,1221.134033203125,1241.1500244140625,1245.300048828125,1232.9000244140625,1240.0,9958965,-0.006006569965361641,1144.6870922851563
2024-07-23,1206.96630859375,1226.75,1248.6500244140625,1212.5,1241.1500244140625,19369832,-0.011602104457126616,1146.872275390625
2024-07-24,1203.2767333984375,1223.0,1233.6500244140625,1202.050048828125,1225.0,20122521,-0.0030568999060224256,1148.9571020507813
2024-07-25,1178.58154296875,1197.9000244140625,1218.25,1190.5999755859375,1205.5,14154461,-0.020523284248952778,1150.3325561523438
2024-07-26,1187.7314453125,1207.199951171875,1220.0,1185.949951171875,1190.0,19309265,0.007763486878219927,1152.0376049804688
2024-07-29,1193.1427001953125,1212.699951171875,1242.75,1204.1500244140625,1215.1500244140625,28458261,0.00455595825484667,1153.7761059570312
2024-07-30,1189.9451904296875,1209.449951171875,1230.8499755859375,1204.4000244140625,1213.0,23972277,-0.0026799055679606054,1155.318818359375
2024-07-31,1195.3074951171875,1214.9000244140625,1224.6500244140625,1211.0,1219.0,22297629,0.004506345948222856,1156.979599609375
2024-08-01,1190.584716796875,1210.0999755859375,1222.6500244140625,1206.9000244140625,1212.5,8725046,-0.003951099059953167,1158.7338452148438
2024-08-02,1177.25341796875,1196.550048828125,1201.6500244140625,1190.0999755859375,1197.0,10735395,-0.011197270248849867,1160.4152880859374
2024-08-05,1153.689453125,1172.5999755859375,1188.9000244140625,1167.0,1182.0,14306771,-0.02001605133107842,1161.1649975585938
2024-08-06,1148.0322265625,1166.8499755859375,1187.699951171875,1161.5,1175.0,13575619,-0.00490359563154219,1161.8517431640626
2024-08-07,1153.5419921875,1172.449951171875,1179.800048828125,1161.5999755859375,1178.949951171875,15753644,0.0047993126826217924,1162.690986328125
2024-08-08,1145.818603515625,1164.5999755859375,1174.4000244140625,1158.9000244140625,1166.949951171875,10806438,-0.006695368460084339,1163.431845703125
2024-08-09,1152.70556640625,1171.5999755859375,1180.949951171875,1169.0,1176.550048828125,8687307,0.00601051760679594,1164.8013940429687
2024-08-12,1163.8199462890625,1172.800048828125,1178.25,1156.0,1171.0,10860455,0.009641993763822354,1166.1630053710937
2024-08-13,1159.4039306640625,1168.3499755859375,1189.25,1163.5999755859375,1183.199951171875,13117927,-0.0037944147967912123,1167.2916650390625
2024-08-14,1152.7552490234375,1161.6500244140625,1170.050048828125,1153.0,1167.0,13431801,-0.005734568828671183,1167.5209155273437
2024-08-16,1178.1591796875,1187.25,1193.0,1165.6500244140625,1170.0,10961370,0.02203757535312345,1170.00068359375
2024-08-19,1166.8961181640625,1175.9000244140625,1195.75,1173.300048828125,1191.0,6686394,-0.00955988097162297,1171.5231884765626
2024-08-20,1170.4189453125,1179.449951171875,1189.800048828125,1170.0,1174.199951171875,10427061,0.0030189723777469535,1173.0817163085937
2024-08-21,1165.8541259765625,1174.8499755859375,1178.6500244140625,1165.0999755859375,1177.0,17234142,-0.0039001584468701944,1174.326591796875
2024-08-22,1181.979736328125,1191.0999755859375,1192.5999755859375,1176.5999755859375,1182.0,8564142,0.013831584923246876,1175.85265625
2024-08-23,1194.2847900390625,1203.5,1205.0,1188.550048828125,1193.0,7518309,0.010410545403395588,1177.7350170898437
2024-08-26,1204.009765625,1213.300048828125,1214.949951171875,1201.050048828125,1205.550048828125,10920226,0.008142928443072073,1179.7853100585937
2024-08-27,1216.9598388671875,1226.3499755859375,1232.5,1208.9000244140625,1213.300048828125,16295325,0.010755787545847051,1182.3346704101561
2024-08-28,1214.47900390625,1223.8499755859375,1226.4000244140625,1217.300048828125,1222.6500244140625,12291305,-0.0020385512173078935,1184.8678662109376
2024-08-29,1212.5439453125,1221.9000244140625,1235.0,1217.0,1218.949951171875,10806748,-0.0015933240406182936,1187.0239086914062
2024-08-30,1219.7879638671875,1229.199951171875,1235.550048828125,1218.9000244140625,1230.0,21211148,0.005974231765118132,1188.8997998046875
2024-09-02,1220.5322265625,1229.949951171875,1239.199951171875,1222.5,1239.0,12516759,0.0006101574350290129,1190.5475561523438
2024-09-03,1238.1463623046875,1247.699951171875,1250.949951171875,1220.4000244140625,1227.199951171875,19114907,0.014431520412857779,1192.51119140625
2024-09-04,1226.88330078125,1236.3499755859375,1243.699951171875,1232.800048828125,1239.8499755859375,13505843,-0.009096712526354689,1194.0242602539063
2024-09-05,1226.486328125,1235.949951171875,1244.8499755859375,1231.300048828125,1238.0,9142811,-0.000323561870959721,1194.9813720703125
2024-09-06,1198.899169921875,1208.1500244140625,1233.9000244140625,1205.0,1225.949951171875,10170479,-0.022492837931017973,1194.99220703125
2024-09-09,1225.5435791015625,1235.0,1238.300048828125,1200.449951171875,1202.9000244140625,13863250,0.02222406174609648,1195.4985424804688
2024-09-10,1227.8260498046875,1237.300048828125,1241.3499755859375,1227.0,1236.949951171875,15545130,0.0018624149659356437,1196.4499829101562
2024-09-11,1226.88330078125,1236.3499755859375,1239.300048828125,1226.4000244140625,1231.5,11993242,-0.0007678196952959349,1197.1415185546875
2024-09-12,1242.5623779296875,1252.1500244140625,1257.0,1226.3499755859375,1238.0,15376442,0.012779599443935252,1198.5647802734375
2024-09-13,1240.7760009765625,1250.3499755859375,1255.949951171875,1242.050048828125,1252.0,9877288,-0.001437655754636169,1199.7358642578124
2024-09-16,1253.1802978515625,1262.8499755859375,1265.5999755859375,1244.699951171875,1251.0,8973335,0.009997208896075582,1200.5371606445312
2024-09-17,1258.39013671875,1268.0999755859375,1272.25,1258.4000244140625,1259.949951171875,11513121,0.004157293947342655,1201.4347827148438
2024-09-18,1278.485107421875,1288.3499755859375,1295.3499755859375,1262.0,1262.0,12466597,0.015968792282115674,1202.7018359375
2024-09-19,1282.107177734375,1292.0,1300.0,1285.3499755859375,1288.3499755859375,13172268,0.00283309542791943,1203.7815893554687
2024-09-20,1328.201416015625,1338.449951171875,1362.3499755859375,1291.550048828125,1295.0,73257767,0.03595193840401367,1205.88259765625
2024-09-23,1311.7781982421875,1321.9000244140625,1331.800048828125,1308.5,1331.0,11380409,-0.012365005469354484,1207.7486108398436
2024-09-24,1308.50341796875,1318.5999755859375,1331.4000244140625,1315.449951171875,1321.0,13886037,-0.002496443589187436,1209.6583374023437
2024-09-25,1313.7132568359375,1323.8499755859375,1327.75,1310.0999755859375,1310.75,8728019,0.003981524844065776,1211.7303100585937
2024-09-26,1318.87353515625,1329.050048828125,1333.3499755859375,1316.9000244140625,1320.0,11100869,0.003928009627261364,1213.709697265625
2024-09-27,1296.5953369140625,1306.5999755859375,1333.0,1303.8499755859375,1333.0,17117379,-0.016891838109063362,1215.0388745117189
2024-09-30,1263.252685546875,1273.0,1296.800048828125,1270.9000244140625,1292.0999755859375,12622212,-0.025715541632707173,1215.7336645507812
2024-10-01,1264.6419677734375,1274.4000244140625,1280.25,1267.5999755859375,1269.800048828125,10972413,0.0010997658999323257,1216.6038232421874
2024-10-03,1246.7301025390625,1256.3499755859375,1265.75,1248.1500244140625,1253.5999755859375,17648551,-0.01416358597201317,1217.3990991210937
2024-10-04,1230.2572021484375,1239.75,1264.4000244140625,1236.199951171875,1247.0999755859375,13488887,-0.01321288413352395,1217.9387084960938
2024-10-07,1224.4520263671875,1233.9000244140625,1262.949951171875,1225.0,1241.550048828125,20667247,-0.00471866839804902,1218.8561181640625
2024-10-08,1227.13134765625,1236.5999755859375,1247.800048828125,1229.75,1241.0,12219259,0.0021881798807681374,1219.6441162109375
2024-10-09,1234.62353515625,1244.1500244140625,1265.0999755859375,1232.6500244140625,1243.050048828125,14765997,0.006105448707108385,1220.4737329101563
2024-10-10,1233.978515625,1243.5,1254.699951171875,1238.0,1246.75,9118195,-0.0005224422772471815,1221.3543994140625
2024-10-11,1213.635498046875,1223.0,1240.800048828125,1222.0,1237.0,8472512,-0.01648571455704917,1221.7209594726562
2024-10-14,1222.3184814453125,1231.75,1237.9000244140625,1217.4000244140625,1221.0,11833929,0.007154523258763534,1222.355634765625
2024-10-15,1245.8865966796875,1255.5,1258.300048828125,1235.4000244140625,1238.949951171875,11657338,0.01928148481114933,1223.7282983398438
2024-10-16,1233.6312255859375,1243.1500244140625,1254.949951171875,1241.5999755859375,1248.5,7869727,-0.009836666616697576,1225.3271337890626
2024-10-17,1221.8223876953125,1231.25,1256.949951171875,1224.4000244140625,1249.449951171875,8459497,-0.009572421357132987,1226.8029370117188
2024-10-18,1254.8177490234375,1264.5,1268.9000244140625,1225.25,1227.949951171875,11018126,0.027005039079667892,1228.8284521484375
2024-10-21,1249.4095458984375,1259.050048828125,1272.3499755859375,1250.550048828125,1264.5,7742775,-0.004309951089876529,1230.9002709960937
2024-10-22,1257.7947998046875,1267.5,1284.9000244140625,1259.75,1266.5999755859375,20090801,0.00671137333132843,1233.0020556640625
2024-10-23,1242.0164794921875,1251.5999755859375,1267.949951171875,1243.050048828125,1261.0,14055447,-0.012544431186191973,1234.565986328125
2024-10-24,1243.15771484375,1252.75,1260.449951171875,1241.050048828125,1250.25,12223031,0.0009188568512625839,1236.2410620117187
2024-10-25,1245.8370361328125,1255.449951171875,1268.9000244140625,1234.199951171875,1247.25,13546055,0.0021552545240803855,1238.1026977539063
2024-10-28,1282.95068359375,1292.8499755859375,1307.800048828125,1280.5999755859375,1285.5,24096412,0.02979013015710419,1240.1985278320312
2024-10-29,1321.6519775390625,1331.8499755859375,1335.3499755859375,1299.25,1301.3499755859375,20656117,0.030165846934119056,1243.2936450195311
2024-10-30,1302.1029052734375,1312.1500244140625,1330.9000244140625,1305.5999755859375,1324.0,15055031,-0.014791391832232326,1245.92732421875
2024-10-31,1282.355224609375,1292.25,1318.949951171875,1288.550048828125,1307.25,23497314,-0.015165990786200956,1248.2573461914062
2024-11-01,1281.90869140625,1291.800048828125,1296.199951171875,1286.25,1289.949951171875,1007022,-0.0003482133456905734,1250.2559252929686
2024-11-04,1267.42041015625,1277.199951171875,1291.800048828125,1270.050048828125,1290.0999755859375,14309121,-0.011302116404333318,1251.7186376953125
2024-11-05,1286.7711181640625,1296.699951171875,1301.300048828125,1263.0999755859375,1273.0,16431920,0.015267789482281469,1253.3738647460937
2024-11-06,1292.3779296875,1302.3499755859375,1315.0,1292.699951171875,1300.25,12037405,0.004357271813371977,1254.8822265625
2024-11-07,1268.908935546875,1278.699951171875,1302.800048828125,1275.25,1297.1500244140625,9909035,-0.01815954420260013,1255.9708251953125
2024-11-08,1249.2109375,1258.8499755859375,1275.0,1252.699951171875,1270.0,11195808,-0.015523571073589704,1256.7041650390624
2024-11-11,1259.5810546875,1269.300048828125,1275.9000244140625,1246.6500244140625,1262.0,8387780,0.008301333967066782,1257.5000268554688
2024-11-12,1260.8709716796875,1270.5999755859375,1295.0,1264.5,1276.1500244140625,13486168,0.0010240841487629826,1258.3068017578125
2024-11-13,1244.100341796875,1253.699951171875,1276.25,1250.0,1270.5999755859375,12260404,-0.01330082955313916,1258.4258813476563
2024-11-14,1247.325439453125,1256.949951171875,1267.699951171875,1243.050048828125,1253.75,9506892,0.002592313134157642,1258.8347241210938
2024-11-18,1243.852294921875,1253.449951171875,1262.5999755859375,1249.4000244140625,1260.0,6195554,-0.002784473419200628,1259.1820434570313
2024-11-19,1239.53564453125,1249.0999755859375,1261.0,1240.8499755859375,1257.050048828125,11537317,-0.003470388251280321,1259.9947729492187
2024-11-21,1240.974609375,1250.550048828125,1256.9000244140625,1232.550048828125,1248.550048828125,9593870,0.0011608902495854334,1260.3033935546875
2024-11-22,1268.2640380859375,1278.050048828125,1281.4000244140625,1256.0,1258.0,11604338,0.02199031995076961,1261.1121533203125
2024-11-25,1290.9886474609375,1300.949951171875,1311.199951171875,1290.0,1296.0,22717581,0.017917885150552593,1262.3942602539062
2024-11-26,1294.9580078125,1304.949951171875,1314.25,1302.449951171875,1310.5999755859375,7646955,0.0030746671238117695,1263.4421728515624
2024-11-27,1290.740478515625,1300.699951171875,1310.8499755859375,1297.8499755859375,1298.5,21938082,-0.0032568849888804374,1264.4414624023439
2024-11-28,1276.5003662109375,1286.3499755859375,1310.5,1282.300048828125,1301.050048828125,22803745,-0.011032513926474086,1264.9078637695313
2024-11-29,1290.1451416015625,1300.0999755859375,1303.25,1283.0999755859375,1283.0999755859375,11397228,0.010689206013412278,1265.5429638671876
2024-12-02,1294.6602783203125,1304.6500244140625,1310.550048828125,1289.1500244140625,1299.9000244140625,9626400,0.0034997122208630937,1265.8664672851562
2024-12-03,1298.381591796875,1308.4000244140625,1312.800048828125,1296.0999755859375,1303.949951171875,11509276,0.00287435517940704,1266.1919555664062
2024-12-04,1305.9730224609375,1316.050048828125,1320.0,1301.699951171875,1302.5999755859375,11570281,0.005846840953402932,1265.7473876953125
2024-12-05,1326.2664794921875,1336.5,1342.9000244140625,1308.5999755859375,1316.25,19210697,0.015538955768787277,1266.0371533203124
2024-12-06,1318.5758056640625,1328.75,1347.0999755859375,1326.699951171875,1342.5,8942672,-0.005798739504499606,1266.2386010742186
2024-12-09,1312.1751708984375,1322.300048828125,1329.050048828125,1320.25,1322.0999755859375,8000764,-0.004854203101657517,1266.2078393554686
2024-12-10,1320.2626953125,1330.449951171875,1332.0,1315.25,1319.0,8218214,0.006163448747871891,1266.2356225585938
2024-12-11,1317.3353271484375,1327.5,1331.25,1316.0,1324.699951171875,8138066,-0.0022172618937548183,1266.6504223632812
2024-12-12,1319.0718994140625,1329.25,1338.75,1321.550048828125,1321.550048828125,9076896,0.0013182461821501512,1267.766806640625
2024-12-13,1334.6021728515625,1344.9000244140625,1347.1500244140625,1313.5,1325.3499755859375,13536684,0.011773636785378017,1269.1660107421876
2024-12-16,1335.7928466796875,1346.0999755859375,1350.449951171875,1340.050048828125,1344.9000244140625,9071006,0.0008921563686510314,1270.947265625
2024-12-17,1323.5374755859375,1333.75,1348.0999755859375,1326.050048828125,1342.0,9879257,-0.009174604523607521,1272.81287109375
2024-12-18,1304.087646484375,1314.1500244140625,1334.949951171875,1307.449951171875,1325.25,8510595,-0.014695336898527867,1274.4055834960936
2024-12-19,1277.0462646484375,1286.9000244140625,1303.0,1284.449951171875,1286.0,11517304,-0.020735862277997175,1275.4038818359375
2024-12-20,1278.5347900390625,1288.4000244140625,1297.75,1272.4000244140625,1283.949951171875,58491181,0.0011656002071582794,1276.2821069335937
2024-12-23,1286.8704833984375,1296.800048828125,1307.0,1287.050048828125,1294.6500244140625,6827512,0.006519723533780608,1277.3399462890625
2024-12-24,1287.3170166015625,1297.25,1304.5,1290.25,1296.800048828125,7138516,0.00034699156510753504,1278.8135766601563
2024-12-26,1287.4161376953125,1297.3499755859375,1312.75,1289.199951171875,1307.0,7338444,7.699820049889006e-05,1280.1155297851562
2024-12-27,1297.5382080078125,1307.550048828125,1315.949951171875,1298.550048828125,1298.550048828125,4756066,0.007862314302367057,1281.1485620117187
2024-12-30,1284.7369384765625,1294.6500244140625,1326.5,1289.449951171875,1304.949951171875,14207425,-0.009865813162376558,1282.1706762695312
2024-12-31,1271.83642578125,1281.6500244140625,1289.949951171875,1280.0999755859375,1286.9000244140625,8449607,-0.010041365130055269,1283.17095703125
