Date,Adj Close,Close,High,Low,Open,Volume,Returns,MA50
2020-01-01,619.7403564453125,736.8499755859375,740.0,732.5499877929688,735.0,2112415,,
2020-01-02,617.9320068359375,734.7000122070312,740.7999877929688,730.9000244140625,738.9000244140625,5658200,-0.0029179148825280166,
2020-01-03,627.43603515625,746.0,748.0,733.9000244140625,733.9000244140625,7882938,0.015380378771730818,
2020-01-06,621.4224243164062,738.8499755859375,753.7999877929688,736.5,746.0999755859375,6519403,-0.009584420567024354,
2020-01-07,612.2127685546875,727.9000244140625,742.5999755859375,725.0999755859375,738.0,7899363,-0.014820282309332189,
2020-01-08,604.0545043945312,718.2000122070312,729.0,708.2999877929688,724.9500122070312,8639443,-0.013325864109983043,
2020-01-09,611.9183349609375,727.5499877929688,731.5,714.2999877929688,721.7000122070312,13521186,0.013018412261139423,
2020-01-10,620.833740234375,738.1500244140625,742.9000244140625,730.5,740.4500122070312,9341405,0.01456959983721795,
2020-01-13,650.607421875,773.5499877929688,777.5,755.0,760.0,36952038,0.04795757657981814,
2020-01-14,652.373779296875,775.6500244140625,776.9500122070312,767.2000122070312,769.9500122070312,11414418,0.002714935862220047,
2020-01-15,645.5609741210938,767.5499877929688,773.8499755859375,762.1500244140625,773.8499755859375,6047430,-0.010443100860252352,
2020-01-16,645.0985107421875,767.0,772.5,760.25,770.7000122070312,5740586,-0.0007163744362581603,
2020-01-17,645.8134765625,767.8499755859375,772.9000244140625,762.25,770.7000122070312,3762957,0.0011083048688020902,
2020-01-20,646.3180541992188,768.4500122070312,774.4000244140625,762.9500122070312,771.5999755859375,3887680,0.000781305524010456,
2020-01-21,641.3135986328125,762.5,770.5,760.75,768.4500122070312,4448374,-0.007743023011490435,
2020-01-22,647.7899780273438,770.2000122070312,778.0,766.0,768.4500122070312,9733935,0.010098615417383883,
2020-01-23,659.6910400390625,784.3499755859375,785.5,776.7000122070312,777.0999755859375,12528017,0.018371790881915206,
2020-01-24,658.3453369140625,782.75,786.5,773.5999755859375,775.75,7540490,-0.002039899048682403,
2020-01-27,654.4343872070312,778.0999755859375,784.7999877929688,774.4000244140625,779.0499877929688,3741610,-0.005940574783081964,
2020-01-28,654.3501586914062,778.0,781.7999877929688,772.0,781.0,5121009,-0.00012870429377109804,
2020-01-29,664.1907348632812,789.7000122070312,792.7999877929688,784.25,786.5999755859375,6832757,0.015038700672976857,
2020-01-30,656.6211547851562,780.7000122070312,789.7000122070312,778.0,789.7000122070312,3859680,-0.011396696281352314,
2020-01-31,652.6259765625,775.9500122070312,784.9500122070312,771.5999755859375,780.5499877929688,6092028,-0.006084449447815055,
2020-02-03,645.4349365234375,767.4000244140625,790.9500122070312,764.5,782.0,6416745,-0.011018623679276529,
2020-02-04,662.634765625,787.8499755859375,789.9000244140625,770.0999755859375,770.0999755859375,5771311,0.02664843213199375,
2020-02-05,659.8591918945312,784.5499877929688,786.0,774.4000244140625,781.0,6310409,-0.004188693190359305,
2020-02-06,648.7570190429688,771.3499755859375,786.7999877929688,770.0,784.3499755859375,7341622,-0.016825063571042964,
2020-02-07,653.7614135742188,777.2999877929688,778.8499755859375,771.0,775.9500122070312,2853344,0.007713819479953088,
2020-02-10,650.3131713867188,773.2000122070312,778.0,769.75,774.0,3827682,-0.005274465754483537,
2020-02-11,650.607421875,773.5499877929688,779.0999755859375,769.2000122070312,779.0,4312817,0.0004524750554470991,
2020-02-12,656.9154663085938,781.0499877929688,783.25,775.0999755859375,775.7999877929688,2948825,0.009695623230694839,
2020-02-13,666.3355102539062,792.25,794.0,782.2000122070312,785.0,4387430,0.01433981148022978,
2020-02-14,661.4572143554688,786.4500122070312,799.2000122070312,784.5999755859375,794.5,5321680,-0.007321080481781039,
2020-02-17,663.98046875,789.4500122070312,793.4500122070312,783.2999877929688,790.2999877929688,2929629,0.0038146902623019674,
2020-02-18,670.8772583007812,797.6500244140625,799.0499877929688,783.6500244140625,785.0,5083346,0.010387036781014158,
2020-02-19,673.2322387695312,800.4500122070312,804.8499755859375,796.1500244140625,800.0,3985192,0.003510300043132686,
2020-02-20,670.33056640625,797.0,806.0999755859375,793.8499755859375,803.25,4564569,-0.004310061515450658,
2020-02-24,669.3631591796875,795.8499755859375,811.5999755859375,792.1500244140625,800.0999755859375,6627536,-0.0014431793432141404,
2020-02-25,671.508056640625,798.4000244140625,806.0,795.4000244140625,799.0,6996695,0.0032043852899912295,
2020-02-26,658.3453369140625,782.75,801.4500122070312,780.5,793.9500122070312,8760569,-0.019601730160040187,
2020-02-27,654.2240600585938,777.8499755859375,780.75,772.2000122070312,778.0,5223386,-0.006260053234047214,
2020-02-28,615.4088134765625,731.7000122070312,756.7999877929688,722.0499877929688,750.0,14123957,-0.059330203445215446,
2020-03-02,623.2727661132812,741.0499877929688,765.9000244140625,733.75,737.0,9821523,0.012778420562900017,
2020-03-03,628.277099609375,747.0,759.0,741.25,755.0,7826587,0.008029122670160538,
2020-03-04,638.1597290039062,758.75,761.5,745.5499877929688,753.9000244140625,11013444,0.01572973040188108,
2020-03-05,634.6692504882812,754.5999755859375,773.5499877929688,751.75,763.75,7755293,-0.005469600096943195,
2020-03-06,621.5065307617188,738.9500122070312,744.0,729.0999755859375,741.0,9216022,-0.02073949496755323,
2020-03-09,592.4898071289062,704.4500122070312,725.8499755859375,697.0,724.5,10308654,-0.04668772120101394,
2020-03-11,576.9721069335938,686.0,695.9500122070312,669.0499877929688,690.6500244140625,16165009,-0.02619066186219865,
2020-03-12,530.8816528320312,631.2000122070312,670.0,627.5,668.0,13965574,-0.07988333152969429,641.2051953125
2020-03-13,540.2596435546875,642.3499755859375,667.0,570.0,592.0,16903113,0.017664936568496215,639.6155810546875
2020-03-16,490.4682922363281,583.1500244140625,622.1500244140625,580.0,622.0,19140152,-0.0921618927350425,637.0663067626953
2020-03-17,466.750244140625,554.9500122070312,592.0,550.0,588.0999755859375,16059887,-0.04835796415617177,633.8525909423828
2020-03-18,449.3821105957031,534.2999877929688,578.0,528.0,568.0,15390183,-0.03721076477828067,630.4117846679687
2020-03-19,458.84417724609375,545.5499877929688,558.0,509.25,509.25,16583991,0.02105572613437512,627.3444128417968
2020-03-20,492.1925354003906,585.2000122070312,617.4500122070312,548.0,549.5,21354894,0.07267904837421746,625.107173461914
2020-03-23,442.7798156738281,526.4500122070312,560.9500122070312,515.9000244140625,540.0,17146150,-0.10039307013538123,621.7244030761718
2020-03-24,496.0614318847656,589.7999877929688,601.1500244140625,522.0,522.0,20027097,0.12033433847894082,619.2289569091797
2020-03-25,509.8548583984375,606.2000122070312,635.0,565.7000122070312,597.0,18339548,0.027805883761743644,616.4139056396484
2020-03-26,540.8062133789062,643.0,650.8499755859375,612.0999755859375,615.0,14843813,0.06070620779743785,614.1825543212891
2020-03-27,548.9645385742188,652.7000122070312,674.9000244140625,642.25,665.0499877929688,13495283,0.015085487173566392,612.2506256103516
2020-03-30,527.0968017578125,626.7000122070312,663.5,621.0999755859375,625.0999755859375,14624804,-0.039834516220668026,609.890591430664
2020-03-31,539.544677734375,641.5,662.0,633.7000122070312,650.0,15175521,0.023615920140380497,607.7652154541015
2020-04-01,506.9952087402344,602.7999877929688,637.5,594.0,634.3499755859375,13083824,-0.0603276620776253,604.9787585449219
2020-04-03,492.6129760742188,585.7000122070312,606.0,582.1500244140625,603.5,10221655,-0.028367590892529493,602.00474609375
2020-04-07,537.4419555664062,639.0,644.25,612.9000244140625,615.0,15145605,0.09100243328838609,599.7977856445312
2020-04-08,531.2179565429688,631.5999755859375,655.6500244140625,626.3499755859375,630.0,11806896,-0.011580783671565231,597.2283239746093
2020-04-09,535.1289672851562,636.25,652.7999877929688,632.0999755859375,646.7999877929688,11931114,0.007362346648895901,594.7639965820313
2020-04-13,536.09619140625,637.4000244140625,651.7000122070312,626.0499877929688,629.0,8330276,0.0018074598465500635,592.3972326660156
2020-04-15,537.4839477539062,639.0499877929688,653.2999877929688,635.5999755859375,651.4000244140625,11963447,0.002588633103353999,590.0599084472656
2020-04-16,524.69970703125,623.8499755859375,634.9000244140625,603.5,619.9500122070312,17783287,-0.023785344243452022,587.270087890625
2020-04-17,528.8209838867188,628.75,646.0,626.0,644.0,8878320,0.007854543847159556,584.7140844726563
2020-04-20,549.4692993164062,653.2999877929688,661.0,639.0,640.0,13322913,0.039045945714799135,582.6509509277344
2020-04-21,532.5637817382812,633.2000122070312,646.5,627.7999877929688,627.7999877929688,11660575,-0.030766992076094346,580.3935278320313
2020-04-22,539.8389892578125,641.8499755859375,645.0,628.0499877929688,633.2000122070312,8266728,0.013660725285871145,577.9376123046875
2020-04-23,571.3368530273438,679.2999877929688,683.6500244140625,638.0999755859375,647.0499877929688,14451289,0.05834677449443859,576.1671655273437
2020-04-24,553.4222412109375,658.0,675.0,654.7999877929688,668.5499877929688,7319940,-0.03135560347889699,574.2604699707031
2020-04-27,558.9732055664062,664.5999755859375,681.0,661.0499877929688,661.0499877929688,7183306,0.010030251663400325,572.3647058105469
2020-04-28,555.693115234375,660.7000122070312,677.0,653.0499877929688,673.0,7296571,-0.0058680636198071845,570.4723046875
2020-04-29,569.02392578125,676.5499877929688,682.0,658.0,666.0,8639056,0.023989519001422988,568.840634765625
2020-04-30,601.7835693359375,715.5,720.0,698.0999755859375,700.0,16253821,0.05757164518119273,567.7379968261719
2020-05-04,566.626953125,673.7000122070312,701.2000122070312,670.3499755859375,689.7999877929688,9122740,-0.05842069807544348,565.7438256835937
2020-05-05,566.626953125,673.7000122070312,685.5999755859375,670.0,681.75,6393053,0.0,563.8472204589843
2020-05-06,560.066650390625,665.9000244140625,681.4500122070312,664.0499877929688,676.9000244140625,7934250,-0.011577816230227578,561.7689440917969
2020-05-07,559.267578125,664.9500122070312,674.3499755859375,662.4500122070312,665.5499877929688,4779548,-0.0014267449509226537,559.5367504882812
2020-05-08,567.0474853515625,674.2000122070312,680.9000244140625,668.5,672.25,8400321,0.013910885470324263,557.4130554199219
2020-05-11,574.3648071289062,682.9000244140625,698.5499877929688,678.0,682.5,7370186,0.012904248702923171,555.493740234375
2020-05-12,578.3599853515625,687.6500244140625,691.0,675.5,678.5,7356039,0.006955820017293668,553.6736767578125
2020-05-13,583.8267211914062,694.1500244140625,699.9000244140625,683.75,694.7999877929688,8287101,0.009452133581683952,551.9200500488281
2020-05-14,553.5484008789062,658.1500244140625,671.75,652.5999755859375,659.0,16888262,-0.05186182682887741,549.824111328125
2020-05-15,548.6281127929688,652.2999877929688,664.7999877929688,646.7000122070312,664.7999877929688,9255353,-0.008888632101773264,547.7121923828125
2020-05-18,558.3844604492188,663.9000244140625,670.5499877929688,653.0,659.8499755859375,10435442,0.017783171202405468,546.5717053222656
2020-05-19,562.3375244140625,668.5999755859375,674.7999877929688,655.0,664.0,5902208,0.007079466290418557,545.3530004882813
2020-05-20,563.136474609375,669.5499877929688,673.0,659.6500244140625,668.5,5794636,0.0014207662847058877,544.0501879882812
2020-05-21,565.3652954101562,672.2000122070312,679.4500122070312,665.4000244140625,666.5,7213225,0.003957869719462437,542.5942993164062
2020-05-22,582.312744140625,692.3499755859375,695.8499755859375,673.5,675.0,11867731,0.02997610371215642,541.5471691894531
2020-05-26,572.3882446289062,680.5499877929688,699.4500122070312,679.0,693.0,7099606,-0.017043246282314017,540.5648034667969
2020-05-27,593.330810546875,705.4500122070312,709.2000122070312,675.0,686.0499877929688,8774636,0.036588043368267265,540.5816235351563
2020-05-28,594.9708251953125,707.4000244140625,710.0,690.0,707.0,9440091,0.002764081384760475,540.9415979003907
2020-05-29,589.0885620117188,691.0,700.7999877929688,674.9500122070312,692.5,28290128,-0.00988664138558859,542.1057360839844
2020-06-01,596.3775024414062,699.5499877929688,706.6500244140625,691.5,698.75,12276438,0.012373250644684086,543.2280932617188
2020-06-02,603.6665649414062,708.0999755859375,711.6500244140625,697.5499877929688,700.5,7059304,0.01222222915881388,545.4920587158203
2020-06-03,598.0825805664062,701.5499877929688,711.9000244140625,696.0,710.7000122070312,11378568,-0.00925011372054707,548.1187054443359
2020-06-04,603.3681640625,707.75,709.4500122070312,697.5,702.0,10782424,0.008837547970529602,551.1984265136718
2020-06-05,599.7877197265625,703.5499877929688,711.7000122070312,700.5999755859375,707.0,7718679,-0.0059340955476175905,554.0172973632813
2020-06-08,614.5361328125,720.8499755859375,725.7999877929688,704.0,707.6500244140625,10719105,0.024589388213318575,556.4641693115234
2020-06-09,611.765380859375,717.5999755859375,729.5999755859375,715.0499877929688,720.0,10078029,-0.004508688432109498,559.8438806152344
2020-06-10,610.2734985351562,715.8499755859375,719.4500122070312,709.2000122070312,715.0,7263049,-0.0024386511085721096,562.1281219482422
2020-06-11,600.1286010742188,703.9500122070312,713.4000244140625,700.25,712.0,8825715,-0.016623526148994427,563.9335968017579
2020-06-12,589.983642578125,692.0499877929688,695.1500244140625,675.5,675.7999877929688,9795316,-0.016904640901857504,564.9171453857422
2020-06-15,586.1473388671875,687.5499877929688,704.4000244140625,685.25,693.0,7857344,-0.006502389954700316,565.6608013916016
2020-06-16,597.7841186523438,701.2000122070312,712.0,699.1500244140625,702.0,10131760,0.019852994313078298,567.0745477294922
2020-06-17,599.8728637695312,703.6500244140625,710.2999877929688,698.0,699.9000244140625,7291916,0.003494146217695393,568.2811114501953
2020-06-18,608.6112670898438,713.9000244140625,716.5999755859375,706.0,708.2000122070312,6670195,0.014567092209174737,570.3134326171875
2020-06-19,601.4926147460938,705.5499877929688,711.9000244140625,701.0,709.0,22438862,-0.011696550374081571,572.491025390625
2020-06-22,599.9154663085938,703.7000122070312,708.7000122070312,700.0,707.0999755859375,7804096,-0.002622057858791438,573.7404956054687
2020-06-23,614.36572265625,720.6500244140625,724.5,692.0999755859375,695.7000122070312,12157390,0.024087154206194672,575.4034509277344
2020-06-24,608.8243408203125,714.1500244140625,726.7999877929688,709.4000244140625,716.9000244140625,10220838,-0.00901967937270165,576.8773583984375
2020-06-25,597.1874389648438,700.5,705.5999755859375,693.5,704.8499755859375,14945284,-0.019113726366113304,578.0991833496093
2020-06-26,637.8524780273438,748.2000122070312,751.5999755859375,710.0,710.2000122070312,26030458,0.06809426389307216,580.1065539550781
2020-06-29,623.8285522460938,731.75,744.7000122070312,730.0999755859375,735.4000244140625,8954428,-0.021986158656341903,582.089130859375
2020-06-30,627.4090576171875,735.9500122070312,738.9500122070312,724.25,732.7999877929688,10411290,0.005739566357138015,584.0608923339844
2020-07-01,623.9564819335938,731.9000244140625,742.2999877929688,729.75,737.25,5477468,-0.005502910169493225,585.5506359863281
2020-07-02,645.0135498046875,756.5999755859375,765.4500122070312,735.4000244140625,737.3499755859375,17263756,0.03374765465347762,587.7996313476563
2020-07-03,650.2139892578125,762.7000122070312,764.0,752.5,755.0,7796572,0.008062527453414958,590.0071313476562
2020-07-06,651.322265625,764.0,775.0,761.5,765.2000122070312,8810958,0.0017044794260001606,591.6068395996094
2020-07-07,677.025634765625,794.1500244140625,796.9500122070312,765.5499877929688,769.4000244140625,19362533,0.039463366289129276,594.0789074707031
2020-07-08,660.444091796875,774.7000122070312,784.9000244140625,772.2000122070312,784.9000244140625,8476642,-0.024491750559031966,596.1083251953125
2020-07-09,666.4116821289062,781.7000122070312,790.0,775.0,780.0,6854166,0.009035723698875398,598.3226965332032
2020-07-10,666.53955078125,781.8499755859375,789.9000244140625,773.5,773.5,5206452,0.00019187636677564512,600.2730090332032
2020-07-13,679.497802734375,797.0499877929688,805.3499755859375,786.0499877929688,788.0,10804688,0.019441084835756017,601.8272937011719
2020-07-14,667.733154296875,783.25,806.4000244140625,781.3499755859375,792.9500122070312,8961822,-0.01731374022131893,603.8494177246093
2020-07-15,708.3981323242188,830.9500122070312,848.4500122070312,794.7999877929688,799.0,30060599,0.06090004332668508,606.6848413085937
2020-07-16,776.6421508789062,911.0,955.5,894.25,900.0999755859375,90432109,0.09633568390529534,611.0163513183594
2020-07-17,769.9498901367188,903.1500244140624,919.9000244140624,892.1500244140625,911.0,31682878,-0.008616916728784396,615.2299975585937
2020-07-20,796.5056762695312,934.2999877929688,945.0,906.75,908.5,18421053,0.03449027848824948,619.8191613769532
2020-07-21,798.5943603515625,936.75,949.7000122070312,929.2000122070312,945.0,12877784,0.002622309098679221,624.3037524414062
2020-07-22,782.5243530273438,917.9000244140624,939.0,910.0,938.9500122070312,14354201,-0.02012286602818525,628.3870397949219
2020-07-23,774.0418090820312,907.9500122070312,915.7999877929688,900.6500244140625,915.6500244140624,13051307,-0.010839974388651474,632.1913415527343
2020-07-24,786.7442626953125,922.8499755859376,925.75,903.25,903.25,18209580,0.016410552329654715,636.8552587890625
2020-07-27,808.5687866210938,948.4500122070312,952.7999877929688,918.6500244140624,921.5499877929688,16827870,0.027740302612455636,642.054072265625
2020-07-28,820.844970703125,962.8499755859376,967.5499877929688,941.2000122070312,946.0,15818463,0.015182609426876104,647.3032824707032
2020-07-29,813.4281616210938,954.1500244140624,960.0,943.5999755859376,953.25,11152710,-0.009035578393905674,652.3250952148437
2020-07-30,819.6514892578125,961.4500122070312,972.6500244140624,958.75,962.0,12492320,0.007650740323910332,657.4553955078125
2020-07-31,823.5303344726562,966.0,986.4500122070312,953.2999877929688,969.25,12704346,0.004732310336379664,662.6186962890625
2020-08-03,815.7725830078125,956.9000244140624,965.4000244140624,947.4500122070312,960.0,8479792,-0.009420116224147845,667.2878930664062
2020-08-04,809.7622680664062,949.8499755859376,970.7000122070312,940.5499877929688,960.4500122070312,11133170,-0.007367635376082093,672.0353735351563
2020-08-05,805.3718872070312,944.7000122070312,960.9500122070312,938.2999877929688,952.0,9614176,-0.005421814565228611,676.2761950683594
2020-08-06,827.6650390625,970.8499755859376,974.4000244140624,942.5,953.5,10976491,0.027680568703210673,680.9300793457031
2020-08-07,810.6574096679688,950.9000244140624,969.4500122070312,949.0,969.4500122070312,8010948,-0.02054892811927378,685.3614562988281
2020-08-10,811.041015625,951.3499755859376,956.7999877929688,945.2999877929688,948.9000244140624,5716319,0.0004732035412942093,689.6547265625
2020-08-11,808.5687866210938,948.4500122070312,962.0,946.0999755859376,949.9000244140624,6802442,-0.0030482169906057566,693.7527709960938
2020-08-12,814.1100463867188,954.9500122070312,958.7999877929688,942.2000122070312,948.0,6908726,0.006853170512284068,698.0733203125
2020-08-13,810.9131469726562,951.2000122070312,968.5,948.25,954.7999877929688,5097703,-0.003926863976499662,702.2242199707031
2020-08-14,812.9591674804688,953.5999755859376,963.0,952.0499877929688,955.8499755859376,4663873,0.002523106840049083,706.4876489257813
2020-08-17,816.2840576171875,957.5,972.4500122070312,954.0999755859376,954.0999755859376,9008210,0.004089861175959442,710.522607421875
2020-08-18,824.8518676757812,967.5499877929688,969.2000122070312,958.7000122070312,963.9000244140624,6141761,0.010496113428460241,714.7843371582031
2020-08-19,817.8185424804688,959.2999877929688,971.5499877929688,957.4500122070312,970.9000244140624,6622744,-0.008526773680140431,718.9352380371093
2020-08-20,814.2805786132812,955.1500244140624,965.5,951.2999877929688,958.9000244140624,5656501,-0.0043260988635165365,723.2182775878906
2020-08-21,808.8671875,948.7999877929688,963.4500122070312,946.5499877929688,963.0499877929688,6513773,-0.006648066103332906,727.5959484863281
2020-08-24,807.6737670898438,947.4000244140624,952.0,939.2000122070312,947.0,5798574,-0.0014754219587579387,732.0264770507813
2020-08-25,799.7451782226562,938.0999755859376,948.6500244140624,933.5999755859376,947.5,6233918,-0.009816573461033928,736.0656982421875
2020-08-26,810.5722045898438,950.7999877929688,954.25,938.4000244140624,941.25,5153601,0.013538095210838819,740.2796850585937
2020-08-27,807.375244140625,947.0499877929688,960.9500122070312,945.2000122070312,960.0,6154280,-0.0039440785547740775,744.2549645996094
2020-08-28,797.3154907226562,935.25,952.5,933.0499877929688,951.4500122070312,7593610,-0.012459823967821082,748.1714221191406
2020-08-31,791.6463012695312,928.5999755859376,950.5,914.5999755859376,935.25,12808355,-0.007110346555523006,752.0060388183593
2020-09-01,779.3274536132812,914.1500244140624,935.0,912.0999755859376,926.25,6907773,-0.015561049974584296,755.3052734375
2020-09-02,787.7247314453125,924.0,926.4000244140624,913.5,915.0,5678118,0.010775031462189721,758.88328125
2020-09-03,797.5712890625,935.5499877929688,949.4000244140624,924.0,926.5,8827948,0.012499998062928785,762.8909582519532
2020-09-04,783.5901489257812,919.1500244140624,929.5,914.4500122070312,915.0,8650342,-0.01752964321616035,765.8057116699218
2020-09-07,788.619873046875,925.0499877929688,927.5499877929688,913.0499877929688,918.9000244140624,6700385,0.0064188200017432084,769.1015380859375
2020-09-08,800.7682495117188,939.2999877929688,952.0,925.5499877929688,929.9500122070312,12891964,0.015404603510570825,772.5687219238281
2020-09-09,790.921630859375,927.75,946.0,926.0,935.0,5528947,-0.012296464874010482,775.9080249023438
2020-09-10,801.4076538085938,940.0499877929688,942.0,924.7999877929688,935.2999877929688,5171884,0.013257979729072833,779.0359069824219
2020-09-11,806.2244262695312,945.7000122070312,954.1500244140624,931.0,934.9000244140624,6671903,0.00601038989089564,782.1561157226563
2020-09-14,834.1016235351562,978.4000244140624,991.0499877929688,948.2999877929688,957.0,21871587,0.034577465476474334,785.8117028808593
2020-09-15,837.5542602539062,982.4500122070312,994.0,971.6500244140624,979.5,11608203,0.004139347798073789,789.022275390625
2020-09-16,854.0079956054688,1001.75,1005.6500244140624,982.0,986.0,10059251,0.019644978400055635,792.8935534667969
2020-09-17,861.8936767578125,1011.0,1021.0,995.0,995.0,15628241,0.00923373222841195,796.803193359375
2020-09-18,854.3489379882812,1002.1500244140624,1018.7999877929688,999.0999755859376,1011.0,12897633,-0.008753676901206986,800.5593811035156
2020-09-21,860.955810546875,1009.9000244140624,1031.0,1000.5,1001.0,14140637,0.007733224991361087,804.1885412597657
2020-09-22,858.9098510742188,1007.5,1022.5,991.2000122070312,1009.0,12625762,-0.002376381514118231,808.0120751953125
2020-09-23,869.3531494140625,1019.75,1037.0,1008.0999755859376,1020.1500244140624,13486204,0.012158782818455949,811.2311755371094
2020-09-24,831.5440673828125,975.4000244140624,1009.0,970.0,1003.0,14427432,-0.043491050853997626,812.3292138671875
2020-09-25,862.2771606445312,1011.4500122070312,1014.9000244140624,975.0,975.7999877929688,13311078,0.0369590674351723,814.1757592773438
2020-09-28,861.3821411132812,1010.4000244140624,1016.1500244140624,998.5,1014.7999877929688,8554526,-0.0010379719794282316,815.4732885742187
2020-09-29,860.1885986328125,1009.0,1028.0,1004.0999755859376,1018.0,8708463,-0.00138561321799191,816.7051733398438
2020-09-30,859.5492553710938,1008.25,1023.9500122070312,1005.0,1009.0,8048817,-0.0007432594000140735,818.2456713867188
2020-10-01,867.5628662109375,1017.6500244140624,1026.5,1011.75,1020.5999755859376,5563358,0.009323038545806295,820.1160925292969
2020-10-05,894.033447265625,1048.699951171875,1054.9000244140625,1018.0499877929688,1018.0499877929688,14212509,0.03051142699352405,822.2618762207031
2020-10-06,900.043701171875,1055.75,1060.0,1031.3499755859375,1055.0,9090819,0.006722627575771467,824.0913745117188
2020-10-07,909.2510375976562,1066.550048828125,1072.0,1035.5,1044.9000244140625,9284008,0.010229877075738747,825.8594958496094
2020-10-08,932.3966064453124,1093.699951171875,1124.0,1088.4000244140625,1090.0,21482613,0.025455641941096285,828.2388647460938
2020-10-09,943.564697265625,1106.800048828125,1113.300048828125,1088.449951171875,1095.0999755859375,10567867,0.011977832976988179,830.71712890625
2020-10-12,965.1331176757812,1132.0999755859375,1140.0,1112.0999755859375,1123.0,14633537,0.022858443594445443,833.5491845703125
2020-10-13,987.0428466796876,1157.800048828125,1166.050048828125,1135.550048828125,1135.550048828125,17523825,0.022701250845758025,836.97458984375
2020-10-14,969.3106079101562,1137.0,1164.9000244140625,1131.0999755859375,1162.0,16649573,-0.017965014213091934,840.165556640625
2020-10-15,944.8008422851562,1108.25,1186.0,1092.5,1180.0,44288251,-0.025285770551756737,842.9541357421875
2020-10-16,961.2118530273438,1127.5,1135.949951171875,1096.9000244140625,1113.8499755859375,18365685,0.017369809601878394,845.6250720214844
2020-10-19,959.8478393554688,1125.9000244140625,1139.0,1115.300048828125,1135.0,12902123,-0.0014190562336273693,848.6088806152344
2020-10-20,969.7368774414062,1137.5,1144.699951171875,1110.0,1118.9000244140625,10448776,0.010302714326656082,851.7827978515625
2020-10-21,978.986572265625,1148.3499755859375,1154.3499755859375,1135.0,1141.1500244140625,19811433,0.009538355237787233,855.1911535644531
2020-10-22,962.5332641601562,1129.050048828125,1158.0,1123.800048828125,1142.0,11271335,-0.01680646964073429,858.1596179199219
2020-10-23,967.2291870117188,1122.5,1135.0,1120.1500244140625,1133.0,9069862,0.004878712275632191,861.2859387207031
2020-10-26,958.5693969726562,1112.449951171875,1129.5999755859375,1103.1500244140625,1122.25,6309368,-0.008953193467845177,864.1981433105469
2020-10-27,939.95751953125,1090.8499755859375,1109.699951171875,1077.1500244140625,1105.699951171875,10172479,-0.019416306738130884,866.6716125488281
2020-10-28,927.635498046875,1076.550048828125,1104.75,1070.050048828125,1095.5,7608392,-0.013109125921477727,868.72728515625
2020-10-29,926.1705322265624,1074.8499755859375,1082.0,1060.0999755859375,1070.0,6935616,-0.0015792472618793019,870.8943249511718
2020-10-30,913.8917236328124,1060.5999755859375,1083.5999755859375,1052.3499755859375,1072.0,8800386,-0.013257610954465537,872.8865478515625
2020-11-02,923.973388671875,1072.300048828125,1079.949951171875,1051.0999755859375,1065.0,7183119,0.01103157494302165,875.188671875
2020-11-03,915.5718994140624,1062.550048828125,1079.4000244140625,1057.5,1072.0,7204782,-0.009092782715191539,877.3466345214844
2020-11-04,942.62841796875,1093.949951171875,1116.0,1066.800048828125,1068.0,15702690,0.029551495160568875,880.2042993164063
2020-11-05,951.288330078125,1104.0,1123.0,1099.0,1109.9000244140625,9568890,0.00918698391041084,883.0186218261719
2020-11-06,958.8280029296876,1112.75,1121.0999755859375,1091.699951171875,1108.0,8807127,0.00792574933715784,886.0476770019532
2020-11-09,979.3359375,1136.550048828125,1146.0,1121.1500244140625,1129.300048828125,10160320,0.02138854362581255,889.6880859375
2020-11-10,940.1298217773438,1091.050048828125,1113.8499755859375,1078.0,1113.8499755859375,15622869,-0.04003336773563082,892.6577563476562
2020-11-11,967.2291870117188,1122.5,1126.3499755859375,1087.0,1096.0,12514800,0.02882513096238437,896.415791015625
2020-11-12,963.13623046875,1117.75,1142.0,1113.75,1128.0999755859375,9180976,-0.004231630515218465,899.9240209960938
2020-11-13,968.6940307617188,1124.199951171875,1133.0,1117.0,1120.0,6363212,0.005770523542929951,903.3464758300781
2020-11-14,976.6646118164062,1133.449951171875,1139.6500244140625,1131.0999755859375,1137.0,1136144,0.008228171952726848,907.2079650878907
2020-11-17,968.2632446289062,1123.699951171875,1145.0,1112.6500244140625,1144.75,12813968,-0.008602100542862035,910.8008325195312
2020-11-18,956.9321899414062,1110.550048828125,1132.699951171875,1101.449951171875,1128.5,9839468,-0.011702452561692223,913.924111328125
2020-11-19,945.0411376953124,1096.75,1114.699951171875,1093.800048828125,1100.0,10092343,-0.012426222433610468,917.0065014648437
2020-11-20,950.728271484375,1103.3499755859375,1109.0,1091.0999755859375,1106.0,8063554,0.006017869024127265,919.9929138183594
2020-11-23,982.17919921875,1139.8499755859375,1144.800048828125,1101.949951171875,1105.0,10546363,0.03308087986620034,923.5120092773437
2020-11-24,982.3516845703124,1140.050048828125,1154.9000244140625,1133.3499755859375,1145.0,8515426,0.000175614950611358,926.4770104980469
2020-11-25,961.3268432617188,1115.6500244140625,1143.5,1111.25,1137.0,8958701,-0.021402560446353802,928.9524621582032
2020-11-26,959.2157592773438,1113.199951171875,1119.949951171875,1098.300048828125,1119.949951171875,10962256,-0.00219601064837871,931.0566174316406
2020-11-27,947.8416137695312,1100.0,1121.0,1091.0,1118.0,25306145,-0.011857755043955476,932.775576171875
2020-12-01,980.4560546875,1137.8499755859375,1140.25,1105.050048828125,1105.050048828125,8933802,0.03440916756995116,935.2977185058594
2020-12-02,983.0841064453124,1140.9000244140625,1147.449951171875,1121.0,1134.0,6741637,0.0026804380933218575,937.7402844238281
2020-12-03,970.6328125,1126.449951171875,1147.0,1122.699951171875,1147.0,16212632,-0.012665542921179385,939.9747436523437
2020-12-04,977.6985473632812,1134.6500244140625,1137.0,1115.0,1125.0,10564055,0.007279513707230345,942.1416516113281
2020-12-07,985.3244018554688,1143.5,1153.0,1136.0,1147.300048828125,7792141,0.007799801393541417,945.2172583007813
2020-12-08,993.8121337890624,1153.3499755859375,1167.0,1145.0,1145.0,12308330,0.008614149733438436,947.8479577636718
2020-12-09,1012.6396484375,1175.199951171875,1179.5,1157.0,1168.050048828125,10039346,0.018944742178438556,950.8731079101562
2020-12-10,1006.2201538085938,1167.75,1171.6500244140625,1150.0,1157.4000244140625,9488782,-0.006339367255480788,953.7937390136718
2020-12-11,1002.2994384765624,1163.199951171875,1171.949951171875,1155.25,1159.699951171875,10574009,-0.003896478635606049,956.6487426757812
2020-12-14,1003.462646484375,1164.550048828125,1172.5999755859375,1148.199951171875,1169.4000244140625,6728187,0.0011605394188194396,959.36673828125
2020-12-15,994.88916015625,1154.5999755859375,1163.699951171875,1152.0,1156.0,6905926,-0.00854390181653708,961.3838525390624
2020-12-16,1004.4534301757812,1165.699951171875,1168.9000244140625,1153.5999755859375,1160.0,7788404,0.009613402580473496,963.4720471191406
2020-12-17,998.8527221679688,1159.199951171875,1168.9000244140625,1156.199951171875,1165.9000244140625,6658153,-0.005575876232343013,965.2640808105468
2020-12-18,1025.219970703125,1189.800048828125,1195.0,1175.5999755859375,1182.8499755859375,15995676,0.026397533840551768,967.1205480957032
2020-12-21,1014.4490356445312,1177.300048828125,1209.75,1152.050048828125,1188.0,10858352,-0.010505974684834496,968.5382348632812
2020-12-22,1051.6734619140625,1220.5,1223.8499755859375,1176.0999755859375,1182.0,10901851,0.03669423003185246,970.2690417480469
2020-12-23,1079.720703125,1253.050048828125,1258.8499755859375,1230.550048828125,1238.0,15878346,0.026669153712304494,972.1225988769531
2020-12-24,1065.0723876953125,1236.050048828125,1249.9000244140625,1226.0,1249.9000244140625,7313885,-0.013566763504016754,974.0378344726563
2020-12-28,1068.734619140625,1240.300048828125,1248.0,1236.0,1238.449951171875,4607051,0.003438481259698367,976.5165100097656
2020-12-29,1077.3511962890625,1250.300048828125,1254.449951171875,1235.0,1235.0,6878105,0.008062410437650103,978.839296875
2020-12-30,1074.3355712890625,1246.800048828125,1253.300048828125,1238.1500244140625,1253.0,5194690,-0.002799110457562315,981.1290515136719
2020-12-31,1082.090576171875,1255.800048828125,1258.4000244140625,1239.0,1243.0,7430470,0.0072184195423292685,983.3761254882812
2021-01-01,1086.0972900390625,1260.449951171875,1265.5,1255.800048828125,1257.9000244140625,4253550,0.003702752759719985,985.51833984375
2021-01-04,1110.0517578125,1288.25,1290.0,1261.1500244140625,1269.0,7208454,0.022055545109201047,988.4687097167969
2021-01-05,1114.8341064453125,1293.800048828125,1299.0,1275.050048828125,1282.0,8145280,0.004308221305136861,991.4208081054687
2021-01-06,1104.7523193359375,1282.0999755859375,1302.0,1268.050048828125,1300.0,7161715,-0.00904330702755507,994.3444665527344
2021-01-07,1087.562255859375,1262.1500244140625,1297.6500244140625,1255.5,1296.0,10954918,-0.015560106257025419,997.2965612792968
2021-01-08,1130.6026611328125,1312.0999755859375,1316.800048828125,1278.25,1278.25,13186251,0.03957511861187912,1001.3559045410157
2021-01-11,1185.8358154296875,1376.199951171875,1383.3499755859375,1340.0,1342.0999755859375,20528626,0.04885284299749815,1006.5492102050781
2021-01-12,1182.0015869140625,1371.75,1378.0,1360.0,1378.0,8309868,-0.003233355297365237,1011.9114074707031
2021-01-13,1195.271484375,1387.1500244140625,1392.800048828125,1360.0,1373.8499755859375,14442997,0.01122663252558076,1017.3373693847657
2021-01-14,1180.924560546875,1370.5,1384.0,1318.449951171875,1360.0,27521697,-0.012003067098707687,1022.6444226074219
2021-01-15,1158.9088134765625,1344.949951171875,1364.449951171875,1340.0,1360.0,15018441,-0.01864280565061427,1026.9700305175782
2021-01-18,1130.5596923828125,1312.050048828125,1340.0,1306.0,1338.0,8861765,-0.024461908274479915,1030.555457763672
2021-01-19,1134.523193359375,1316.6500244140625,1331.0,1312.0,1320.0,5585744,0.0035057865615293338,1034.0693615722657
2021-01-20,1154.1695556640625,1339.449951171875,1348.4000244140625,1320.550048828125,1320.550048828125,8225838,0.01731684501443609,1037.5660339355468
2021-01-21,1154.3848876953125,1339.699951171875,1361.050048828125,1335.0,1350.0,6142421,0.00018656880195222492,1041.8511352539062
2021-01-22,1155.375732421875,1340.8499755859375,1356.0,1326.550048828125,1327.0,9646591,0.0008583313391608005,1045.6140661621093
2021-01-25,1141.8045654296875,1325.0999755859375,1347.9000244140625,1313.0,1345.0,6542611,-0.011746107012079898,1049.187432861328
2021-01-27,1121.0380859375,1301.0,1327.550048828125,1285.0999755859375,1319.5999755859375,8133665,-0.018187420265194487,1052.2343139648438
2021-01-28,1099.6685791015625,1276.199951171875,1296.449951171875,1272.550048828125,1291.800048828125,4660690,-0.019062248735346565,1054.694393310547
2021-01-29,1067.6575927734375,1239.050048828125,1291.1500244140625,1231.0,1286.25,12183519,-0.029109667163790598,1056.6822802734375
2021-02-01,1086.4849853515625,1260.9000244140625,1277.949951171875,1241.0,1250.550048828125,8880279,0.017634298398250925,1059.2733361816406
2021-02-02,1095.4031982421875,1271.25,1294.4000244140625,1263.5999755859375,1280.0,6892490,0.008208316737795762,1062.2805773925782
2021-02-03,1106.9498291015625,1284.6500244140625,1304.0,1273.0,1277.6500244140625,8182968,0.01054098698808259,1065.4050085449219
2021-02-04,1102.3829345703125,1279.3499755859375,1293.4000244140625,1272.050048828125,1285.0,5032240,-0.0041256562955130915,1067.809083251953
2021-02-05,1096.1358642578125,1272.0999755859375,1288.75,1262.0,1286.4000244140625,5477481,-0.005666878646788054,1070.0847668457031
2021-02-08,1123.2354736328125,1303.550048828125,1310.0,1275.5,1285.5,6921922,0.024722856224897782,1073.322939453125
2021-02-09,1124.958740234375,1305.550048828125,1332.0,1297.8499755859375,1306.9000244140625,7965949,0.0015341988763843961,1076.6377990722656
2021-02-10,1117.16064453125,1296.5,1304.3499755859375,1283.5999755859375,1295.800048828125,5951207,-0.006931894854650733,1080.0241796875
2021-02-11,1113.84326171875,1292.6500244140625,1296.0,1283.050048828125,1289.0,4673317,-0.0029694769760636452,1082.691923828125
2021-02-12,1128.620849609375,1309.800048828125,1323.75,1301.550048828125,1305.0,5797875,0.013267205897373735,1085.6026586914063
2021-02-15,1128.49169921875,1309.6500244140625,1328.4000244140625,1307.0999755859375,1320.0,4363513,-0.00011443204391425876,1088.7598364257813
2021-02-16,1111.9044189453125,1290.4000244140625,1319.75,1286.0,1314.0,6896421,-0.014698628518863499,1091.4439538574218
2021-02-17,1104.0633544921875,1281.300048828125,1294.5,1275.0,1290.4000244140625,4575741,-0.007051923096557666,1093.8187329101563
2021-02-18,1113.6707763671875,1292.449951171875,1306.0,1275.0,1276.0,6437551,0.008701875518202451,1096.2159057617187
2021-02-19,1112.68017578125,1291.300048828125,1299.5,1276.800048828125,1296.0999755859375,5389696,-0.0008894914071183591,1098.2167163085937
2021-02-22,1090.1903076171875,1265.199951171875,1308.550048828125,1260.0,1295.0,7371303,-0.02021233832828162,1099.8961193847656
2021-02-23,1091.1810302734375,1266.3499755859375,1291.0,1257.550048828125,1271.1500244140625,6612942,0.0009087612037346204,1101.673751220703
2021-02-24,1098.0316162109375,1274.300048828125,1276.5999755859375,1252.0,1260.050048828125,4537258,0.006278138775729358,1103.5651306152345
2021-02-25,1098.2469482421875,1274.550048828125,1299.75,1272.0,1288.449951171875,8788221,0.00019610731428021388,1105.632286376953
2021-02-26,1079.9361572265625,1253.300048828125,1274.300048828125,1244.75,1269.0,15132388,-0.016672744727342592,1107.1419409179687
2021-03-01,1091.7412109375,1267.0,1284.5,1259.0,1263.300048828125,5756286,0.010931251474397108,1108.9997106933595
2021-03-02,1124.0540771484375,1304.5,1310.0,1279.199951171875,1282.25,10461434,0.029597551037933156,1110.9763928222656
2021-03-03,1157.702392578125,1343.550048828125,1347.0,1308.0,1319.199951171875,9056399,0.0299347834892858,1113.8414599609375
2021-03-04,1146.3284912109375,1330.3499755859375,1363.8499755859375,1325.9000244140625,1335.0,12041941,-0.009824546826631808,1115.734560546875
2021-03-05,1134.5662841796875,1316.699951171875,1340.0,1305.050048828125,1328.5,6486176,-0.010260764799472799,1116.8314721679687
2021-03-08,1150.9814453125,1335.75,1346.0999755859375,1317.199951171875,1324.800048828125,5119392,0.014468225754373565,1118.5496533203125
2021-03-09,1159.4256591796875,1345.550048828125,1350.449951171875,1318.75,1329.5,6518173,0.007336533444198823,1120.3634741210938
2021-03-10,1178.8992919921875,1368.1500244140625,1374.0,1355.0,1356.9000244140625,7925984,0.016795930518113567,1122.3944360351563
2021-03-12,1184.6727294921875,1374.8499755859375,1391.699951171875,1370.050048828125,1373.0,9462061,0.004897311873216514,1124.6011791992187
2021-03-15,1183.595703125,1373.5999755859375,1379.9000244140625,1358.5,1370.0,6658635,-0.0009091340927963598,1126.6312817382814
2021-03-16,1192.55712890625,1384.0,1406.0,1380.5,1386.050048828125,9352771,0.007571357142974966,1128.760478515625
2021-03-17,1195.14208984375,1387.0,1400.0,1382.0,1392.25,7626744,0.0021675782860572923,1130.46228515625
2021-03-18,1152.14453125,1337.0999755859375,1393.75,1313.5,1393.75,10961755,-0.03597694279127217,1131.2084936523438
2021-03-19,1158.4779052734375,1344.449951171875,1355.199951171875,1318.0,1330.0,12767112,0.005497030842620321,1132.2830053710939
2021-03-22,1181.18310546875,1370.800048828125,1376.0,1336.0999755859375,1350.0999755859375,4862758,0.01959916550152352,1134.1554223632813
2021-03-23,1181.829345703125,1371.550048828125,1383.25,1359.5999755859375,1372.449951171875,7165335,0.0005471126630434142,1135.1799560546874
2021-03-24,1166.491455078125,1353.75,1370.449951171875,1346.25,1357.8499755859375,6134303,-0.012978092548442177,1134.7930688476563
2021-03-25,1149.301025390625,1333.800048828125,1352.5,1327.5999755859375,1346.75,8749994,-0.014736867220642158,1134.1390576171875
2021-03-26,1151.369140625,1336.199951171875,1356.699951171875,1332.0,1344.699951171875,4922071,0.0017994547892028478,1133.2610107421874
2021-03-30,1193.6773681640625,1385.300048828125,1400.0,1336.1500244140625,1346.9000244140625,10546381,0.03674601484984752,1133.5160668945311
2021-03-31,1178.8134765625,1368.050048828125,1388.0,1363.300048828125,1382.0,8220987,-0.012452185153199236,1133.91416015625
2021-04-01,1193.5911865234375,1385.199951171875,1391.5999755859375,1371.0,1380.0,5675155,0.012536088409873303,1135.1747900390626
2021-04-05,1214.8743896484375,1409.9000244140625,1425.0,1387.0,1391.0,9479572,0.017831233478684982,1136.7818139648436
2021-04-06,1215.865234375,1411.050048828125,1426.0,1406.449951171875,1423.0,5793571,0.0008155943816128275,1138.0157275390625
2021-04-07,1232.3662109375,1430.199951171875,1434.949951171875,1406.5999755859375,1410.25,5879234,0.013571386117460671,1139.5753540039063
2021-04-08,1240.6815185546875,1439.8499755859375,1451.699951171875,1421.0,1430.0,5654434,0.006747432332522063,1141.2814697265626
2021-04-09,1241.7156982421875,1441.050048828125,1455.0,1430.050048828125,1455.0,6052712,0.0008335577438960406,1143.2796923828125
2021-04-12,1228.531982421875,1425.75,1477.550048828125,1415.0,1474.0,20384532,-0.01061733844468249,1145.4295703125
2021-04-13,1203.8880615234375,1397.1500244140625,1435.25,1375.0,1433.0,14855206,-0.0200596494442542,1147.5139599609374
2021-04-15,1172.523193359375,1360.75,1366.4000244140625,1320.0,1332.300048828125,25342491,-0.026052977155012536,1149.6112719726561
2021-04-16,1166.491455078125,1353.75,1370.8499755859375,1346.5999755859375,1365.0,10879878,-0.005144237926730133,1151.2114013671876
2021-04-19,1174.0743408203125,1362.550048828125,1379.699951171875,1332.3499755859375,1340.0,12508028,0.006500592618297052,1152.78482421875
2021-04-20,1164.4232177734375,1351.3499755859375,1379.0,1342.4000244140625,1379.0,8560766,-0.008220197572950894,1153.9342919921876
2021-04-22,1164.2078857421875,1351.0999755859375,1364.800048828125,1345.1500244140625,1355.550048828125,6622446,-0.00018492591693741733,1155.170791015625
2021-04-23,1149.301025390625,1333.800048828125,1348.4000244140625,1331.0,1343.0,7316262,-0.012804294262325211,1156.2340942382812
2021-04-26,1157.702392578125,1343.550048828125,1351.300048828125,1321.0,1332.25,7088606,0.007309979719755777,1156.9234326171875
2021-04-27,1161.967529296875,1348.5,1353.0,1340.1500244140625,1346.0,3636115,0.0036841391588142702,1157.6636083984374
2021-04-28,1168.43017578125,1356.0,1359.5,1344.5999755859375,1358.0,4879234,0.005561813322172204,1158.6889990234374
2021-04-29,1168.73193359375,1356.3499755859375,1369.0,1351.4000244140625,1368.0,5412357,0.0002582591743647278,1159.7867724609375
2021-04-30,1167.00830078125,1354.3499755859375,1373.9000244140625,1345.9000244140625,1346.300048828125,8354677,-0.0014747888399010423,1160.554521484375
2021-05-03,1165.026611328125,1352.050048828125,1361.0,1338.0,1340.800048828125,4560337,-0.0016980937083295178,1161.2852197265624
2021-05-04,1145.509765625,1329.4000244140625,1354.949951171875,1324.0999755859375,1354.0,4887060,-0.016752274594720062,1161.9573266601562
2021-05-05,1155.93603515625,1341.5,1343.9000244140625,1327.800048828125,1341.0999755859375,3939788,0.009101860013879026,1162.9947802734375
2021-05-06,1173.25537109375,1361.5999755859375,1364.699951171875,1337.4000244140625,1345.0,4810090,0.014982953563826618,1164.1864721679688
2021-05-07,1165.45751953125,1352.550048828125,1373.050048828125,1348.5,1365.300048828125,4991435,-0.006646337834559035,1165.2420190429686
2021-05-10,1154.255615234375,1339.550048828125,1352.9000244140625,1335.050048828125,1349.8499755859375,7195348,-0.00961159382401211,1166.5233251953125
2021-05-11,1146.5869140625,1330.6500244140625,1341.0,1325.0999755859375,1336.9000244140625,6420988,-0.006643850002252649,1167.6314428710937
2021-05-12,1143.4417724609375,1327.0,1330.0,1314.5,1330.0,5241898,-0.0027430468314162404,1168.5396459960937
2021-05-14,1134.307861328125,1316.4000244140625,1326.8499755859375,1311.300048828125,1326.8499755859375,4824609,-0.007988085928638311,1169.2608642578125
2021-05-17,1145.509765625,1329.4000244140625,1334.949951171875,1320.300048828125,1320.300048828125,5017129,0.009875541445828473,1170.5723364257813
2021-05-18,1154.643310546875,1340.0,1344.5999755859375,1329.5,1338.0,5620150,0.007973345313989189,1171.8303784179689
2021-05-19,1152.058349609375,1337.0,1357.449951171875,1333.25,1342.0,4435878,-0.002238752793947807,1172.3904638671875
2021-05-20,1154.040283203125,1339.300048828125,1349.0999755859375,1335.0,1348.4000244140625,4490092,0.0017203413302997461,1172.3172216796875
2021-05-21,1167.1376953125,1354.5,1357.5,1346.3499755859375,1347.5,4969733,0.011349181046802048,1172.7334057617188
2021-05-24,1161.5799560546875,1348.050048828125,1363.0,1345.0999755859375,1356.6500244140625,4225371,-0.00476185396130524,1173.2736791992188
2021-05-25,1173.25537109375,1361.5999755859375,1368.0,1354.449951171875,1358.0,4099340,0.010051322750711078,1173.7191577148437
2021-05-26,1203.9742431640625,1397.25,1400.0,1362.050048828125,1367.9000244140625,6850024,0.026182596583108175,1174.6101293945312
2021-05-27,1208.28271484375,1402.25,1416.25,1391.699951171875,1404.199951171875,15365391,0.0035785414049762654,1175.1977978515624
2021-05-28,1210.6953125,1405.050048828125,1414.0,1396.0999755859375,1409.75,4261312,0.0019967161878682305,1175.7182495117188
2021-05-31,1213.91796875,1393.75,1401.5,1383.0,1401.5,4429904,0.0026618226871180095,1176.3246948242188
2021-06-01,1208.2130126953125,1387.199951171875,1401.0,1378.6500244140625,1400.0,4791325,-0.004699622381042823,1176.6378125
2021-06-02,1200.7659912109375,1378.6500244140625,1391.949951171875,1365.0,1380.75,9272276,-0.0061636660142916355,1176.7502905273439
2021-06-03,1210.3468017578125,1389.6500244140625,1399.0,1377.050048828125,1388.0999755859375,5115645,0.007978915639685225,1177.9143359375
2021-06-04,1206.8631591796875,1385.6500244140625,1396.9000244140625,1377.6500244140625,1393.949951171875,4194328,-0.0028782185180855624,1178.882041015625
2021-06-07,1210.3468017578125,1389.6500244140625,1392.0,1377.300048828125,1391.0,5154576,0.002886526572319026,1179.4653149414062
2021-06-08,1230.6407470703125,1412.949951171875,1421.75,1395.550048828125,1396.0,7360630,0.01676704997528522,1180.44154296875
2021-06-09,1232.6875,1415.300048828125,1425.0,1404.5999755859375,1413.4000244140625,5394317,0.0016631603776813275,1181.7654638671875
2021-06-10,1240.5262451171875,1424.300048828125,1429.0,1419.0,1424.0,3496575,0.006359069202200418,1183.5899682617187
2021-06-11,1260.2103271484375,1446.9000244140625,1451.5999755859375,1429.449951171875,1430.0999755859375,6140828,0.015867525663989968,1185.7667919921876
2021-06-14,1273.1875,1461.800048828125,1477.0,1453.449951171875,1471.0,7132294,0.010297624588529564,1187.3569946289062
2021-06-15,1283.7264404296875,1473.9000244140625,1476.0,1463.0,1464.0,5403104,0.008277602811594953,1189.45525390625
2021-06-16,1289.561767578125,1480.5999755859375,1489.449951171875,1467.5,1472.699951171875,7661710,0.004545615767238109,1191.3746655273437
2021-06-17,1302.3653564453125,1495.300048828125,1502.6500244140625,1475.0999755859375,1475.0999755859375,7677951,0.009928635594736557,1193.1244848632812
2021-06-18,1309.3330078125,1503.300048828125,1515.800048828125,1487.4000244140625,1509.0,13533974,0.005349997473984569,1194.9938403320311
2021-06-21,1306.7200927734375,1500.300048828125,1505.800048828125,1484.199951171875,1493.0,5454052,-0.0019956077051993537,1196.48091796875
2021-06-22,1316.7796630859375,1511.8499755859375,1521.449951171875,1502.0999755859375,1509.699951171875,6427862,0.0076983359849844835,1198.002880859375
2021-06-23,1309.2025146484375,1503.1500244140625,1525.0,1498.6500244140625,1525.0,5529809,-0.00575430244703401,1199.3526171875
2021-06-24,1358.0203857421875,1559.199951171875,1568.75,1511.199951171875,1517.0,10785137,0.03728825032608429,1201.9423852539062
2021-06-25,1371.0849609375,1574.199951171875,1578.0,1543.0,1572.0,9780240,0.009620308599544547,1205.2863232421876
2021-06-28,1368.99462890625,1571.800048828125,1580.1500244140625,1560.5999755859375,1572.9000244140625,5019178,-0.0015245824225369464,1209.215751953125
2021-06-29,1361.3736572265625,1563.050048828125,1573.6500244140625,1559.199951171875,1561.0,5913567,-0.005566838261283902,1213.1133959960937
2021-06-30,1376.833251953125,1580.800048828125,1591.0,1572.050048828125,1572.050048828125,6058722,0.011355879147872727,1217.16857421875
2021-07-01,1359.065673828125,1560.4000244140625,1576.8499755859375,1559.050048828125,1576.8499755859375,4814317,-0.012904669537720403,1221.0614233398437
2021-07-02,1365.5108642578125,1567.800048828125,1569.449951171875,1542.5999755859375,1558.949951171875,5166064,0.00474236863884081,1225.0874829101563
2021-07-05,1375.221923828125,1578.949951171875,1585.0,1561.050048828125,1569.1500244140625,4058338,0.00711166774611538,1229.6059008789061
2021-07-06,1360.63330078125,1562.199951171875,1586.75,1557.0999755859375,1573.699951171875,4089574,-0.010608195516739194,1233.6645190429688
2021-07-07,1362.7235107421875,1564.5999755859375,1570.550048828125,1544.6500244140625,1566.050048828125,4797120,0.001536203736699271,1237.679638671875
2021-07-08,1359.370361328125,1560.75,1576.0,1549.0,1568.0,3326813,-0.0024606234409475514,1241.4984423828125
2021-07-09,1361.2430419921875,1562.9000244140625,1569.9000244140625,1551.0,1556.0,3436594,0.0013776088675589993,1245.3486645507812
2021-07-12,1348.134765625,1547.8499755859375,1578.0,1533.75,1570.550048828125,4588982,-0.009629637002958269,1248.9711938476562
2021-07-13,1345.6090087890625,1544.949951171875,1556.4000244140625,1536.300048828125,1556.4000244140625,4456160,-0.0018735195474071098,1252.582841796875
2021-07-14,1373.4365234375,1576.9000244140625,1582.800048828125,1538.0999755859375,1554.0,5657716,0.020680238068174095,1257.141376953125
2021-07-15,1376.833251953125,1580.800048828125,1596.8499755859375,1556.0,1557.9000244140625,10021355,0.002473160177161704,1261.5593212890626
2021-07-16,1354.754150390625,1555.449951171875,1574.6500244140625,1549.5999755859375,1573.75,6265593,-0.01603614782776297,1265.189296875
2021-07-19,1342.7784423828125,1541.699951171875,1552.9000244140625,1537.550048828125,1544.699951171875,5669162,-0.008839764767917146,1268.7357153320313
2021-07-20,1350.0509033203125,1550.050048828125,1557.699951171875,1538.0,1538.300048828125,5069939,0.005415979813166105,1272.65162109375
2021-07-22,1385.0203857421875,1590.199951171875,1592.8499755859375,1561.4000244140625,1561.4000244140625,7854575,0.025902343634503833,1277.4202905273437
2021-07-23,1385.2381591796875,1590.449951171875,1598.5,1585.050048828125,1588.550048828125,4179719,0.00015723482465812566,1282.2562182617187
2021-07-26,1396.952880859375,1603.9000244140625,1611.6500244140625,1594.0999755859375,1594.0999755859375,4586710,0.008456828598069288,1287.5091186523437
2021-07-27,1395.7772216796875,1602.550048828125,1609.300048828125,1597.9000244140625,1605.0,5892859,-0.0008415882853287648,1292.5144677734374
2021-07-28,1398.4334716796875,1605.5999755859375,1607.5999755859375,1585.5,1605.0999755859375,4686788,0.0019030615765482928,1297.3902709960937
2021-07-29,1408.362548828125,1617.0,1620.0,1600.0999755859375,1600.0999755859375,4660873,0.007100142659279607,1302.5163549804688
2021-07-30,1402.7012939453125,1610.5,1623.4000244140625,1606.1500244140625,1610.0,6234257,-0.004019742563818651,1307.4895751953125
2021-08-02,1421.0352783203125,1631.550048828125,1634.75,1619.199951171875,1627.449951171875,5553389,0.013070483683260026,1312.5675268554687
2021-08-03,1441.633544921875,1655.199951171875,1658.6500244140625,1635.5999755859375,1647.0,5513668,0.01449525350694314,1318.1685986328125
2021-08-04,1436.451416015625,1649.25,1679.9000244140625,1639.050048828125,1669.0999755859375,6740391,-0.0035946228668887192,1323.43251953125
2021-08-05,1440.19677734375,1653.550048828125,1666.0,1647.050048828125,1649.5,5420536,0.002607370695845601,1328.1569702148438
2021-08-06,1437.278564453125,1650.199951171875,1660.6500244140625,1644.0,1657.0,3754855,-0.002026259839302824,1332.7368872070313
2021-08-09,1448.6885986328125,1663.300048828125,1667.449951171875,1646.4000244140625,1661.0,5018477,0.007938637966140583,1337.4967529296875
2021-08-10,1460.838623046875,1677.25,1680.0,1661.050048828125,1668.0,6846517,0.008386912429302562,1342.435166015625
2021-08-11,1461.0999755859375,1677.550048828125,1684.0,1668.0,1674.800048828125,4899639,0.0001789058250099007,1347.4929052734376
2021-08-12,1471.594970703125,1689.5999755859375,1696.5,1674.0,1679.1500244140625,5659579,0.007182941135139398,1352.9094848632812
2021-08-13,1491.279052734375,1712.199951171875,1722.5,1691.300048828125,1697.0,5612790,0.013376018825237646,1358.5281298828124
2021-08-16,1484.4857177734375,1704.4000244140625,1719.949951171875,1690.0999755859375,1707.699951171875,4564109,-0.004555374762678643,1364.0805810546874
2021-08-17,1516.92919921875,1741.6500244140625,1748.9000244140625,1686.550048828125,1703.9000244140625,9510390,0.021855031043325868,1370.2122290039063
2021-08-18,1509.787353515625,1733.449951171875,1755.5,1727.0,1729.0,6686090,-0.004708094291284826,1375.7951611328126
2021-08-20,1509.3516845703125,1732.949951171875,1745.0,1716.0999755859375,1716.0999755859375,6206972,-0.0002885631173807912,1381.3284448242186
2021-08-23,1514.4034423828125,1738.75,1753.1500244140625,1732.0,1735.75,6189051,0.0033469719907843754,1386.8059887695313
2021-08-24,1498.8131103515625,1720.8499755859375,1757.0,1712.699951171875,1750.0,7602939,-0.010294701923497795,1391.5780444335937
2021-08-25,1511.6163330078125,1735.550048828125,1746.9000244140625,1718.0,1718.0,6153253,0.00854224090236766,1396.34662109375
2021-08-26,1504.779052734375,1727.699951171875,1746.0,1720.0,1734.0,5302248,-0.004523158505328362,1400.7676733398437
2021-08-27,1488.3177490234375,1708.800048828125,1727.699951171875,1705.199951171875,1725.0,6698514,-0.01093934932243057,1404.74279296875
2021-08-30,1478.954833984375,1698.050048828125,1718.6500244140625,1690.4000244140625,1703.050048828125,6559667,-0.006290938238965427,1408.2745825195314
2021-08-31,1486.2711181640625,1706.449951171875,1715.0,1685.8499755859375,1700.1500244140625,12255438,0.004946928744251844,1411.8133447265625
2021-09-01,1461.2740478515625,1677.75,1709.5,1673.1500244140625,1709.5,7801974,-0.01681864769287722,1414.904423828125
2021-09-02,1471.1595458984375,1689.0999755859375,1694.300048828125,1662.6500244140625,1677.3499755859375,6830050,0.006764985706417814,1417.992021484375
2021-09-03,1481.2193603515625,1700.6500244140625,1705.949951171875,1684.4000244140625,1696.050048828125,5339139,0.0068380173184965365,1421.4323583984376
2021-09-06,1507.130859375,1730.4000244140625,1732.0,1699.3499755859375,1705.1500244140625,4876026,0.01749335697130472,1424.4145678710938
2021-09-07,1486.4451904296875,1706.6500244140625,1734.9000244140625,1704.0,1730.0,3520341,-0.01372519766060043,1426.7217724609375
2021-09-08,1474.774169921875,1693.25,1700.8499755859375,1682.949951171875,1700.8499755859375,4584896,-0.007851631922222935,1428.83736328125
2021-09-09,1473.3370361328125,1691.5999755859375,1694.9000244140625,1682.1500244140625,1685.9000244140625,3331674,-0.0009744771900491722,1431.076630859375
2021-09-13,1473.598388671875,1691.9000244140625,1701.5,1675.199951171875,1683.0,4662374,0.00017738815535950359,1433.01193359375
2021-09-14,1468.590087890625,1686.1500244140625,1695.949951171875,1678.5999755859375,1695.949951171875,4945167,-0.003398687742705686,1435.202421875
2021-09-15,1490.625732421875,1711.449951171875,1715.0999755859375,1690.199951171875,1693.25,4062344,0.01500462566984928,1437.7047192382813
2021-09-16,1482.6129150390625,1702.25,1719.25,1691.449951171875,1715.199951171875,3246568,-0.005375472332544429,1439.8525390625
2021-09-17,1473.0758056640625,1691.300048828125,1718.0,1684.449951171875,1697.0,7454864,-0.0064326361103826946,1442.1013891601563
2021-09-20,1470.0709228515625,1687.8499755859375,1707.699951171875,1677.949951171875,1685.0,5660743,-0.002039869775164349,1444.2483374023439
2021-09-21,1496.722900390625,1718.449951171875,1726.75,1684.6500244140625,1700.0,4672222,0.01812972226357923,1446.9953881835938
2021-09-22,1495.3726806640625,1716.9000244140625,1738.9000244140625,1713.050048828125,1717.0,4553892,-0.0009021173700289875,1449.6779809570312
2021-09-23,1517.713134765625,1742.550048828125,1745.0,1721.0999755859375,1732.0,3826090,0.014939723314753683,1453.0695483398438
2021-09-24,1536.2647705078125,1763.8499755859375,1788.0,1752.449951171875,1758.0,8280446,0.012223413843652553,1456.8826635742187
2021-09-27,1499.07421875,1721.1500244140625,1769.0,1718.0999755859375,1768.75,5045337,-0.024208425833731173,1459.3954174804687
2021-09-28,1469.417724609375,1687.0999755859375,1710.0,1675.0,1710.0,6557197,-0.019783206041228518,1461.2471069335938
2021-09-29,1473.9031982421875,1692.25,1701.4000244140625,1655.0,1659.25,7792548,0.003052551740523546,1463.630087890625
2021-09-30,1459.05322265625,1675.199951171875,1703.0,1670.0999755859375,1703.0,6914031,-0.010075271974202882,1465.9555834960938
2021-10-01,1450.2998046875,1665.1500244140625,1678.949951171875,1661.25,1665.0999755859375,5733906,-0.005999382224600502,1467.9605615234375
2021-10-04,1462.14501953125,1678.75,1688.0,1665.4000244140625,1672.5,2947154,0.00816742497341938,1469.5030541992187
2021-10-05,1474.382080078125,1692.800048828125,1702.949951171875,1663.0,1671.0,4373310,0.008369252285794548,1471.2859326171874
2021-10-06,1457.6160888671875,1673.550048828125,1709.0,1670.0,1702.0999755859375,4271698,-0.011371537566469248,1472.4991967773437
2021-10-07,1472.8143310546875,1691.0,1704.199951171875,1676.6500244140625,1687.0,5476108,0.010426779934428199,1474.0399389648437
2021-10-08,1501.4259033203125,1723.8499755859375,1731.5,1698.4000244140625,1705.25,4738376,0.019426462427980518,1476.0997875976564
2021-10-11,1472.7708740234375,1690.949951171875,1730.0,1663.699951171875,1682.0,8840633,-0.01908521042131095,1477.3879541015624
2021-10-12,1467.7193603515625,1685.1500244140625,1689.0,1662.0,1677.0,7439300,-0.003429938601430149,1478.6883154296875
2021-10-13,1488.666259765625,1709.199951171875,1713.6500244140625,1680.050048828125,1695.949951171875,7104171,0.014271733398028452,1480.0409350585937
2021-10-14,1494.3709716796875,1715.75,1783.5999755859375,1698.199951171875,1754.0,19655776,0.003832095929251933,1481.09568359375
2021-10-18,1560.9134521484375,1792.1500244140625,1799.0,1740.0,1740.0,13438109,0.044528756065139286,1483.5849243164062
2021-10-19,1587.0426025390625,1822.1500244140625,1834.5,1782.300048828125,1814.0,10324260,0.016739653537267474,1486.5218408203125
2021-10-20,1569.7972412109375,1802.3499755859373,1848.0,1794.050048828125,1829.4000244140625,5876115,-0.010866350594832541,1489.1722143554687
2021-10-21,1527.3809814453125,1753.6500244140625,1814.0,1746.8499755859375,1814.0,8779629,-0.027020215510701995,1490.7460620117188
2021-10-22,1497.8985595703125,1719.800048828125,1763.199951171875,1707.0,1749.9000244140625,7369809,-0.01930259852201488,1491.4872607421876
2021-10-25,1487.2291259765625,1707.550048828125,1729.75,1687.199951171875,1722.050048828125,5905209,-0.007122934677773252,1492.00984375
2021-10-26,1497.0263671875,1703.699951171875,1726.5999755859375,1695.9000244140625,1710.050048828125,5871709,0.0065875802455821475,1492.5184716796875
2021-10-27,1519.21337890625,1728.949951171875,1734.1500244140625,1701.1500244140625,1709.0999755859375,5090259,0.014820722069467163,1493.077158203125
2021-10-28,1497.2021484375,1703.9000244140625,1724.75,1692.050048828125,1719.3499755859375,5329972,-0.014488570713217963,1493.3314868164061
2021-10-29,1465.4375,1667.75,1712.5999755859375,1661.050048828125,1699.0,5875091,-0.021216005113704917,1492.3016528320313
2021-11-01,1493.8193359375,1700.050048828125,1707.199951171875,1676.0,1677.5,3636806,0.019367483046871747,1491.9822924804687
2021-11-02,1491.9300537109375,1697.9000244140625,1706.449951171875,1686.3499755859375,1695.0,3471772,-0.0012647327431846156,1491.6338598632813
2021-11-03,1495.9720458984375,1702.5,1717.449951171875,1699.0,1709.0,3530713,0.0027092370566879076,1491.2652319335937
2021-11-04,1501.419921875,1708.699951171875,1717.0,1705.0,1715.0,483407,0.0036416963749417164,1491.3173681640626
2021-11-08,1526.726318359375,1737.5,1741.0,1703.0,1730.0,5245903,0.016854975823666907,1491.6195678710938
2021-11-09,1531.1197509765625,1742.5,1750.0,1726.0,1734.75,4016134,0.0028776818506075497,1492.1463818359375
2021-11-10,1529.0546875,1740.1500244140625,1750.949951171875,1721.949951171875,1726.0,4780368,-0.001348727606214628,1492.9611206054688
2021-11-11,1523.0357666015625,1733.300048828125,1739.75,1709.0,1732.949951171875,4731349,-0.003936367317429634,1493.8427392578126
2021-11-12,1564.2464599609375,1780.199951171875,1782.8499755859375,1738.050048828125,1743.0,5069009,0.02705825710930654,1495.40224609375
2021-11-15,1570.353515625,1787.1500244140625,1800.0,1775.5,1782.0999755859375,4354074,0.003904151820305124,1497.5838354492187
2021-11-16,1574.878662109375,1792.300048828125,1808.949951171875,1777.0,1790.0,6034233,0.0028816100574486914,1499.6582177734374
2021-11-17,1570.6168212890625,1787.449951171875,1802.0,1780.699951171875,1792.550048828125,4732492,-0.0027061391603364626,1501.4461669921875
2021-11-18,1563.54345703125,1779.4000244140625,1789.449951171875,1759.0,1781.5999755859375,4326924,-0.004503558195694812,1502.5744189453126
2021-11-22,1545.9698486328125,1759.4000244140625,1785.4000244140625,1751.1500244140625,1784.0,6621839,-0.011239603427336209,1503.764912109375
2021-11-23,1526.1990966796875,1736.9000244140625,1747.25,1710.0,1735.0999755859375,8436160,-0.012788575385612733,1504.7934106445311
2021-11-24,1490.2607421875,1696.0,1740.5,1688.0,1740.0,7333061,-0.023547618767677747,1505.131884765625
2021-11-25,1513.4580078125,1722.4000244140625,1726.199951171875,1696.949951171875,1700.0,4476260,0.01556591069489599,1505.9290771484375
2021-11-26,1486.4383544921875,1691.6500244140625,1718.3499755859375,1684.0,1702.550048828125,4494181,-0.017852925671433595,1506.2860424804687
2021-11-29,1490.568115234375,1696.3499755859375,1712.0,1669.1500244140625,1691.0,3942776,0.0027782926414048337,1506.2848901367188
2021-11-30,1504.8907470703125,1712.6500244140625,1729.9000244140625,1700.050048828125,1704.550048828125,14808963,0.00960884087721503,1506.7304467773438
2021-12-01,1506.867919921875,1714.9000244140625,1741.9000244140625,1713.0,1715.0,5193264,0.001313831489369921,1507.4062890625
2021-12-02,1536.17236328125,1748.25,1750.5,1711.3499755859375,1715.0,5559574,0.019447254116933044,1508.7283178710939
2021-12-03,1525.012939453125,1735.550048828125,1786.6500244140625,1732.550048828125,1771.0999755859375,6754012,-0.007264434704637335,1509.2941186523437
2021-12-06,1489.6456298828125,1695.300048828125,1733.949951171875,1691.5,1730.0,3991449,-0.023191481629654453,1509.1795776367187
2021-12-07,1504.0120849609375,1711.6500244140625,1724.9000244140625,1694.0,1701.0999755859375,4202122,0.00964420986436565,1508.905556640625
2021-12-08,1540.6536865234375,1753.3499755859375,1759.800048828125,1732.5999755859375,1733.0,3029169,0.024362571237884545,1508.9933349609375
2021-12-09,1549.5283203125,1763.449951171875,1769.4000244140625,1742.0,1759.0,2082171,0.005760304127197191,1510.0024169921876
2021-12-10,1545.8377685546875,1759.25,1763.75,1746.0,1760.0,1823469,-0.002381725915837518,1511.5308178710939
2021-12-13,1533.009033203125,1744.6500244140625,1771.3499755859375,1738.800048828125,1767.050048828125,4040584,-0.00829888854608396,1512.7129345703124
2021-12-14,1539.598876953125,1752.1500244140625,1763.0,1710.3499755859375,1730.9000244140625,4768144,0.004298633346100367,1514.32384765625
2021-12-15,1523.82666015625,1734.199951171875,1747.949951171875,1721.199951171875,1745.0,3053149,-0.010244367564159473,1515.794384765625
2021-12-16,1556.6898193359375,1771.5999755859375,1777.5999755859375,1758.0,1762.6500244140625,4481031,0.021566205683996698,1517.6852807617188
2021-12-17,1599.9652099609375,1820.8499755859373,1842.0,1806.75,1820.0,18887243,0.027799623333735646,1520.196943359375
2021-12-20,1580.6781005859375,1798.9000244140625,1829.6500244140625,1787.300048828125,1801.699951171875,5773891,-0.012054705474171423,1522.65818359375
2021-12-21,1591.8372802734375,1811.5999755859373,1838.0,1801.0,1801.0,5353584,0.007059742071053865,1525.038642578125
2021-12-22,1603.3482666015625,1824.699951171875,1829.1500244140625,1812.3499755859373,1825.0,4156428,0.007231258163615584,1527.07708984375
2021-12-23,1632.257080078125,1857.5999755859373,1861.5999755859373,1827.0,1831.25,4112933,0.018030277063783018,1530.2668139648438
2021-12-24,1637.4415283203125,1863.5,1875.75,1854.0,1872.949951171875,3780347,0.003176244909864012,1533.6612573242187
2021-12-27,1639.77001953125,1866.1500244140625,1874.5,1845.050048828125,1860.0,2647733,0.001422030143162445,1536.6833325195312
2021-12-28,1658.9693603515625,1888.0,1895.9000244140625,1878.4000244140625,1880.699951171875,3340933,0.01170855704862861,1539.9753002929688
2021-12-29,1656.8167724609375,1885.550048828125,1893.800048828125,1876.4000244140625,1883.5,3236635,-0.0012975452965381384,1541.8933666992189
2021-12-30,1663.23095703125,1892.8499755859373,1909.800048828125,1874.3499755859373,1884.5,4584738,0.0038713904137903654,1543.4171337890625
2021-12-31,1658.74951171875,1887.75,1898.3499755859373,1871.6500244140625,1890.0,4619420,-0.002694421537522973,1545.1961791992187
2022-01-03,1668.1514892578125,1898.449951171875,1914.050048828125,1887.75,1887.75,3329616,0.00566811171466175,1548.0115893554687
2022-01-04,1668.766845703125,1899.1500244140625,1906.6500244140625,1878.0,1898.449951171875,3921999,0.00036888522971390003,1551.428955078125
2022-01-05,1620.878173828125,1844.6500244140625,1902.9000244140625,1840.0,1900.0,6995719,-0.02869704176968013,1554.1019360351563
2022-01-06,1597.285400390625,1817.800048828125,1828.0,1800.0,1828.0,6449205,-0.014555550082940294,1556.1071166992188
2022-01-07,1594.209716796875,1814.300048828125,1836.0,1806.800048828125,1815.449951171875,4834389,-0.0019255692144921621,1557.6070434570313
2022-01-10,1626.238037109375,1850.75,1869.9000244140625,1813.0,1815.0,7857560,0.020090405907732256,1560.1877612304688
2022-01-11,1630.499755859375,1855.5999755859373,1870.0,1850.1500244140625,1855.0,5142287,0.002620599600274387,1563.4890063476562
2022-01-12,1649.6990966796875,1877.449951171875,1889.0,1860.0,1868.9000244140625,5362535,0.011775126461269103,1566.6066015625
2022-01-13,1666.7020263671875,1896.800048828125,1912.5,1866.3499755859373,1905.0,14277630,0.010306685456591191,1570.102041015625
2022-01-14,1695.3033447265625,1929.3499755859373,1933.0,1881.0,1882.0,7688506,0.0171604269430905,1574.0886669921874
2022-01-17,1704.2220458984375,1939.5,1953.9000244140625,1930.5,1938.550048828125,5262464,0.005260829101539688,1578.1447094726564
2022-01-18,1687.7464599609375,1920.75,1945.0,1911.449951171875,1922.0999755859373,3690315,-0.009667511329965461,1581.3651123046875
2022-01-19,1640.560791015625,1867.050048828125,1916.0,1862.8499755859373,1916.0,5747770,-0.0279577946479026,1583.5539331054688
2022-01-20,1602.4696044921875,1823.699951171875,1848.0,1815.5,1844.0,5533463,-0.023218393815115035,1585.0222314453124
2022-01-21,1569.0791015625,1785.699951171875,1808.0,1776.0,1795.0,8252758,-0.020836902513522992,1585.9430981445312
2022-01-24,1526.111328125,1736.800048828125,1768.6500244140625,1728.0,1765.0,7116712,-0.02738407094627182,1585.1803955078126
2022-01-25,1513.2384033203125,1722.1500244140625,1740.0,1700.5,1726.5999755859375,9137653,-0.008435115163258344,1584.0380932617188
2022-01-27,1474.9713134765625,1678.5999755859375,1709.699951171875,1665.0,1702.0,11231734,-0.025288209550977103,1582.0399462890625
2022-01-28,1481.6492919921875,1686.199951171875,1727.550048828125,1679.5,1681.0,10998502,0.004527531115086303,1580.260595703125
2022-01-31,1525.5841064453125,1736.199951171875,1749.5,1715.3499755859375,1718.0,8788872,0.029652640939106023,1579.5014086914061
2022-02-01,1557.0850830078125,1772.050048828125,1780.0,1734.699951171875,1766.0999755859375,5119935,0.02064846928426567,1579.7237133789063
2022-02-02,1570.3094482421875,1787.0999755859375,1792.800048828125,1772.0,1789.0,4253717,0.008493026732251163,1580.6059204101562
2022-02-03,1527.64892578125,1738.550048828125,1779.0,1734.0,1779.0,3832922,-0.027166952672094014,1581.3536840820314
2022-02-04,1529.8896484375,1741.0999755859375,1753.949951171875,1710.1500244140625,1732.0,4700077,0.0014667785368971398,1581.6823168945311
2022-02-07,1506.955810546875,1715.0,1732.0,1695.4000244140625,1722.199951171875,4310209,-0.014990517723972863,1582.092666015625
2022-02-08,1508.9766845703125,1717.300048828125,1725.0,1696.0,1710.0,6053401,0.0013410307119119391,1582.4608374023437
2022-02-09,1526.550537109375,1737.300048828125,1743.0,1725.0,1735.0,3867244,0.011646205483994532,1582.894033203125
2022-02-10,1554.9324951171875,1769.5999755859375,1773.9000244140625,1748.75,1755.6500244140625,4334630,0.018592216450007415,1583.8553247070313
2022-02-11,1512.535400390625,1721.3499755859375,1745.949951171875,1713.0,1740.0,7551371,-0.0272661963523807,1583.3825854492188
2022-02-14,1478.134521484375,1682.199951171875,1718.550048828125,1678.25,1690.0,7459637,-0.02274385042318061,1582.4450170898438
2022-02-15,1527.38525390625,1738.25,1746.75,1690.449951171875,1699.0,4669915,0.03331951977714209,1583.1998095703125
2022-02-16,1523.0357666015625,1733.300048828125,1755.449951171875,1726.8499755859375,1738.25,5350642,-0.002847668781378987,1583.580283203125
2022-02-17,1515.56689453125,1724.800048828125,1749.0,1720.300048828125,1744.0,3937950,-0.004903937408494485,1583.0785473632814
2022-02-18,1499.8822021484375,1706.949951171875,1722.5,1703.5,1710.0,5602215,-0.010349059773876679,1582.085625
2022-02-21,1520.751220703125,1730.699951171875,1737.300048828125,1691.5,1701.0,5120890,0.013913771711401512,1581.5838940429687
2022-02-22,1523.9583740234375,1734.3499755859375,1751.0,1691.050048828125,1699.9000244140625,8878515,0.0021089270070284716,1581.402880859375
2022-02-23,1531.42724609375,1742.8499755859375,1758.25,1733.4000244140625,1750.0,5478811,0.004900968555062057,1581.2394482421876
2022-02-24,1474.575927734375,1678.1500244140625,1714.949951171875,1670.5,1690.0999755859375,13592379,-0.037123094488743846,1580.25443359375
2022-02-25,1489.0303955078125,1694.5999755859375,1728.1500244140625,1677.0,1715.0,9737281,0.009802457439845869,1578.9012451171875
2022-02-28,1507.48291015625,1715.5999755859375,1728.050048828125,1665.0,1682.199951171875,15076542,0.012392302201557515,1577.0515991210937
2022-03-02,1496.23583984375,1702.800048828125,1714.4000244140625,1691.0,1710.0,6771489,-0.007460827739224074,1575.36275390625
2022-03-03,1512.0960693359375,1720.8499755859375,1733.9000244140625,1705.550048828125,1720.199951171875,7344147,0.010600086610573323,1573.7679296875
2022-03-04,1514.2491455078125,1723.300048828125,1736.0,1681.0,1695.25,9074499,0.0014239017054125114,1571.985947265625
2022-03-07,1528.7911376953125,1739.8499755859375,1751.0,1696.0,1697.0,9742588,0.009603434303159686,1569.9166284179687
2022-03-08,1562.489013671875,1778.199951171875,1800.0,1718.449951171875,1718.449951171875,10984500,0.022042171193746407,1568.417578125
2022-03-09,1593.3751220703125,1813.3499755859373,1831.5999755859373,1791.0,1791.0,10193515,0.019767248363464995,1567.4896801757814
2022-03-10,1604.402587890625,1825.9000244140625,1844.75,1810.199951171875,1844.75,6547182,0.00692082213884726,1566.3983447265625
2022-03-11,1600.975830078125,1822.0,1831.4000244140625,1811.0,1814.0,4758657,-0.0021358466000763743,1565.2815258789062
2022-03-14,1661.341796875,1890.699951171875,1895.0,1831.550048828125,1831.550048828125,10289724,0.037705732755459076,1565.2437426757813
2022-03-15,1616.17724609375,1839.300048828125,1888.3499755859373,1830.0,1888.3499755859373,7140443,-0.02718558629308243,1564.3922973632812
2022-03-16,1660.1993408203125,1889.4000244140625,1893.949951171875,1849.0,1865.0,5233979,0.02723840768886121,1564.2332543945313
2022-03-17,1629.6209716796875,1854.5999755859373,1923.300048828125,1833.050048828125,1923.300048828125,17731459,-0.018418492520010377,1563.4503369140625
2022-03-21,1628.259033203125,1853.050048828125,1886.9000244140625,1841.0999755859373,1861.0,8362085,-0.0008357394143981844,1563.5979541015624
2022-03-22,1658.4422607421875,1887.4000244140625,1890.0,1839.0,1850.0,5709382,0.018537116591139657,1564.8210913085939
2022-03-23,1645.26171875,1872.4000244140625,1900.0,1857.0,1897.0,6192824,-0.007947543489568942,1565.8421313476563
2022-03-24,1657.826904296875,1886.699951171875,1894.5999755859373,1856.1500244140625,1856.1500244140625,3784303,0.007637195592456569,1566.4739086914062
2022-03-25,1648.908447265625,1876.550048828125,1894.0,1858.0,1892.0,3438588,-0.0053796068866626134,1566.8420825195312
2022-03-28,1646.5797119140625,1873.9000244140625,1880.9000244140625,1852.6500244140625,1866.0,4008555,-0.0014122890542674904,1566.7796948242187
2022-03-29,1657.2120361328125,1886.0,1889.4000244140625,1860.550048828125,1873.9000244140625,3917785,0.006457218039198631,1566.5898950195312
2022-03-30,1672.984375,1903.949951171875,1919.0,1895.0,1910.0,7795839,0.009517393383162487,1566.143515625
2022-03-31,1675.53271484375,1906.8499755859373,1913.0,1894.199951171875,1900.0,5399145,0.001523229912861579,1565.5697290039063
2022-04-01,1672.633056640625,1903.550048828125,1910.300048828125,1878.300048828125,1886.8499755859373,6171518,-0.0017305888315021223,1565.2674609375
2022-04-04,1654.5318603515625,1882.949951171875,1893.0,1873.0,1889.75,7364074,-0.01082197689277864,1565.5468823242188
2022-04-05,1635.332763671875,1861.0999755859373,1889.5999755859373,1857.1500244140625,1883.800048828125,5472024,-0.011603944982726433,1566.2041455078124
2022-04-06,1606.9947509765625,1828.8499755859373,1857.5,1822.1500244140625,1855.0,5407453,-0.01732859105181994,1566.9624584960939
2022-04-07,1591.3101806640625,1811.0,1828.1500244140625,1807.550048828125,1821.050048828125,5797544,-0.009760187644028417,1568.266435546875
2022-04-08,1594.4735107421875,1814.5999755859373,1838.0,1808.0,1823.0,5131446,0.001987877735316834,1569.8911376953124
2022-04-11,1552.252197265625,1766.550048828125,1814.0,1762.550048828125,1814.0,8248407,-0.02647978357251579,1571.4367553710938
2022-04-12,1531.075927734375,1742.449951171875,1757.5,1727.75,1757.5,6456184,-0.013642286716393892,1572.4252880859376
2022-04-13,1536.4359130859375,1748.550048828125,1757.5,1732.0,1754.949951171875,6257693,0.0035007965669566765,1572.64232421875
2022-04-18,1424.710205078125,1621.4000244140625,1650.0,1590.0,1605.5,30523965,-0.0727174541132738,1569.9948266601561
2022-04-19,1372.5159912109375,1562.0,1636.6500244140625,1550.0,1636.6500244140625,17044923,-0.03663496876849104,1566.0389575195313
2022-04-20,1395.0982666015625,1587.699951171875,1596.300048828125,1563.0,1575.0,10678747,0.016453196563998684,1563.3879443359374
2022-04-21,1422.4256591796875,1618.800048828125,1627.199951171875,1589.25,1595.0,7766514,0.019588148901291458,1561.2386645507813
2022-04-22,1393.1212158203125,1585.449951171875,1610.699951171875,1582.4000244140625,1604.3499755859375,8134245,-0.020601739831011545,1558.96197265625
2022-04-25,1371.72509765625,1561.0999755859375,1572.800048828125,1554.0999755859375,1572.800048828125,7000570,-0.015358403792209763,1556.2169409179687
2022-04-26,1389.2110595703125,1581.0,1592.0,1566.550048828125,1577.199951171875,5345435,0.012747424351963188,1553.4701513671876
2022-04-27,1364.4320068359375,1552.800048828125,1572.75,1550.3499755859375,1572.75,8819356,-0.017836780497586302,1549.6601416015626
2022-04-28,1390.6171875,1582.5999755859375,1601.800048828125,1557.449951171875,1570.0,9245177,0.019191268258786254,1547.22177734375
2022-04-29,1377.3927001953125,1567.550048828125,1597.300048828125,1560.800048828125,1590.0,9831395,-0.009509797105601736,1545.2069409179687
2022-05-02,1354.0634765625,1541.0,1552.75,1531.0,1550.9000244140625,7072627,-0.01693723484196219,1541.7405053710938
2022-05-04,1349.274658203125,1535.550048828125,1570.0,1530.1500244140625,1547.25,6220959,-0.003536627670906678,1538.265283203125
2022-05-05,1392.8575439453125,1585.1500244140625,1589.4000244140625,1557.449951171875,1560.050048828125,6144870,0.03230097406574606,1535.8110961914062
2022-05-06,1355.68896484375,1542.8499755859375,1561.8499755859375,1535.050048828125,1550.0,6171472,-0.026685126029673767,1532.9272314453126
2022-05-09,1379.85302734375,1570.3499755859375,1586.800048828125,1522.1500244140625,1540.0,6832202,0.017824193547806066,1530.109267578125
2022-05-10,1364.6077880859375,1553.0,1569.1500244140625,1546.050048828125,1558.0,6212545,-0.01104845150585343,1526.922255859375
2022-05-11,1341.5419921875,1526.75,1549.949951171875,1511.5999755859375,1549.949951171875,7846080,-0.01690287575655025,1523.12455078125
2022-05-12,1325.76953125,1508.800048828125,1527.5,1504.300048828125,1514.0,7034979,-0.011756964023005856,1520.1484228515626
2022-05-13,1321.9034423828125,1504.4000244140625,1529.25,1498.0999755859375,1519.300048828125,6723761,-0.0029161093056214726,1516.8058837890626
2022-05-16,1308.4593505859375,1489.0999755859375,1511.8499755859375,1478.6500244140625,1510.0,6145331,-0.010170252505463773,1512.8254125976562
2022-05-17,1334.2490234375,1518.449951171875,1525.0,1480.9000244140625,1494.9000244140625,6516378,0.019709953419656312,1509.5856762695312
2022-05-18,1326.1209716796875,1509.199951171875,1549.699951171875,1505.300048828125,1522.0,6594126,-0.006091855129765622,1505.8661743164062
2022-05-19,1254.0245361328125,1427.1500244140625,1484.699951171875,1417.6500244140625,1481.0,16561140,-0.05436640931449599,1500.6616821289062
2022-05-20,1278.627685546875,1455.1500244140625,1466.75,1446.699951171875,1453.0,10488908,0.019619352496829334,1495.6584130859376
2022-05-23,1290.2703857421875,1468.4000244140625,1488.0,1450.050048828125,1455.0999755859375,5887569,0.009105621852957713,1490.2140405273437
2022-05-24,1266.1943359375,1441.0,1469.550048828125,1435.25,1468.5999755859375,5693167,-0.018659693402820032,1483.6704248046874
2022-05-25,1239.3504638671875,1410.449951171875,1442.5,1399.25,1435.0,9630092,-0.021200436069268247,1476.3693823242188
2022-05-26,1251.212646484375,1423.949951171875,1430.0,1407.050048828125,1418.0,13040065,0.00957128993212586,1469.3741186523437
2022-05-27,1284.07568359375,1461.3499755859375,1467.0,1437.4000244140625,1443.949951171875,8284860,0.026264949608455934,1461.8287963867188
2022-05-30,1341.5860595703125,1526.800048828125,1530.0,1485.0,1487.0,10904213,0.04478737251343934,1456.33697265625
2022-05-31,1335.1923828125,1503.5999755859375,1518.0,1488.1500244140625,1510.699951171875,16033857,-0.004765759685860349,1449.8368334960937
2022-06-01,1312.9481201171875,1478.550048828125,1514.75,1472.0999755859375,1513.0,8738508,-0.01665996824252125,1443.5033764648438
2022-06-02,1339.099609375,1508.0,1513.8499755859375,1475.5999755859375,1484.0,7205840,0.019918143647197795,1437.7201879882812
2022-06-03,1351.26513671875,1521.699951171875,1555.0,1518.0,1524.9000244140625,9395707,0.009084856166471367,1431.5766455078126
2022-06-06,1358.68017578125,1530.050048828125,1536.5999755859375,1493.0,1516.0,6624883,0.005487479000979567,1425.8450146484374
2022-06-07,1337.9453125,1506.699951171875,1519.8499755859375,1502.5999755859375,1519.8499755859375,4904592,-0.015261033207706332,1419.4473828125
2022-06-08,1331.9957275390625,1500.0,1520.199951171875,1492.0,1520.199951171875,4697608,-0.0044468072837898776,1413.1091284179688
2022-06-09,1345.3155517578125,1515.0,1516.949951171875,1481.5,1485.0,4361061,0.00999990010730678,1407.0838452148437
2022-06-10,1311.3941650390625,1476.800048828125,1493.949951171875,1473.5999755859375,1486.0999755859375,6516436,-0.025214446286915937,1400.1674877929688
2022-06-13,1264.951904296875,1424.5,1443.5999755859375,1411.699951171875,1443.5999755859375,6987685,-0.03541441770926601,1392.0068383789062
2022-06-14,1279.204345703125,1440.550048828125,1448.9000244140625,1403.1500244140625,1410.0,6090247,0.011267180481594918,1384.0802709960938
2022-06-15,1262.909423828125,1422.199951171875,1446.4000244140625,1418.8499755859375,1440.199951171875,4651958,-0.012738325920901516,1375.8857983398439
2022-06-16,1240.7095947265625,1397.199951171875,1443.75,1392.0,1438.0,6641772,-0.017578322469295138,1367.6093530273438
2022-06-17,1231.9185791015625,1387.300048828125,1396.949951171875,1367.1500244140625,1391.050048828125,9692047,-0.007085474040311124,1359.5410693359374
2022-06-20,1255.7611083984375,1414.1500244140625,1422.3499755859375,1382.0,1390.050048828125,4595194,0.019353981424862887,1352.516396484375
2022-06-21,1287.5069580078125,1449.9000244140625,1456.0,1422.75,1424.0,6270787,0.025280166264953774,1346.44033203125
2022-06-22,1276.2738037109375,1437.25,1459.5999755859375,1435.0,1436.050048828125,6253366,-0.008724732885526554,1340.076337890625
2022-06-23,1289.771484375,1452.449951171875,1458.0,1433.0,1439.800048828125,6254281,0.010575850279788135,1334.8267236328124
2022-06-24,1279.6925048828125,1441.0999755859375,1467.5,1428.9000244140625,1458.0,6114340,-0.007814546696286784,1329.7990551757812
2022-06-27,1309.4403076171875,1474.5999755859375,1484.0,1465.1500244140625,1468.050048828125,4511097,0.023246055299119828,1325.2591430664063
2022-06-28,1314.3690185546875,1480.1500244140625,1488.25,1453.0,1469.0,4412178,0.0037639829084450405,1323.0523193359375
2022-06-29,1299.36181640625,1463.25,1477.0,1457.0,1464.699951171875,5060038,-0.011417799671617157,1321.5892358398437
2022-06-30,1298.1630859375,1461.9000244140625,1482.0,1455.0,1465.050048828125,9165177,-0.0009225532516150547,1319.6505322265625
2022-07-01,1313.7027587890625,1479.4000244140625,1485.0,1442.3499755859375,1454.0,4651635,0.011970508959850967,1317.47607421875
2022-07-04,1321.33984375,1488.0,1492.25,1462.0,1480.25,4800224,0.005813404067124939,1316.0404467773437
2022-07-05,1310.63916015625,1475.949951171875,1509.949951171875,1472.0,1498.800048828125,7379669,-0.008098358377948478,1314.8187280273437
2022-07-06,1324.5809326171875,1491.6500244140625,1500.0,1470.0,1482.199951171875,5209162,0.010637384327258692,1313.5261254882812
2022-07-07,1330.8411865234375,1498.699951171875,1513.949951171875,1495.699951171875,1503.050048828125,3323472,0.004726214723535627,1312.8543090820312
2022-07-08,1344.8272705078125,1514.449951171875,1516.949951171875,1499.949951171875,1515.0,3652582,0.010509205851158665,1311.9385107421874
2022-07-11,1308.153076171875,1473.1500244140625,1499.9000244140625,1466.4000244140625,1495.0,4702638,-0.027270561164400853,1310.5537182617188
2022-07-12,1277.472412109375,1438.5999755859375,1468.5999755859375,1436.0,1461.800048828125,4710356,-0.023453420414897175,1309.0218969726564
2022-07-13,1282.6673583984375,1444.449951171875,1460.0,1438.5999755859375,1450.0,5264025,0.004066581978458883,1307.6897509765624
2022-07-14,1268.814697265625,1428.8499755859375,1452.949951171875,1414.0,1451.0,6157606,-0.010799885911269458,1305.2088940429687
2022-07-15,1270.1466064453125,1430.3499755859375,1446.0,1410.6500244140625,1446.0,5620018,0.0010497271055873725,1303.498046875
2022-07-18,1323.0267333984375,1489.9000244140625,1493.5999755859375,1448.050048828125,1450.0,5835171,0.041633089192055994,1302.3615209960938
2022-07-19,1317.9210205078125,1484.1500244140625,1486.8499755859375,1470.0999755859375,1471.550048828125,3418540,-0.0038591154371537817,1301.4277856445312
2022-07-20,1345.58203125,1515.300048828125,1525.800048828125,1500.0,1501.25,5079392,0.020988367521089568,1301.5085864257812
2022-07-21,1361.210693359375,1532.9000244140625,1535.449951171875,1503.0999755859375,1517.0,5008061,0.011614796977376773,1302.2174096679687
2022-07-22,1337.5899658203125,1506.300048828125,1540.0,1492.1500244140625,1534.0,7020642,-0.017352734337377385,1302.5311401367187
2022-07-25,1335.1923828125,1503.5999755859375,1517.1500244140625,1480.0999755859375,1480.0999755859375,7859626,-0.0017924648577504199,1303.06580078125
2022-07-26,1288.6170654296875,1451.1500244140625,1496.6500244140625,1445.0,1496.6500244140625,7268273,-0.03488285132716562,1302.1531616210937
2022-07-27,1306.2880859375,1471.050048828125,1473.0,1445.0,1451.0,4517285,0.013713166604634397,1301.75650390625
2022-07-28,1347.447021484375,1517.4000244140625,1524.449951171875,1489.8499755859375,1496.4000244140625,6636841,0.03150831427612388,1303.6249536132811
2022-07-29,1376.129150390625,1549.699951171875,1555.699951171875,1528.0,1532.800048828125,7009465,0.021286275785932673,1305.5749829101562
2022-08-01,1377.3280029296875,1551.050048828125,1564.0,1537.9000244140625,1564.0,2983249,0.0008711773445988502,1307.3161352539062
2022-08-02,1370.7125244140625,1543.5999755859375,1547.0,1528.3499755859375,1546.550048828125,4374635,-0.0048031249648256,1309.4064990234374
2022-08-03,1390.6922607421875,1566.0999755859375,1570.0,1539.9000244140625,1549.0,6011955,0.014576168213437546,1312.4333349609376
2022-08-04,1420.70654296875,1599.9000244140625,1603.8499755859375,1574.949951171875,1587.5,7402209,0.021582260197913428,1315.823212890625
2022-08-05,1435.5804443359375,1616.6500244140625,1625.699951171875,1602.300048828125,1608.4000244140625,5361971,0.010469369230964976,1318.8533081054688
2022-08-08,1438.0224609375,1619.4000244140625,1622.0,1596.0,1617.0,3763409,0.0017010656638556387,1320.7820361328124
2022-08-10,1422.9710693359375,1602.449951171875,1621.199951171875,1588.0999755859375,1621.199951171875,4423829,-0.010466729143959186,1322.5376098632812
2022-08-11,1438.5111083984375,1619.949951171875,1631.3499755859375,1616.0,1630.0,3462090,0.01092083978190228,1325.0488696289062
2022-08-12,1415.5562744140625,1594.0999755859375,1614.0,1590.1500244140625,1613.300048828125,3562286,-0.015957356081825247,1326.5780029296875
2022-08-16,1417.642822265625,1596.449951171875,1609.0,1591.0999755859375,1609.0,3004430,0.0014740126473786752,1327.905556640625
2022-08-17,1426.345458984375,1606.25,1612.0,1585.0,1596.449951171875,4067324,0.006138807732149143,1329.2588623046875
2022-08-18,1405.6551513671875,1582.949951171875,1598.199951171875,1574.0,1594.0999755859375,4635706,-0.014505817988806124,1330.6130590820312
2022-08-19,1418.2203369140625,1597.0999755859375,1604.9000244140625,1585.0999755859375,1585.300048828125,4739884,0.008939024293870057,1332.3375512695313
2022-08-22,1399.1728515625,1575.6500244140625,1599.0,1574.0,1586.0,3950555,-0.01343055437563978,1333.414697265625
2022-08-23,1369.64697265625,1542.4000244140625,1554.5,1533.0,1548.0,5551574,-0.021102381219931132,1334.5797534179687
2022-08-24,1365.2955322265625,1537.5,1546.0,1531.0,1535.0,2888426,-0.0031770525665080207,1336.5866259765626
2022-08-25,1348.1126708984375,1518.1500244140625,1548.699951171875,1513.75,1548.0,4331088,-0.012585451957132454,1337.9647924804688
2022-08-26,1351.1319580078125,1521.550048828125,1544.949951171875,1517.449951171875,1535.1500244140625,3079136,0.002239640034955581,1339.7292431640626
2022-08-29,1298.0296630859375,1461.75,1468.550048828125,1450.0,1468.550048828125,8079050,-0.03930207897692839,1340.87564453125
2022-08-30,1325.7352294921875,1492.949951171875,1496.0999755859375,1466.0,1473.0999755859375,6725875,0.021344324551399563,1342.7519775390624
2022-09-01,1300.20556640625,1464.199951171875,1468.0999755859375,1451.050048828125,1460.050048828125,8140604,-0.019256984741754524,1343.6408666992188
2022-09-02,1290.2596435546875,1453.0,1478.0,1448.0,1478.0,5175653,-0.007649500285599409,1343.6959204101563
2022-09-05,1297.6302490234375,1461.300048828125,1467.0,1446.3499755859375,1451.0,3669352,0.005712497872477629,1344.1230493164062
2022-09-06,1292.1246337890625,1455.0999755859375,1470.0,1445.449951171875,1461.300048828125,3428442,-0.004242822821461156,1344.1701123046876
2022-09-07,1294.3890380859375,1457.6500244140625,1465.75,1438.050048828125,1440.0,3600574,0.0017524658517149572,1344.46404296875
2022-09-08,1310.5948486328125,1475.9000244140625,1481.0999755859375,1463.5999755859375,1475.0,4061475,0.01252004619170699,1344.4871337890625
2022-09-09,1342.341064453125,1511.6500244140625,1520.0,1480.0,1488.0,4816910,0.024222753395856556,1345.0465747070311
2022-09-12,1364.14111328125,1536.199951171875,1545.9000244140625,1521.1500244140625,1525.800048828125,5494819,0.016240320292224997,1346.3421606445313
2022-09-13,1371.9111328125,1544.949951171875,1553.0,1541.300048828125,1551.9000244140625,4947158,0.005695905984799632,1347.8171215820312
2022-09-14,1310.1510009765625,1475.4000244140625,1498.949951171875,1472.0,1497.0,14332197,-0.04501758922921306,1347.7460864257812
2022-09-15,1272.3223876953125,1432.800048828125,1475.199951171875,1429.050048828125,1475.0,12784100,-0.028873475845954566,1346.7657373046875
2022-09-16,1222.816650390625,1377.050048828125,1425.0,1368.3499755859375,1425.0,20464045,-0.038909743146438136,1345.009287109375
2022-09-19,1234.58251953125,1390.300048828125,1406.0,1380.5999755859375,1392.0,6595241,0.009621940572093424,1343.2093188476563
2022-09-20,1233.028564453125,1388.550048828125,1413.550048828125,1385.0999755859375,1407.949951171875,7219797,-0.0012586887093744004,1341.25306640625
2022-09-21,1222.9937744140625,1377.25,1388.800048828125,1368.4000244140625,1379.9000244140625,7917054,-0.008138327309159421,1338.816396484375
2022-09-22,1214.735595703125,1367.949951171875,1383.949951171875,1360.0,1366.3499755859375,9168498,-0.006752429066856025,1336.948046875
2022-09-23,1212.515625,1365.449951171875,1394.800048828125,1362.0,1367.5,10426200,-0.0018275340831187536,1335.6489111328126
2022-09-26,1225.6580810546875,1380.25,1399.449951171875,1355.0,1360.0,9414587,0.010838999336348687,1334.5087255859376
2022-09-27,1237.4683837890625,1393.550048828125,1406.5,1378.0,1393.449951171875,8561254,0.009635886971195218,1333.8817993164062
2022-09-28,1238.4896240234375,1394.699951171875,1405.8499755859375,1377.0,1379.0,7022098,0.0008252657181009315,1333.2486596679687
2022-09-29,1241.997314453125,1398.6500244140625,1409.8499755859375,1393.0,1404.9000244140625,6119965,0.002832232391493328,1331.6280712890625
2022-09-30,1255.1395263671875,1413.449951171875,1419.300048828125,1376.0,1388.949951171875,8120130,0.010581513954278865,1330.37244140625
2022-10-03,1237.6461181640625,1393.75,1412.0,1386.0,1412.0,4943169,-0.013937421167634634,1328.2137231445313
2022-10-04,1269.3031005859375,1429.4000244140625,1432.25,1414.0,1419.699951171875,6631341,0.025578379762411618,1326.3755712890625
2022-10-06,1292.1689453125,1455.1500244140625,1459.800048828125,1444.0999755859375,1445.0,6180672,0.018014487411247337,1325.4671508789063
2022-10-07,1288.6612548828125,1451.199951171875,1457.8499755859375,1440.1500244140625,1446.3499755859375,3994466,-0.0027145757080853095,1324.5365283203125
2022-10-10,1298.8291015625,1462.6500244140625,1465.0,1426.3499755859375,1426.3499755859375,5274677,0.007890240077569555,1324.7407690429689
2022-10-11,1264.330322265625,1423.800048828125,1479.6500244140625,1420.0999755859375,1462.6500244140625,12824774,-0.026561446194401372,1323.9016137695312
2022-10-12,1268.681396484375,1428.699951171875,1441.0999755859375,1413.550048828125,1437.0,5481467,0.003441406207005393,1322.3263012695313
2022-10-13,1260.8671875,1419.9000244140625,1437.949951171875,1415.0,1431.0,4821514,-0.006159315495623097,1320.0210620117186
2022-10-14,1309.1298828125,1474.25,1494.0,1467.25,1485.0,14990688,0.038277382257994486,1318.657099609375
2022-10-17,1323.0714111328125,1489.949951171875,1495.0,1475.5,1476.9000244140625,4286396,0.010649461526583526,1317.70427734375
2022-10-18,1335.28125,1503.699951171875,1510.949951171875,1497.25,1510.0,4692004,0.009228405031239673,1316.5960571289063
2022-10-19,1319.0751953125,1485.449951171875,1504.949951171875,1481.300048828125,1504.0,3553171,-0.012136809894919165,1314.5634301757811
2022-10-20,1332.794921875,1500.9000244140625,1504.0,1474.199951171875,1475.0,4583939,0.01040101929841053,1312.5077197265625
2022-10-21,1332.4395751953125,1500.5,1506.0,1491.3499755859375,1500.300048828125,3594485,-0.00026661767227298405,1310.3960620117186
2022-10-24,1347.8466796875,1517.8499755859375,1521.800048828125,1511.0,1518.5,982837,0.01156307931632039,1308.89357421875
2022-10-25,1355.3499755859375,1526.300048828125,1532.9000244140625,1521.050048828125,1528.0999755859375,3914341,0.00556687641963638,1307.2303515625
2022-10-27,1368.0523681640625,1523.949951171875,1534.9000244140625,1512.5,1530.800048828125,6760137,0.00937203881428017,1306.2802734375
2022-10-28,1358.4468994140625,1513.25,1527.949951171875,1507.0,1526.0,3053981,-0.007021272703829795,1305.0963549804687
2022-10-31,1380.35107421875,1537.6500244140625,1546.4000244140625,1530.25,1530.25,4542336,0.016124424748685806,1304.1764672851561
2022-11-01,1412.084716796875,1573.0,1575.0,1547.0999755859375,1553.050048828125,4542692,0.022989544595446887,1304.30505859375
2022-11-02,1394.400146484375,1553.300048828125,1572.75,1545.0,1572.0,2938906,-0.01252373182865052,1303.8286547851562
2022-11-03,1374.156982421875,1530.75,1543.9000244140625,1521.6500244140625,1538.75,3174027,-0.014517471267869508,1303.3283374023438
2022-11-04,1359.120361328125,1514.0,1520.449951171875,1501.1500244140625,1520.449951171875,4509682,-0.010942433278073316,1303.1178051757813
2022-11-07,1353.2403564453125,1507.449951171875,1527.9000244140625,1491.0999755859375,1521.4000244140625,4898592,-0.004326331243442283,1302.8767016601562
2022-11-09,1356.6065673828125,1511.199951171875,1529.0,1501.0999755859375,1529.0,3334755,0.0024875188812298887,1303.0465795898438
2022-11-10,1348.302978515625,1501.949951171875,1512.0,1485.0,1485.0,3435763,-0.00612085262362172,1302.99
2022-11-11,1409.4813232421875,1570.0999755859375,1573.5,1546.6500244140625,1546.6500244140625,7214098,0.04537433032589977,1305.219033203125
2022-11-14,1423.12646484375,1585.300048828125,1591.4000244140625,1568.449951171875,1575.1500244140625,4908813,0.009680966591437246,1307.1668579101563
2022-11-15,1430.9365234375,1594.0,1597.8499755859375,1572.75,1577.8499755859375,3497614,0.005487958229072332,1309.7814770507812
2022-11-16,1438.8363037109375,1602.800048828125,1609.0,1593.5,1597.1500244140625,4497697,0.005520706295524702,1312.7530102539063
2022-11-17,1425.01171875,1587.4000244140625,1602.800048828125,1582.949951171875,1597.199951171875,3469515,-0.009608170801141291,1315.3006396484375
2022-11-18,1430.3978271484375,1593.4000244140625,1598.0,1575.5,1591.699951171875,3126064,0.0037796941088752423,1318.066103515625
2022-11-21,1407.77587890625,1568.199951171875,1587.8499755859375,1564.050048828125,1582.0999755859375,3071764,-0.01581514443942167,1320.3338403320313
2022-11-22,1422.9019775390625,1585.050048828125,1588.0,1562.0,1569.0,3399329,0.010744678083676629,1322.5799829101563
2022-11-23,1421.1962890625,1583.1500244140625,1592.0,1579.300048828125,1588.9000244140625,3245067,-0.0011987392691045207,1324.1570874023437
2022-11-24,1463.07421875,1629.800048828125,1636.0,1584.75,1589.0,5282215,0.029466675370454887,1326.1357495117188
2022-11-25,1468.3258056640625,1635.6500244140625,1644.0,1613.800048828125,1631.4000244140625,4563255,0.0035894193519103723,1328.06404296875
2022-11-28,1457.3291015625,1623.4000244140625,1653.5,1620.0,1628.0,3825766,-0.0074892806890287655,1331.0076049804688
2022-11-29,1462.4010009765625,1629.050048828125,1638.75,1615.050048828125,1621.199951171875,3131710,0.003480270454096157,1334.8091772460937
2022-11-30,1467.697265625,1634.949951171875,1645.75,1613.1500244140625,1619.949951171875,11868134,0.003621622690972437,1339.7067895507812
2022-12-01,1487.58154296875,1657.0999755859375,1672.5999755859375,1652.300048828125,1656.199951171875,5407928,0.013547941942429587,1344.7667700195314
2022-12-02,1470.345703125,1637.9000244140625,1661.800048828125,1633.949951171875,1656.0,4283343,-0.011586484065507219,1349.5131127929687
2022-12-05,1472.0062255859375,1639.75,1644.8499755859375,1623.300048828125,1638.0,3824966,0.0011293415265596352,1354.4933618164061
2022-12-06,1447.903076171875,1612.9000244140625,1626.0,1607.550048828125,1625.0,4822398,-0.016374352903614997,1359.1567114257812
2022-12-07,1441.260009765625,1605.5,1623.800048828125,1596.699951171875,1608.0,4898087,-0.004588060150969242,1363.7315991210937
2022-12-08,1454.411376953125,1620.1500244140625,1623.9000244140625,1598.5,1605.5,4206837,0.009124909522493896,1368.3066650390624
2022-12-09,1408.76318359375,1569.300048828125,1628.0,1561.0999755859375,1628.0,8880658,-0.03138602604649887,1371.7325610351563
2022-12-12,1388.924072265625,1547.199951171875,1565.949951171875,1530.050048828125,1550.0,8037679,-0.014082644662472998,1374.74125
2022-12-13,1411.3216552734375,1572.1500244140625,1577.5,1541.1500244140625,1547.199951171875,6135067,0.016125851265056834,1378.1277368164062
2022-12-14,1417.830078125,1579.4000244140625,1588.5,1573.0,1582.0,4976020,0.004611580093909495,1381.3815478515626
2022-12-15,1382.9093017578125,1540.5,1570.0,1535.25,1569.300048828125,6443866,-0.02462973307306915,1384.2868115234376
2022-12-16,1366.4815673828125,1522.199951171875,1549.5,1512.050048828125,1525.0,9630453,-0.01187911192304425,1386.230380859375
2022-12-19,1353.1507568359375,1507.3499755859375,1516.9000244140625,1495.050048828125,1507.949951171875,6222740,-0.009755572899828535,1387.4500170898436
2022-12-20,1353.1058349609375,1507.300048828125,1516.0,1482.449951171875,1501.0,7396259,-3.319798239265204e-05,1388.7389086914063
2022-12-21,1355.12548828125,1509.550048828125,1521.0,1502.3499755859375,1515.0,6236361,0.0014926055805315475,1389.8648364257813
2022-12-22,1366.3470458984375,1522.050048828125,1529.949951171875,1511.75,1521.5,6302640,0.008280825439583639,1391.9051708984375
2022-12-23,1343.94921875,1497.0999755859375,1509.9000244140625,1493.0,1508.699951171875,6283822,-0.016392487703378422,1393.41052734375
2022-12-26,1348.70703125,1502.4000244140625,1509.9000244140625,1496.3499755859375,1500.5,4115459,0.003540172823215171,1395.16732421875
2022-12-27,1359.88330078125,1514.8499755859375,1521.449951171875,1497.5,1509.949951171875,4860076,0.0082866547532503,1396.182392578125
2022-12-28,1355.6641845703125,1510.1500244140625,1524.949951171875,1498.5,1505.0999755859375,5029860,-0.0031025575566032693,1396.834248046875
2022-12-29,1362.3072509765625,1517.550048828125,1521.300048828125,1501.0,1504.0,4624745,0.0049002300730955906,1397.3747680664062
2022-12-30,1353.9136962890625,1508.199951171875,1530.4000244140625,1504.050048828125,1528.0,5060544,-0.006161278728776587,1398.0715380859374
2023-01-02,1368.097412109375,1524.0,1526.5,1504.050048828125,1514.0,3801140,0.010476085631742071,1398.777587890625
2023-01-03,1366.795654296875,1522.550048828125,1532.6500244140625,1515.0999755859375,1519.8499755859375,4551130,-0.0009515095935258566,1399.4647094726563
2023-01-04,1341.884521484375,1494.800048828125,1521.0,1491.0999755859375,1521.0,7059590,-0.018225937969721717,1399.3454663085938
2023-01-05,1324.2894287109375,1475.199951171875,1505.9000244140625,1469.25,1505.9000244140625,9868404,-0.013112225747990647,1398.7242553710937
2023-01-06,1300.3209228515625,1448.5,1475.0,1446.5,1470.0,6443714,-0.018099144597647276,1397.3696264648438
2023-01-09,1332.59326171875,1484.449951171875,1489.3499755859375,1448.199951171875,1448.199951171875,11498717,0.024818749202631718,1396.8525537109374
2023-01-10,1319.39697265625,1469.75,1483.9000244140625,1454.050048828125,1482.0,7158624,-0.009902713334659752,1395.6334716796875
2023-01-11,1320.7435302734375,1471.25,1494.0,1464.0,1470.0,6173092,0.0010205856501828148,1393.8066479492188
2023-01-12,1329.13720703125,1480.5999755859375,1485.0,1455.0,1481.949951171875,6591385,0.006355266231040879,1392.5013891601564
2023-01-13,1349.8292236328125,1503.6500244140625,1519.4000244140625,1468.0,1483.5,11610426,0.015568006442149063,1392.014833984375
2023-01-16,1369.44384765625,1525.5,1528.0,1502.300048828125,1510.0,6073063,0.014531189338639727,1392.2213037109375
2023-01-17,1382.01171875,1539.5,1542.199951171875,1524.0,1527.0,5922644,0.009177354088128142,1392.7967309570313
2023-01-18,1387.3082275390625,1545.4000244140625,1551.8499755859375,1539.5999755859375,1544.75,5843098,0.0038324630082391398,1393.4107641601563
2023-01-19,1381.4732666015625,1538.9000244140625,1549.550048828125,1526.1500244140625,1539.9000244140625,6165284,-0.004205958576235513,1394.074169921875
2023-01-20,1369.4888916015625,1525.550048828125,1545.0,1524.0,1538.0,6496429,-0.008675068341699954,1393.2743212890625
2023-01-23,1389.642333984375,1548.0,1553.300048828125,1528.0999755859375,1535.0,4855020,0.014716032022168424,1392.604638671875
2023-01-24,1393.1431884765625,1551.9000244140625,1568.800048828125,1549.75,1560.0,5200802,0.002519248591218437,1391.8487719726563
2023-01-25,1385.1536865234375,1543.0,1556.0,1538.75,1547.0,4158617,-0.005734874935477197,1390.7751196289062
2023-01-27,1363.743408203125,1519.1500244140625,1550.949951171875,1507.4000244140625,1546.0,6209955,-0.015456969525200925,1389.5497534179688
2023-01-30,1381.3834228515625,1538.800048828125,1544.0,1520.0,1528.800048828125,6964719,0.012934995353473422,1388.5694653320313
2023-01-31,1376.849853515625,1533.75,1548.9000244140625,1513.0,1548.9000244140625,9448126,-0.0032819051256449683,1387.9509448242188
2023-02-01,1392.4251708984375,1551.0999755859375,1555.050048828125,1528.050048828125,1542.199951171875,6194199,0.011312284591557198,1387.3414086914063
2023-02-02,1421.735107421875,1583.75,1586.949951171875,1552.0,1552.0,6916834,0.02104955952823362,1387.3521850585937
2023-02-03,1435.7840576171875,1599.4000244140625,1604.6500244140625,1573.0,1597.5,7040194,0.00988155256346479,1386.8063818359376
2023-02-06,1409.2569580078125,1569.8499755859375,1598.0,1561.5999755859375,1598.0,4570612,-0.0184756889231652,1385.6250048828124
2023-02-07,1402.5692138671875,1562.4000244140625,1576.050048828125,1555.0999755859375,1569.0,4336238,-0.004745581778130115,1384.5298071289062
2023-02-08,1427.7945556640625,1590.5,1603.0,1565.5,1565.5,7983338,0.017985095885088898,1383.8376782226562
2023-02-09,1451.58349609375,1617.0,1619.75,1586.050048828125,1596.199951171875,6904911,0.016661318909864775,1383.5154028320312
2023-02-10,1443.998046875,1608.550048828125,1616.300048828125,1596.449951171875,1612.949951171875,4786762,-0.00522563754628147,1382.6437329101564
2023-02-13,1407.102294921875,1567.449951171875,1597.0,1566.0,1597.0,4001199,-0.025551109319692067,1381.3788647460938
2023-02-14,1430.2633056640625,1593.25,1596.0,1578.1500244140625,1584.699951171875,5043736,0.016460076019898295,1380.5440063476562
2023-02-15,1433.67431640625,1597.050048828125,1599.0,1576.0,1584.0,3465747,0.0023848830692079215,1380.2594311523437
2023-02-16,1437.938720703125,1601.800048828125,1614.449951171875,1597.8499755859375,1600.0,4290289,0.0029744581792916502,1380.1930053710937
2023-02-17,1421.7799072265625,1583.800048828125,1595.0,1575.5,1594.0,2857734,-0.011237484076276338,1379.5403759765625
2023-02-20,1429.544921875,1592.449951171875,1603.0,1582.5,1584.949951171875,2417716,0.005461474458156257,1379.9560107421876
2023-02-21,1417.9197998046875,1579.5,1601.6500244140625,1576.0,1598.699951171875,2723288,-0.00813204390601796,1380.5359252929688
2023-02-22,1402.0303955078125,1561.800048828125,1575.0,1555.300048828125,1563.0,3656244,-0.0112061375396999,1380.3501000976562
2023-02-23,1392.0660400390625,1550.699951171875,1569.8499755859375,1548.1500244140625,1569.8499755859375,4766854,-0.007107089475860473,1379.8348193359375
2023-02-24,1392.0211181640625,1550.6500244140625,1569.0,1545.0,1560.0,2790986,-3.226993095728492e-05,1380.0170556640626
2023-02-27,1354.901123046875,1509.300048828125,1540.0,1502.0,1540.0,4920268,-0.02666625860255989,1379.7854467773439
2023-02-28,1335.376220703125,1487.550048828125,1524.0,1481.300048828125,1515.5999755859375,9679811,-0.014410573592147258,1379.4299560546874
2023-03-01,1343.0068359375,1496.050048828125,1500.8499755859375,1481.5,1492.4000244140625,5125043,0.005714206315847958,1379.2279760742188
2023-03-02,1321.5516357421875,1472.1500244140625,1488.5999755859375,1467.300048828125,1485.0,4644499,-0.015975495895622527,1378.5564990234375
2023-03-03,1327.9700927734375,1479.300048828125,1489.800048828125,1473.0,1486.75,4615015,0.004856758417649987,1377.7889599609375
2023-03-06,1353.2403564453125,1507.449951171875,1520.4000244140625,1493.1500244140625,1494.550048828125,6561742,0.01902924155400121,1377.9747827148437
2023-03-08,1339.999267578125,1492.699951171875,1496.0,1481.0999755859375,1490.550048828125,4137080,-0.009784728044890056,1377.8006274414063
2023-03-09,1328.95751953125,1480.4000244140625,1498.3499755859375,1474.5999755859375,1495.0,5104656,-0.008240114986653335,1377.1821118164062
2023-03-10,1321.0128173828125,1471.550048828125,1474.300048828125,1457.6500244140625,1460.0,3699580,-0.0059781460518314455,1376.4890844726563
2023-03-13,1288.291748046875,1435.0999755859375,1478.300048828125,1428.0,1464.199951171875,8798403,-0.024769683462091185,1375.0087744140626
2023-03-14,1274.7364501953125,1420.0,1448.3499755859375,1411.0,1441.0,7402784,-0.01052191622907861,1373.4252294921876
2023-03-15,1274.4222412109375,1419.6500244140625,1442.8499755859375,1416.8499755859375,1438.0,7556182,-0.0002464893698825854,1371.5517260742188
2023-03-16,1260.462890625,1404.0999755859375,1417.800048828125,1398.699951171875,1417.800048828125,7323117,-0.01095347376602085,1369.4250708007812
2023-03-17,1275.3648681640625,1420.699951171875,1442.9000244140625,1411.4000244140625,1430.0,9090018,0.011822622982318398,1368.094677734375
2023-03-20,1260.0589599609375,1403.6500244140625,1419.699951171875,1384.8499755859375,1419.699951171875,8221829,-0.012001199488236192,1366.810068359375
2023-03-21,1248.4337158203125,1390.699951171875,1405.0,1390.0,1399.0,8536755,-0.009225952522876724,1365.77232421875
2023-03-22,1247.1319580078125,1389.25,1407.25,1382.1500244140625,1403.0,8356487,-0.0010427127976471162,1364.0630981445313
2023-03-23,1233.935791015625,1374.550048828125,1383.949951171875,1370.0,1383.949951171875,7607718,-0.01058121148083424,1362.3538745117187
2023-03-24,1239.4117431640625,1380.6500244140625,1398.949951171875,1377.5,1388.0,7559127,0.004437793431642412,1360.7272387695311
2023-03-27,1246.8626708984375,1388.949951171875,1395.75,1374.0999755859375,1386.25,4170193,0.006011664626763835,1359.081748046875
2023-03-28,1236.673828125,1377.5999755859375,1398.0,1375.8499755859375,1392.0999755859375,6633366,-0.008171583776821145,1356.8186401367188
2023-03-29,1242.0150146484375,1383.550048828125,1389.9000244140625,1364.550048828125,1379.0,8813966,0.004318993741086574,1354.2700634765624
2023-03-31,1281.8731689453125,1427.949951171875,1429.949951171875,1393.9000244140625,1404.0,8711975,0.03209152371491841,1352.2672924804688
2023-04-03,1266.5224609375,1410.8499755859375,1435.0,1405.1500244140625,1435.0,5242764,-0.01197521594156048,1349.8515771484374
2023-04-05,1277.92333984375,1423.550048828125,1427.5,1400.0,1400.0,7506334,0.00900171868867683,1347.7805786132812
2023-04-06,1276.4420166015625,1421.9000244140625,1428.4000244140625,1410.3499755859375,1416.0,6948465,-0.0011591644005567447,1345.9196411132812
2023-04-10,1281.558837890625,1427.5999755859375,1434.0,1415.0,1423.949951171875,4993788,0.004008659400515313,1343.7579711914063
2023-04-11,1262.3033447265625,1406.1500244140625,1433.3499755859375,1389.0,1428.9000244140625,6942255,-0.015025055888776784,1341.1411743164062
2023-04-12,1282.1873779296875,1428.300048828125,1431.5,1400.0,1413.050048828125,5831169,0.015752182933043146,1339.0818481445312
2023-04-13,1247.087158203125,1389.199951171875,1411.050048828125,1383.0,1409.75,11267238,-0.027375265371304636,1336.7487231445311
2023-04-17,1129.5780029296875,1258.300048828125,1261.1500244140625,1185.300048828125,1250.300048828125,53171705,-0.09422689865779021,1331.7126147460938
2023-04-18,1130.5206298828125,1259.3499755859375,1269.949951171875,1253.0999755859375,1269.949951171875,12430884,0.0008344947853802243,1326.7860302734375
2023-04-19,1106.14794921875,1232.199951171875,1254.3499755859375,1229.4000244140625,1254.3499755859375,11307230,-0.021558811064411043,1321.0604858398438
2023-04-20,1098.248291015625,1223.4000244140625,1237.8499755859375,1221.4000244140625,1230.699951171875,8621249,-0.0071415927758166076,1314.5907495117187
2023-04-21,1101.794189453125,1227.3499755859375,1233.25,1220.0,1228.0999755859375,8691352,0.003228685595513925,1307.9109521484374
2023-04-24,1100.8516845703125,1226.300048828125,1230.0,1218.0,1228.0,8313774,-0.000855427349167881,1301.7428466796875
2023-04-25,1099.5946044921875,1224.9000244140625,1235.5,1215.0,1225.949951171875,6808576,-0.0011419159326768735,1295.6833544921874
2023-04-26,1101.9737548828125,1227.550048828125,1233.0,1220.550048828125,1228.0,5680192,0.0021636613902118462,1289.1669384765626
2023-04-27,1118.7607421875,1246.25,1247.800048828125,1225.4000244140625,1230.0,8020704,0.015233563621914747,1282.5104833984376
2023-04-28,1124.5955810546875,1252.75,1259.0,1244.949951171875,1255.699951171875,10118277,0.005215448350268881,1276.1224340820313
2023-05-02,1146.7689208984375,1277.449951171875,1279.75,1254.550048828125,1254.550048828125,8886401,0.01971672325348739,1270.9157666015626
2023-05-03,1139.3179931640625,1269.1500244140625,1272.5,1262.0999755859375,1266.0,5549783,-0.006497322693867158,1265.0968603515626
2023-05-04,1143.2681884765625,1273.550048828125,1275.800048828125,1262.5,1268.949951171875,4505401,0.0034671578402178937,1259.2887377929687
2023-05-05,1130.296142578125,1259.0999755859375,1279.0,1254.25,1279.0,5373791,-0.011346459237812856,1253.1358862304687
2023-05-08,1136.1312255859375,1265.5999755859375,1270.300048828125,1255.199951171875,1262.449951171875,5260842,0.005162437336557746,1247.4229125976562
2023-05-09,1140.70947265625,1270.699951171875,1272.0,1260.699951171875,1266.0,4969897,0.004029681578332944,1241.6462036132812
2023-05-10,1134.0216064453125,1263.25,1276.4000244140625,1259.1500244140625,1276.4000244140625,6515734,-0.005862900564298945,1235.9682397460938
2023-05-11,1127.6029052734375,1256.0999755859375,1275.9000244140625,1253.050048828125,1270.25,6888461,-0.005660122466268458,1230.4796899414061
2023-05-12,1117.818115234375,1245.199951171875,1256.0,1239.050048828125,1253.3499755859375,8292212,-0.008677514037346068,1224.9947314453125
2023-05-15,1129.622802734375,1258.3499755859375,1268.9000244140625,1245.6500244140625,1249.9000244140625,5534710,0.010560472530475096,1219.7467651367188
2023-05-16,1134.9642333984375,1264.300048828125,1273.949951171875,1262.75,1265.0,5236469,0.004728508180901647,1215.34802734375
2023-05-17,1119.3441162109375,1246.9000244140625,1260.949951171875,1242.449951171875,1260.5999755859375,10465667,-0.013762651480856314,1211.0273852539062
2023-05-18,1118.5362548828125,1246.0,1259.6500244140625,1242.449951171875,1258.5999755859375,6948732,-0.0007217274084216907,1206.5379736328125
2023-05-19,1139.09375,1268.9000244140625,1273.300048828125,1252.800048828125,1256.050048828125,11094136,0.018378926053980393,1202.8888159179687
2023-05-22,1160.548828125,1292.800048828125,1295.5999755859375,1270.25,1272.949951171875,7625947,0.01883521714081926,1199.540390625
2023-05-23,1167.05712890625,1300.050048828125,1314.1500244140625,1297.050048828125,1299.199951171875,7436031,0.005607950844916054,1195.8167260742186
2023-05-24,1165.80029296875,1298.6500244140625,1305.0,1291.300048828125,1296.300048828125,4824077,-0.0010769275182594962,1192.3327465820312
2023-05-25,1170.917236328125,1304.3499755859375,1307.0,1289.25,1294.5,4334121,0.004389210905364038,1189.1719409179686
2023-05-26,1182.677001953125,1317.449951171875,1323.449951171875,1306.0,1306.0,5521606,0.010043208230393397,1186.405224609375
2023-05-29,1179.939208984375,1314.4000244140625,1332.699951171875,1309.8499755859375,1332.699951171875,4419365,-0.0023149118180438855,1184.238173828125
2023-05-30,1188.4222412109375,1323.8499755859375,1326.4000244140625,1309.1500244140625,1315.0,6274719,0.007189380742643747,1182.5118896484375
2023-05-31,1183.4400634765625,1318.300048828125,1331.0999755859375,1314.1500244140625,1319.8499755859375,17800782,-0.004192262279859804,1180.69224609375
2023-06-01,1184.5172119140625,1319.5,1329.5,1318.0999755859375,1322.550048828125,4277841,0.0009101841916148157,1179.1733325195312
2023-06-02,1181.7880859375,1299.0,1312.9000244140625,1296.050048828125,1309.0,10909311,-0.002303998581964506,1177.301796875
2023-06-05,1186.7916259765625,1304.5,1309.449951171875,1297.300048828125,1304.0,5002553,0.004233872467154898,1175.8364501953124
2023-06-06,1163.5927734375,1279.0,1288.5999755859375,1273.0,1288.5999755859375,10008100,-0.019547536426180234,1174.1396313476562
2023-06-07,1172.644775390625,1288.949951171875,1294.0,1282.5,1290.5,5397578,0.007779355595672444,1172.6498876953126
2023-06-08,1167.0499267578125,1282.800048828125,1292.0,1281.0999755859375,1286.199951171875,5034942,-0.0047711367928525705,1171.3121704101563
2023-06-09,1151.7203369140625,1265.949951171875,1282.5,1264.0,1282.5,5339073,-0.013135333366874224,1169.5583422851562
2023-06-12,1175.3741455078125,1291.949951171875,1295.699951171875,1273.0,1273.5,4785588,0.02053780578115716,1168.1285717773437
2023-06-13,1187.1102294921875,1304.8499755859375,1306.5,1297.050048828125,1299.9000244140625,4846587,0.00998497714896085,1167.1372998046875
2023-06-14,1183.0616455078125,1300.4000244140625,1306.699951171875,1293.199951171875,1306.3499755859375,3457981,-0.0034104532871449544,1165.958232421875
2023-06-15,1170.68896484375,1286.800048828125,1293.949951171875,1282.6500244140625,1293.949951171875,6161155,-0.010458187627874427,1163.7345483398437
2023-06-16,1175.101318359375,1291.6500244140625,1301.5,1281.050048828125,1287.0,8536287,0.003769022898592045,1161.9061254882813
2023-06-19,1177.2392578125,1294.0,1299.5,1287.050048828125,1294.0,4451787,0.0018193660578220694,1159.8924438476563
2023-06-20,1185.7911376953125,1303.4000244140625,1305.0,1291.0999755859375,1294.0,4009180,0.0072643515972303785,1158.0794262695313
2023-06-21,1182.1065673828125,1299.3499755859375,1303.800048828125,1295.0,1299.949951171875,4041529,-0.0031072675409442585,1156.090380859375
2023-06-22,1165.91259765625,1281.550048828125,1289.4000244140625,1273.5,1289.4000244140625,6676607,-0.013699246898201456,1154.1625659179688
2023-06-23,1150.85595703125,1265.0,1279.3499755859375,1263.3499755859375,1276.449951171875,7239467,-0.012914038887020585,1151.5359375
2023-06-26,1155.7232666015625,1270.3499755859375,1274.0,1262.25,1270.25,3403244,0.0042292951959586045,1149.7086596679687
2023-06-27,1163.729248046875,1279.1500244140625,1282.0,1274.199951171875,1280.0,3240024,0.006927247790774693,1150.3916845703125
2023-06-28,1176.64794921875,1293.3499755859375,1296.699951171875,1281.4000244140625,1290.0,5662358,0.011101122699766153,1151.3142309570312
2023-06-30,1214.99462890625,1335.5,1338.9000244140625,1304.449951171875,1308.199951171875,12821692,0.032589764604579186,1153.4911645507811
2023-07-03,1213.35693359375,1333.699951171875,1346.0,1328.449951171875,1330.0,7732412,-0.0013479033351565528,1155.7933374023437
2023-07-04,1223.774169921875,1345.1500244140625,1346.0,1331.4000244140625,1344.300048828125,5797775,0.008585467342467012,1158.2329370117188
2023-07-05,1225.7298583984375,1347.300048828125,1357.949951171875,1341.0,1357.8499755859375,5414936,0.0015980795514645152,1160.7305004882812
2023-07-06,1222.6365966796875,1343.9000244140625,1347.449951171875,1337.1500244140625,1342.550048828125,5963897,-0.0025236080344748224,1163.1913403320314
2023-07-07,1210.1728515625,1330.199951171875,1345.800048828125,1325.3499755859375,1334.0,6295647,-0.010194153480302504,1165.355322265625
2023-07-10,1209.217529296875,1329.1500244140625,1341.9000244140625,1319.300048828125,1336.550048828125,3940315,-0.0007894097643915687,1167.1644580078125
2023-07-11,1226.91259765625,1348.5999755859375,1350.9000244140625,1327.0,1333.449951171875,6126128,0.014633486474236124,1169.2107983398437
2023-07-12,1212.9931640625,1333.300048828125,1351.9000244140625,1327.0,1351.0,8102770,-0.011345089797219488,1170.535283203125
2023-07-13,1241.9237060546875,1365.0999755859375,1376.800048828125,1330.8499755859375,1334.9000244140625,9977644,0.023850540010707633,1172.5873974609376
2023-07-14,1297.2830810546875,1425.949951171875,1430.0,1380.6500244140625,1380.6500244140625,12833381,0.04457550389779108,1175.6676953125
2023-07-17,1294.5535888671875,1422.949951171875,1458.949951171875,1414.300048828125,1425.949951171875,11569884,-0.0021040066176465366,1178.9528442382812
2023-07-18,1342.089111328125,1475.199951171875,1477.949951171875,1429.0,1434.0,16743977,0.03671962510453808,1183.072001953125
2023-07-19,1341.8616943359375,1474.949951171875,1498.800048828125,1460.699951171875,1486.0,13687062,-0.00016944999424250984,1187.0950463867186
2023-07-20,1318.708251953125,1449.5,1471.0,1440.699951171875,1471.0,8347221,-0.01725471595213146,1190.788779296875
2023-07-21,1211.446533203125,1331.5999755859375,1350.0,1305.0,1320.199951171875,45548305,-0.08133847542937245,1192.4656518554686
2023-07-24,1215.9952392578125,1336.5999755859375,1349.9000244140625,1334.25,1341.0,8859789,0.0037547724394080273,1194.4291943359376
2023-07-25,1214.17578125,1334.5999755859375,1342.8499755859375,1324.25,1337.0,6801982,-0.0014962706670816894,1196.12025390625
2023-07-26,1227.139892578125,1348.8499755859375,1350.0,1339.4000244140625,1343.0,5528885,0.010677293624468787,1197.9637670898437
2023-07-27,1231.0521240234375,1353.1500244140625,1363.800048828125,1347.050048828125,1358.5999755859375,9191861,0.0031880892056188603,1200.1979272460937
2023-07-28,1219.54345703125,1340.5,1363.8499755859375,1336.0,1353.8499755859375,6122735,-0.009348643138337498,1202.2180712890624
2023-07-31,1233.371826171875,1355.699951171875,1357.5,1333.25,1348.75,7902180,0.011338972023422267,1204.1036328125
2023-08-01,1242.0146484375,1365.199951171875,1369.0,1357.0,1362.0,6064652,0.007007475022719145,1205.73294921875
2023-08-02,1234.418212890625,1356.8499755859375,1371.949951171875,1348.449951171875,1369.300048828125,7419145,-0.0061162205747183895,1207.0801708984375
2023-08-03,1241.1959228515625,1364.300048828125,1366.550048828125,1349.0,1350.0,6503741,0.00549061079151314,1208.5880834960938
2023-08-04,1253.978271484375,1378.3499755859375,1385.9000244140625,1362.0,1368.9000244140625,5712345,0.010298413326597089,1210.2493041992188
2023-08-07,1267.30615234375,1393.0,1395.0,1377.0,1387.9000244140625,3729093,0.01062847830975433,1211.9418872070312
2023-08-08,1264.7589111328125,1390.199951171875,1393.550048828125,1384.4000244140625,1392.8499755859375,4161877,-0.0020099651581637623,1213.63828125
2023-08-09,1268.5799560546875,1394.4000244140625,1396.0,1382.5,1384.0,4090828,0.0030211646569484607,1215.241435546875
2023-08-10,1263.758056640625,1389.0999755859375,1395.800048828125,1385.5999755859375,1391.5999755859375,3873025,-0.003801021284506767,1216.8477954101563
2023-08-11,1248.0645751953125,1371.8499755859375,1396.8499755859375,1367.050048828125,1392.0,5783517,-0.012418105952202274,1218.1187426757813
2023-08-14,1267.806640625,1393.550048828125,1395.0,1365.5999755859375,1371.8499755859375,4304135,0.015818144206679374,1219.8391137695312
2023-08-16,1290.50537109375,1418.5,1419.949951171875,1405.4000244140625,1410.800048828125,7735313,0.01790393719468142,1221.913388671875
2023-08-17,1284.1824951171875,1411.550048828125,1420.0,1406.0,1420.0,5618346,-0.004899534801008687,1224.3251831054688
2023-08-18,1263.485107421875,1388.800048828125,1408.699951171875,1386.1500244140625,1403.699951171875,5134103,-0.01611717008603497,1226.1419897460937
2023-08-21,1278.5872802734375,1405.4000244140625,1407.0,1387.1500244140625,1389.75,3032722,0.011952790549607961,1228.3727368164064
2023-08-22,1277.086181640625,1403.75,1406.050048828125,1396.6500244140625,1404.699951171875,2890714,-0.0011740290678408094,1230.8800537109375
2023-08-23,1280.9071044921875,1407.949951171875,1416.5999755859375,1405.6500244140625,1416.0,2559125,0.0029919068160724205,1232.990712890625
2023-08-24,1295.14501953125,1423.5999755859375,1425.050048828125,1414.449951171875,1421.5,5171963,0.011115493847391189,1235.1514086914062
2023-08-25,1291.9608154296875,1420.0999755859375,1422.5,1411.4000244140625,1413.0,4307172,-0.0024585695451424527,1237.3293920898439
2023-08-28,1287.9124755859375,1415.6500244140625,1424.800048828125,1411.4000244140625,1420.0999755859375,3133464,-0.0031334850062024744,1239.6738623046874
2023-08-29,1289.732177734375,1417.6500244140625,1424.4000244140625,1415.300048828125,1424.0,3074444,0.001412908239443622,1241.9664794921875
2023-08-30,1305.6529541015625,1435.1500244140625,1436.6500244140625,1424.0,1427.0,3070887,0.012344249947423114,1244.5347534179687
2023-08-31,1305.9259033203125,1435.449951171875,1444.9000244140625,1428.6500244140625,1435.1500244140625,9792735,0.0002090518907742478,1246.9374487304688
2023-09-01,1313.56787109375,1443.8499755859375,1446.0,1428.199951171875,1430.949951171875,3582133,0.005851762151288797,1249.5666748046874
2023-09-04,1332.900390625,1465.0999755859375,1470.0,1434.699951171875,1443.0,4609014,0.014717564243675207,1252.9064306640626
2023-09-05,1345.455322265625,1478.9000244140625,1480.050048828125,1456.5,1465.0,5496840,0.009419257229520417,1256.79841796875
2023-09-06,1344.1361083984375,1477.449951171875,1482.9000244140625,1463.300048828125,1481.9000244140625,5075786,-0.0009804962270809625,1260.5666748046874
2023-09-07,1333.9012451171875,1466.199951171875,1473.4000244140625,1462.050048828125,1470.5999755859375,4411743,-0.007614454531278847,1263.9701147460937
2023-09-08,1336.99462890625,1469.5999755859375,1474.75,1460.199951171875,1463.5,3125838,0.00231905007989619,1267.1770483398439
2023-09-11,1343.226318359375,1476.449951171875,1478.050048828125,1464.5,1469.5999755859375,4182226,0.004660968203157978,1269.7416821289062
2023-09-12,1365.652099609375,1501.0999755859375,1504.0,1477.0999755859375,1482.5,6793161,0.01669545998576849,1272.7875854492188
2023-09-13,1363.150146484375,1498.3499755859375,1505.0,1488.6500244140625,1505.0,4804686,-0.0018320574659649314,1275.5751049804687
2023-09-14,1370.9742431640625,1506.949951171875,1512.550048828125,1499.1500244140625,1505.0,6444213,0.005739717447756032,1278.4799926757812
2023-09-15,1375.2047119140625,1511.5999755859375,1518.4000244140625,1509.0,1518.0,8657816,0.003085739043672042,1281.5313549804687
2023-09-18,1357.1912841796875,1491.800048828125,1504.9000244140625,1488.0,1504.9000244140625,3991916,-0.013098724559562624,1284.4717236328124
2023-09-20,1355.7811279296875,1490.25,1495.0999755859375,1476.199951171875,1476.199951171875,4169337,-0.0010390254243729524,1287.4029956054687
2023-09-21,1366.2435302734375,1501.75,1504.550048828125,1476.0,1486.550048828125,6779195,0.007716881529193698,1290.1896142578125
2023-09-22,1361.148681640625,1496.1500244140625,1506.949951171875,1485.199951171875,1491.9000244140625,5455613,-0.0037290925958074483,1293.152724609375
2023-09-25,1341.1337890625,1474.1500244140625,1489.8499755859375,1471.550048828125,1489.8499755859375,4217863,-0.014704413153455498,1295.1369262695312
2023-09-26,1328.8521728515625,1460.6500244140625,1479.9000244140625,1459.0,1479.1500244140625,3996528,-0.009157636852563988,1295.7683081054688
2023-09-27,1334.629150390625,1467.0,1469.5999755859375,1450.050048828125,1456.0,3863586,0.004347344013943877,1296.5698193359376
2023-09-28,1309.56494140625,1439.449951171875,1472.5999755859375,1435.0,1467.9000244140625,5814602,-0.018779905247116147,1295.9193359375
2023-09-29,1305.9259033203125,1435.449951171875,1446.800048828125,1416.0,1432.0999755859375,6068968,-0.002778814529067808,1295.2006201171876
2023-10-03,1304.6065673828125,1434.0,1437.0,1420.300048828125,1436.050048828125,4181867,-0.0010102686026409735,1294.9185864257813
2023-10-04,1314.0228271484375,1444.3499755859375,1449.949951171875,1418.199951171875,1425.0,4510406,0.007217700723763043,1296.9701123046875
2023-10-05,1331.3992919921875,1463.449951171875,1475.6500244140625,1450.199951171875,1452.0,7384621,0.013223868326137644,1299.278193359375
2023-10-06,1345.2733154296875,1478.699951171875,1484.5,1463.300048828125,1469.5,3598672,0.010420633029434967,1301.9001440429688
2023-10-09,1342.316650390625,1475.449951171875,1491.0,1462.199951171875,1464.9000244140625,3567552,-0.0021978173543999446,1304.2036791992186
2023-10-10,1360.2388916015625,1495.1500244140625,1497.0,1469.0999755859375,1483.9000244140625,5688951,0.013351723831870776,1306.7874145507812
2023-10-11,1359.556640625,1494.4000244140625,1518.25,1481.449951171875,1497.0,7220129,-0.0005015670267736194,1309.5876782226562
2023-10-12,1333.264404296875,1465.5,1504.4000244140625,1452.0,1491.9000244140625,11081662,-0.019338831161928027,1311.5855297851563
2023-10-13,1302.0137939453125,1431.1500244140625,1438.0,1400.0,1405.0,17973439,-0.023439169493198242,1312.7855126953125
2023-10-16,1304.7431640625,1434.1500244140625,1443.5999755859375,1430.0,1432.0999755859375,4850745,0.0020962682038236924,1314.19201171875
2023-10-17,1312.294189453125,1442.449951171875,1453.3499755859375,1438.050048828125,1440.25,3923764,0.0057873653594120444,1315.6139770507812
2023-10-18,1310.5657958984375,1440.550048828125,1454.0,1438.3499755859375,1442.0,4264837,-0.0013170778081458279,1316.7457275390625
2023-10-19,1304.2882080078125,1433.6500244140625,1439.6500244140625,1426.0999755859375,1426.0999755859375,6795691,-0.004789983006020293,1317.4853686523438
2023-10-20,1298.4658203125,1427.25,1438.5,1425.25,1430.0,3928622,-0.0044640346049019675,1318.1595068359375
2023-10-23,1281.544189453125,1408.6500244140625,1432.3499755859375,1405.25,1425.5999755859375,2636516,-0.013032018705969817,1318.4187915039063
2023-10-25,1262.5601806640625,1370.050048828125,1402.550048828125,1361.300048828125,1399.0,6940777,-0.014813386027026976,1318.394833984375
2023-10-26,1252.7918701171875,1359.449951171875,1374.0,1353.0999755859375,1355.050048828125,6357656,-0.007736906878955452,1318.4893798828125
2023-10-27,1272.0521240234375,1380.3499755859375,1385.0,1363.6500244140625,1363.6500244140625,4634358,0.015373865656111319,1318.5742895507813
2023-10-30,1269.01123046875,1377.050048828125,1380.3499755859375,1363.0999755859375,1380.3499755859375,2667696,-0.0023905416273897195,1318.1444067382813
2023-10-31,1261.039794921875,1368.4000244140625,1381.1500244140625,1363.0,1379.949951171875,3451595,-0.0062816115062516165,1317.681552734375
2023-11-01,1247.90771484375,1354.1500244140625,1377.449951171875,1351.6500244140625,1373.050048828125,3090672,-0.010413692042873679,1317.3700048828125
2023-11-02,1262.6524658203125,1370.1500244140625,1376.300048828125,1361.6500244140625,1370.0,3758060,0.011815578028066431,1317.05130859375
2023-11-03,1280.069580078125,1389.050048828125,1392.0,1377.75,1380.050048828125,3349045,0.013794068224859624,1317.1109765625
2023-11-06,1293.20166015625,1403.300048828125,1407.25,1390.800048828125,1393.9000244140625,2736381,0.010258879894109674,1317.3568676757814
2023-11-07,1294.123291015625,1404.300048828125,1405.9000244140625,1394.8499755859375,1400.0,2272209,0.0007126737366418556,1317.3364331054688
2023-11-08,1281.8665771484375,1391.0,1405.0,1386.449951171875,1405.0,3550635,-0.009471055773649262,1317.1345483398438
2023-11-09,1266.9376220703125,1374.800048828125,1397.5,1370.050048828125,1395.9000244140625,5498051,-0.01164626283597714,1316.7150512695312
2023-11-10,1261.454345703125,1368.8499755859375,1373.1500244140625,1361.0,1369.949951171875,2943649,-0.004327976588324289,1316.1494946289063
2023-11-13,1265.7857666015625,1373.550048828125,1382.449951171875,1370.8499755859375,1379.8499755859375,3462092,0.003433672342714189,1315.3521508789063
2023-11-15,1299.8367919921875,1410.5,1414.0,1393.0,1399.0,8551860,0.02690109676461816,1315.2303686523437
2023-11-16,1331.537841796875,1444.9000244140625,1453.4000244140625,1410.5999755859375,1416.0999755859375,6673907,0.024388484769769514,1315.5897680664064
2023-11-17,1324.764404296875,1437.550048828125,1451.0,1435.050048828125,1441.050048828125,4901251,-0.005086928277501568,1315.4270483398439
2023-11-20,1323.888916015625,1436.5999755859375,1452.0,1433.6500244140625,1442.0,3584210,-0.0006608633794886742,1314.9957202148437
2023-11-21,1326.1007080078125,1439.0,1450.0,1436.75,1442.0,3793135,0.0016706779288129248,1314.6350122070312
2023-11-22,1343.4256591796875,1457.800048828125,1458.949951171875,1436.199951171875,1436.199951171875,3108786,0.013064581797789687,1314.8255004882812
2023-11-23,1335.5465087890625,1449.25,1467.9000244140625,1447.699951171875,1467.9000244140625,3186928,-0.00586496940622383,1314.7965380859375
2023-11-24,1324.626220703125,1437.4000244140625,1452.6500244140625,1433.8499755859375,1445.550048828125,2973195,-0.008176643803920358,1314.4245361328126
2023-11-28,1329.5103759765625,1442.699951171875,1445.0,1427.050048828125,1444.0,3755373,0.0036871950721653057,1313.7017016601562
2023-11-29,1345.08447265625,1459.5999755859375,1460.699951171875,1449.800048828125,1451.0999755859375,3875778,0.011714159559114368,1313.3403881835939
2023-11-30,1340.983642578125,1455.1500244140625,1460.6500244140625,1449.550048828125,1453.25,10120867,-0.003048752819238776,1312.740576171875
2023-12-01,1338.3572998046875,1452.300048828125,1459.9000244140625,1446.1500244140625,1459.9000244140625,3489187,-0.0019585196195146537,1312.0036279296876
2023-12-04,1349.4617919921875,1464.3499755859375,1471.9000244140625,1449.300048828125,1460.449951171875,5511948,0.00829710585440857,1311.8490380859375
2023-12-05,1339.8778076171875,1453.949951171875,1466.9000244140625,1442.0,1465.800048828125,5123039,-0.007102079089509661,1311.5309716796876
2023-12-06,1358.63134765625,1474.300048828125,1477.0,1451.050048828125,1456.75,5269178,0.013996455447242262,1311.3787280273436
2023-12-07,1350.8902587890625,1465.9000244140625,1472.8499755859375,1461.800048828125,1472.8499755859375,4424453,-0.005697711068231692,1311.1735595703126
2023-12-08,1374.1591796875,1491.1500244140625,1494.699951171875,1466.25,1470.4000244140625,6323433,0.01722487873981393,1311.8340673828125
2023-12-11,1371.7171630859375,1488.5,1498.0,1482.0,1490.0,3862018,-0.0017770987798646498,1312.6913671875
2023-12-12,1360.243896484375,1476.050048828125,1490.0,1467.6500244140625,1477.5,6103494,-0.008364163480867437,1313.203662109375
2023-12-13,1335.3160400390625,1449.0,1476.050048828125,1433.1500244140625,1476.0,8549258,-0.01832601970112857,1313.7186840820314
2023-12-14,1383.6510009765625,1501.449951171875,1511.0,1461.3499755859375,1463.4000244140625,12489858,0.0361973940911291,1315.2731860351562
2023-12-15,1454.5638427734375,1578.4000244140625,1588.550048828125,1521.0,1523.050048828125,18395389,0.05125052614194314,1318.2723315429687
2023-12-18,1441.6160888671875,1564.3499755859375,1593.0,1560.300048828125,1567.949951171875,6467243,-0.008901468279015057,1320.8241967773438
2023-12-19,1436.0408935546875,1558.300048828125,1573.949951171875,1543.25,1570.0999755859375,4221721,-0.0038673231767835103,1322.9170288085938
2023-12-20,1415.8590087890625,1536.4000244140625,1583.5,1530.0,1565.050048828125,6592367,-0.01405383708514596,1324.3287426757813
2023-12-21,1415.4903564453125,1536.0,1546.6500244140625,1521.25,1521.25,5319038,-0.00026037362580710877,1325.792216796875
2023-12-22,1440.280029296875,1562.9000244140625,1566.0,1523.0,1534.949951171875,6741060,0.01751313439804436,1327.3930395507812
2023-12-26,1422.816650390625,1543.949951171875,1548.0,1523.0,1535.0,6878067,-0.012124988579321871,1328.6582397460938
2023-12-27,1444.150390625,1567.0999755859375,1570.0,1544.0,1544.0,4225849,0.014994019242407619,1330.8759594726562
2023-12-28,1440.049560546875,1562.6500244140625,1568.949951171875,1555.0,1568.949951171875,5702253,-0.002839614284458447,1333.6366748046876
2023-12-29,1421.8489990234375,1542.9000244140625,1559.449951171875,1540.0,1541.050048828125,4388990,-0.0126388438440449,1335.9787915039062
2024-01-01,1429.6358642578125,1551.3499755859375,1557.0,1535.25,1539.0,2808451,0.0054765767952316136,1338.325625
2024-01-02,1414.015869140625,1534.4000244140625,1549.1500244140625,1523.0,1546.0,5396313,-0.010925855672553775,1340.3946264648437
2024-01-03,1373.099365234375,1490.0,1519.949951171875,1488.0,1519.949951171875,7550363,-0.02893638239796925,1341.770849609375
2024-01-04,1394.018310546875,1512.699951171875,1519.75,1492.9000244140625,1504.949951171875,7056038,0.015234837217282804,1343.6818994140624
2024-01-05,1412.3111572265625,1532.550048828125,1539.699951171875,1506.25,1506.75,8895403,0.01312238622784756,1346.2972387695313
2024-01-08,1403.325927734375,1522.800048828125,1536.0,1513.25,1528.949951171875,4440136,-0.006362074990494571,1349.1125537109374
2024-01-09,1409.316162109375,1529.300048828125,1553.0,1525.8499755859375,1541.9000244140625,4412074,0.004268598090160669,1352.2430395507813
2024-01-10,1400.653564453125,1519.9000244140625,1535.449951171875,1505.0,1524.949951171875,4096845,-0.006146667361910052,1354.815068359375
2024-01-11,1376.9698486328125,1494.199951171875,1525.0,1486.5999755859375,1524.9000244140625,11296088,-0.016909046191989408,1356.9742407226563
2024-01-12,1486.2186279296875,1612.75,1618.0,1555.4000244140625,1562.0,26754401,0.07933999383163526,1361.4778173828124
2024-01-15,1522.481689453125,1652.0999755859375,1664.949951171875,1636.0,1644.949951171875,13228305,0.02439954717426218,1366.969296875
2024-01-16,1503.5439453125,1631.550048828125,1648.5,1625.0,1644.800048828125,6500917,-0.012438733596479179,1371.7871264648438
2024-01-17,1511.51513671875,1640.199951171875,1647.5,1620.25,1620.25,9209876,0.005301601879413864,1376.4160375976562
2024-01-18,1513.7269287109375,1642.5999755859375,1649.0,1628.25,1642.6500244140625,6375464,0.0014632946362607147,1380.82654296875
2024-01-19,1529.0244140625,1659.199951171875,1665.5,1644.1500244140625,1651.5999755859375,4522736,0.010105842118161679,1385.5245654296875
2024-01-23,1513.312255859375,1642.1500244140625,1674.699951171875,1637.699951171875,1650.0999755859375,9401255,-0.010275936772898842,1390.1534790039063
2024-01-24,1543.95361328125,1675.4000244140625,1680.0,1645.0,1659.9000244140625,8999681,0.020247875019339334,1395.693798828125
2024-01-25,1538.147705078125,1669.0999755859375,1680.550048828125,1658.0,1672.949951171875,8865304,-0.003760416215346063,1401.227666015625
2024-01-29,1526.6285400390625,1656.5999755859375,1679.3499755859375,1647.5999755859375,1665.1500244140625,4253785,-0.00748898496615924,1406.444521484375
2024-01-30,1521.8824462890625,1651.449951171875,1690.0,1648.25,1662.449951171875,4995943,-0.0031088726730331695,1410.8854345703126
2024-01-31,1530.5911865234375,1660.9000244140625,1667.25,1638.0999755859375,1648.25,6763779,0.005722347514822923,1414.8665014648439
2024-02-01,1527.0433349609375,1657.050048828125,1677.0,1650.3499755859375,1659.550048828125,5760011,-0.0023179615783353036,1418.912080078125
2024-02-02,1560.4952392578125,1693.3499755859375,1718.5,1665.0,1666.050048828125,7858483,0.021906322846908965,1423.6442065429687
2024-02-05,1554.82763671875,1687.199951171875,1700.75,1681.8499755859375,1694.75,3634135,-0.0036319255557345498,1428.2187451171876
2024-02-06,1593.762939453125,1729.449951171875,1733.0,1673.949951171875,1686.75,7694265,0.025041555613548594,1433.2254907226563
2024-02-07,1560.86376953125,1693.75,1729.0,1686.8499755859375,1729.0,4613877,-0.020642448828157467,1437.7318359375
2024-02-08,1559.34326171875,1692.0999755859375,1706.3499755859375,1682.800048828125,1698.0,5919715,-0.0009741451125850897,1442.4261767578125
2024-02-09,1538.3780517578125,1669.3499755859375,1692.9000244140625,1659.800048828125,1684.699951171875,4600004,-0.013444897269013767,1446.6035302734374
2024-02-12,1548.2847900390625,1680.0999755859375,1692.949951171875,1670.3499755859375,1670.3499755859375,3555808,0.006439729343466816,1450.6675366210939
2024-02-13,1552.3857421875,1684.550048828125,1689.0999755859375,1663.5,1683.0,2696481,0.0026487066041216423,1454.8955786132813
2024-02-14,1535.4752197265625,1666.199951171875,1669.449951171875,1635.5,1660.199951171875,3768579,-0.010893247729207078,1458.8379370117189
2024-02-15,1544.8289794921875,1676.3499755859375,1687.75,1661.5999755859375,1677.0,4834391,0.006091768623456284,1462.7452807617187
2024-02-16,1568.1439208984375,1701.6500244140625,1709.0,1687.949951171875,1689.0,4880654,0.015092247566403039,1467.3106030273439
2024-02-19,1566.39306640625,1699.75,1711.5,1687.699951171875,1705.0,3690993,-0.0011165139046577233,1471.4658374023438
2024-02-20,1553.0306396484375,1685.25,1694.25,1668.75,1685.0,3706389,-0.008530698356875144,1475.5086450195313
2024-02-21,1525.6610107421875,1655.550048828125,1674.0,1645.300048828125,1674.0,4300508,-0.01762336698807543,1478.538681640625
2024-02-22,1549.4366455078125,1681.3499755859375,1684.5999755859375,1644.4000244140625,1665.0,5841277,0.015583825370262927,1482.0930712890624
2024-02-23,1545.289794921875,1676.8499755859375,1698.449951171875,1671.9000244140625,1697.0,5373072,-0.0026763602099899586,1485.7939892578124
2024-02-26,1529.9000244140625,1660.1500244140625,1674.949951171875,1645.0,1674.949951171875,2782438,-0.009959148477124646,1489.6856689453125
2024-02-27,1533.079345703125,1663.5999755859375,1671.0999755859375,1652.800048828125,1661.0,5159088,0.0020781235625382255,1492.6742358398437
2024-02-28,1540.129150390625,1671.25,1687.800048828125,1662.050048828125,1670.0,3188916,0.0045984604171069865,1494.3855419921874
2024-02-29,1542.5712890625,1673.9000244140625,1682.25,1653.300048828125,1665.0,7814722,0.0015856713518185295,1496.4046459960937
2024-03-01,1524.87744140625,1654.699951171875,1671.949951171875,1651.0,1669.0,6387291,-0.011470359769890082,1498.181376953125
2024-03-04,1508.7506103515625,1637.199951171875,1664.449951171875,1633.6500244140625,1657.8499755859375,4445156,-0.010575821122919438,1500.039208984375
2024-03-05,1480.459228515625,1606.5,1637.3499755859375,1602.0,1634.0,4596579,-0.018751529670861355,1501.3385864257812
2024-03-06,1490.642333984375,1617.550048828125,1620.1500244140625,1576.0,1602.800048828125,6420684,0.006878342390394643,1502.3458325195313
2024-03-07,1489.6285400390625,1616.449951171875,1628.449951171875,1604.199951171875,1616.5999755859375,6348359,-0.0006801054298536391,1503.6820703125
2024-03-11,1475.0220947265625,1600.5999755859375,1613.800048828125,1588.0,1608.1500244140625,6752895,-0.00980542794387984,1504.2995043945311
2024-03-12,1486.403076171875,1612.949951171875,1625.0,1597.6500244140625,1600.0,4614222,0.007715804045242081,1505.2265747070312
2024-03-13,1484.9747314453125,1611.4000244140625,1624.5,1598.550048828125,1612.9000244140625,5688997,-0.0009609403730790333,1506.4890893554686
2024-03-14,1523.58740234375,1653.300048828125,1657.75,1608.0,1614.4000244140625,8803799,0.026002241035344875,1508.3681201171876
2024-03-15,1505.801513671875,1634.0,1645.800048828125,1618.3499755859375,1641.0999755859375,11809997,-0.011673691082319748,1510.2038330078126
2024-03-18,1476.911376953125,1602.6500244140625,1632.6500244140625,1598.8499755859375,1630.0,4958904,-0.019185886357825366,1512.2800732421874
2024-03-19,1438.943603515625,1561.449951171875,1599.0,1558.0,1592.3499755859375,6870411,-0.025707550249783884,1513.1785791015625
2024-03-20,1432.95361328125,1554.949951171875,1574.949951171875,1552.3499755859375,1563.0,4759059,-0.0041627692841750275,1513.5914282226563
2024-03-21,1432.72314453125,1554.699951171875,1576.949951171875,1543.4000244140625,1564.0,11062497,-0.00016083475966277572,1514.1793725585937
2024-03-22,1390.4705810546875,1508.8499755859375,1528.9000244140625,1498.199951171875,1521.0,14673890,-0.02949108740082962,1513.8024609375
2024-03-26,1375.54150390625,1492.6500244140625,1507.449951171875,1487.9000244140625,1492.0,8351081,-0.01073670838624552,1513.3002197265625
2024-03-27,1367.431884765625,1483.8499755859375,1499.0,1481.550048828125,1496.0,6857402,-0.005895583025008921,1513.1094604492187
2024-03-28,1380.5177001953125,1498.050048828125,1511.800048828125,1487.1500244140625,1487.1500244140625,12499530,0.009569628714581446,1510.9954418945313
2024-04-01,1378.121826171875,1495.449951171875,1529.949951171875,1492.800048828125,1525.0,6580002,-0.0017354895363518308,1508.1082446289063
2024-04-02,1366.510498046875,1482.8499755859375,1493.1500244140625,1480.8499755859375,1484.8499755859375,7279400,-0.008425472918641597,1505.3675756835937
2024-04-03,1364.48291015625,1480.6500244140625,1495.0999755859375,1475.0,1479.0,8736248,-0.0014837704456153178,1502.4269311523437
2024-04-04,1370.05810546875,1486.699951171875,1495.6500244140625,1468.0,1490.550048828125,11186915,0.004085940007751088,1499.5535546875
2024-04-05,1363.0545654296875,1479.0999755859375,1486.699951171875,1476.050048828125,1480.050048828125,5072482,-0.005111856213329213,1496.2341577148438
2024-04-08,1360.8428955078125,1476.699951171875,1490.949951171875,1474.0999755859375,1483.0,6610887,-0.0016225835545899958,1493.1847705078126
2024-04-09,1377.56884765625,1494.8499755859375,1513.800048828125,1487.300048828125,1490.0,9423230,0.01229087663509909,1489.8570751953125
2024-04-10,1388.5814208984375,1506.800048828125,1509.8499755859375,1484.550048828125,1500.3499755859375,6744595,0.007994208972512684,1486.8657495117188
2024-04-12,1368.26123046875,1484.75,1506.800048828125,1479.5,1504.0,12275616,-0.014633776690271438,1483.6984033203125
2024-04-15,1352.9637451171875,1468.1500244140625,1491.949951171875,1461.050048828125,1480.0,8531224,-0.011180237377859337,1480.320029296875
2024-04-16,1303.476806640625,1414.449951171875,1455.1500244140625,1413.050048828125,1451.0,16173541,-0.0365766922100903,1475.7777416992187
2024-04-18,1307.900146484375,1419.25,1444.699951171875,1407.5,1421.0999755859375,22107945,0.003393493325861252,1471.3948779296875
2024-04-19,1300.52783203125,1411.25,1426.8499755859375,1378.75,1385.0,20603621,-0.005636756347907501,1466.1955297851562
2024-04-22,1320.341064453125,1432.75,1436.8499755859375,1413.050048828125,1419.9000244140625,5859087,0.015234762327946072,1461.5057983398438
2024-04-23,1329.2340087890625,1442.4000244140625,1446.8499755859375,1433.0,1443.0,4856174,0.0067353387509923035,1456.2152197265625
2024-04-24,1318.4979248046875,1430.75,1444.300048828125,1427.050048828125,1444.300048828125,4268213,-0.008076895349792945,1451.3679028320312
2024-04-25,1325.59375,1438.449951171875,1444.9000244140625,1420.0,1420.0,9089398,0.005381749232835187,1446.6929125976562
2024-04-26,1318.037109375,1430.25,1445.4000244140625,1427.0,1439.699951171875,8062444,-0.005700570499068802,1442.28609375
2024-04-29,1322.1842041015625,1434.75,1439.800048828125,1428.25,1429.949951171875,5055957,0.0031464172723703054,1437.76408203125
2024-04-30,1309.0982666015625,1420.550048828125,1436.550048828125,1417.550048828125,1434.699951171875,6936588,-0.009897212097532249,1432.8983325195313
2024-05-02,1303.476806640625,1414.449951171875,1424.0,1411.8499755859375,1413.0,10076354,-0.004294146669012733,1428.2583642578124
2024-05-03,1305.1817626953125,1416.300048828125,1424.800048828125,1403.199951171875,1422.0999755859375,8842345,0.0013080064378603318,1423.465419921875
2024-05-06,1314.028564453125,1425.9000244140625,1445.699951171875,1417.0999755859375,1420.0,6445422,0.006778214353488243,1418.3831127929689
2024-05-07,1327.8975830078125,1440.949951171875,1443.3499755859375,1415.5999755859375,1424.949951171875,6080661,0.010554579200079628,1413.613203125
2024-05-08,1315.318603515625,1427.300048828125,1439.75,1425.5999755859375,1435.25,6234983,-0.009472853669704628,1408.8589624023436
2024-05-09,1326.6075439453125,1439.550048828125,1449.949951171875,1424.8499755859375,1427.550048828125,6088406,0.008582666130863004,1404.8778930664062
2024-05-10,1313.10693359375,1424.9000244140625,1435.949951171875,1413.0,1435.050048828125,8777481,-0.010176792988385919,1400.151298828125
2024-05-13,1311.770751953125,1423.449951171875,1425.0,1411.199951171875,1425.0,3735954,-0.001017572603145167,1395.48091796875
2024-05-14,1312.922607421875,1424.699951171875,1433.75,1418.050048828125,1426.4000244140625,3463230,0.0008780920500286449,1391.1413696289062
2024-05-15,1308.545166015625,1419.949951171875,1431.800048828125,1418.550048828125,1426.0,4327544,-0.0033341199104232055,1386.6506860351562
2024-05-16,1339.3248291015625,1453.3499755859375,1455.75,1427.0,1433.949951171875,9249145,0.023522048673075835,1382.634599609375
2024-05-17,1330.98486328125,1444.300048828125,1457.0,1439.25,1457.0,7542860,-0.006226992615306792,1378.40287109375
2024-05-21,1321.6312255859375,1434.1500244140625,1444.699951171875,1428.4000244140625,1430.0,6752663,-0.0070276063637967345,1374.3379467773439
2024-05-22,1340.6612548828125,1454.800048828125,1459.949951171875,1428.0,1428.75,7173285,0.014398895038544524,1370.9761596679687
2024-05-23,1356.88037109375,1472.4000244140625,1478.1500244140625,1450.0,1454.699951171875,8641428,0.01209784809687453,1368.5045825195311
2024-05-24,1350.15283203125,1465.0999755859375,1475.5,1460.0,1468.25,5277938,-0.004958092994651442,1365.6947924804688
2024-05-27,1355.91259765625,1471.3499755859375,1479.5999755859375,1460.25,1471.8499755859375,5821844,0.004266010105192786,1363.0204736328126
2024-05-28,1351.9500732421875,1467.050048828125,1476.0,1460.300048828125,1475.5,6186922,-0.002922404011078461,1360.559033203125
2024-05-29,1337.1131591796875,1450.949951171875,1465.5,1450.0,1465.4000244140625,7401634,-0.010974454128264366,1357.5732348632812
2024-05-30,1315.4569091796875,1427.449951171875,1449.8499755859375,1421.550048828125,1442.800048828125,9663150,-0.0161962731810118,1354.1828784179688
2024-05-31,1322.4598388671875,1406.9000244140625,1436.75,1400.0,1409.800048828125,37113815,0.005323572090147,1350.1603271484375
2024-06-03,1321.519775390625,1405.9000244140625,1440.0,1404.0,1440.0,10589244,-0.0007108446312953376,1346.4746923828125
2024-06-04,1310.0048828125,1393.6500244140625,1415.0,1358.3499755859375,1409.0,13736134,-0.008713371371776413,1343.1365625
2024-06-05,1344.267333984375,1430.0999755859375,1438.0,1400.1500244140625,1400.1500244140625,9233424,0.026154445392841286,1341.243037109375
2024-06-06,1383.8875732421875,1472.25,1474.300048828125,1437.5,1444.949951171875,12660930,0.02947348213868972,1340.2617163085938
2024-06-07,1441.555419921875,1533.5999755859375,1539.699951171875,1477.25,1481.0,24075302,0.041670904338408477,1340.4383618164063
2024-06-10,1409.7369384765625,1499.75,1529.800048828125,1497.300048828125,1525.300048828125,6810606,-0.022072326187110414,1340.8236889648438
2024-06-11,1405.97705078125,1495.75,1506.449951171875,1493.949951171875,1500.050048828125,4853054,-0.002667084611811088,1341.4323999023438
2024-06-12,1396.0601806640625,1485.199951171875,1508.75,1482.75,1507.0,9564320,-0.0070533655664415384,1342.0049658203125
2024-06-13,1404.2850341796875,1493.949951171875,1505.0,1489.3499755859375,1495.0,7307565,0.005891474901685623,1342.4803125
2024-06-14,1399.5382080078125,1488.9000244140625,1503.699951171875,1486.050048828125,1503.699951171875,4237727,-0.003380244078900918,1342.9086401367188
2024-06-18,1408.2799072265625,1498.199951171875,1507.0,1495.4000244140625,1497.0,5420939,0.006246131165788871,1343.7440283203125
2024-06-19,1420.6407470703125,1511.3499755859375,1515.6500244140625,1496.699951171875,1505.0,5493456,0.008777260671206433,1344.8671850585938
2024-06-20,1424.4476318359375,1515.4000244140625,1517.5,1499.0999755859375,1516.300048828125,7927010,0.0026796956045893605,1345.9549755859375
2024-06-21,1440.7093505859375,1532.699951171875,1557.75,1523.699951171875,1545.0,17301941,0.01141615766459636,1347.5080712890624
2024-06-24,1435.4925537109375,1527.1500244140625,1529.0999755859375,1515.4000244140625,1524.550048828125,5564989,-0.0036209918904728244,1349.001064453125
2024-06-25,1449.4041748046875,1541.949951171875,1543.9000244140625,1520.3499755859375,1526.0,4551525,0.009691183042215501,1350.4377709960938
2024-06-26,1448.229248046875,1540.699951171875,1548.8499755859375,1535.0,1541.0,4851004,-0.000810627413827314,1351.6307275390625
2024-06-27,1478.919677734375,1573.3499755859375,1578.4000244140625,1532.050048828125,1538.449951171875,14757754,0.02119169304783064,1353.843896484375
2024-06-28,1472.7158203125,1566.75,1588.5,1564.25,1572.550048828125,8197544,-0.004194857581027667,1356.2389379882814
2024-07-01,1495.3223876953125,1590.800048828125,1599.9000244140625,1559.5,1559.5,6801771,0.015350257715039284,1360.075849609375
2024-07-02,1523.7569580078125,1621.050048828125,1633.800048828125,1586.5,1596.199951171875,10493173,0.019015678857269736,1364.3929858398437
2024-07-03,1529.7255859375,1627.4000244140625,1636.0,1606.0,1625.0,7269965,0.003917047202521617,1368.9769409179687
2024-07-04,1551.5802001953125,1650.6500244140625,1660.0,1628.0,1628.199951171875,8008311,0.014286623992380232,1373.6017236328125
2024-07-05,1548.572265625,1647.449951171875,1665.8499755859375,1633.3499755859375,1651.449951171875,7065022,-0.0019386265498450017,1377.9884887695312
2024-07-08,1561.919921875,1661.6500244140625,1666.0,1640.0,1643.0999755859375,5880533,0.00861933055775932,1382.8569287109376
2024-07-09,1557.6900634765625,1657.1500244140625,1666.75,1651.0,1659.9000244140625,5191182,-0.0027081147626055735,1387.4988549804686
2024-07-10,1549.3240966796875,1648.25,1674.0,1637.550048828125,1657.0,9852770,-0.005370751854321565,1392.1245947265625
2024-07-11,1553.5072021484375,1652.699951171875,1665.0,1642.050048828125,1656.0,8857679,0.0026999550821642515,1396.7510546875
2024-07-12,1609.0130615234375,1711.75,1719.75,1666.6500244140625,1680.0,17078316,0.03572938657653957,1402.7493505859375
2024-07-15,1604.59521484375,1707.050048828125,1728.0,1702.6500244140625,1726.199951171875,6942230,-0.002745687269626429,1408.77171875
2024-07-16,1622.454833984375,1726.050048828125,1737.9000244140625,1700.0,1718.5999755859375,6886281,0.011130295650522815,1415.1171801757812
2024-07-18,1652.5343017578125,1758.050048828125,1765.4000244140625,1719.0,1719.0,11248896,0.018539479277564386,1421.887294921875
2024-07-19,1685.3394775390625,1792.949951171875,1844.0,1786.449951171875,1844.0,29819116,0.0198514340951077,1429.0361328125
2024-07-22,1702.1651611328125,1810.8499755859373,1823.0,1792.949951171875,1800.1500244140625,8462126,0.009983557507546648,1436.7730639648437
2024-07-23,1726.6517333984375,1836.9000244140625,1839.949951171875,1783.25,1810.0,7113056,0.014385544261362293,1444.7739477539062
2024-07-24,1723.878662109375,1833.949951171875,1842.3499755859373,1819.5999755859373,1837.5,6002845,-0.0016060397330992515,1452.9893823242187
2024-07-25,1715.324951171875,1824.8499755859373,1830.9000244140625,1812.0,1820.0,5815599,-0.004961898494081685,1461.0604663085937
2024-07-26,1766.1309814453125,1878.9000244140625,1883.0,1825.3499755859373,1825.3499755859373,11369047,0.029618895381150923,1470.1246337890625
2024-07-29,1758.799072265625,1871.0999755859373,1903.0,1864.0,1893.5999755859373,4635931,-0.004151396049735467,1479.1297119140625
2024-07-30,1764.486083984375,1877.1500244140625,1879.949951171875,1860.0,1871.0999755859373,2721265,0.0032334629966708217,1487.6329370117187
2024-07-31,1756.1201171875,1868.25,1885.1500244140625,1865.050048828125,1877.0,5004209,-0.004741305059195455,1496.1356420898437
2024-08-01,1741.409423828125,1852.5999755859373,1867.9000244140625,1845.0999755859373,1856.0999755859373,7475014,-0.008376815011341465,1504.5312060546876
2024-08-02,1711.8939208984375,1821.199951171875,1859.5,1816.1500244140625,1843.0,7400938,-0.016949203631162035,1511.955859375
2024-08-05,1646.75341796875,1751.9000244140625,1797.5,1718.550048828125,1784.949951171875,10736703,-0.03805171695188936,1517.7533203125
2024-08-06,1646.0013427734375,1751.0999755859375,1796.949951171875,1744.8499755859375,1760.199951171875,7690163,-0.0004567017667042039,1523.6702905273437
2024-08-07,1684.1175537109375,1791.6500244140625,1797.9000244140625,1762.0999755859375,1796.0,5094329,0.02315685288158753,1530.2343896484374
2024-08-08,1638.5284423828125,1743.1500244140625,1779.949951171875,1727.0999755859375,1779.949951171875,6227910,-0.027070029183930644,1535.96595703125
2024-08-09,1664.471923828125,1770.75,1780.75,1756.0,1771.25,4258524,0.015833403177051064,1542.5131323242188
2024-08-12,1689.5224609375,1797.4000244140625,1803.5,1768.0999755859375,1773.050048828125,4315329,0.015050140979104842,1549.994443359375
2024-08-13,1689.5693359375,1797.449951171875,1810.0,1789.050048828125,1810.0,4176918,2.7744526091666444e-05,1557.3366333007812
2024-08-14,1713.821044921875,1823.25,1825.0,1797.449951171875,1802.0,7450718,0.014353781445091363,1565.1826586914062
2024-08-16,1747.378173828125,1858.949951171875,1861.8499755859373,1829.5,1850.0,7335657,0.019580299241674703,1573.9301245117188
2024-08-19,1752.8773193359375,1864.800048828125,1867.550048828125,1849.199951171875,1860.0,2585989,0.003147083779674986,1582.10232421875
2024-08-20,1759.8328857421875,1872.199951171875,1885.699951171875,1868.199951171875,1880.0,3870333,0.003968085118977394,1589.62123046875
2024-08-21,1760.3028564453125,1872.699951171875,1879.0,1867.0999755859373,1875.0999755859373,1966902,0.0002670541657294745,1595.9961791992187
2024-08-22,1767.39990234375,1880.25,1893.6500244140625,1869.699951171875,1884.0,4300287,0.0040317186741201105,1603.1494384765624
2024-08-23,1750.3392333984375,1862.0999755859373,1882.5999755859373,1857.0,1878.199951171875,5015935,-0.009652976059740803,1610.0366821289062
2024-08-26,1763.5460205078125,1876.1500244140625,1888.75,1864.0,1870.0,3728589,0.007545272857612195,1617.3863989257814
2024-08-27,1786.0584716796875,1900.0999755859373,1902.75,1873.9000244140625,1876.1500244140625,3830679,0.012765445817735088,1625.0218676757813
2024-08-28,1822.7177734375,1939.0999755859373,1951.0,1897.4000244140625,1906.9000244140625,6514531,0.0205252528621509,1633.485458984375
2024-08-29,1817.31298828125,1933.3499755859373,1950.5,1920.9000244140625,1933.0,7228284,-0.0029652342425218192,1641.6661206054687
2024-08-30,1827.041748046875,1943.699951171875,1950.0,1928.0,1938.0,13466759,0.005353376016327349,1649.794140625
2024-09-02,1846.5933837890625,1964.5,1975.75,1942.800048828125,1943.3499755859373,5573739,0.010701252865780608,1658.2370556640626
2024-09-03,1824.7388916015625,1941.25,1967.0,1936.449951171875,1967.0,4694322,-0.011835032216272912,1665.917646484375
2024-09-04,1807.067138671875,1922.449951171875,1927.199951171875,1900.050048828125,1921.0999755859373,4778310,-0.00968453788704915,1673.3491381835938
2024-09-05,1817.1248779296875,1933.1500244140625,1940.0,1909.5999755859373,1926.25,4081810,0.005565780619088967,1680.7035522460938
2024-09-06,1787.7034912109375,1901.8499755859373,1936.5,1896.8499755859373,1922.0,5848106,-0.01619117490277877,1687.493037109375
2024-09-09,1780.935791015625,1894.6500244140625,1920.8499755859373,1889.0,1890.0,4772612,-0.0037856950151885504,1693.533359375
2024-09-10,1797.5263671875,1912.300048828125,1935.0,1896.0,1904.9000244140625,6909600,0.009315650937877784,1700.0295703125
2024-09-11,1795.50537109375,1910.1500244140625,1926.0,1905.0,1914.699951171875,5312946,-0.0011243206946177642,1706.0332299804688
2024-09-12,1833.3865966796875,1950.449951171875,1956.4000244140625,1910.800048828125,1925.0,8555092,0.021097806888130677,1712.2258227539062
2024-09-13,1827.417724609375,1944.0999755859373,1958.5999755859373,1935.6500244140625,1950.449951171875,3843127,-0.0032556538163430737,1718.1796655273438
2024-09-16,1833.19873046875,1950.25,1952.0,1933.050048828125,1945.75,1570181,0.003163483521870125,1723.8120361328124
2024-09-17,1835.3604736328125,1952.550048828125,1958.449951171875,1942.1500244140625,1947.75,2793127,0.0011792192129163048,1729.5478002929688
2024-09-18,1778.5858154296875,1892.1500244140625,1938.75,1881.300048828125,1938.75,6385468,-0.03093379149151465,1733.8811181640624
2024-09-19,1780.5125732421875,1894.199951171875,1924.9000244140625,1878.800048828125,1910.5999755859373,7976570,0.0010833088827004733,1738.337568359375
2024-09-20,1791.369384765625,1905.75,1915.0,1867.4000244140625,1905.0,15242974,0.006097576443208075,1743.1784741210938
2024-09-23,1782.627685546875,1896.449951171875,1918.9000244140625,1878.449951171875,1909.0,3636672,-0.004879897631997143,1747.7608837890625
2024-09-24,1784.6484375,1898.5999755859373,1910.9000244140625,1871.4000244140625,1888.0,7277616,0.0011335804831871243,1751.2735913085937
2024-09-25,1781.546630859375,1895.300048828125,1901.5999755859373,1876.800048828125,1886.3499755859373,4268341,-0.0017380491168166312,1754.8126196289063
2024-09-26,1786.1995849609375,1900.25,1917.949951171875,1893.0,1897.800048828125,8952803,0.0026117498251045923,1758.0875146484375
2024-09-27,1792.3095703125,1906.75,1974.5999755859373,1903.300048828125,1932.0999755859373,14908931,0.0034206621718009256,1760.8830200195312
2024-09-30,1763.029052734375,1875.5999755859373,1901.25,1870.5,1880.0,6986955,-0.01633675234631471,1762.4368115234374
2024-10-01,1790.0533447265625,1904.3499755859373,1908.949951171875,1875.0,1875.0,4029072,0.015328330494766451,1764.1945751953126
2024-10-03,1779.7606201171875,1893.4000244140625,1911.8499755859373,1881.0,1889.5,7503887,-0.005749954122706513,1765.2567529296875
2024-10-04,1803.0252685546875,1918.1500244140625,1954.0999755859373,1886.0,1889.550048828125,10001483,0.013071785146009152,1766.8396850585937
2024-10-07,1818.2059326171875,1934.300048828125,1942.0,1916.050048828125,1923.199951171875,6112575,0.008419551476762654,1768.8973046875
2024-10-08,1831.6007080078125,1948.550048828125,1957.949951171875,1906.3499755859373,1937.9000244140625,5637391,0.007367028756387395,1770.20669921875
2024-10-09,1835.548583984375,1952.75,1977.0,1945.0999755859373,1952.550048828125,4857163,0.0021554239192540514,1771.741689453125
2024-10-10,1803.8240966796875,1919.0,1964.0,1914.0999755859373,1957.9000244140625,4782119,-0.01728338197173951,1772.5284497070313
2024-10-11,1818.9578857421875,1935.0999755859373,1947.0,1910.0999755859373,1918.0,4709431,0.00838983639832569,1773.785205078125
2024-10-14,1841.3294677734373,1958.9000244140625,1969.5,1931.0999755859373,1932.1500244140625,3751378,0.012299120395589336,1775.7836059570313
2024-10-15,1841.7054443359373,1959.300048828125,1991.449951171875,1951.75,1960.0,5353705,0.0002041875552856176,1778.3798364257811
2024-10-16,1804.858154296875,1920.0999755859373,1959.550048828125,1916.3499755859373,1955.0,3111512,-0.020007157036096124,1781.5419311523438
2024-10-17,1849.9771728515625,1968.0999755859373,1978.0,1930.1500244140625,1935.199951171875,8162822,0.024998650695774227,1785.6214477539063
2024-10-18,1766.7889404296875,1879.5999755859373,1936.8499755859373,1869.25,1893.800048828125,10526196,-0.04496716696976766,1787.2748754882812
2024-10-21,1741.5504150390625,1852.75,1898.800048828125,1838.0,1891.0999755859373,4654601,-0.01428496908322674,1789.3353149414063
2024-10-22,1740.4693603515625,1851.5999755859373,1877.800048828125,1846.949951171875,1858.199951171875,4125240,-0.0006207426889078826,1790.855263671875
2024-10-23,1760.9609375,1873.4000244140625,1886.0,1844.0,1845.25,4311910,0.011773592580968106,1792.284033203125
2024-10-24,1751.51416015625,1863.3499755859373,1884.0,1860.0,1861.4000244140625,2906475,-0.005364558146963461,1793.5229296875
2024-10-25,1750.2923583984375,1862.050048828125,1876.3499755859373,1846.4000244140625,1863.449951171875,4689120,-0.0006975688724683016,1794.2523559570313
2024-10-28,1753.3941650390625,1865.3499755859373,1881.9000244140625,1857.0,1859.699951171875,7018940,0.0017721648761943598,1794.37267578125
2024-10-29,1748.5933837890625,1839.300048828125,1851.5999755859373,1829.0,1846.0,4621252,-0.002737993171029518,1794.2869970703125
2024-10-30,1713.2276611328125,1802.0999755859373,1839.0,1796.3499755859375,1832.0,5919715,-0.020225241033232866,1793.354892578125
2024-10-31,1670.589599609375,1757.25,1787.9000244140625,1746.5,1787.9000244140625,7395236,-0.024887563101359533,1791.5606274414063
2024-11-01,1674.0120849609375,1760.8499755859375,1766.0,1752.050048828125,1764.5,371966,0.0020486691359522524,1789.69287109375
2024-11-04,1676.6739501953125,1763.6500244140625,1767.0,1718.0,1724.5,7336722,0.0015901111218303843,1788.2195654296875
2024-11-05,1667.68994140625,1754.199951171875,1768.449951171875,1745.0,1760.0,3160880,-0.005358232462558399,1786.3024438476561
2024-11-06,1733.762451171875,1823.699951171875,1827.199951171875,1762.6500244140625,1764.0,10421494,0.0396191810750568,1785.2565234375
2024-11-07,1714.131103515625,1803.050048828125,1825.699951171875,1787.0,1812.949951171875,4550965,-0.011322974288075605,1783.0847900390625
2024-11-08,1739.704345703125,1829.949951171875,1840.5999755859373,1813.1500244140625,1818.0,4210960,0.014919070154581604,1781.5326171875
2024-11-11,1768.367431640625,1860.0999755859373,1868.0,1822.550048828125,1829.0,3804234,0.016475837407829985,1780.359130859375
2024-11-12,1776.6385498046875,1868.800048828125,1881.0,1861.0,1871.0999755859373,5012450,0.004677262211501443,1778.9600341796875
2024-11-13,1776.2581787109375,1868.4000244140625,1873.199951171875,1856.300048828125,1861.0999755859373,4257495,-0.00021409593627907952,1777.990419921875
2024-11-14,1772.5980224609375,1864.550048828125,1876.0,1856.0,1865.5999755859373,4311431,-0.002060599238257299,1777.3010375976562
2024-11-18,1722.1165771484375,1811.449951171875,1849.199951171875,1795.0,1849.199951171875,4839244,-0.02847878914048174,1775.4008715820312
2024-11-19,1734.7607421875,1824.75,1859.699951171875,1820.550048828125,1825.5,4669769,0.007342223637379686,1774.3420166015626
2024-11-21,1743.602294921875,1834.050048828125,1867.0,1820.5999755859373,1842.0,5436504,0.005096698650919329,1773.5953466796875
2024-11-22,1808.4388427734373,1902.25,1914.050048828125,1834.0,1854.0999755859373,6301486,0.03718539946890087,1773.8135961914063
2024-11-25,1796.507568359375,1889.699951171875,1919.300048828125,1882.0,1916.0,12764638,-0.006597554825666263,1773.8336401367187
2024-11-26,1829.2589111328125,1924.1500244140625,1938.5999755859373,1897.300048828125,1904.949951171875,6850495,0.01823056209184082,1773.7510864257813
2024-11-27,1829.591552734375,1924.5,1941.4000244140625,1911.75,1930.0999755859373,4447143,0.000181845008127679,1773.7945629882813
2024-11-28,1765.0875244140625,1856.6500244140625,1914.9000244140625,1851.6500244140625,1914.9000244140625,8468790,-0.03525597187192375,1772.4323388671876
2024-11-29,1766.2283935546875,1857.8499755859373,1877.0,1845.0,1851.0999755859373,5244346,0.000646352730300892,1771.049697265625
2024-12-02,1787.095947265625,1879.800048828125,1882.800048828125,1835.199951171875,1859.0,2868263,0.011814753848985449,1771.2198999023437
2024-12-03,1798.789306640625,1892.0999755859373,1899.75,1871.1500244140625,1887.0,4715792,0.006543218562434561,1771.5854345703126
2024-12-04,1796.0799560546875,1889.25,1913.949951171875,1875.0,1884.0,4705573,-0.001506207856548425,1771.6796459960938
2024-12-05,1839.4310302734373,1934.8499755859373,1949.9000244140625,1888.949951171875,1900.0,9050038,0.024136494632441607,1772.815712890625
2024-12-06,1827.594970703125,1922.4000244140625,1937.949951171875,1912.4000244140625,1932.800048828125,3573331,-0.0064346308045878375,1773.6746435546875
2024-12-09,1828.783447265625,1923.6500244140625,1930.199951171875,1897.199951171875,1924.199951171875,4274645,0.0006502953781071241,1774.6193798828126
2024-12-10,1852.45556640625,1948.550048828125,1965.5999755859373,1932.0,1939.0,6174921,0.012944189305748255,1775.9444995117187
2024-12-11,1876.79296875,1974.1500244140625,1978.0,1952.0,1955.0,5025612,0.013137914228606551,1777.6341674804687
2024-12-12,1889.0091552734373,1987.0,1998.800048828125,1970.550048828125,1975.199951171875,6462130,0.0065090751760295,1780.15376953125
2024-12-13,1901.0828857421875,1999.699951171875,2006.449951171875,1953.800048828125,1969.75,5362693,0.006391568000104542,1782.3743603515625
2024-12-16,1882.4019775390625,1980.050048828125,1999.5999755859373,1977.5999755859373,1995.449951171875,3119221,-0.009826456459751887,1784.4271875
2024-12-17,1879.1220703125,1976.5999755859373,1982.0,1958.0,1968.0,5811050,-0.0017424053234635917,1785.9491235351563
2024-12-18,1881.5465087890625,1979.1500244140625,1984.949951171875,1961.5999755859373,1966.800048828125,3064095,0.0012901974357415469,1787.2159350585937
2024-12-19,1850.2213134765625,1946.199951171875,1959.75,1920.0,1934.0,5323592,-0.016648642574698003,1787.5883471679688
2024-12-20,1827.357421875,1922.1500244140625,1979.949951171875,1911.25,1975.1500244140625,11056720,-0.012357382025073194,1787.4245239257812
2024-12-23,1829.4014892578125,1924.300048828125,1940.0,1909.0,1930.050048828125,2781793,0.0011185919942882094,1787.9360717773438
2024-12-24,1814.903564453125,1909.050048828125,1942.0,1840.0,1927.050048828125,2360544,-0.007924955177864956,1787.8549853515624
2024-12-26,1813.3348388671875,1907.4000244140625,1919.75,1902.300048828125,1909.050048828125,3623321,-0.0008643575431018791,1787.2950927734375
2024-12-27,1822.2237548828125,1916.75,1924.1500244140625,1903.9000244140625,1909.4000244140625,3937500,0.004901971674011518,1786.905458984375
2024-12-30,1812.00390625,1906.0,1916.0,1886.5,1915.699951171875,7789055,-0.005608448800772936,1787.0483740234374
2024-12-31,1787.2860107421875,1880.0,1897.0,1845.050048828125,1892.300048828125,3613063,-0.013641193279194996,1785.79455078125
