Date,Open,High,Low,Close,Adj Close,Volume,Returns
2020-01-01,849.5843994140625,849.5843994140625,849.5843994140625,849.5843994140625,849.5843994140625,1000000,
2020-01-02,851.3252807617188,851.3252807617188,851.3252807617188,851.3252807617188,851.3252807617188,1000000,0.002049097592725202
2020-01-03,858.6473022460938,858.6473022460938,858.6473022460938,858.6473022460938,858.6473022460938,1000000,0.008600733056844723
2020-01-06,849.1342346191407,849.1342346191407,849.1342346191407,849.1342346191407,849.1342346191407,1000000,-0.01107913295956131
2020-01-07,851.5562377929688,851.5562377929688,851.5562377929688,851.5562377929688,851.5562377929688,1000000,0.0028523207227824088
2020-01-08,857.5793334960938,857.5793334960938,857.5793334960938,857.5793334960938,857.5793334960938,1000000,0.007073045132915068
2020-01-09,860.5579467773438,860.5579467773438,860.5579467773438,860.5579467773438,860.5579467773438,1000000,0.003473280156025993
2020-01-10,862.0565673828125,862.0565673828125,862.0565673828125,862.0565673828125,862.0565673828125,1000000,0.0017414522881125105
2020-01-13,863.7067138671875,863.7067138671875,863.7067138671875,863.7067138671875,863.7067138671875,1000000,0.0019141974515486382
2020-01-14,865.730517578125,865.730517578125,865.730517578125,865.730517578125,865.730517578125,1000000,0.002343160795724275
2020-01-15,866.3953247070312,866.3953247070312,866.3953247070312,866.3953247070312,866.3953247070312,1000000,0.0007679146286374561
2020-01-16,870.192333984375,870.192333984375,870.192333984375,870.192333984375,870.192333984375,1000000,0.004382536665497039
2020-01-17,868.9554077148438,868.9554077148438,868.9554077148438,868.9554077148438,868.9554077148438,1000000,-0.0014214400899943413
2020-01-20,854.81728515625,854.81728515625,854.81728515625,854.81728515625,854.81728515625,1000000,-0.01627025096232937
2020-01-21,852.3552368164062,852.3552368164062,852.3552368164062,852.3552368164062,852.3552368164062,1000000,-0.0028802042057370913
2020-01-22,857.7793151855469,857.7793151855469,857.7793151855469,857.7793151855469,857.7793151855469,1000000,0.006363635881912355
2020-01-23,859.0271728515625,859.0271728515625,859.0271728515625,859.0271728515625,859.0271728515625,1000000,0.0014547537390146026
2020-01-24,858.1621704101562,858.1621704101562,858.1621704101562,858.1621704101562,858.1621704101562,1000000,-0.0010069558551155655
2020-01-27,851.3715454101563,851.3715454101563,851.3715454101563,851.3715454101563,851.3715454101563,1000000,-0.007912985720116783
2020-01-28,849.9054443359375,849.9054443359375,849.9054443359375,849.9054443359375,849.9054443359375,1000000,-0.001722046129122634
2020-01-29,848.5008361816406,848.5008361816406,848.5008361816406,848.5008361816406,848.5008361816406,1000000,-0.0016526640271076198
2020-01-30,841.0902465820312,841.0902465820312,841.0902465820312,841.0902465820312,841.0902465820312,1000000,-0.00873374460413956
2020-01-31,826.1770080566406,826.1770080566406,826.1770080566406,826.1770080566406,826.1770080566406,1000000,-0.01773084230377664
2020-02-03,821.3274841308594,821.3274841308594,821.3274841308594,821.3274841308594,821.3274841308594,1000000,-0.005869836461787292
2020-02-04,835.7012451171875,835.7012451171875,835.7012451171875,835.7012451171875,835.7012451171875,1000000,0.01750064531389528
2020-02-05,846.7098876953125,846.7098876953125,846.7098876953125,846.7098876953125,846.7098876953125,1000000,0.013172940261183097
2020-02-06,842.2505859375,842.2505859375,842.2505859375,842.2505859375,842.2505859375,1000000,-0.005266622986948355
2020-02-07,841.724169921875,841.724169921875,841.724169921875,841.724169921875,841.724169921875,1000000,-0.0006250111598782304
2020-02-10,844.8723388671875,844.8723388671875,844.8723388671875,844.8723388671875,844.8723388671875,1000000,0.0037401432177059935
2020-02-11,846.1526977539063,846.1526977539063,846.1526977539063,846.1526977539063,846.1526977539063,1000000,0.0015154465684550367
2020-02-12,854.5614868164063,854.5614868164063,854.5614868164063,854.5614868164063,854.5614868164063,1000000,0.00993767328854589
2020-02-13,858.0841674804688,858.0841674804688,858.0841674804688,858.0841674804688,858.0841674804688,1000000,0.0041222085460297375
2020-02-14,855.8608032226563,855.8608032226563,855.8608032226563,855.8608032226563,855.8608032226563,1000000,-0.0025910794559241834
2020-02-17,857.758740234375,857.758740234375,857.758740234375,857.758740234375,857.758740234375,1000000,0.0022175767421199755
2020-02-18,859.859521484375,859.859521484375,859.859521484375,859.859521484375,859.859521484375,1000000,0.002449151668715288
2020-02-19,862.26533203125,862.26533203125,862.26533203125,862.26533203125,862.26533203125,1000000,0.002797911154977628
2020-02-20,852.8457153320312,852.8457153320312,852.8457153320312,852.8457153320312,852.8457153320312,1000000,-0.010924266985231634
2020-02-24,837.9597290039062,837.9597290039062,837.9597290039062,837.9597290039062,837.9597290039062,1000000,-0.017454489200698586
2020-02-25,842.1064453125,842.1064453125,842.1064453125,842.1064453125,842.1064453125,1000000,0.0049485866266187895
2020-02-26,830.2586181640625,830.2586181640625,830.2586181640625,830.2586181640625,830.2586181640625,1000000,-0.014069274988200431
2020-02-27,824.2438171386718,824.2438171386718,824.2438171386718,824.2438171386718,824.2438171386718,1000000,-0.007244490925840785
2020-02-28,787.8811401367187,787.8811401367187,787.8811401367187,787.8811401367187,787.8811401367187,1000000,-0.04411640857457033
2020-03-02,790.4301208496094,790.4301208496094,790.4301208496094,790.4301208496094,790.4301208496094,1000000,0.003235235091994193
2020-03-03,801.629296875,801.629296875,801.629296875,801.629296875,801.629296875,1000000,0.014168458071098122
2020-03-04,807.0195556640625,807.0195556640625,807.0195556640625,807.0195556640625,807.0195556640625,1000000,0.006724128983403466
2020-03-05,810.3926086425781,810.3926086425781,810.3926086425781,810.3926086425781,810.3926086425781,1000000,0.004179642184432675
2020-03-06,797.6764099121094,797.6764099121094,797.6764099121094,797.6764099121094,797.6764099121094,1000000,-0.015691405122473356
2020-03-09,745.2651306152344,745.2651306152344,745.2651306152344,745.2651306152344,745.2651306152344,1000000,-0.06570493830029378
2020-03-11,744.6288330078125,744.6288330078125,744.6288330078125,744.6288330078125,744.6288330078125,1000000,-0.0008537869025169176
2020-03-12,679.6869567871094,679.6869567871094,679.6869567871094,679.6869567871094,679.6869567871094,1000000,-0.08721375448004154
2020-03-13,700.2235229492187,700.2235229492187,700.2235229492187,700.2235229492187,700.2235229492187,1000000,0.030214742179526244
2020-03-16,648.45390625,648.45390625,648.45390625,648.45390625,648.45390625,1000000,-0.07393298711413476
2020-03-17,627.316796875,627.316796875,627.316796875,627.316796875,627.316796875,1000000,-0.03259616322960501
2020-03-18,608.2024719238282,608.2024719238282,608.2024719238282,608.2024719238282,608.2024719238282,1000000,-0.030469971546099983
2020-03-19,603.0791687011719,603.0791687011719,603.0791687011719,603.0791687011719,603.0791687011719,1000000,-0.008423680368234265
2020-03-20,646.5068054199219,646.5068054199219,646.5068054199219,646.5068054199219,646.5068054199219,1000000,0.07200984376939834
2020-03-23,580.4833740234375,580.4833740234375,580.4833740234375,580.4833740234375,580.4833740234375,1000000,-0.1021233355054949
2020-03-24,604.2215270996094,604.2215270996094,604.2215270996094,604.2215270996094,604.2215270996094,1000000,0.04089376912147946
2020-03-25,639.676220703125,639.676220703125,639.676220703125,639.676220703125,639.676220703125,1000000,0.05867830259823004
2020-03-26,658.1236083984375,658.1236083984375,658.1236083984375,658.1236083984375,658.1236083984375,1000000,0.028838632886861726
2020-03-27,667.6251342773437,667.6251342773437,667.6251342773437,667.6251342773437,667.6251342773437,1000000,0.014437296820316803
2020-03-30,640.3321105957032,640.3321105957032,640.3321105957032,640.3321105957032,640.3321105957032,1000000,-0.04088076119420414
2020-03-31,663.2248229980469,663.2248229980469,663.2248229980469,663.2248229980469,663.2248229980469,1000000,0.03575131095806916
2020-04-01,628.180419921875,628.180419921875,628.180419921875,628.180419921875,628.180419921875,1000000,-0.05283940205638993
2020-04-03,609.46953125,609.46953125,609.46953125,609.46953125,609.46953125,1000000,-0.029785851450451095
2020-04-07,665.9401916503906,665.9401916503906,665.9401916503906,665.9401916503906,665.9401916503906,1000000,0.09265542821241812
2020-04-08,649.4363647460938,649.4363647460938,649.4363647460938,649.4363647460938,649.4363647460938,1000000,-0.02478274642561462
2020-04-09,671.0674743652344,671.0674743652344,671.0674743652344,671.0674743652344,671.0674743652344,1000000,0.03330751216494865
2020-04-13,662.2361877441406,662.2361877441406,662.2361877441406,662.2361877441406,662.2361877441406,1000000,-0.013160057607392361
2020-04-15,651.25576171875,651.25576171875,651.25576171875,651.25576171875,651.25576171875,1000000,-0.016580830568614147
2020-04-16,651.4106262207031,651.4106262207031,651.4106262207031,651.4106262207031,651.4106262207031,1000000,0.00023779367654941375
2020-04-17,682.0155212402344,682.0155212402344,682.0155212402344,682.0155212402344,682.0155212402344,1000000,0.04698249274362021
2020-04-20,690.5066162109375,690.5066162109375,690.5066162109375,690.5066162109375,690.5066162109375,1000000,0.012450002538449745
2020-04-21,664.8004272460937,664.8004272460937,664.8004272460937,664.8004272460937,664.8004272460937,1000000,-0.03722801253650987
2020-04-22,684.4023681640625,684.4023681640625,684.4023681640625,684.4023681640625,684.4023681640625,1000000,0.029485451745524527
2020-04-23,715.7472717285157,715.7472717285157,715.7472717285157,715.7472717285157,715.7472717285157,1000000,0.045798940831454305
2020-04-24,700.9550476074219,700.9550476074219,700.9550476074219,700.9550476074219,700.9550476074219,1000000,-0.020666825715410453
2020-04-27,708.0427673339843,708.0427673339843,708.0427673339843,708.0427673339843,708.0427673339843,1000000,0.010111518207558401
2020-04-28,713.5646545410157,713.5646545410157,713.5646545410157,713.5646545410157,713.5646545410157,1000000,0.007798804622809907
2020-04-29,730.4248657226562,730.4248657226562,730.4248657226562,730.4248657226562,730.4248657226562,1000000,0.023628147883089312
2020-04-30,763.2924987792969,763.2924987792969,763.2924987792969,763.2924987792969,763.2924987792969,1000000,0.0449979657033206
2020-05-04,723.6254211425781,723.6254211425781,723.6254211425781,723.6254211425781,723.6254211425781,1000000,-0.051968383942141094
2020-05-05,723.8174743652344,723.8174743652344,723.8174743652344,723.8174743652344,723.8174743652344,1000000,0.00026540419538179094
2020-05-06,722.8121337890625,722.8121337890625,722.8121337890625,722.8121337890625,722.8121337890625,1000000,-0.001388942118389025
2020-05-07,721.8238464355469,721.8238464355469,721.8238464355469,721.8238464355469,721.8238464355469,1000000,-0.0013672810780511746
2020-05-08,729.1259704589844,729.1259704589844,729.1259704589844,729.1259704589844,729.1259704589844,1000000,0.010116213338609237
2020-05-11,734.4821472167969,734.4821472167969,734.4821472167969,734.4821472167969,734.4821472167969,1000000,0.007346023835141713
2020-05-12,727.9041809082031,727.9041809082031,727.9041809082031,727.9041809082031,727.9041809082031,1000000,-0.008955924025546347
2020-05-13,737.5097106933594,737.5097106933594,737.5097106933594,737.5097106933594,737.5097106933594,1000000,0.013196145917408364
2020-05-14,712.6791137695312,712.6791137695312,712.6791137695312,712.6791137695312,712.6791137695312,1000000,-0.03366816268830408
2020-05-15,710.7562377929687,710.7562377929687,710.7562377929687,710.7562377929687,710.7562377929687,1000000,-0.002698095032408032
2020-05-18,710.5895935058594,710.5895935058594,710.5895935058594,710.5895935058594,710.5895935058594,1000000,-0.00023446053407394363
2020-05-19,708.8289306640625,708.8289306640625,708.8289306640625,708.8289306640625,708.8289306640625,1000000,-0.002477749263270712
2020-05-20,715.5667236328125,715.5667236328125,715.5667236328125,715.5667236328125,715.5667236328125,1000000,0.0095055276065521
2020-05-21,723.1265014648437,723.1265014648437,723.1265014648437,723.1265014648437,723.1265014648437,1000000,0.010564742018258633
2020-05-22,726.1322631835938,726.1322631835938,726.1322631835938,726.1322631835938,726.1322631835938,1000000,0.004156619502481584
2020-05-26,711.7886169433593,711.7886169433593,711.7886169433593,711.7886169433593,711.7886169433593,1000000,-0.019753489780701017
2020-05-27,738.4287780761719,738.4287780761719,738.4287780761719,738.4287780761719,738.4287780761719,1000000,0.03742706823159603
2020-05-28,746.4092712402344,746.4092712402344,746.4092712402344,746.4092712402344,746.4092712402344,1000000,0.010807397275136132
2020-05-29,740.6302490234375,740.6302490234375,740.6302490234375,740.6302490234375,740.6302490234375,1000000,-0.007742430914871257
2020-06-01,764.3875122070312,764.3875122070312,764.3875122070312,764.3875122070312,764.3875122070312,1000000,0.032077090039083656
2020-06-02,770.565087890625,770.565087890625,770.565087890625,770.565087890625,770.565087890625,1000000,0.008081732871010772
2020-06-03,774.4577941894531,774.4577941894531,774.4577941894531,774.4577941894531,774.4577941894531,1000000,0.0050517553416340455
2020-06-04,783.0984191894531,783.0984191894531,783.0984191894531,783.0984191894531,783.0984191894531,1000000,0.011156999212647012
2020-06-05,779.8626831054687,779.8626831054687,779.8626831054687,779.8626831054687,779.8626831054687,1000000,-0.004131966052662417
2020-06-08,784.6348388671875,784.6348388671875,784.6348388671875,784.6348388671875,784.6348388671875,1000000,0.0061192256856241745
2020-06-09,776.3828857421875,776.3828857421875,776.3828857421875,776.3828857421875,776.3828857421875,1000000,-0.01051693439576773
2020-06-10,786.8286743164062,786.8286743164062,786.8286743164062,786.8286743164062,786.8286743164062,1000000,0.013454429207610641
2020-06-11,770.1936340332031,770.1936340332031,770.1936340332031,770.1936340332031,770.1936340332031,1000000,-0.021141883647867288
2020-06-12,769.8056274414063,769.8056274414063,769.8056274414063,769.8056274414063,769.8056274414063,1000000,-0.0005037779782274265
2020-06-15,764.1024475097656,764.1024475097656,764.1024475097656,764.1024475097656,764.1024475097656,1000000,-0.007408597350211932
2020-06-16,775.5185485839844,775.5185485839844,775.5185485839844,775.5185485839844,775.5185485839844,1000000,0.014940537242648766
2020-06-17,774.8367736816406,774.8367736816406,774.8367736816406,774.8367736816406,774.8367736816406,1000000,-0.0008791213357677297
2020-06-18,784.2978271484375,784.2978271484375,784.2978271484375,784.2978271484375,784.2978271484375,1000000,0.012210382609801451
2020-06-19,796.8282409667969,796.8282409667969,796.8282409667969,796.8282409667969,796.8282409667969,1000000,0.015976601470282903
2020-06-22,792.7543151855468,792.7543151855468,792.7543151855468,792.7543151855468,792.7543151855468,1000000,-0.005112677452680625
2020-06-23,797.5647338867187,797.5647338867187,797.5647338867187,797.5647338867187,797.5647338867187,1000000,0.006067981730311978
2020-06-24,791.9290405273438,791.9290405273438,791.9290405273438,791.9290405273438,791.9290405273438,1000000,-0.0070661265724613065
2020-06-25,784.4292419433593,784.4292419433593,784.4292419433593,784.4292419433593,784.4292419433593,1000000,-0.009470291150063592
2020-06-26,814.5852600097656,814.5852600097656,814.5852600097656,814.5852600097656,814.5852600097656,1000000,0.038443260977494065
2020-06-29,807.8242248535156,807.8242248535156,807.8242248535156,807.8242248535156,807.8242248535156,1000000,-0.008299972376334175
2020-06-30,804.1382202148437,804.1382202148437,804.1382202148437,804.1382202148437,804.1382202148437,1000000,-0.004562879553829058
2020-07-01,812.3467346191406,812.3467346191406,812.3467346191406,812.3467346191406,812.3467346191406,1000000,0.010207840142337554
2020-07-02,830.6606079101563,830.6606079101563,830.6606079101563,830.6606079101563,830.6606079101563,1000000,0.022544404391065642
2020-07-03,839.7008178710937,839.7008178710937,839.7008178710937,839.7008178710937,839.7008178710937,1000000,0.010883157182187242
2020-07-06,859.4933227539062,859.4933227539062,859.4933227539062,859.4933227539062,859.4933227539062,1000000,0.023570901041864767
2020-07-07,866.1743469238281,866.1743469238281,866.1743469238281,866.1743469238281,866.1743469238281,1000000,0.007773212418352715
2020-07-08,850.8992736816406,850.8992736816406,850.8992736816406,850.8992736816406,850.8992736816406,1000000,-0.0176351023283432
2020-07-09,853.5907531738281,853.5907531738281,853.5907531738281,853.5907531738281,853.5907531738281,1000000,0.003163099999536012
2020-07-10,857.7850402832031,857.7850402832031,857.7850402832031,857.7850402832031,857.7850402832031,1000000,0.004913697921140381
2020-07-13,861.4922058105469,861.4922058105469,861.4922058105469,861.4922058105469,861.4922058105469,1000000,0.004321788505567525
2020-07-14,845.6979553222657,845.6979553222657,845.6979553222657,845.6979553222657,845.6979553222657,1000000,-0.01833359649890387
2020-07-15,857.4148193359375,857.4148193359375,857.4148193359375,857.4148193359375,857.4148193359375,1000000,0.013854667544048738
2020-07-16,872.6714477539062,872.6714477539062,872.6714477539062,872.6714477539062,872.6714477539062,1000000,0.01779375405452499
2020-07-17,876.7517150878906,876.7517150878906,876.7517150878906,876.7517150878906,876.7517150878906,1000000,0.004675605400504601
2020-07-20,889.0393432617187,889.0393432617187,889.0393432617187,889.0393432617187,889.0393432617187,1000000,0.014014946264001793
2020-07-21,900.6449035644531,900.6449035644531,900.6449035644531,900.6449035644531,900.6449035644531,1000000,0.013054045797518565
2020-07-22,893.7893981933594,893.7893981933594,893.7893981933594,893.7893981933594,893.7893981933594,1000000,-0.0076117739010812535
2020-07-23,896.0788146972657,896.0788146972657,896.0788146972657,896.0788146972657,896.0788146972657,1000000,0.0025614719849373913
2020-07-24,901.1409729003906,901.1409729003906,901.1409729003906,901.1409729003906,901.1409729003906,1000000,0.0056492332148652125
2020-07-27,906.7328369140625,906.7328369140625,906.7328369140625,906.7328369140625,906.7328369140625,1000000,0.006205315463211125
2020-07-28,928.3054565429687,928.3054565429687,928.3054565429687,928.3054565429687,928.3054565429687,1000000,0.02379159411754128
2020-07-29,911.4383178710938,911.4383178710938,911.4383178710938,911.4383178710938,911.4383178710938,1000000,-0.01816981528331052
2020-07-30,911.8992858886719,911.8992858886719,911.8992858886719,911.8992858886719,911.8992858886719,1000000,0.0005057588742316543
2020-07-31,907.9284301757813,907.9284301757813,907.9284301757813,907.9284301757813,907.9284301757813,1000000,-0.004354489332690892
2020-08-03,892.8779052734375,892.8779052734375,892.8779052734375,892.8779052734375,892.8779052734375,1000000,-0.01657677455857387
2020-08-04,908.8842895507812,908.8842895507812,908.8842895507812,908.8842895507812,908.8842895507812,1000000,0.01792673352404428
2020-08-05,906.4341491699219,906.4341491699219,906.4341491699219,906.4341491699219,906.4341491699219,1000000,-0.002695767116923431
2020-08-06,922.4541748046875,922.4541748046875,922.4541748046875,922.4541748046875,922.4541748046875,1000000,0.017673678390687453
2020-08-07,918.108203125,918.108203125,918.108203125,918.108203125,918.108203125,1000000,-0.004711314446170234
2020-08-10,915.3369934082032,915.3369934082032,915.3369934082032,915.3369934082032,915.3369934082032,1000000,-0.0030183911954652087
2020-08-11,917.8277038574219,917.8277038574219,917.8277038574219,917.8277038574219,917.8277038574219,1000000,0.0027210857500084007
2020-08-12,914.1171752929688,914.1171752929688,914.1171752929688,914.1171752929688,914.1171752929688,1000000,-0.004042728879133373
2020-08-13,912.2756591796875,912.2756591796875,912.2756591796875,912.2756591796875,912.2756591796875,1000000,-0.002014529606328752
2020-08-14,906.2411437988281,906.2411437988281,906.2411437988281,906.2411437988281,906.2411437988281,1000000,-0.00661479380726393
2020-08-17,906.4284729003906,906.4284729003906,906.4284729003906,906.4284729003906,906.4284729003906,1000000,0.00020670999418226366
2020-08-18,917.4376708984375,917.4376708984375,917.4376708984375,917.4376708984375,917.4376708984375,1000000,0.012145688630918361
2020-08-19,916.8264526367187,916.8264526367187,916.8264526367187,916.8264526367187,916.8264526367187,1000000,-0.0006662232008853852
2020-08-20,910.3538452148438,910.3538452148438,910.3538452148438,910.3538452148438,910.3538452148438,1000000,-0.007059795671536584
2020-08-21,910.3073120117188,910.3073120117188,910.3073120117188,910.3073120117188,910.3073120117188,1000000,-5.111551224790123e-05
2020-08-24,915.9425170898437,915.9425170898437,915.9425170898437,915.9425170898437,915.9425170898437,1000000,0.00619044250635703
2020-08-25,913.5925598144531,913.5925598144531,913.5925598144531,913.5925598144531,913.5925598144531,1000000,-0.0025656165442095036
2020-08-26,923.0751586914063,923.0751586914063,923.0751586914063,923.0751586914063,923.0751586914063,1000000,0.010379461582829652
2020-08-27,919.1059143066407,919.1059143066407,919.1059143066407,919.1059143066407,919.1059143066407,1000000,-0.004300022969302542
2020-08-28,919.5056579589843,919.5056579589843,919.5056579589843,919.5056579589843,919.5056579589843,1000000,0.0004349266456904477
2020-08-31,915.6005615234375,915.6005615234375,915.6005615234375,915.6005615234375,915.6005615234375,1000000,-0.004246952046184194
2020-09-01,912.2097290039062,912.2097290039062,912.2097290039062,912.2097290039062,912.2097290039062,1000000,-0.0037033971603177562
2020-09-02,921.7455505371094,921.7455505371094,921.7455505371094,921.7455505371094,921.7455505371094,1000000,0.010453540704521869
2020-09-03,926.0138671875,926.0138671875,926.0138671875,926.0138671875,926.0138671875,1000000,0.00463068864059446
2020-09-04,915.1733703613281,915.1733703613281,915.1733703613281,915.1733703613281,915.1733703613281,1000000,-0.011706624717291447
2020-09-07,922.6053527832031,922.6053527832031,922.6053527832031,922.6053527832031,922.6053527832031,1000000,0.008120846456601605
2020-09-08,931.5150390625,931.5150390625,931.5150390625,931.5150390625,931.5150390625,1000000,0.00965709363426015
2020-09-09,927.8467895507813,927.8467895507813,927.8467895507813,927.8467895507813,927.8467895507813,1000000,-0.003937939118417777
2020-09-10,944.3722290039062,944.3722290039062,944.3722290039062,944.3722290039062,944.3722290039062,1000000,0.017810526090331846
2020-09-11,952.1116394042969,952.1116394042969,952.1116394042969,952.1116394042969,952.1116394042969,1000000,0.008195296476002811
2020-09-14,973.1127197265625,973.1127197265625,973.1127197265625,973.1127197265625,973.1127197265625,1000000,0.022057371691627914
2020-09-15,977.9624694824219,977.9624694824219,977.9624694824219,977.9624694824219,977.9624694824219,1000000,0.004983749217893241
2020-09-16,986.5339965820312,986.5339965820312,986.5339965820312,986.5339965820312,986.5339965820312,1000000,0.008764678980110352
2020-09-17,976.4937683105469,976.4937683105469,976.4937683105469,976.4937683105469,976.4937683105469,1000000,-0.010177275498127747
2020-09-18,971.3630798339843,971.3630798339843,971.3630798339843,971.3630798339843,971.3630798339843,1000000,-0.005254194796797562
2020-09-21,966.4478942871094,966.4478942871094,966.4478942871094,966.4478942871094,966.4478942871094,1000000,-0.00506009096795712
2020-09-22,971.3630432128906,971.3630432128906,971.3630432128906,971.3630432128906,971.3630432128906,1000000,0.005085787816224485
2020-09-23,966.2680480957031,966.2680480957031,966.2680480957031,966.2680480957031,966.2680480957031,1000000,-0.005245201732541949
2020-09-24,926.2266052246093,926.2266052246093,926.2266052246093,926.2266052246093,926.2266052246093,1000000,-0.04143927034533168
2020-09-25,953.5205017089844,953.5205017089844,953.5205017089844,953.5205017089844,953.5205017089844,1000000,0.02946783900442629
2020-09-28,959.07080078125,959.07080078125,959.07080078125,959.07080078125,959.07080078125,1000000,0.005820849223816316
2020-09-29,971.7648376464844,971.7648376464844,971.7648376464844,971.7648376464844,971.7648376464844,1000000,0.013235766175858865
2020-09-30,972.3940185546875,972.3940185546875,972.3940185546875,972.3940185546875,972.3940185546875,1000000,0.0006474621058805141
2020-10-01,983.9822814941406,983.9822814941406,983.9822814941406,983.9822814941406,983.9822814941406,1000000,0.01191725033096902
2020-10-05,1020.9790954589844,1020.9790954589844,1020.9790954589844,1020.9790954589844,1020.9790954589844,1000000,0.037599065207419624
2020-10-06,1027.7023376464845,1027.7023376464845,1027.7023376464845,1027.7023376464845,1027.7023376464845,1000000,0.006585092895048605
2020-10-07,1039.6202392578125,1039.6202392578125,1039.6202392578125,1039.6202392578125,1039.6202392578125,1000000,0.011596647370308633
2020-10-08,1061.7662048339844,1061.7662048339844,1061.7662048339844,1061.7662048339844,1061.7662048339844,1000000,0.0213019761831319
2020-10-09,1067.8765014648438,1067.8765014648438,1067.8765014648438,1067.8765014648438,1067.8765014648438,1000000,0.005754841888017115
2020-10-12,1074.0935424804688,1074.0935424804688,1074.0935424804688,1074.0935424804688,1074.0935424804688,1000000,0.005821872667014283
2020-10-13,1078.8958923339844,1078.8958923339844,1078.8958923339844,1078.8958923339844,1078.8958923339844,1000000,0.004471072270321175
2020-10-14,1078.3630249023438,1078.3630249023438,1078.3630249023438,1078.3630249023438,1078.3630249023438,1000000,-0.0004939006955414493
2020-10-15,1047.2099731445312,1047.2099731445312,1047.2099731445312,1047.2099731445312,1047.2099731445312,1000000,-0.028889206174918525
2020-10-16,1055.4422546386718,1055.4422546386718,1055.4422546386718,1055.4422546386718,1055.4422546386718,1000000,0.007861156506580036
2020-10-19,1050.6994873046874,1050.6994873046874,1050.6994873046874,1050.6994873046874,1050.6994873046874,1000000,-0.004493630336609988
2020-10-20,1057.014385986328,1057.014385986328,1057.014385986328,1057.014385986328,1057.014385986328,1000000,0.0060101853650276205
2020-10-21,1048.2499877929688,1048.2499877929688,1048.2499877929688,1048.2499877929688,1048.2499877929688,1000000,-0.00829165459766279
2020-10-22,1039.9503601074218,1039.9503601074218,1039.9503601074218,1039.9503601074218,1039.9503601074218,1000000,-0.007917603417312069
2020-10-23,1045.1660034179688,1045.1660034179688,1045.1660034179688,1045.1660034179688,1045.1660034179688,1000000,0.005015281027459961
2020-10-26,1031.360302734375,1031.360302734375,1031.360302734375,1031.360302734375,1031.360302734375,1000000,-0.013209098495784888
2020-10-27,1021.2073364257812,1021.2073364257812,1021.2073364257812,1021.2073364257812,1021.2073364257812,1000000,-0.00984424771990533
2020-10-28,1010.4073608398437,1010.4073608398437,1010.4073608398437,1010.4073608398437,1010.4073608398437,1000000,-0.010575693300184597
2020-10-29,1011.9758666992187,1011.9758666992187,1011.9758666992187,1011.9758666992187,1011.9758666992187,1000000,0.0015523499928498108
2020-10-30,1015.834375,1015.834375,1015.834375,1015.834375,1015.834375,1000000,0.003812846163383954
2020-11-02,999.1978942871094,999.1978942871094,999.1978942871094,999.1978942871094,999.1978942871094,1000000,-0.016377158641526224
2020-11-03,1008.2502868652343,1008.2502868652343,1008.2502868652343,1008.2502868652343,1008.2502868652343,1000000,0.009059659382672614
2020-11-04,1022.2803466796875,1022.2803466796875,1022.2803466796875,1022.2803466796875,1022.2803466796875,1000000,0.0139152549691548
2020-11-05,1034.8010131835938,1034.8010131835938,1034.8010131835938,1034.8010131835938,1034.8010131835938,1000000,0.012247781681974823
2020-11-06,1051.1825317382813,1051.1825317382813,1051.1825317382813,1051.1825317382813,1051.1825317382813,1000000,0.015830597714906913
2020-11-09,1067.4598205566406,1067.4598205566406,1067.4598205566406,1067.4598205566406,1067.4598205566406,1000000,0.015484740591572121
2020-11-10,1058.381689453125,1058.381689453125,1058.381689453125,1058.381689453125,1058.381689453125,1000000,-0.008504424174749392
2020-11-11,1062.7078125,1062.7078125,1062.7078125,1062.7078125,1062.7078125,1000000,0.004087488559170183
2020-11-12,1053.8309631347656,1053.8309631347656,1053.8309631347656,1053.8309631347656,1053.8309631347656,1000000,-0.008353047997597618
2020-11-13,1054.4742736816406,1054.4742736816406,1054.4742736816406,1054.4742736816406,1054.4742736816406,1000000,0.0006104494642682479
2020-11-14,1060.2149536132813,1060.2149536132813,1060.2149536132813,1060.2149536132813,1060.2149536132813,1000000,0.005444115683920225
2020-11-17,1060.4872009277344,1060.4872009277344,1060.4872009277344,1060.4872009277344,1060.4872009277344,1000000,0.00025678501659043285
2020-11-18,1053.0528259277344,1053.0528259277344,1053.0528259277344,1053.0528259277344,1053.0528259277344,1000000,-0.007010339203996296
2020-11-19,1044.3244750976562,1044.3244750976562,1044.3244750976562,1044.3244750976562,1044.3244750976562,1000000,-0.008288616311711183
2020-11-20,1045.8668212890625,1045.8668212890625,1045.8668212890625,1045.8668212890625,1045.8668212890625,1000000,0.001476884079789631
2020-11-23,1064.7045471191407,1064.7045471191407,1064.7045471191407,1064.7045471191407,1064.7045471191407,1000000,0.018011591386807746
2020-11-24,1071.5504150390625,1071.5504150390625,1071.5504150390625,1071.5504150390625,1071.5504150390625,1000000,0.0064298287618338446
2020-11-25,1057.9235900878907,1057.9235900878907,1057.9235900878907,1057.9235900878907,1057.9235900878907,1000000,-0.012716923776913469
2020-11-26,1064.0012756347655,1064.0012756347655,1064.0012756347655,1064.0012756347655,1064.0012756347655,1000000,0.0057449192019338735
2020-11-27,1053.5245727539063,1053.5245727539063,1053.5245727539063,1053.5245727539063,1053.5245727539063,1000000,-0.009846513458932615
2020-12-01,1072.0458740234376,1072.0458740234376,1072.0458740234376,1072.0458740234376,1072.0458740234376,1000000,0.017580322043288188
2020-12-02,1073.4488586425782,1073.4488586425782,1073.4488586425782,1073.4488586425782,1073.4488586425782,1000000,0.0013086983058618884
2020-12-03,1062.0474182128905,1062.0474182128905,1062.0474182128905,1062.0474182128905,1062.0474182128905,1000000,-0.010621316831157968
2020-12-04,1069.7227294921875,1069.7227294921875,1069.7227294921875,1069.7227294921875,1069.7227294921875,1000000,0.007226900746307718
2020-12-07,1074.419677734375,1074.419677734375,1074.419677734375,1074.419677734375,1074.419677734375,1000000,0.0043908090505071495
2020-12-08,1089.6259521484376,1089.6259521484376,1089.6259521484376,1089.6259521484376,1089.6259521484376,1000000,0.014153011834377338
2020-12-09,1102.2044677734375,1102.2044677734375,1102.2044677734375,1102.2044677734375,1102.2044677734375,1000000,0.011543884027540363
2020-12-10,1091.6622253417968,1091.6622253417968,1091.6622253417968,1091.6622253417968,1091.6622253417968,1000000,-0.009564688530919407
2020-12-11,1092.0086486816406,1092.0086486816406,1092.0086486816406,1092.0086486816406,1092.0086486816406,1000000,0.0003173356481538381
2020-12-14,1094.383319091797,1094.383319091797,1094.383319091797,1094.383319091797,1094.383319091797,1000000,0.002174589379876357
2020-12-15,1085.1649536132813,1085.1649536132813,1085.1649536132813,1085.1649536132813,1085.1649536132813,1000000,-0.008423342459354832
2020-12-16,1097.1162719726562,1097.1162719726562,1097.1162719726562,1097.1162719726562,1097.1162719726562,1000000,0.011013365589793933
2020-12-17,1103.46953125,1103.46953125,1103.46953125,1103.46953125,1103.46953125,1000000,0.005790871432360012
2020-12-18,1111.6960083007812,1111.6960083007812,1111.6960083007812,1111.6960083007812,1111.6960083007812,1000000,0.007455101221927052
2020-12-21,1089.8014587402345,1089.8014587402345,1089.8014587402345,1089.8014587402345,1089.8014587402345,1000000,-0.01969472715298526
2020-12-22,1107.2029846191406,1107.2029846191406,1107.2029846191406,1107.2029846191406,1107.2029846191406,1000000,0.015967611108744117
2020-12-23,1120.6100463867188,1120.6100463867188,1120.6100463867188,1120.6100463867188,1120.6100463867188,1000000,0.01210894655616368
2020-12-24,1126.2480346679688,1126.2480346679688,1126.2480346679688,1126.2480346679688,1126.2480346679688,1000000,0.005031177704884149
2020-12-28,1134.0123718261718,1134.0123718261718,1134.0123718261718,1134.0123718261718,1134.0123718261718,1000000,0.006893985089609478
2020-12-29,1137.7499938964843,1137.7499938964843,1137.7499938964843,1137.7499938964843,1137.7499938964843,1000000,0.0032959270667334284
2020-12-30,1134.4525573730468,1134.4525573730468,1134.4525573730468,1134.4525573730468,1134.4525573730468,1000000,-0.0028982083420142635
2020-12-31,1128.59619140625,1128.59619140625,1128.59619140625,1128.59619140625,1128.59619140625,1000000,-0.005162283718904814
2021-01-01,1138.4277648925781,1138.4277648925781,1138.4277648925781,1138.4277648925781,1138.4277648925781,1000000,0.008711329668832146
2021-01-04,1162.7426635742188,1162.7426635742188,1162.7426635742188,1162.7426635742188,1162.7426635742188,1000000,0.02135831488960127
2021-01-05,1172.8068603515626,1172.8068603515626,1172.8068603515626,1172.8068603515626,1172.8068603515626,1000000,0.00865556678414725
2021-01-06,1160.180029296875,1160.180029296875,1160.180029296875,1160.180029296875,1160.180029296875,1000000,-0.010766334578655612
2021-01-07,1151.740673828125,1151.740673828125,1151.740673828125,1151.740673828125,1151.740673828125,1000000,-0.007274177503180046
2021-01-08,1179.2559448242187,1179.2559448242187,1179.2559448242187,1179.2559448242187,1179.2559448242187,1000000,0.02389016175372105
2021-01-11,1198.9873413085938,1198.9873413085938,1198.9873413085938,1198.9873413085938,1198.9873413085938,1000000,0.016732072940549347
2021-01-12,1206.7332763671875,1206.7332763671875,1206.7332763671875,1206.7332763671875,1206.7332763671875,1000000,0.006460397697059639
2021-01-13,1205.6670166015624,1205.6670166015624,1205.6670166015624,1205.6670166015624,1205.6670166015624,1000000,-0.000883591914225712
2021-01-14,1220.92548828125,1220.92548828125,1220.92548828125,1220.92548828125,1220.92548828125,1000000,0.012655626694256572
2021-01-15,1209.23486328125,1209.23486328125,1209.23486328125,1209.23486328125,1209.23486328125,1000000,-0.009575215778693691
2021-01-18,1205.3777709960937,1205.3777709960937,1205.3777709960937,1205.3777709960937,1205.3777709960937,1000000,-0.0031896965612537853
2021-01-19,1220.36220703125,1220.36220703125,1220.36220703125,1220.36220703125,1220.36220703125,1000000,0.012431319371995375
2021-01-20,1235.8683227539063,1235.8683227539063,1235.8683227539063,1235.8683227539063,1235.8683227539063,1000000,0.012706158575967352
2021-01-21,1232.61025390625,1232.61025390625,1232.61025390625,1232.61025390625,1232.61025390625,1000000,-0.0026362588858952485
2021-01-22,1226.8190551757812,1226.8190551757812,1226.8190551757812,1226.8190551757812,1226.8190551757812,1000000,-0.004698321072793221
2021-01-25,1214.875146484375,1214.875146484375,1214.875146484375,1214.875146484375,1214.875146484375,1000000,-0.009735672625084013
2021-01-27,1193.3236389160156,1193.3236389160156,1193.3236389160156,1193.3236389160156,1193.3236389160156,1000000,-0.01773968924356173
2021-01-28,1173.7825317382812,1173.7825317382812,1173.7825317382812,1173.7825317382812,1173.7825317382812,1000000,-0.016375362508937674
2021-01-29,1152.9454833984375,1152.9454833984375,1152.9454833984375,1152.9454833984375,1152.9454833984375,1000000,-0.017752051829384108
2021-02-01,1187.34189453125,1187.34189453125,1187.34189453125,1187.34189453125,1187.34189453125,1000000,0.02983351045482663
2021-02-02,1213.4269165039063,1213.4269165039063,1213.4269165039063,1213.4269165039063,1213.4269165039063,1000000,0.021969259311745537
2021-02-03,1217.87939453125,1217.87939453125,1217.87939453125,1217.87939453125,1217.87939453125,1000000,0.0036693417352007263
2021-02-04,1215.9322021484375,1215.9322021484375,1215.9322021484375,1215.9322021484375,1215.9322021484375,1000000,-0.0015988384330634098
2021-02-05,1208.3289916992187,1208.3289916992187,1208.3289916992187,1208.3289916992187,1208.3289916992187,1000000,-0.00625298880627112
2021-02-08,1229.6908813476562,1229.6908813476562,1229.6908813476562,1229.6908813476562,1229.6908813476562,1000000,0.017678868747821097
2021-02-09,1225.3470825195313,1225.3470825195313,1225.3470825195313,1225.3470825195313,1225.3470825195313,1000000,-0.0035324315191833655
2021-02-10,1228.7033203125,1228.7033203125,1228.7033203125,1228.7033203125,1228.7033203125,1000000,0.0027390099024575676
2021-02-11,1232.9554077148437,1232.9554077148437,1232.9554077148437,1232.9554077148437,1232.9554077148437,1000000,0.0034606298624326737
2021-02-12,1236.1748291015624,1236.1748291015624,1236.1748291015624,1236.1748291015624,1236.1748291015624,1000000,0.0026111417871028664
2021-02-15,1234.8243041992187,1234.8243041992187,1234.8243041992187,1234.8243041992187,1234.8243041992187,1000000,-0.0010925031561476173
2021-02-16,1226.467724609375,1226.467724609375,1226.467724609375,1226.467724609375,1226.467724609375,1000000,-0.0067674239658434
2021-02-17,1216.91630859375,1216.91630859375,1216.91630859375,1216.91630859375,1216.91630859375,1000000,-0.007787743471738717
2021-02-18,1209.2453247070312,1209.2453247070312,1209.2453247070312,1209.2453247070312,1209.2453247070312,1000000,-0.006303624852873724
2021-02-19,1207.2984252929687,1207.2984252929687,1207.2984252929687,1207.2984252929687,1207.2984252929687,1000000,-0.001610011942394074
2021-02-22,1174.6948120117188,1174.6948120117188,1174.6948120117188,1174.6948120117188,1174.6948120117188,1000000,-0.02700543013906287
2021-02-23,1179.5427612304688,1179.5427612304688,1179.5427612304688,1179.5427612304688,1179.5427612304688,1000000,0.004126986149234568
2021-02-24,1190.73408203125,1190.73408203125,1190.73408203125,1190.73408203125,1190.73408203125,1000000,0.009487846620419793
2021-02-25,1203.949853515625,1203.949853515625,1203.949853515625,1203.949853515625,1203.949853515625,1000000,0.01109884371650005
2021-02-26,1164.9224731445313,1164.9224731445313,1164.9224731445313,1164.9224731445313,1164.9224731445313,1000000,-0.032416117878274364
2021-03-01,1178.238427734375,1178.238427734375,1178.238427734375,1178.238427734375,1178.238427734375,1000000,0.011430764618952871
2021-03-02,1200.6216796875,1200.6216796875,1200.6216796875,1200.6216796875,1200.6216796875,1000000,0.018997217733057514
2021-03-03,1231.092431640625,1231.092431640625,1231.092431640625,1231.092431640625,1231.092431640625,1000000,0.025379145211717136
2021-03-04,1219.3795288085937,1219.3795288085937,1219.3795288085937,1219.3795288085937,1219.3795288085937,1000000,-0.009514235106150348
2021-03-05,1205.81923828125,1205.81923828125,1205.81923828125,1205.81923828125,1205.81923828125,1000000,-0.011120648007427958
2021-03-08,1208.7814697265626,1208.7814697265626,1208.7814697265626,1208.7814697265626,1208.7814697265626,1000000,0.002456613189830259
2021-03-09,1225.402978515625,1225.402978515625,1225.402978515625,1225.402978515625,1225.402978515625,1000000,0.013750631694265047
2021-03-10,1231.4132568359375,1231.4132568359375,1231.4132568359375,1231.4132568359375,1231.4132568359375,1000000,0.0049047361771497044
2021-03-12,1223.4890869140625,1223.4890869140625,1223.4890869140625,1223.4890869140625,1223.4890869140625,1000000,-0.006435020800600988
2021-03-15,1218.12578125,1218.12578125,1218.12578125,1218.12578125,1218.12578125,1000000,-0.00438361544980348
2021-03-16,1223.5926147460937,1223.5926147460937,1223.5926147460937,1223.5926147460937,1223.5926147460937,1000000,0.004487905584334317
2021-03-17,1217.9084106445312,1217.9084106445312,1217.9084106445312,1217.9084106445312,1217.9084106445312,1000000,-0.004645503767397252
2021-03-18,1189.3587890625,1189.3587890625,1189.3587890625,1189.3587890625,1189.3587890625,1000000,-0.023441517713899684
2021-03-19,1201.7453247070312,1201.7453247070312,1201.7453247070312,1201.7453247070312,1201.7453247070312,1000000,0.010414465137382756
2021-03-22,1213.1038818359375,1213.1038818359375,1213.1038818359375,1213.1038818359375,1213.1038818359375,1000000,0.00945171734425121
2021-03-23,1223.1387329101562,1223.1387329101562,1223.1387329101562,1223.1387329101562,1223.1387329101562,1000000,0.008272045967763209
2021-03-24,1207.0676147460938,1207.0676147460938,1207.0676147460938,1207.0676147460938,1207.0676147460938,1000000,-0.013139243923561472
2021-03-25,1188.1744384765625,1188.1744384765625,1188.1744384765625,1188.1744384765625,1188.1744384765625,1000000,-0.015652127551699313
2021-03-26,1193.1734497070313,1193.1734497070313,1193.1734497070313,1193.1734497070313,1193.1734497070313,1000000,0.004207304136990553
2021-03-30,1228.987890625,1228.987890625,1228.987890625,1228.987890625,1228.987890625,1000000,0.03001612290883826
2021-03-31,1219.5939331054688,1219.5939331054688,1219.5939331054688,1219.5939331054688,1219.5939331054688,1000000,-0.00764365344133211
2021-04-01,1223.7492919921874,1223.7492919921874,1223.7492919921874,1223.7492919921874,1223.7492919921874,1000000,0.0034071659213144034
2021-04-05,1230.2449951171875,1230.2449951171875,1230.2449951171875,1230.2449951171875,1230.2449951171875,1000000,0.005308034225233849
2021-04-06,1232.2632934570313,1232.2632934570313,1232.2632934570313,1232.2632934570313,1232.2632934570313,1000000,0.0016405661862917142
2021-04-07,1241.3207153320313,1241.3207153320313,1241.3207153320313,1241.3207153320313,1241.3207153320313,1000000,0.007350232635421561
2021-04-08,1249.6545654296874,1249.6545654296874,1249.6545654296874,1249.6545654296874,1249.6545654296874,1000000,0.006713696142118142
2021-04-09,1245.5473510742188,1245.5473510742188,1245.5473510742188,1245.5473510742188,1245.5473510742188,1000000,-0.0032866797506208023
2021-04-12,1212.9340454101562,1212.9340454101562,1212.9340454101562,1212.9340454101562,1212.9340454101562,1000000,-0.026183914755176008
2021-04-13,1192.5190063476562,1192.5190063476562,1192.5190063476562,1192.5190063476562,1192.5190063476562,1000000,-0.016831120488168483
2021-04-15,1212.9014404296875,1212.9014404296875,1212.9014404296875,1212.9014404296875,1212.9014404296875,1000000,0.017091915494459764
2021-04-16,1204.7343383789062,1204.7343383789062,1204.7343383789062,1204.7343383789062,1204.7343383789062,1000000,-0.006733524900331522
2021-04-19,1194.8150024414062,1194.8150024414062,1194.8150024414062,1194.8150024414062,1194.8150024414062,1000000,-0.00823362929195448
2021-04-20,1187.7603149414062,1187.7603149414062,1187.7603149414062,1187.7603149414062,1187.7603149414062,1000000,-0.005904418245155085
2021-04-22,1190.5103393554687,1190.5103393554687,1190.5103393554687,1190.5103393554687,1190.5103393554687,1000000,0.002315302489457327
2021-04-23,1183.163623046875,1183.163623046875,1183.163623046875,1183.163623046875,1183.163623046875,1000000,-0.006171064681866678
2021-04-26,1189.57861328125,1189.57861328125,1189.57861328125,1189.57861328125,1189.57861328125,1000000,0.005421896100773482
2021-04-27,1205.067822265625,1205.067822265625,1205.067822265625,1205.067822265625,1205.067822265625,1000000,0.013020752736677688
2021-04-28,1213.6925415039063,1213.6925415039063,1213.6925415039063,1213.6925415039063,1213.6925415039063,1000000,0.00715704052413102
2021-04-29,1214.2510131835938,1214.2510131835938,1214.2510131835938,1214.2510131835938,1214.2510131835938,1000000,0.00046014263134175337
2021-04-30,1187.76943359375,1187.76943359375,1187.76943359375,1187.76943359375,1187.76943359375,1000000,-0.021808982905777485
2021-05-03,1183.8822998046876,1183.8822998046876,1183.8822998046876,1183.8822998046876,1183.8822998046876,1000000,-0.0032726332898643795
2021-05-04,1174.92080078125,1174.92080078125,1174.92080078125,1174.92080078125,1174.92080078125,1000000,-0.007569586119258731
2021-05-05,1188.796630859375,1188.796630859375,1188.796630859375,1188.796630859375,1188.796630859375,1000000,0.011810013125053587
2021-05-06,1196.8625732421874,1196.8625732421874,1196.8625732421874,1196.8625732421874,1196.8625732421874,1000000,0.006784964032898966
2021-05-07,1200.16923828125,1200.16923828125,1200.16923828125,1200.16923828125,1200.16923828125,1000000,0.0027627775427092605
2021-05-10,1201.278369140625,1201.278369140625,1201.278369140625,1201.278369140625,1201.278369140625,1000000,0.0009241453821657863
2021-05-11,1194.2233276367188,1194.2233276367188,1194.2233276367188,1194.2233276367188,1194.2233276367188,1000000,-0.005872944760466625
2021-05-12,1182.4193481445313,1182.4193481445313,1182.4193481445313,1182.4193481445313,1182.4193481445313,1000000,-0.009884231214564054
2021-05-14,1175.825,1175.825,1175.825,1175.825,1175.825,1000000,-0.005576996143440316
2021-05-17,1193.3748657226563,1193.3748657226563,1193.3748657226563,1193.3748657226563,1193.3748657226563,1000000,0.014925576274238406
2021-05-18,1206.2507446289062,1206.2507446289062,1206.2507446289062,1206.2507446289062,1206.2507446289062,1000000,0.01078946714572604
2021-05-19,1202.152685546875,1202.152685546875,1202.152685546875,1202.152685546875,1202.152685546875,1000000,-0.0033973525821878736
2021-05-20,1193.9895874023437,1193.9895874023437,1193.9895874023437,1193.9895874023437,1193.9895874023437,1000000,-0.006790400456342938
2021-05-21,1212.3366088867188,1212.3366088867188,1212.3366088867188,1212.3366088867188,1212.3366088867188,1000000,0.01536614864815622
2021-05-24,1211.9994262695313,1211.9994262695313,1211.9994262695313,1211.9994262695313,1211.9994262695313,1000000,-0.00027812623549905435
2021-05-25,1218.265380859375,1218.265380859375,1218.265380859375,1218.265380859375,1218.265380859375,1000000,0.005169931976890307
2021-05-26,1233.0373413085938,1233.0373413085938,1233.0373413085938,1233.0373413085938,1233.0373413085938,1000000,0.012125404432651976
2021-05-27,1238.6665161132812,1238.6665161132812,1238.6665161132812,1238.6665161132812,1238.6665161132812,1000000,0.00456529142800588
2021-05-28,1243.6772338867188,1243.6772338867188,1243.6772338867188,1243.6772338867188,1243.6772338867188,1000000,0.004045251654303472
2021-05-31,1257.9111450195312,1257.9111450195312,1257.9111450195312,1257.9111450195312,1257.9111450195312,1000000,0.011445020255238525
2021-06-01,1253.6407836914063,1253.6407836914063,1253.6407836914063,1253.6407836914063,1253.6407836914063,1000000,-0.0033948036354018996
2021-06-02,1249.910546875,1249.910546875,1249.910546875,1249.910546875,1249.910546875,1000000,-0.002975522865028779
2021-06-03,1256.551513671875,1256.551513671875,1256.551513671875,1256.551513671875,1256.551513671875,1000000,0.0053131536600588
2021-06-04,1251.2752075195312,1251.2752075195312,1251.2752075195312,1251.2752075195312,1251.2752075195312,1000000,-0.0041990368838324965
2021-06-07,1263.1408081054688,1263.1408081054688,1263.1408081054688,1263.1408081054688,1263.1408081054688,1000000,0.009482806431895474
2021-06-08,1266.3114624023438,1266.3114624023438,1266.3114624023438,1266.3114624023438,1266.3114624023438,1000000,0.0025101352727496806
2021-06-09,1261.6886474609375,1261.6886474609375,1261.6886474609375,1261.6886474609375,1261.6886474609375,1000000,-0.003650614464656421
2021-06-10,1267.7652221679687,1267.7652221679687,1267.7652221679687,1267.7652221679687,1267.7652221679687,1000000,0.00481622365332357
2021-06-11,1284.6404907226563,1284.6404907226563,1284.6404907226563,1284.6404907226563,1284.6404907226563,1000000,0.013311036033808898
2021-06-14,1289.8072387695313,1289.8072387695313,1289.8072387695313,1289.8072387695313,1289.8072387695313,1000000,0.004021940834177284
2021-06-15,1292.975927734375,1292.975927734375,1292.975927734375,1292.975927734375,1292.975927734375,1000000,0.00245671513509782
2021-06-16,1291.1543579101562,1291.1543579101562,1291.1543579101562,1291.1543579101562,1291.1543579101562,1000000,-0.0014088195960544336
2021-06-17,1298.5497802734376,1298.5497802734376,1298.5497802734376,1298.5497802734376,1298.5497802734376,1000000,0.005727760060579845
2021-06-18,1298.058203125,1298.058203125,1298.058203125,1298.058203125,1298.058203125,1000000,-0.0003785585704184635
2021-06-21,1295.361669921875,1295.361669921875,1295.361669921875,1295.361669921875,1295.361669921875,1000000,-0.00207735924062058
2021-06-22,1300.6961181640625,1300.6961181640625,1300.6961181640625,1300.6961181640625,1300.6961181640625,1000000,0.004118114937358808
2021-06-23,1289.3638916015625,1289.3638916015625,1289.3638916015625,1289.3638916015625,1289.3638916015625,1000000,-0.008712432061760422
2021-06-24,1317.7305786132813,1317.7305786132813,1317.7305786132813,1317.7305786132813,1317.7305786132813,1000000,0.02200052847492384
2021-06-25,1320.8718383789062,1320.8718383789062,1320.8718383789062,1320.8718383789062,1320.8718383789062,1000000,0.0023838406853475824
2021-06-28,1310.7267456054688,1310.7267456054688,1310.7267456054688,1310.7267456054688,1310.7267456054688,1000000,-0.007680603430752497
2021-06-29,1308.1258544921875,1308.1258544921875,1308.1258544921875,1308.1258544921875,1308.1258544921875,1000000,-0.0019843122313643047
2021-06-30,1311.97373046875,1311.97373046875,1311.97373046875,1311.97373046875,1311.97373046875,1000000,0.002941518175295421
2021-07-01,1305.4758911132812,1305.4758911132812,1305.4758911132812,1305.4758911132812,1305.4758911132812,1000000,-0.0049527206258521694
2021-07-02,1308.008544921875,1308.008544921875,1308.008544921875,1308.008544921875,1308.008544921875,1000000,0.0019400234242810122
2021-07-05,1313.9692749023438,1313.9692749023438,1313.9692749023438,1313.9692749023438,1313.9692749023438,1000000,0.004557103241878968
2021-07-06,1302.665673828125,1302.665673828125,1302.665673828125,1302.665673828125,1302.665673828125,1000000,-0.008602637283934178
2021-07-07,1305.1174438476562,1305.1174438476562,1305.1174438476562,1305.1174438476562,1305.1174438476562,1000000,0.0018821176214203206
2021-07-08,1295.87548828125,1295.87548828125,1295.87548828125,1295.87548828125,1295.87548828125,1000000,-0.0070813210029280205
2021-07-09,1283.1603637695312,1283.1603637695312,1283.1603637695312,1283.1603637695312,1283.1603637695312,1000000,-0.009811995540237595
2021-07-12,1279.1696044921875,1279.1696044921875,1279.1696044921875,1279.1696044921875,1279.1696044921875,1000000,-0.0031101017378840634
2021-07-13,1284.1169921875,1284.1169921875,1284.1169921875,1284.1169921875,1284.1169921875,1000000,0.0038676557650667576
2021-07-14,1292.7793090820312,1292.7793090820312,1292.7793090820312,1292.7793090820312,1292.7793090820312,1000000,0.006745738080900843
2021-07-15,1294.9407348632812,1294.9407348632812,1294.9407348632812,1294.9407348632812,1294.9407348632812,1000000,0.0016719217008391851
2021-07-16,1290.59453125,1290.59453125,1290.59453125,1290.59453125,1290.59453125,1000000,-0.00335629538578075
2021-07-19,1279.542724609375,1279.542724609375,1279.542724609375,1279.542724609375,1279.542724609375,1000000,-0.008563345321106253
2021-07-20,1278.9199096679688,1278.9199096679688,1278.9199096679688,1278.9199096679688,1278.9199096679688,1000000,-0.0004867480619659137
2021-07-22,1293.4306640625,1293.4306640625,1293.4306640625,1293.4306640625,1293.4306640625,1000000,0.011346100944114923
2021-07-23,1294.9513671875,1294.9513671875,1294.9513671875,1294.9513671875,1294.9513671875,1000000,0.0011757129061897853
2021-07-26,1291.2600952148437,1291.2600952148437,1291.2600952148437,1291.2600952148437,1291.2600952148437,1000000,-0.0028505101165871016
2021-07-27,1287.1172973632813,1287.1172973632813,1287.1172973632813,1287.1172973632813,1287.1172973632813,1000000,-0.00320833724120706
2021-07-28,1288.0131225585938,1288.0131225585938,1288.0131225585938,1288.0131225585938,1288.0131225585938,1000000,0.0006959934398733658
2021-07-29,1292.0421508789063,1292.0421508789063,1292.0421508789063,1292.0421508789063,1292.0421508789063,1000000,0.0031280957078365645
2021-07-30,1284.1286499023438,1284.1286499023438,1284.1286499023438,1284.1286499023438,1284.1286499023438,1000000,-0.006124800937167163
2021-08-02,1299.6712890625,1299.6712890625,1299.6712890625,1299.6712890625,1299.6712890625,1000000,0.012103646438647697
2021-08-03,1319.488427734375,1319.488427734375,1319.488427734375,1319.488427734375,1319.488427734375,1000000,0.01524780830248984
2021-08-04,1325.5566772460938,1325.5566772460938,1325.5566772460938,1325.5566772460938,1325.5566772460938,1000000,0.004598941062437634
2021-08-05,1330.2780639648438,1330.2780639648438,1330.2780639648438,1330.2780639648438,1330.2780639648438,1000000,0.0035618142926630014
2021-08-06,1329.9146240234375,1329.9146240234375,1329.9146240234375,1329.9146240234375,1329.9146240234375,1000000,-0.00027320599448443783
2021-08-09,1335.4337036132813,1335.4337036132813,1335.4337036132813,1335.4337036132813,1335.4337036132813,1000000,0.004149950297671623
2021-08-10,1340.7803344726562,1340.7803344726562,1340.7803344726562,1340.7803344726562,1340.7803344726562,1000000,0.004003666258316274
2021-08-11,1342.6671142578125,1342.6671142578125,1342.6671142578125,1342.6671142578125,1342.6671142578125,1000000,0.0014072251334880104
2021-08-12,1347.5858764648438,1347.5858764648438,1347.5858764648438,1347.5858764648438,1347.5858764648438,1000000,0.0036634264404027395
2021-08-13,1377.2011474609376,1377.2011474609376,1377.2011474609376,1377.2011474609376,1377.2011474609376,1000000,0.021976537090002912
2021-08-16,1380.0281616210937,1380.0281616210937,1380.0281616210937,1380.0281616210937,1380.0281616210937,1000000,0.0020527242264996026
2021-08-17,1397.8979736328124,1397.8979736328124,1397.8979736328124,1397.8979736328124,1397.8979736328124,1000000,0.012948874891601792
2021-08-18,1395.8837036132813,1395.8837036132813,1395.8837036132813,1395.8837036132813,1395.8837036132813,1000000,-0.001440927776936718
2021-08-20,1392.0921264648437,1392.0921264648437,1392.0921264648437,1392.0921264648437,1392.0921264648437,1000000,-0.0027162557587162572
2021-08-23,1409.2979858398437,1409.2979858398437,1409.2979858398437,1409.2979858398437,1409.2979858398437,1000000,0.012359713159712848
2021-08-24,1409.371044921875,1409.371044921875,1409.371044921875,1409.371044921875,1409.371044921875,1000000,5.184076239750368e-05
2021-08-25,1420.8493286132812,1420.8493286132812,1420.8493286132812,1420.8493286132812,1420.8493286132812,1000000,0.00814425962046239
2021-08-26,1425.5096557617187,1425.5096557617187,1425.5096557617187,1425.5096557617187,1425.5096557617187,1000000,0.0032799587222847038
2021-08-27,1429.9688720703125,1429.9688720703125,1429.9688720703125,1429.9688720703125,1429.9688720703125,1000000,0.0031281558076932114
2021-08-30,1433.2342407226563,1433.2342407226563,1433.2342407226563,1433.2342407226563,1433.2342407226563,1000000,0.0022835242893197716
2021-08-31,1450.7547607421875,1450.7547607421875,1450.7547607421875,1450.7547607421875,1450.7547607421875,1000000,0.012224463748994108
2021-09-01,1434.0252563476563,1434.0252563476563,1434.0252563476563,1434.0252563476563,1434.0252563476563,1000000,-0.0115315867624467
2021-09-02,1461.6977905273438,1461.6977905273438,1461.6977905273438,1461.6977905273438,1461.6977905273438,1000000,0.019297103769404522
2021-09-03,1471.7827514648438,1471.7827514648438,1471.7827514648438,1471.7827514648438,1471.7827514648438,1000000,0.006899484286599034
2021-09-06,1480.484130859375,1480.484130859375,1480.484130859375,1480.484130859375,1480.484130859375,1000000,0.005912135731901191
2021-09-07,1470.9342895507812,1470.9342895507812,1470.9342895507812,1470.9342895507812,1470.9342895507812,1000000,-0.0064504854253658594
2021-09-08,1461.8964111328125,1461.8964111328125,1461.8964111328125,1461.8964111328125,1461.8964111328125,1000000,-0.006144311463925911
2021-09-09,1463.2358032226562,1463.2358032226562,1463.2358032226562,1463.2358032226562,1463.2358032226562,1000000,0.0009162017771189301
2021-09-13,1464.1026123046875,1464.1026123046875,1464.1026123046875,1464.1026123046875,1464.1026123046875,1000000,0.0005923919303520986
2021-09-14,1469.25849609375,1469.25849609375,1469.25849609375,1469.25849609375,1469.25849609375,1000000,0.003521531718973181
2021-09-15,1487.7253051757812,1487.7253051757812,1487.7253051757812,1487.7253051757812,1487.7253051757812,1000000,0.012568795165131208
2021-09-16,1485.4135131835938,1485.4135131835938,1485.4135131835938,1485.4135131835938,1485.4135131835938,1000000,-0.0015539105130125686
2021-09-17,1467.624853515625,1467.624853515625,1467.624853515625,1467.624853515625,1467.624853515625,1000000,-0.011975560684003295
2021-09-20,1462.5520751953125,1462.5520751953125,1462.5520751953125,1462.5520751953125,1462.5520751953125,1000000,-0.0034564543576385276
2021-09-21,1475.33134765625,1475.33134765625,1475.33134765625,1475.33134765625,1475.33134765625,1000000,0.00873765295449802
2021-09-22,1473.9016723632812,1473.9016723632812,1473.9016723632812,1473.9016723632812,1473.9016723632812,1000000,-0.0009690536944395589
2021-09-23,1491.03583984375,1491.03583984375,1491.03583984375,1491.03583984375,1491.03583984375,1000000,0.011625041074141196
2021-09-24,1498.5588745117188,1498.5588745117188,1498.5588745117188,1498.5588745117188,1498.5588745117188,1000000,0.005045508945483945
2021-09-27,1492.4735473632813,1492.4735473632813,1492.4735473632813,1492.4735473632813,1492.4735473632813,1000000,-0.0040607861672570245
2021-09-28,1475.149365234375,1475.149365234375,1475.149365234375,1475.149365234375,1475.149365234375,1000000,-0.011607697945141271
2021-09-29,1472.9759033203125,1472.9759033203125,1472.9759033203125,1472.9759033203125,1472.9759033203125,1000000,-0.0014733842994381074
2021-09-30,1464.7955322265625,1464.7955322265625,1464.7955322265625,1464.7955322265625,1464.7955322265625,1000000,-0.005553635382160804
2021-10-01,1452.7302124023438,1452.7302124023438,1452.7302124023438,1452.7302124023438,1452.7302124023438,1000000,-0.008236862796733746
2021-10-04,1467.3762451171874,1467.3762451171874,1467.3762451171874,1467.3762451171874,1467.3762451171874,1000000,0.010081729277608753
2021-10-05,1485.4170166015624,1485.4170166015624,1485.4170166015624,1485.4170166015624,1485.4170166015624,1000000,0.01229457785241328
2021-10-06,1474.0260864257812,1474.0260864257812,1474.0260864257812,1474.0260864257812,1474.0260864257812,1000000,-0.007668506586683832
2021-10-07,1494.5793701171874,1494.5793701171874,1494.5793701171874,1494.5793701171874,1494.5793701171874,1000000,0.01394363633091733
2021-10-08,1516.2223876953126,1516.2223876953126,1516.2223876953126,1516.2223876953126,1516.2223876953126,1000000,0.01448100917947781
2021-10-11,1469.9603149414063,1469.9603149414063,1469.9603149414063,1469.9603149414063,1469.9603149414063,1000000,-0.030511403293698613
2021-10-12,1463.296240234375,1463.296240234375,1463.296240234375,1463.296240234375,1463.296240234375,1000000,-0.004533506543880295
2021-10-13,1471.5345336914063,1471.5345336914063,1471.5345336914063,1471.5345336914063,1471.5345336914063,1000000,0.0056299560065238285
2021-10-14,1474.5946899414062,1474.5946899414062,1474.5946899414062,1474.5946899414062,1474.5946899414062,1000000,0.0020795680834777563
2021-10-18,1496.7247680664063,1496.7247680664063,1496.7247680664063,1496.7247680664063,1496.7247680664063,1000000,0.015007566673035821
2021-10-19,1503.9818115234375,1503.9818115234375,1503.9818115234375,1503.9818115234375,1503.9818115234375,1000000,0.0048486158656988465
2021-10-20,1491.5556030273438,1491.5556030273438,1491.5556030273438,1491.5556030273438,1491.5556030273438,1000000,-0.00826220663101429
2021-10-21,1464.7539428710938,1464.7539428710938,1464.7539428710938,1464.7539428710938,1464.7539428710938,1000000,-0.01796893129686339
2021-10-22,1454.565283203125,1454.565283203125,1454.565283203125,1454.565283203125,1454.565283203125,1000000,-0.006955884787036459
2021-10-25,1462.8432250976562,1462.8432250976562,1462.8432250976562,1462.8432250976562,1462.8432250976562,1000000,0.005691007471525733
2021-10-26,1465.57431640625,1465.57431640625,1465.57431640625,1465.57431640625,1465.57431640625,1000000,0.0018669747118058577
2021-10-27,1468.3703002929688,1468.3703002929688,1468.3703002929688,1468.3703002929688,1468.3703002929688,1000000,0.0019077735297481357
2021-10-28,1437.7932861328125,1437.7932861328125,1437.7932861328125,1437.7932861328125,1437.7932861328125,1000000,-0.02082377596036611
2021-10-29,1421.25322265625,1421.25322265625,1421.25322265625,1421.25322265625,1421.25322265625,1000000,-0.01150378405302599
2021-11-01,1443.2958374023438,1443.2958374023438,1443.2958374023438,1443.2958374023438,1443.2958374023438,1000000,0.015509280397547398
2021-11-02,1440.4949584960937,1440.4949584960937,1440.4949584960937,1440.4949584960937,1440.4949584960937,1000000,-0.0019406131672153881
2021-11-03,1435.8766723632812,1435.8766723632812,1435.8766723632812,1435.8766723632812,1435.8766723632812,1000000,-0.0032060411635415065
2021-11-04,1441.6409057617188,1441.6409057617188,1441.6409057617188,1441.6409057617188,1441.6409057617188,1000000,0.004014434881061568
2021-11-08,1446.1616088867188,1446.1616088867188,1446.1616088867188,1446.1616088867188,1446.1616088867188,1000000,0.003135803865534248
2021-11-09,1447.9669921875,1447.9669921875,1447.9669921875,1447.9669921875,1447.9669921875,1000000,0.0012483966450824724
2021-11-10,1443.6759643554688,1443.6759643554688,1443.6759643554688,1443.6759643554688,1443.6759643554688,1000000,-0.0029634845650373665
2021-11-11,1441.0921508789063,1441.0921508789063,1441.0921508789063,1441.0921508789063,1441.0921508789063,1000000,-0.0017897461344215104
2021-11-12,1460.8900146484375,1460.8900146484375,1460.8900146484375,1460.8900146484375,1460.8900146484375,1000000,0.013738097010282502
2021-11-15,1465.2526489257812,1465.2526489257812,1465.2526489257812,1465.2526489257812,1465.2526489257812,1000000,0.002986285232700059
2021-11-16,1458.6140869140625,1458.6140869140625,1458.6140869140625,1458.6140869140625,1458.6140869140625,1000000,-0.004530660303931677
2021-11-17,1444.6978637695313,1444.6978637695313,1444.6978637695313,1444.6978637695313,1444.6978637695313,1000000,-0.009540716265789784
2021-11-18,1437.1544189453125,1437.1544189453125,1437.1544189453125,1437.1544189453125,1437.1544189453125,1000000,-0.005221468802159346
2021-11-22,1416.3230590820312,1416.3230590820312,1416.3230590820312,1416.3230590820312,1416.3230590820312,1000000,-0.014494865401150747
2021-11-23,1415.3841796875,1415.3841796875,1415.3841796875,1415.3841796875,1415.3841796875,1000000,-0.0006628991800358142
2021-11-24,1403.263037109375,1403.263037109375,1403.263037109375,1403.263037109375,1403.263037109375,1000000,-0.008563853370751273
2021-11-25,1420.1439208984375,1420.1439208984375,1420.1439208984375,1420.1439208984375,1420.1439208984375,1000000,0.012029735938770214
2021-11-26,1398.6573120117187,1398.6573120117187,1398.6573120117187,1398.6573120117187,1398.6573120117187,1000000,-0.015129881253954536
2021-11-29,1412.0787475585937,1412.0787475585937,1412.0787475585937,1412.0787475585937,1412.0787475585937,1000000,0.009595942788566791
2021-11-30,1414.9189208984376,1414.9189208984376,1414.9189208984376,1414.9189208984376,1414.9189208984376,1000000,0.002011342033689356
2021-12-01,1433.0380859375,1433.0380859375,1433.0380859375,1433.0380859375,1433.0380859375,1000000,0.012805797400431418
2021-12-02,1452.6752563476562,1452.6752563476562,1452.6752563476562,1452.6752563476562,1452.6752563476562,1000000,0.013703174118578687
2021-12-03,1440.9320068359375,1440.9320068359375,1440.9320068359375,1440.9320068359375,1440.9320068359375,1000000,-0.008083877976447273
2021-12-06,1409.2896606445313,1409.2896606445313,1409.2896606445313,1409.2896606445313,1409.2896606445313,1000000,-0.021959638651436353
2021-12-07,1429.24453125,1429.24453125,1429.24453125,1429.24453125,1429.24453125,1000000,0.014159523881231317
2021-12-08,1453.5448608398438,1453.5448608398438,1453.5448608398438,1453.5448608398438,1453.5448608398438,1000000,0.017002219745134273
2021-12-09,1452.1801025390625,1452.1801025390625,1452.1801025390625,1452.1801025390625,1452.1801025390625,1000000,-0.0009389172206165641
2021-12-10,1457.9828979492188,1457.9828979492188,1457.9828979492188,1457.9828979492188,1457.9828979492188,1000000,0.003995919927569869
2021-12-13,1444.3564453125,1444.3564453125,1444.3564453125,1444.3564453125,1444.3564453125,1000000,-0.009346099090658422
2021-12-14,1445.5668579101562,1445.5668579101562,1445.5668579101562,1445.5668579101562,1445.5668579101562,1000000,0.0008380290070255647
2021-12-15,1430.9568481445312,1430.9568481445312,1430.9568481445312,1430.9568481445312,1430.9568481445312,1000000,-0.010106768625524842
2021-12-16,1440.1352783203124,1440.1352783203124,1440.1352783203124,1440.1352783203124,1440.1352783203124,1000000,0.006414190747738191
2021-12-17,1438.499951171875,1438.499951171875,1438.499951171875,1438.499951171875,1438.499951171875,1000000,-0.0011355371769968814
2021-12-20,1416.1264770507812,1416.1264770507812,1416.1264770507812,1416.1264770507812,1416.1264770507812,1000000,-0.015553336726127243
2021-12-21,1433.9545043945313,1433.9545043945313,1433.9545043945313,1433.9545043945313,1433.9545043945313,1000000,0.012589290315988322
2021-12-22,1447.8880737304687,1447.8880737304687,1447.8880737304687,1447.8880737304687,1447.8880737304687,1000000,0.009716883829463452
2021-12-23,1458.7909301757813,1458.7909301757813,1458.7909301757813,1458.7909301757813,1458.7909301757813,1000000,0.007530179053979902
2021-12-24,1460.6455200195312,1460.6455200195312,1460.6455200195312,1460.6455200195312,1460.6455200195312,1000000,0.001271319834382556
2021-12-27,1468.1312133789063,1468.1312133789063,1468.1312133789063,1468.1312133789063,1468.1312133789063,1000000,0.005124921315114772
2021-12-28,1477.2471557617187,1477.2471557617187,1477.2471557617187,1477.2471557617187,1477.2471557617187,1000000,0.006209215020932746
2021-12-29,1474.444140625,1474.444140625,1474.444140625,1474.444140625,1474.444140625,1000000,-0.0018974584759131607
2021-12-30,1479.3462768554687,1479.3462768554687,1479.3462768554687,1479.3462768554687,1479.3462768554687,1000000,0.003324735129260681
2021-12-31,1482.61337890625,1482.61337890625,1482.61337890625,1482.61337890625,1482.61337890625,1000000,0.00220847688056236
2022-01-03,1510.1540283203126,1510.1540283203126,1510.1540283203126,1510.1540283203126,1510.1540283203126,1000000,0.018575745913192554
2022-01-04,1529.3321533203125,1529.3321533203125,1529.3321533203125,1529.3321533203125,1529.3321533203125,1000000,0.012699449619275605
2022-01-05,1522.976318359375,1522.976318359375,1522.976318359375,1522.976318359375,1522.976318359375,1000000,-0.004155954576079757
2022-01-06,1501.1528930664062,1501.1528930664062,1501.1528930664062,1501.1528930664062,1501.1528930664062,1000000,-0.01432945806831587
2022-01-07,1512.9657470703125,1512.9657470703125,1512.9657470703125,1512.9657470703125,1512.9657470703125,1000000,0.007869187781250009
2022-01-10,1528.3643188476562,1528.3643188476562,1528.3643188476562,1528.3643188476562,1528.3643188476562,1000000,0.010177739851124468
2022-01-11,1537.7284301757813,1537.7284301757813,1537.7284301757813,1537.7284301757813,1537.7284301757813,1000000,0.006126884285799994
2022-01-12,1539.3802856445313,1539.3802856445313,1539.3802856445313,1539.3802856445313,1539.3802856445313,1000000,0.0010742179414353625
2022-01-13,1548.2214233398438,1548.2214233398438,1548.2214233398438,1548.2214233398438,1548.2214233398438,1000000,0.005743309679720143
2022-01-14,1567.2656005859376,1567.2656005859376,1567.2656005859376,1567.2656005859376,1567.2656005859376,1000000,0.012300680612603587
2022-01-17,1576.8270751953125,1576.8270751953125,1576.8270751953125,1576.8270751953125,1576.8270751953125,1000000,0.006100736598698031
2022-01-18,1567.239208984375,1567.239208984375,1567.239208984375,1567.239208984375,1567.239208984375,1000000,-0.00608048045455456
2022-01-19,1541.8707397460937,1541.8707397460937,1541.8707397460937,1541.8707397460937,1541.8707397460937,1000000,-0.016186724459708257
2022-01-20,1514.2420776367187,1514.2420776367187,1514.2420776367187,1514.2420776367187,1514.2420776367187,1000000,-0.017918922382510916
2022-01-21,1508.8824096679687,1508.8824096679687,1508.8824096679687,1508.8824096679687,1508.8824096679687,1000000,-0.00353950537229486
2022-01-24,1475.8936645507813,1475.8936645507813,1475.8936645507813,1475.8936645507813,1475.8936645507813,1000000,-0.02186303247079846
2022-01-25,1473.395361328125,1473.395361328125,1473.395361328125,1473.395361328125,1473.395361328125,1000000,-0.0016927393095197418
2022-01-27,1438.8198486328124,1438.8198486328124,1438.8198486328124,1438.8198486328124,1438.8198486328124,1000000,-0.02346655460089553
2022-01-28,1443.39140625,1443.39140625,1443.39140625,1443.39140625,1443.39140625,1000000,0.003177296741862179
2022-01-31,1468.460888671875,1468.460888671875,1468.460888671875,1468.460888671875,1468.460888671875,1000000,0.01736845758768002
2022-02-01,1490.565576171875,1490.565576171875,1490.565576171875,1490.565576171875,1490.565576171875,1000000,0.01505296305166981
2022-02-02,1507.2594360351563,1507.2594360351563,1507.2594360351563,1507.2594360351563,1507.2594360351563,1000000,0.011199681604183498
2022-02-03,1487.9822998046875,1487.9822998046875,1487.9822998046875,1487.9822998046875,1487.9822998046875,1000000,-0.012789527648390364
2022-02-04,1484.8394897460937,1484.8394897460937,1484.8394897460937,1484.8394897460937,1484.8394897460937,1000000,-0.0021121286583895005
2022-02-07,1463.827392578125,1463.827392578125,1463.827392578125,1463.827392578125,1463.827392578125,1000000,-0.01415108994141967
2022-02-08,1462.1204467773437,1462.1204467773437,1462.1204467773437,1462.1204467773437,1462.1204467773437,1000000,-0.0011660840679958984
2022-02-09,1476.4637329101563,1476.4637329101563,1476.4637329101563,1476.4637329101563,1476.4637329101563,1000000,0.009809921039287017
2022-02-10,1486.733740234375,1486.733740234375,1486.733740234375,1486.733740234375,1486.733740234375,1000000,0.006955814149241846
2022-02-11,1461.176025390625,1461.176025390625,1461.176025390625,1461.176025390625,1461.176025390625,1000000,-0.017190512431446536
2022-02-14,1446.2475830078124,1446.2475830078124,1446.2475830078124,1446.2475830078124,1446.2475830078124,1000000,-0.010216730991614575
2022-02-15,1486.4898193359375,1486.4898193359375,1486.4898193359375,1486.4898193359375,1486.4898193359375,1000000,0.02782527473230534
2022-02-16,1481.8231201171875,1481.8231201171875,1481.8231201171875,1481.8231201171875,1481.8231201171875,1000000,-0.0031394087992037134
2022-02-17,1474.5060668945312,1474.5060668945312,1474.5060668945312,1474.5060668945312,1474.5060668945312,1000000,-0.004937872221940864
2022-02-18,1471.60595703125,1471.60595703125,1471.60595703125,1471.60595703125,1471.60595703125,1000000,-0.001966834812276552
2022-02-21,1462.4869140625,1462.4869140625,1462.4869140625,1462.4869140625,1462.4869140625,1000000,-0.006196660814791866
2022-02-22,1437.1435913085938,1437.1435913085938,1437.1435913085938,1437.1435913085938,1437.1435913085938,1000000,-0.017328922748106823
2022-02-23,1431.10361328125,1431.10361328125,1431.10361328125,1431.10361328125,1431.10361328125,1000000,-0.00420276586408741
2022-02-24,1365.7429565429688,1365.7429565429688,1365.7429565429688,1365.7429565429688,1365.7429565429688,1000000,-0.04567150563502642
2022-02-25,1399.8993774414062,1399.8993774414062,1399.8993774414062,1399.8993774414062,1399.8993774414062,1000000,0.025009406590604355
2022-02-28,1415.9637939453125,1415.9637939453125,1415.9637939453125,1415.9637939453125,1415.9637939453125,1000000,0.011475407992013853
2022-03-02,1405.5665161132813,1405.5665161132813,1405.5665161132813,1405.5665161132813,1405.5665161132813,1000000,-0.007342898085735072
2022-03-03,1403.082470703125,1403.082470703125,1403.082470703125,1403.082470703125,1403.082470703125,1000000,-0.0017672912535120489
2022-03-04,1392.8097290039063,1392.8097290039063,1392.8097290039063,1392.8097290039063,1392.8097290039063,1000000,-0.007321552306237988
2022-03-07,1370.4543212890626,1370.4543212890626,1370.4543212890626,1370.4543212890626,1370.4543212890626,1000000,-0.01605058268140591
2022-03-08,1399.4626586914062,1399.4626586914062,1399.4626586914062,1399.4626586914062,1399.4626586914062,1000000,0.021166949493842457
2022-03-09,1426.6398315429688,1426.6398315429688,1426.6398315429688,1426.6398315429688,1426.6398315429688,1000000,0.01941971990662128
2022-03-10,1434.0501708984375,1434.0501708984375,1434.0501708984375,1434.0501708984375,1434.0501708984375,1000000,0.005194260801939077
2022-03-11,1430.80341796875,1430.80341796875,1430.80341796875,1430.80341796875,1430.80341796875,1000000,-0.0022640441705421566
2022-03-14,1460.1713623046876,1460.1713623046876,1460.1713623046876,1460.1713623046876,1460.1713623046876,1000000,0.020525492158545378
2022-03-15,1436.0080688476562,1436.0080688476562,1436.0080688476562,1436.0080688476562,1436.0080688476562,1000000,-0.016548258704987107
2022-03-16,1463.6236694335937,1463.6236694335937,1463.6236694335937,1463.6236694335937,1463.6236694335937,1000000,0.019230811570646766
2022-03-17,1472.8923095703126,1472.8923095703126,1472.8923095703126,1472.8923095703126,1472.8923095703126,1000000,0.006332666197114589
2022-03-21,1462.0399536132813,1462.0399536132813,1462.0399536132813,1462.0399536132813,1462.0399536132813,1000000,-0.007368057994815103
2022-03-22,1489.031201171875,1489.031201171875,1489.031201171875,1489.031201171875,1489.031201171875,1000000,0.018461361122100284
2022-03-23,1487.7567749023438,1487.7567749023438,1487.7567749023438,1487.7567749023438,1487.7567749023438,1000000,-0.0008558761351193933
2022-03-24,1494.2494140625,1494.2494140625,1494.2494140625,1494.2494140625,1494.2494140625,1000000,0.004364046105978847
2022-03-25,1484.5294311523437,1484.5294311523437,1484.5294311523437,1484.5294311523437,1484.5294311523437,1000000,-0.00650492670010816
2022-03-28,1488.803125,1488.803125,1488.803125,1488.803125,1488.803125,1000000,0.0028788205595484673
2022-03-29,1493.3102172851563,1493.3102172851563,1493.3102172851563,1493.3102172851563,1493.3102172851563,1000000,0.0030273259166866406
2022-03-30,1511.0039306640624,1511.0039306640624,1511.0039306640624,1511.0039306640624,1511.0039306640624,1000000,0.01184865219168807
2022-03-31,1508.7920043945312,1508.7920043945312,1508.7920043945312,1508.7920043945312,1508.7920043945312,1000000,-0.0014638785675157306
2022-04-01,1517.9101196289062,1517.9101196289062,1517.9101196289062,1517.9101196289062,1517.9101196289062,1000000,0.006043321549834113
2022-04-04,1533.1546752929687,1533.1546752929687,1533.1546752929687,1533.1546752929687,1533.1546752929687,1000000,0.01004312143843511
2022-04-05,1528.2234985351563,1528.2234985351563,1528.2234985351563,1528.2234985351563,1528.2234985351563,1000000,-0.003216359599771068
2022-04-06,1506.087841796875,1506.087841796875,1506.087841796875,1506.087841796875,1506.087841796875,1000000,-0.014484567708518359
2022-04-07,1484.43935546875,1484.43935546875,1484.43935546875,1484.43935546875,1484.43935546875,1000000,-0.01437398651482158
2022-04-08,1490.1310424804688,1490.1310424804688,1490.1310424804688,1490.1310424804688,1490.1310424804688,1000000,0.003834233436853074
2022-04-11,1482.37490234375,1482.37490234375,1482.37490234375,1482.37490234375,1482.37490234375,1000000,-0.005205005409328334
2022-04-12,1473.334814453125,1473.334814453125,1473.334814453125,1473.334814453125,1473.334814453125,1000000,-0.0060983816417370384
2022-04-13,1465.462060546875,1465.462060546875,1465.462060546875,1465.462060546875,1465.462060546875,1000000,-0.005343492754681378
2022-04-18,1411.5659545898438,1411.5659545898438,1411.5659545898438,1411.5659545898438,1411.5659545898438,1000000,-0.03677755119564019
2022-04-19,1396.7300048828124,1396.7300048828124,1396.7300048828124,1396.7300048828124,1396.7300048828124,1000000,-0.010510277368755538
2022-04-20,1422.213037109375,1422.213037109375,1422.213037109375,1422.213037109375,1422.213037109375,1000000,0.018244780406718952
2022-04-21,1449.2374755859375,1449.2374755859375,1449.2374755859375,1449.2374755859375,1449.2374755859375,1000000,0.01900168102205657
2022-04-22,1433.8367431640625,1433.8367431640625,1433.8367431640625,1433.8367431640625,1433.8367431640625,1000000,-0.01062678317481991
2022-04-25,1414.3279052734374,1414.3279052734374,1414.3279052734374,1414.3279052734374,1414.3279052734374,1000000,-0.013606038472395832
2022-04-26,1425.687841796875,1425.687841796875,1425.687841796875,1425.687841796875,1425.687841796875,1000000,0.008032038738033265
2022-04-27,1420.32802734375,1420.32802734375,1420.32802734375,1420.32802734375,1420.32802734375,1000000,-0.003759458624806644
2022-04-28,1435.2895751953124,1435.2895751953124,1435.2895751953124,1435.2895751953124,1435.2895751953124,1000000,0.010533867925948792
2022-04-29,1423.863916015625,1423.863916015625,1423.863916015625,1423.863916015625,1423.863916015625,1000000,-0.007960525441796484
2022-05-02,1418.8974975585938,1418.8974975585938,1418.8974975585938,1418.8974975585938,1418.8974975585938,1000000,-0.0034879867388791785
2022-05-04,1391.3790405273437,1391.3790405273437,1391.3790405273437,1391.3790405273437,1391.3790405273437,1000000,-0.01939425298768893
2022-05-05,1401.8146118164063,1401.8146118164063,1401.8146118164063,1401.8146118164063,1401.8146118164063,1000000,0.0075001642148551095
2022-05-06,1373.2187622070312,1373.2187622070312,1373.2187622070312,1373.2187622070312,1373.2187622070312,1000000,-0.020399166457768625
2022-05-09,1369.4559814453125,1369.4559814453125,1369.4559814453125,1369.4559814453125,1369.4559814453125,1000000,-0.0027401175000486555
2022-05-10,1363.5077758789062,1363.5077758789062,1363.5077758789062,1363.5077758789062,1363.5077758789062,1000000,-0.004343480657281629
2022-05-11,1353.1772338867188,1353.1772338867188,1353.1772338867188,1353.1772338867188,1353.1772338867188,1000000,-0.007576445235545792
2022-05-12,1338.5005981445313,1338.5005981445313,1338.5005981445313,1338.5005981445313,1338.5005981445313,1000000,-0.010846055767604001
2022-05-13,1336.6003051757812,1336.6003051757812,1336.6003051757812,1336.6003051757812,1336.6003051757812,1000000,-0.0014197176836412417
2022-05-16,1329.6832763671875,1329.6832763671875,1329.6832763671875,1329.6832763671875,1329.6832763671875,1000000,-0.005175091447913394
2022-05-17,1363.2719970703124,1363.2719970703124,1363.2719970703124,1363.2719970703124,1363.2719970703124,1000000,0.02526069275300813
2022-05-18,1361.4652221679687,1361.4652221679687,1361.4652221679687,1361.4652221679687,1361.4652221679687,1000000,-0.0013253223907089273
2022-05-19,1303.1359619140626,1303.1359619140626,1303.1359619140626,1303.1359619140626,1303.1359619140626,1000000,-0.042843004216460145
2022-05-20,1333.5428955078125,1333.5428955078125,1333.5428955078125,1333.5428955078125,1333.5428955078125,1000000,0.023333661630431823
2022-05-23,1338.0089477539063,1338.0089477539063,1338.0089477539063,1338.0089477539063,1338.0089477539063,1000000,0.003349012814764407
2022-05-24,1328.9395385742187,1328.9395385742187,1328.9395385742187,1328.9395385742187,1328.9395385742187,1000000,-0.006778287391061455
2022-05-25,1307.8029052734375,1307.8029052734375,1307.8029052734375,1307.8029052734375,1307.8029052734375,1000000,-0.01590488708271709
2022-05-26,1324.9143920898437,1324.9143920898437,1324.9143920898437,1324.9143920898437,1324.9143920898437,1000000,0.01308414803745106
2022-05-27,1341.0553833007812,1341.0553833007812,1341.0553833007812,1341.0553833007812,1341.0553833007812,1000000,0.012182667278206383
2022-05-30,1383.3840087890626,1383.3840087890626,1383.3840087890626,1383.3840087890626,1383.3840087890626,1000000,0.03156366695616741
2022-05-31,1376.920068359375,1376.920068359375,1376.920068359375,1376.920068359375,1376.920068359375,1000000,-0.004672556852342025
2022-06-01,1371.4527465820313,1371.4527465820313,1371.4527465820313,1371.4527465820313,1371.4527465820313,1000000,-0.00397068929633515
2022-06-02,1395.3902587890625,1395.3902587890625,1395.3902587890625,1395.3902587890625,1395.3902587890625,1000000,0.017454128307875516
2022-06-03,1404.3390502929688,1404.3390502929688,1404.3390502929688,1404.3390502929688,1404.3390502929688,1000000,0.006413110201637817
2022-06-06,1403.41591796875,1403.41591796875,1403.41591796875,1403.41591796875,1403.41591796875,1000000,-0.0006573429144666187
2022-06-07,1383.961181640625,1383.961181640625,1383.961181640625,1383.961181640625,1383.961181640625,1000000,-0.013862416749756523
2022-06-08,1385.015283203125,1385.015283203125,1385.015283203125,1385.015283203125,1385.015283203125,1000000,0.0007616554398226505
2022-06-09,1400.1026123046875,1400.1026123046875,1400.1026123046875,1400.1026123046875,1400.1026123046875,1000000,0.010893258207714585
2022-06-10,1368.8103637695312,1368.8103637695312,1368.8103637695312,1368.8103637695312,1368.8103637695312,1000000,-0.02234996796673816
2022-06-13,1321.5777465820313,1321.5777465820313,1321.5777465820313,1321.5777465820313,1321.5777465820313,1000000,-0.034506326396760545
2022-06-14,1317.811279296875,1317.811279296875,1317.811279296875,1317.811279296875,1317.811279296875,1000000,-0.002849977835127304
2022-06-15,1310.8303100585938,1310.8303100585938,1310.8303100585938,1310.8303100585938,1310.8303100585938,1000000,-0.005297396788109143
2022-06-16,1287.57900390625,1287.57900390625,1287.57900390625,1287.57900390625,1287.57900390625,1000000,-0.0177378459850418
2022-06-17,1281.585205078125,1281.585205078125,1281.585205078125,1281.585205078125,1281.585205078125,1000000,-0.004655092083624357
2022-06-20,1289.1416137695312,1289.1416137695312,1289.1416137695312,1289.1416137695312,1289.1416137695312,1000000,0.005896142263085435
2022-06-21,1320.1137084960938,1320.1137084960938,1320.1137084960938,1320.1137084960938,1320.1137084960938,1000000,0.02402536261008459
2022-06-22,1310.2585815429688,1310.2585815429688,1310.2585815429688,1310.2585815429688,1310.2585815429688,1000000,-0.0074653621803171255
2022-06-23,1327.32841796875,1327.32841796875,1327.32841796875,1327.32841796875,1327.32841796875,1000000,0.013027837914008966
2022-06-24,1330.260595703125,1330.260595703125,1330.260595703125,1330.260595703125,1330.260595703125,1000000,0.0022090823150326955
2022-06-27,1340.3410522460938,1340.3410522460938,1340.3410522460938,1340.3410522460938,1340.3410522460938,1000000,0.007577805864151355
2022-06-28,1342.7631713867188,1342.7631713867188,1342.7631713867188,1342.7631713867188,1342.7631713867188,1000000,0.0018070916626526934
2022-06-29,1337.9829223632812,1337.9829223632812,1337.9829223632812,1337.9829223632812,1337.9829223632812,1000000,-0.0035600090360691228
2022-06-30,1336.2635620117187,1336.2635620117187,1336.2635620117187,1336.2635620117187,1336.2635620117187,1000000,-0.0012850390859441285
2022-07-01,1330.8137084960938,1330.8137084960938,1330.8137084960938,1330.8137084960938,1330.8137084960938,1000000,-0.004078427093694215
2022-07-04,1321.9866333007812,1321.9866333007812,1321.9866333007812,1321.9866333007812,1321.9866333007812,1000000,-0.006632840598920331
2022-07-05,1317.89287109375,1317.89287109375,1317.89287109375,1317.89287109375,1317.89287109375,1000000,-0.0030966744321837547
2022-07-06,1329.6155151367188,1329.6155151367188,1329.6155151367188,1329.6155151367188,1329.6155151367188,1000000,0.008894990101312228
2022-07-07,1338.9377075195312,1338.9377075195312,1338.9377075195312,1338.9377075195312,1338.9377075195312,1000000,0.0070111940457115995
2022-07-08,1340.8608276367188,1340.8608276367188,1340.8608276367188,1340.8608276367188,1340.8608276367188,1000000,0.0014363029037030017
2022-07-11,1313.23525390625,1313.23525390625,1313.23525390625,1313.23525390625,1313.23525390625,1000000,-0.020602864339887672
2022-07-12,1298.428955078125,1298.428955078125,1298.428955078125,1298.428955078125,1298.428955078125,1000000,-0.011274673585013217
2022-07-13,1282.957275390625,1282.957275390625,1282.957275390625,1282.957275390625,1282.957275390625,1000000,-0.011915692134706779
2022-07-14,1275.4997314453126,1275.4997314453126,1275.4997314453126,1275.4997314453126,1275.4997314453126,1000000,-0.005812776534621422
2022-07-15,1276.26142578125,1276.26142578125,1276.26142578125,1276.26142578125,1276.26142578125,1000000,0.0005971732624938664
2022-07-18,1303.5467041015625,1303.5467041015625,1303.5467041015625,1303.5467041015625,1303.5467041015625,1000000,0.02137906683468871
2022-07-19,1307.498583984375,1307.498583984375,1307.498583984375,1307.498583984375,1307.498583984375,1000000,0.003031636588377129
2022-07-20,1337.110693359375,1337.110693359375,1337.110693359375,1337.110693359375,1337.110693359375,1000000,0.02264790932680194
2022-07-21,1341.09150390625,1341.09150390625,1341.09150390625,1341.09150390625,1341.09150390625,1000000,0.0029771735179779935
2022-07-22,1342.5055541992188,1342.5055541992188,1342.5055541992188,1342.5055541992188,1342.5055541992188,1000000,0.0010544025436369786
2022-07-25,1334.33564453125,1334.33564453125,1334.33564453125,1334.33564453125,1334.33564453125,1000000,-0.006085568616393533
2022-07-26,1314.9585083007812,1314.9585083007812,1314.9585083007812,1314.9585083007812,1314.9585083007812,1000000,-0.014521935548889475
2022-07-27,1333.0182983398438,1333.0182983398438,1333.0182983398438,1333.0182983398438,1333.0182983398438,1000000,0.013734113985391039
2022-07-28,1361.2779541015625,1361.2779541015625,1361.2779541015625,1361.2779541015625,1361.2779541015625,1000000,0.02119975081880998
2022-07-29,1381.5020385742187,1381.5020385742187,1381.5020385742187,1381.5020385742187,1381.5020385742187,1000000,0.014856689930017986
2022-08-01,1389.179736328125,1389.179736328125,1389.179736328125,1389.179736328125,1389.179736328125,1000000,0.005557500126333714
2022-08-02,1384.9041625976563,1384.9041625976563,1384.9041625976563,1384.9041625976563,1384.9041625976563,1000000,-0.0030777685699403534
2022-08-03,1400.9927490234375,1400.9927490234375,1400.9927490234375,1400.9927490234375,1400.9927490234375,1000000,0.011617111754219867
2022-08-04,1405.56572265625,1405.56572265625,1405.56572265625,1405.56572265625,1405.56572265625,1000000,0.0032640951468165813
2022-08-05,1409.918115234375,1409.918115234375,1409.918115234375,1409.918115234375,1409.918115234375,1000000,0.0030965414907100364
2022-08-08,1419.1182250976562,1419.1182250976562,1419.1182250976562,1419.1182250976562,1419.1182250976562,1000000,0.0065252795633112814
2022-08-10,1416.6287841796875,1416.6287841796875,1416.6287841796875,1416.6287841796875,1416.6287841796875,1000000,-0.0017542167198912884
2022-08-11,1436.56845703125,1436.56845703125,1436.56845703125,1436.56845703125,1436.56845703125,1000000,0.014075439574742887
2022-08-12,1434.8821044921874,1434.8821044921874,1434.8821044921874,1434.8821044921874,1434.8821044921874,1000000,-0.0011738755162059578
2022-08-16,1437.9465209960938,1437.9465209960938,1437.9465209960938,1437.9465209960938,1437.9465209960938,1000000,0.0021356573437725235
2022-08-17,1443.9427368164063,1443.9427368164063,1443.9427368164063,1443.9427368164063,1443.9427368164063,1000000,0.0041699852760579414
2022-08-18,1437.2609130859375,1437.2609130859375,1437.2609130859375,1437.2609130859375,1437.2609130859375,1000000,-0.004627485259699915
2022-08-19,1431.623583984375,1431.623583984375,1431.623583984375,1431.623583984375,1431.623583984375,1000000,-0.003922272602167043
2022-08-22,1415.9420532226563,1415.9420532226563,1415.9420532226563,1415.9420532226563,1415.9420532226563,1000000,-0.010953668923275983
2022-08-23,1403.153369140625,1403.153369140625,1403.153369140625,1403.153369140625,1403.153369140625,1000000,-0.009031926167405335
2022-08-24,1398.9676025390625,1398.9676025390625,1398.9676025390625,1398.9676025390625,1398.9676025390625,1000000,-0.002983114101152151
2022-08-25,1387.3136596679688,1387.3136596679688,1387.3136596679688,1387.3136596679688,1387.3136596679688,1000000,-0.008330387958907948
2022-08-26,1387.0795288085938,1387.0795288085938,1387.0795288085938,1387.0795288085938,1387.0795288085938,1000000,-0.00016876562682377472
2022-08-29,1353.382763671875,1353.382763671875,1353.382763671875,1353.382763671875,1353.382763671875,1000000,-0.024293318758486726
2022-08-30,1387.0561279296876,1387.0561279296876,1387.0561279296876,1387.0561279296876,1387.0561279296876,1000000,0.024880887478168523
2022-09-01,1356.9931762695312,1356.9931762695312,1356.9931762695312,1356.9931762695312,1356.9931762695312,1000000,-0.02167392584540051
2022-09-02,1352.93994140625,1352.93994140625,1352.93994140625,1352.93994140625,1352.93994140625,1000000,-0.0029869235410776573
2022-09-05,1361.3820434570312,1361.3820434570312,1361.3820434570312,1361.3820434570312,1361.3820434570312,1000000,0.006239820255440565
2022-09-06,1361.310009765625,1361.310009765625,1361.310009765625,1361.310009765625,1361.310009765625,1000000,-5.2912179760555844e-05
2022-09-07,1362.26015625,1362.26015625,1362.26015625,1362.26015625,1362.26015625,1000000,0.00069796481151152
2022-09-08,1375.2406372070313,1375.2406372070313,1375.2406372070313,1375.2406372070313,1375.2406372070313,1000000,0.00952863584644792
2022-09-09,1389.1947021484375,1389.1947021484375,1389.1947021484375,1389.1947021484375,1389.1947021484375,1000000,0.010146635115251934
2022-09-12,1401.3283325195312,1401.3283325195312,1401.3283325195312,1401.3283325195312,1401.3283325195312,1000000,0.008734290702612446
2022-09-13,1404.8445922851563,1404.8445922851563,1404.8445922851563,1404.8445922851563,1404.8445922851563,1000000,0.0025092333352763063
2022-09-14,1373.4096435546876,1373.4096435546876,1373.4096435546876,1373.4096435546876,1373.4096435546876,1000000,-0.022376104021111565
2022-09-15,1359.82216796875,1359.82216796875,1359.82216796875,1359.82216796875,1359.82216796875,1000000,-0.00989324317744722
2022-09-16,1322.917041015625,1322.917041015625,1322.917041015625,1322.917041015625,1322.917041015625,1000000,-0.027139671511792085
2022-09-19,1328.1231689453125,1328.1231689453125,1328.1231689453125,1328.1231689453125,1328.1231689453125,1000000,0.003935339683651451
2022-09-20,1335.0228515625,1335.0228515625,1335.0228515625,1335.0228515625,1335.0228515625,1000000,0.005195062309368836
2022-09-21,1326.2076782226563,1326.2076782226563,1326.2076782226563,1326.2076782226563,1326.2076782226563,1000000,-0.006603013071668662
2022-09-22,1318.1288330078125,1318.1288330078125,1318.1288330078125,1318.1288330078125,1318.1288330078125,1000000,-0.006091689369247866
2022-09-23,1301.063037109375,1301.063037109375,1301.063037109375,1301.063037109375,1301.063037109375,1000000,-0.012946986266505811
2022-09-26,1294.2454345703125,1294.2454345703125,1294.2454345703125,1294.2454345703125,1294.2454345703125,1000000,-0.005240024767907858
2022-09-27,1299.533984375,1299.533984375,1299.533984375,1299.533984375,1299.533984375,1000000,0.004086203175554193
2022-09-28,1294.2654663085937,1294.2654663085937,1294.2654663085937,1294.2654663085937,1294.2654663085937,1000000,-0.004054159513912414
2022-09-29,1285.7554565429687,1285.7554565429687,1285.7554565429687,1285.7554565429687,1285.7554565429687,1000000,-0.0065751655955842425
2022-09-30,1301.6582275390624,1301.6582275390624,1301.6582275390624,1301.6582275390624,1301.6582275390624,1000000,0.01236842582714126
2022-10-03,1290.5052734375,1290.5052734375,1290.5052734375,1290.5052734375,1290.5052734375,1000000,-0.008568266128235913
2022-10-04,1327.1381713867188,1327.1381713867188,1327.1381713867188,1327.1381713867188,1327.1381713867188,1000000,0.028386476756999457
2022-10-06,1336.3908081054688,1336.3908081054688,1336.3908081054688,1336.3908081054688,1336.3908081054688,1000000,0.0069718714435602624
2022-10-07,1328.9107055664062,1328.9107055664062,1328.9107055664062,1328.9107055664062,1328.9107055664062,1000000,-0.005597241835018751
2022-10-10,1336.3747192382812,1336.3747192382812,1336.3747192382812,1336.3747192382812,1336.3747192382812,1000000,0.005616640486535651
2022-10-11,1312.9151123046875,1312.9151123046875,1312.9151123046875,1312.9151123046875,1312.9151123046875,1000000,-0.01755466232327818
2022-10-12,1321.3109375,1321.3109375,1321.3109375,1321.3109375,1321.3109375,1000000,0.006394796675448733
2022-10-13,1316.473291015625,1316.473291015625,1316.473291015625,1316.473291015625,1316.473291015625,1000000,-0.0036612475891012464
2022-10-14,1331.8390869140626,1331.8390869140626,1331.8390869140626,1331.8390869140626,1331.8390869140626,1000000,0.011671938962455775
2022-10-17,1345.373095703125,1345.373095703125,1345.373095703125,1345.373095703125,1345.373095703125,1000000,0.010161894873067068
2022-10-18,1359.5519409179688,1359.5519409179688,1359.5519409179688,1359.5519409179688,1359.5519409179688,1000000,0.010538968900246637
2022-10-19,1356.5964599609374,1356.5964599609374,1356.5964599609374,1356.5964599609374,1356.5964599609374,1000000,-0.002173863953322641
2022-10-20,1364.633935546875,1364.633935546875,1364.633935546875,1364.633935546875,1364.633935546875,1000000,0.0059247357804317335
2022-10-21,1361.0411987304688,1361.0411987304688,1361.0411987304688,1361.0411987304688,1361.0411987304688,1000000,-0.0026327476716064835
2022-10-24,1375.0469482421875,1375.0469482421875,1375.0469482421875,1375.0469482421875,1375.0469482421875,1000000,0.01029046697835656
2022-10-25,1371.9330078125,1371.9330078125,1371.9330078125,1371.9330078125,1371.9330078125,1000000,-0.002264606625736132
2022-10-27,1374.7164916992188,1374.7164916992188,1374.7164916992188,1374.7164916992188,1374.7164916992188,1000000,0.0020288774093693007
2022-10-28,1377.8263793945312,1377.8263793945312,1377.8263793945312,1377.8263793945312,1377.8263793945312,1000000,0.002262202944454783
2022-10-31,1393.40693359375,1393.40693359375,1393.40693359375,1393.40693359375,1393.40693359375,1000000,0.011308067861253601
2022-11-01,1411.3147705078125,1411.3147705078125,1411.3147705078125,1411.3147705078125,1411.3147705078125,1000000,0.012851835657137212
2022-11-02,1405.348583984375,1405.348583984375,1405.348583984375,1405.348583984375,1405.348583984375,1000000,-0.004227396076419421
2022-11-03,1396.1032104492188,1396.1032104492188,1396.1032104492188,1396.1032104492188,1396.1032104492188,1000000,-0.0065787048427118355
2022-11-04,1396.7642456054687,1396.7642456054687,1396.7642456054687,1396.7642456054687,1396.7642456054687,1000000,0.00047348587934070707
2022-11-07,1403.2230346679687,1403.2230346679687,1403.2230346679687,1403.2230346679687,1403.2230346679687,1000000,0.004624108243621583
2022-11-09,1399.1195678710938,1399.1195678710938,1399.1195678710938,1399.1195678710938,1399.1195678710938,1000000,-0.0029243154477192057
2022-11-10,1394.3423706054687,1394.3423706054687,1394.3423706054687,1394.3423706054687,1394.3423706054687,1000000,-0.0034144310288606317
2022-11-11,1438.9080810546875,1438.9080810546875,1438.9080810546875,1438.9080810546875,1438.9080810546875,1000000,0.03196181324524128
2022-11-14,1442.0526733398438,1442.0526733398438,1442.0526733398438,1442.0526733398438,1442.0526733398438,1000000,0.0021854017824760597
2022-11-15,1445.6752685546876,1445.6752685546876,1445.6752685546876,1445.6752685546876,1445.6752685546876,1000000,0.0025121101897433995
2022-11-16,1451.6200439453125,1451.6200439453125,1451.6200439453125,1451.6200439453125,1451.6200439453125,1000000,0.004112109766232885
2022-11-17,1448.1509765625,1448.1509765625,1448.1509765625,1448.1509765625,1448.1509765625,1000000,-0.0023897902190603837
2022-11-18,1447.8211669921875,1447.8211669921875,1447.8211669921875,1447.8211669921875,1447.8211669921875,1000000,-0.00022774529427549428
2022-11-21,1427.0488037109376,1427.0488037109376,1427.0488037109376,1427.0488037109376,1427.0488037109376,1000000,-0.014347326696710794
2022-11-22,1437.1670043945312,1437.1670043945312,1437.1670043945312,1437.1670043945312,1437.1670043945312,1000000,0.007090297582873051
2022-11-23,1436.04345703125,1436.04345703125,1436.04345703125,1436.04345703125,1436.04345703125,1000000,-0.0007817792642369481
2022-11-24,1463.8583862304688,1463.8583862304688,1463.8583862304688,1463.8583862304688,1463.8583862304688,1000000,0.0193691416948627
2022-11-25,1467.7144775390625,1467.7144775390625,1467.7144775390625,1467.7144775390625,1467.7144775390625,1000000,0.002634196958438917
2022-11-28,1474.4218139648438,1474.4218139648438,1474.4218139648438,1474.4218139648438,1474.4218139648438,1000000,0.004569919101041764
2022-11-29,1477.8291259765624,1477.8291259765624,1477.8291259765624,1477.8291259765624,1477.8291259765624,1000000,0.0023109479115450693
2022-11-30,1481.67021484375,1481.67021484375,1481.67021484375,1481.67021484375,1481.67021484375,1000000,0.002599142755864481
2022-12-01,1498.5386474609375,1498.5386474609375,1498.5386474609375,1498.5386474609375,1498.5386474609375,1000000,0.011384741657215702
2022-12-02,1485.462939453125,1485.462939453125,1485.462939453125,1485.462939453125,1485.462939453125,1000000,-0.008725639495496096
2022-12-05,1480.9754028320312,1480.9754028320312,1480.9754028320312,1480.9754028320312,1480.9754028320312,1000000,-0.00302096841456434
2022-12-06,1467.3564575195312,1467.3564575195312,1467.3564575195312,1467.3564575195312,1467.3564575195312,1000000,-0.00919592944383607
2022-12-07,1461.4131958007813,1461.4131958007813,1461.4131958007813,1461.4131958007813,1461.4131958007813,1000000,-0.004050318985747037
2022-12-08,1461.357470703125,1461.357470703125,1461.357470703125,1461.357470703125,1461.357470703125,1000000,-3.813096653049186e-05
2022-12-09,1439.0260864257812,1439.0260864257812,1439.0260864257812,1439.0260864257812,1439.0260864257812,1000000,-0.015281260557418075
2022-12-12,1435.584130859375,1435.584130859375,1435.584130859375,1435.584130859375,1435.584130859375,1000000,-0.0023918646082055073
2022-12-13,1450.19326171875,1450.19326171875,1450.19326171875,1450.19326171875,1450.19326171875,1000000,0.010176436577513215
2022-12-14,1455.6661376953125,1455.6661376953125,1455.6661376953125,1455.6661376953125,1455.6661376953125,1000000,0.0037738942257090624
2022-12-15,1429.2049560546875,1429.2049560546875,1429.2049560546875,1429.2049560546875,1429.2049560546875,1000000,-0.01817805673663586
2022-12-16,1412.6697631835937,1412.6697631835937,1412.6697631835937,1412.6697631835937,1412.6697631835937,1000000,-0.011569504290510735
2022-12-19,1407.6393920898438,1407.6393920898438,1407.6393920898438,1407.6393920898438,1407.6393920898438,1000000,-0.0035608966970549494
2022-12-20,1416.6697143554688,1416.6697143554688,1416.6697143554688,1416.6697143554688,1416.6697143554688,1000000,0.006415224180546852
2022-12-21,1413.1475463867187,1413.1475463867187,1413.1475463867187,1413.1475463867187,1413.1475463867187,1000000,-0.0024862308645827724
2022-12-22,1412.3748168945312,1412.3748168945312,1412.3748168945312,1412.3748168945312,1412.3748168945312,1000000,-0.0005468144456417523
2022-12-23,1391.8056274414062,1391.8056274414062,1391.8056274414062,1391.8056274414062,1391.8056274414062,1000000,-0.014563548717437258
2022-12-26,1404.900244140625,1404.900244140625,1404.900244140625,1404.900244140625,1404.900244140625,1000000,0.009408365967948473
2022-12-27,1411.7935668945313,1411.7935668945313,1411.7935668945313,1411.7935668945313,1411.7935668945313,1000000,0.004906627913729755
2022-12-28,1410.0463989257812,1410.0463989257812,1410.0463989257812,1410.0463989257812,1410.0463989257812,1000000,-0.0012375520116536531
2022-12-29,1416.2023193359375,1416.2023193359375,1416.2023193359375,1416.2023193359375,1416.2023193359375,1000000,0.004365757335961451
2022-12-30,1408.1380493164063,1408.1380493164063,1408.1380493164063,1408.1380493164063,1408.1380493164063,1000000,-0.005694292340456375
2023-01-02,1416.741943359375,1416.741943359375,1416.741943359375,1416.741943359375,1416.741943359375,1000000,0.006110121125656454
2023-01-03,1424.4163452148437,1424.4163452148437,1424.4163452148437,1424.4163452148437,1424.4163452148437,1000000,0.005416937002141076
2023-01-04,1413.3078002929688,1413.3078002929688,1413.3078002929688,1413.3078002929688,1413.3078002929688,1000000,-0.007798664315523118
2023-01-05,1403.8765502929687,1403.8765502929687,1403.8765502929687,1403.8765502929687,1403.8765502929687,1000000,-0.006673174801727577
2023-01-06,1381.2273681640625,1381.2273681640625,1381.2273681640625,1381.2273681640625,1381.2273681640625,1000000,-0.016133314659454667
2023-01-09,1413.2876342773438,1413.2876342773438,1413.2876342773438,1413.2876342773438,1413.2876342773438,1000000,0.023211432709949964
2023-01-10,1396.0992553710937,1396.0992553710937,1396.0992553710937,1396.0992553710937,1396.0992553710937,1000000,-0.012161982097182222
2023-01-11,1404.0490112304688,1404.0490112304688,1404.0490112304688,1404.0490112304688,1404.0490112304688,1000000,0.005694262659900806
2023-01-12,1401.4747924804688,1401.4747924804688,1401.4747924804688,1401.4747924804688,1401.4747924804688,1000000,-0.001833425136451683
2023-01-13,1414.9991943359375,1414.9991943359375,1414.9991943359375,1414.9991943359375,1414.9991943359375,1000000,0.00965012137787502
2023-01-16,1419.9939086914062,1419.9939086914062,1419.9939086914062,1419.9939086914062,1419.9939086914062,1000000,0.003529835476558496
2023-01-17,1435.92392578125,1435.92392578125,1435.92392578125,1435.92392578125,1435.92392578125,1000000,0.01121837001718129
2023-01-18,1442.2532348632812,1442.2532348632812,1442.2532348632812,1442.2532348632812,1442.2532348632812,1000000,0.004407830365099175
2023-01-19,1437.7684692382813,1437.7684692382813,1437.7684692382813,1437.7684692382813,1437.7684692382813,1000000,-0.003109554907966605
2023-01-20,1433.2998413085938,1433.2998413085938,1433.2998413085938,1433.2998413085938,1433.2998413085938,1000000,-0.003108030274203255
2023-01-23,1447.0221923828126,1447.0221923828126,1447.0221923828126,1447.0221923828126,1447.0221923828126,1000000,0.009573957017737778
2023-01-24,1452.2369140625,1452.2369140625,1452.2369140625,1452.2369140625,1452.2369140625,1000000,0.0036037606797865163
2023-01-25,1438.9644653320313,1438.9644653320313,1438.9644653320313,1438.9644653320313,1438.9644653320313,1000000,-0.009139313704222274
2023-01-27,1416.6354736328126,1416.6354736328126,1416.6354736328126,1416.6354736328126,1416.6354736328126,1000000,-0.015517403130636986
2023-01-30,1427.3737548828126,1427.3737548828126,1427.3737548828126,1427.3737548828126,1427.3737548828126,1000000,0.007580130139239527
2023-01-31,1412.9606811523438,1412.9606811523438,1412.9606811523438,1412.9606811523438,1412.9606811523438,1000000,-0.010097617166606843
2023-02-01,1429.2274291992187,1429.2274291992187,1429.2274291992187,1429.2274291992187,1429.2274291992187,1000000,0.011512527039045706
2023-02-02,1443.0090698242188,1443.0090698242188,1443.0090698242188,1443.0090698242188,1443.0090698242188,1000000,0.009642720496010782
2023-02-03,1456.3802734375,1456.3802734375,1456.3802734375,1456.3802734375,1456.3802734375,1000000,0.009266195128565524
2023-02-06,1442.7851928710938,1442.7851928710938,1442.7851928710938,1442.7851928710938,1442.7851928710938,1000000,-0.009334842564378887
2023-02-07,1443.2765625,1443.2765625,1443.2765625,1443.2765625,1443.2765625,1000000,0.00034057019113720166
2023-02-08,1462.3560424804687,1462.3560424804687,1462.3560424804687,1462.3560424804687,1462.3560424804687,1000000,0.013219559214222798
2023-02-09,1471.2571533203125,1471.2571533203125,1471.2571533203125,1471.2571533203125,1471.2571533203125,1000000,0.006086828775806019
2023-02-10,1466.641845703125,1466.641845703125,1466.641845703125,1466.641845703125,1466.641845703125,1000000,-0.0031369822785715096
2023-02-13,1447.5395141601562,1447.5395141601562,1447.5395141601562,1447.5395141601562,1447.5395141601562,1000000,-0.013024537380365686
2023-02-14,1464.67177734375,1464.67177734375,1464.67177734375,1464.67177734375,1464.67177734375,1000000,0.011835437316910502
2023-02-15,1474.7285400390624,1474.7285400390624,1474.7285400390624,1474.7285400390624,1474.7285400390624,1000000,0.006866222761218843
2023-02-16,1481.35966796875,1481.35966796875,1481.35966796875,1481.35966796875,1481.35966796875,1000000,0.004496507492498969
2023-02-17,1466.6068603515625,1466.6068603515625,1466.6068603515625,1466.6068603515625,1466.6068603515625,1000000,-0.00995896400866414
2023-02-20,1459.77080078125,1459.77080078125,1459.77080078125,1459.77080078125,1459.77080078125,1000000,-0.004661139774481793
2023-02-21,1453.6406494140624,1453.6406494140624,1453.6406494140624,1453.6406494140624,1453.6406494140624,1000000,-0.004199393058079259
2023-02-22,1430.4968139648438,1430.4968139648438,1430.4968139648438,1430.4968139648438,1430.4968139648438,1000000,-0.015921290766426677
2023-02-23,1428.752001953125,1428.752001953125,1428.752001953125,1428.752001953125,1428.752001953125,1000000,-0.0012197245003872093
2023-02-24,1426.4290283203125,1426.4290283203125,1426.4290283203125,1426.4290283203125,1426.4290283203125,1000000,-0.0016258760300157382
2023-02-27,1408.7487670898438,1408.7487670898438,1408.7487670898438,1408.7487670898438,1408.7487670898438,1000000,-0.012394771053760745
2023-02-28,1397.6108520507812,1397.6108520507812,1397.6108520507812,1397.6108520507812,1397.6108520507812,1000000,-0.007906246521209748
2023-03-01,1414.433740234375,1414.433740234375,1414.433740234375,1414.433740234375,1414.433740234375,1000000,0.012036890067724348
2023-03-02,1395.1243408203125,1395.1243408203125,1395.1243408203125,1395.1243408203125,1395.1243408203125,1000000,-0.013651681846095443
2023-03-03,1411.3752563476562,1411.3752563476562,1411.3752563476562,1411.3752563476562,1411.3752563476562,1000000,0.011648363555744723
2023-03-06,1424.8597290039063,1424.8597290039063,1424.8597290039063,1424.8597290039063,1424.8597290039063,1000000,0.009554137069927915
2023-03-08,1427.520556640625,1427.520556640625,1427.520556640625,1427.520556640625,1427.520556640625,1000000,0.0018674312864319642
2023-03-09,1407.176513671875,1407.176513671875,1407.176513671875,1407.176513671875,1407.176513671875,1000000,-0.014251313491853046
2023-03-10,1394.6277587890625,1394.6277587890625,1394.6277587890625,1394.6277587890625,1394.6277587890625,1000000,-0.008917683574797497
2023-03-13,1371.0267578125,1371.0267578125,1371.0267578125,1371.0267578125,1371.0267578125,1000000,-0.016922795941660462
2023-03-14,1355.3628540039062,1355.3628540039062,1355.3628540039062,1355.3628540039062,1355.3628540039062,1000000,-0.011424943911077068
2023-03-15,1345.8584716796875,1345.8584716796875,1345.8584716796875,1345.8584716796875,1345.8584716796875,1000000,-0.0070124264481217224
2023-03-16,1340.0871215820312,1340.0871215820312,1340.0871215820312,1340.0871215820312,1340.0871215820312,1000000,-0.004288229571756785
2023-03-17,1346.1533935546875,1346.1533935546875,1346.1533935546875,1346.1533935546875,1346.1533935546875,1000000,0.00452677432307147
2023-03-20,1333.5806030273438,1333.5806030273438,1333.5806030273438,1333.5806030273438,1333.5806030273438,1000000,-0.00933979038907562
2023-03-21,1335.51396484375,1335.51396484375,1335.51396484375,1335.51396484375,1335.51396484375,1000000,0.0014497525024113056
2023-03-22,1341.5398193359374,1341.5398193359374,1341.5398193359374,1341.5398193359374,1341.5398193359374,1000000,0.004512011593148957
2023-03-23,1333.0425903320313,1333.0425903320313,1333.0425903320313,1333.0425903320313,1333.0425903320313,1000000,-0.006333937227530284
2023-03-24,1328.5086059570312,1328.5086059570312,1328.5086059570312,1328.5086059570312,1328.5086059570312,1000000,-0.003401229944101636
2023-03-27,1333.3596435546874,1333.3596435546874,1333.3596435546874,1333.3596435546874,1333.3596435546874,1000000,0.0036514912857199544
2023-03-28,1333.4978881835937,1333.4978881835937,1333.4978881835937,1333.4978881835937,1333.4978881835937,1000000,0.00010368142576866468
2023-03-29,1337.5189697265625,1337.5189697265625,1337.5189697265625,1337.5189697265625,1337.5189697265625,1000000,0.003015439003391407
2023-03-31,1373.5877807617187,1373.5877807617187,1373.5877807617187,1373.5877807617187,1373.5877807617187,1000000,0.026966952881819717
2023-04-03,1370.856298828125,1370.856298828125,1370.856298828125,1370.856298828125,1370.856298828125,1000000,-0.0019885747178668423
2023-04-05,1384.09599609375,1384.09599609375,1384.09599609375,1384.09599609375,1384.09599609375,1000000,0.009657976023411674
2023-04-06,1381.070361328125,1381.070361328125,1381.070361328125,1381.070361328125,1381.070361328125,1000000,-0.0021860006633673823
2023-04-10,1386.3078491210938,1386.3078491210938,1386.3078491210938,1386.3078491210938,1386.3078491210938,1000000,0.0037923395792318626
2023-04-11,1377.5850463867187,1377.5850463867187,1377.5850463867187,1377.5850463867187,1377.5850463867187,1000000,-0.006292110904446924
2023-04-12,1391.2068115234374,1391.2068115234374,1391.2068115234374,1391.2068115234374,1391.2068115234374,1000000,0.009888148228994975
2023-04-13,1377.8512939453126,1377.8512939453126,1377.8512939453126,1377.8512939453126,1377.8512939453126,1000000,-0.009599951256348382
2023-04-17,1344.4861450195312,1344.4861450195312,1344.4861450195312,1344.4861450195312,1344.4861450195312,1000000,-0.024215348254487012
2023-04-18,1339.0881713867188,1339.0881713867188,1339.0881713867188,1339.0881713867188,1339.0881713867188,1000000,-0.0040148971804644384
2023-04-19,1327.4161376953125,1327.4161376953125,1327.4161376953125,1327.4161376953125,1327.4161376953125,1000000,-0.008716404147845691
2023-04-20,1329.1286865234374,1329.1286865234374,1329.1286865234374,1329.1286865234374,1329.1286865234374,1000000,0.0012901371163818176
2023-04-21,1338.8254272460938,1338.8254272460938,1338.8254272460938,1338.8254272460938,1338.8254272460938,1000000,0.007295561988071908
2023-04-24,1346.9968505859374,1346.9968505859374,1346.9968505859374,1346.9968505859374,1346.9968505859374,1000000,0.0061034270589346296
2023-04-25,1348.0294311523437,1348.0294311523437,1348.0294311523437,1348.0294311523437,1348.0294311523437,1000000,0.0007665797926381668
2023-04-26,1352.274072265625,1352.274072265625,1352.274072265625,1352.274072265625,1352.274072265625,1000000,0.00314877480801945
2023-04-27,1356.6736572265625,1356.6736572265625,1356.6736572265625,1356.6736572265625,1356.6736572265625,1000000,0.0032534713570055995
2023-04-28,1367.9576416015625,1367.9576416015625,1367.9576416015625,1367.9576416015625,1367.9576416015625,1000000,0.008317390342838848
2023-05-02,1375.1224609375,1375.1224609375,1375.1224609375,1375.1224609375,1375.1224609375,1000000,0.0052376032108341075
2023-05-03,1365.2651123046876,1365.2651123046876,1365.2651123046876,1365.2651123046876,1365.2651123046876,1000000,-0.007168342393369054
2023-05-04,1379.05048828125,1379.05048828125,1379.05048828125,1379.05048828125,1379.05048828125,1000000,0.010097215443593432
2023-05-05,1369.0572143554687,1369.0572143554687,1369.0572143554687,1369.0572143554687,1369.0572143554687,1000000,-0.007246488805668139
2023-05-08,1380.4924194335938,1380.4924194335938,1380.4924194335938,1380.4924194335938,1380.4924194335938,1000000,0.008352612993978159
2023-05-09,1387.349951171875,1387.349951171875,1387.349951171875,1387.349951171875,1387.349951171875,1000000,0.004967453382391573
2023-05-10,1389.24765625,1389.24765625,1389.24765625,1389.24765625,1389.24765625,1000000,0.0013678632968718851
2023-05-11,1386.3576904296874,1386.3576904296874,1386.3576904296874,1386.3576904296874,1386.3576904296874,1000000,-0.002080238039136595
2023-05-12,1385.6437255859375,1385.6437255859375,1385.6437255859375,1385.6437255859375,1385.6437255859375,1000000,-0.0005149932435752902
2023-05-15,1386.07490234375,1386.07490234375,1386.07490234375,1386.07490234375,1386.07490234375,1000000,0.0003111743299166747
2023-05-16,1383.6914794921875,1383.6914794921875,1383.6914794921875,1383.6914794921875,1383.6914794921875,1000000,-0.0017195483790466426
2023-05-17,1368.0622314453126,1368.0622314453126,1368.0622314453126,1368.0622314453126,1368.0622314453126,1000000,-0.01129532723046811
2023-05-18,1367.840185546875,1367.840185546875,1367.840185546875,1367.840185546875,1367.840185546875,1000000,-0.00016230686977081188
2023-05-19,1378.5477416992187,1378.5477416992187,1378.5477416992187,1378.5477416992187,1378.5477416992187,1000000,0.007828075432703141
2023-05-22,1396.4583374023437,1396.4583374023437,1396.4583374023437,1396.4583374023437,1396.4583374023437,1000000,0.01299236519806568
2023-05-23,1397.6464111328125,1397.6464111328125,1397.6464111328125,1397.6464111328125,1397.6464111328125,1000000,0.000850776352324889
2023-05-24,1392.7011840820312,1392.7011840820312,1392.7011840820312,1392.7011840820312,1392.7011840820312,1000000,-0.00353825331742752
2023-05-25,1391.16005859375,1391.16005859375,1391.16005859375,1391.16005859375,1391.16005859375,1000000,-0.0011065729719308415
2023-05-26,1408.6954467773437,1408.6954467773437,1408.6954467773437,1408.6954467773437,1408.6954467773437,1000000,0.012604867481114557
2023-05-29,1409.2663452148438,1409.2663452148438,1409.2663452148438,1409.2663452148438,1409.2663452148438,1000000,0.00040526746842695083
2023-05-30,1410.6218017578126,1410.6218017578126,1410.6218017578126,1410.6218017578126,1410.6218017578126,1000000,0.0009618171522871588
2023-05-31,1397.5953125,1397.5953125,1397.5953125,1397.5953125,1397.5953125,1000000,-0.00923457247121795
2023-06-01,1400.2642822265625,1400.2642822265625,1400.2642822265625,1400.2642822265625,1400.2642822265625,1000000,0.001909687090884793
2023-06-02,1396.2873657226562,1396.2873657226562,1396.2873657226562,1396.2873657226562,1396.2873657226562,1000000,-0.002840118507902334
2023-06-05,1397.7387084960938,1397.7387084960938,1397.7387084960938,1397.7387084960938,1397.7387084960938,1000000,0.0010394298545317593
2023-06-06,1381.6321533203125,1381.6321533203125,1381.6321533203125,1381.6321533203125,1381.6321533203125,1000000,-0.01152329478884595
2023-06-07,1393.3057250976562,1393.3057250976562,1393.3057250976562,1393.3057250976562,1393.3057250976562,1000000,0.00844911704558271
2023-06-08,1384.9923217773437,1384.9923217773437,1384.9923217773437,1384.9923217773437,1384.9923217773437,1000000,-0.005966675633755747
2023-06-09,1375.60205078125,1375.60205078125,1375.60205078125,1375.60205078125,1375.60205078125,1000000,-0.006780016645899778
2023-06-12,1386.0077270507813,1386.0077270507813,1386.0077270507813,1386.0077270507813,1386.0077270507813,1000000,0.007564452425482759
2023-06-13,1392.8513061523438,1392.8513061523438,1392.8513061523438,1392.8513061523438,1392.8513061523438,1000000,0.004937619731835596
2023-06-14,1395.2933349609375,1395.2933349609375,1395.2933349609375,1395.2933349609375,1395.2933349609375,1000000,0.0017532587992752369
2023-06-15,1386.4545043945313,1386.4545043945313,1386.4545043945313,1386.4545043945313,1386.4545043945313,1000000,-0.0063347472140355965
2023-06-16,1385.4918701171875,1385.4918701171875,1385.4918701171875,1385.4918701171875,1385.4918701171875,1000000,-0.0006943136426710295
2023-06-19,1388.060498046875,1388.060498046875,1388.060498046875,1388.060498046875,1388.060498046875,1000000,0.0018539465911626696
2023-06-20,1394.2046752929687,1394.2046752929687,1394.2046752929687,1394.2046752929687,1394.2046752929687,1000000,0.004426447733898664
2023-06-21,1402.222900390625,1402.222900390625,1402.222900390625,1402.222900390625,1402.222900390625,1000000,0.005751110464445652
2023-06-22,1393.7360961914062,1393.7360961914062,1393.7360961914062,1393.7360961914062,1393.7360961914062,1000000,-0.006052393094460595
2023-06-23,1384.3408203125,1384.3408203125,1384.3408203125,1384.3408203125,1384.3408203125,1000000,-0.006741072362680622
2023-06-26,1378.6977416992188,1378.6977416992188,1378.6977416992188,1378.6977416992188,1378.6977416992188,1000000,-0.0040763651049510186
2023-06-27,1385.6837524414063,1385.6837524414063,1385.6837524414063,1385.6837524414063,1385.6837524414063,1000000,0.005067108279714239
2023-06-28,1396.5241088867188,1396.5241088867188,1396.5241088867188,1396.5241088867188,1396.5241088867188,1000000,0.007823110017861623
2023-06-30,1423.809716796875,1423.809716796875,1423.809716796875,1423.809716796875,1423.809716796875,1000000,0.019538229047766142
2023-07-03,1427.2682495117188,1427.2682495117188,1427.2682495117188,1427.2682495117188,1427.2682495117188,1000000,0.0024290694704798277
2023-07-04,1434.808447265625,1434.808447265625,1434.808447265625,1434.808447265625,1434.808447265625,1000000,0.005282957675605715
2023-07-05,1434.1816162109376,1434.1816162109376,1434.1816162109376,1434.1816162109376,1434.1816162109376,1000000,-0.0004368743826969057
2023-07-06,1439.4684936523438,1439.4684936523438,1439.4684936523438,1439.4684936523438,1439.4684936523438,1000000,0.003686337477518231
2023-07-07,1433.7335571289063,1433.7335571289063,1433.7335571289063,1433.7335571289063,1433.7335571289063,1000000,-0.003984065332952369
2023-07-10,1432.2985107421875,1432.2985107421875,1432.2985107421875,1432.2985107421875,1432.2985107421875,1000000,-0.0010009156719414936
2023-07-11,1437.170166015625,1437.170166015625,1437.170166015625,1437.170166015625,1437.170166015625,1000000,0.0034012848836328935
2023-07-12,1430.7914184570313,1430.7914184570313,1430.7914184570313,1430.7914184570313,1430.7914184570313,1000000,-0.0044384079974871815
2023-07-13,1452.0587890625,1452.0587890625,1452.0587890625,1452.0587890625,1452.0587890625,1000000,0.014864060778616794
2023-07-14,1495.9256469726563,1495.9256469726563,1495.9256469726563,1495.9256469726563,1495.9256469726563,1000000,0.0302101114917519
2023-07-17,1501.2553466796876,1501.2553466796876,1501.2553466796876,1501.2553466796876,1501.2553466796876,1000000,0.003562810570042041
2023-07-18,1515.0457153320312,1515.0457153320312,1515.0457153320312,1515.0457153320312,1515.0457153320312,1000000,0.009185891449341899
2023-07-19,1512.3827514648438,1512.3827514648438,1512.3827514648438,1512.3827514648438,1512.3827514648438,1000000,-0.0017576788873356897
2023-07-20,1512.524169921875,1512.524169921875,1512.524169921875,1512.524169921875,1512.524169921875,1000000,9.350705493971212e-05
2023-07-21,1464.7018432617188,1464.7018432617188,1464.7018432617188,1464.7018432617188,1464.7018432617188,1000000,-0.03161756196109344
2023-07-24,1464.681689453125,1464.681689453125,1464.681689453125,1464.681689453125,1464.681689453125,1000000,-1.3759666301016438e-05
2023-07-25,1467.2364624023437,1467.2364624023437,1467.2364624023437,1467.2364624023437,1467.2364624023437,1000000,0.0017442513056693532
2023-07-26,1471.5949584960938,1471.5949584960938,1471.5949584960938,1471.5949584960938,1471.5949584960938,1000000,0.0029705478329060675
2023-07-27,1468.749462890625,1468.749462890625,1468.749462890625,1468.749462890625,1468.749462890625,1000000,-0.001933613314615279
2023-07-28,1459.6392944335937,1459.6392944335937,1459.6392944335937,1459.6392944335937,1459.6392944335937,1000000,-0.006202670153901968
2023-07-31,1477.7659790039063,1477.7659790039063,1477.7659790039063,1477.7659790039063,1477.7659790039063,1000000,0.012418605500303714
2023-08-01,1481.8802001953125,1481.8802001953125,1481.8802001953125,1481.8802001953125,1481.8802001953125,1000000,0.0027840816813087255
2023-08-02,1472.0616577148437,1472.0616577148437,1472.0616577148437,1472.0616577148437,1472.0616577148437,1000000,-0.006625732956803576
2023-08-03,1459.50947265625,1459.50947265625,1459.50947265625,1459.50947265625,1459.50947265625,1000000,-0.008526942463863318
2023-08-04,1476.699267578125,1476.699267578125,1476.699267578125,1476.699267578125,1476.699267578125,1000000,0.01177778921200856
2023-08-07,1489.1107055664063,1489.1107055664063,1489.1107055664063,1489.1107055664063,1489.1107055664063,1000000,0.008404851455392714
2023-08-08,1485.3394653320313,1485.3394653320313,1485.3394653320313,1485.3394653320313,1485.3394653320313,1000000,-0.002532545243465023
2023-08-09,1486.46328125,1486.46328125,1486.46328125,1486.46328125,1486.46328125,1000000,0.0007566054388230548
2023-08-10,1479.7723022460937,1479.7723022460937,1479.7723022460937,1479.7723022460937,1479.7723022460937,1000000,-0.004501274325646065
2023-08-11,1475.0688354492188,1475.0688354492188,1475.0688354492188,1475.0688354492188,1475.0688354492188,1000000,-0.0031785071187881986
2023-08-14,1482.7354125976562,1482.7354125976562,1482.7354125976562,1482.7354125976562,1482.7354125976562,1000000,0.005197436868159988
2023-08-16,1487.5853515625,1487.5853515625,1487.5853515625,1487.5853515625,1487.5853515625,1000000,0.003270940265968969
2023-08-17,1476.7046997070313,1476.7046997070313,1476.7046997070313,1476.7046997070313,1476.7046997070313,1000000,-0.007314304247510894
2023-08-18,1461.0089233398437,1461.0089233398437,1461.0089233398437,1461.0089233398437,1461.0089233398437,1000000,-0.010628920169551526
2023-08-21,1468.3910034179687,1468.3910034179687,1468.3910034179687,1468.3910034179687,1468.3910034179687,1000000,0.005052727577631533
2023-08-22,1463.176318359375,1463.176318359375,1463.176318359375,1463.176318359375,1463.176318359375,1000000,-0.003551291887825103
2023-08-23,1470.4638061523438,1470.4638061523438,1470.4638061523438,1470.4638061523438,1470.4638061523438,1000000,0.0049805944106176
2023-08-24,1466.911572265625,1466.911572265625,1466.911572265625,1466.911572265625,1466.911572265625,1000000,-0.0024157234417171436
2023-08-25,1462.5420288085938,1462.5420288085938,1462.5420288085938,1462.5420288085938,1462.5420288085938,1000000,-0.0029787367825331312
2023-08-28,1459.8332275390626,1459.8332275390626,1459.8332275390626,1459.8332275390626,1459.8332275390626,1000000,-0.0018521185826966269
2023-08-29,1458.64580078125,1458.64580078125,1458.64580078125,1458.64580078125,1458.64580078125,1000000,-0.0008133989111991369
2023-08-30,1461.463232421875,1461.463232421875,1461.463232421875,1461.463232421875,1461.463232421875,1000000,0.0019315392668433073
2023-08-31,1453.4427001953125,1453.4427001953125,1453.4427001953125,1453.4427001953125,1453.4427001953125,1000000,-0.00548801505821761
2023-09-01,1461.9042602539062,1461.9042602539062,1461.9042602539062,1461.9042602539062,1461.9042602539062,1000000,0.005821736252455301
2023-09-04,1473.4592651367188,1473.4592651367188,1473.4592651367188,1473.4592651367188,1473.4592651367188,1000000,0.007904077713547286
2023-09-05,1478.5163330078126,1478.5163330078126,1478.5163330078126,1478.5163330078126,1478.5163330078126,1000000,0.0034321056514747816
2023-09-06,1478.6848388671874,1478.6848388671874,1478.6848388671874,1478.6848388671874,1478.6848388671874,1000000,0.00011396956233289401
2023-09-07,1484.6840576171876,1484.6840576171876,1484.6840576171876,1484.6840576171876,1484.6840576171876,1000000,0.004057131440257544
2023-09-08,1486.62236328125,1486.62236328125,1486.62236328125,1486.62236328125,1486.62236328125,1000000,0.0013055340994052589
2023-09-11,1499.8995239257813,1499.8995239257813,1499.8995239257813,1499.8995239257813,1499.8995239257813,1000000,0.008931091696499305
2023-09-12,1522.10849609375,1522.10849609375,1522.10849609375,1522.10849609375,1522.10849609375,1000000,0.014806973276343172
2023-09-13,1520.9722900390625,1520.9722900390625,1520.9722900390625,1520.9722900390625,1520.9722900390625,1000000,-0.0007464685057625431
2023-09-14,1520.8207763671876,1520.8207763671876,1520.8207763671876,1520.8207763671876,1520.8207763671876,1000000,-9.96163262586558e-05
2023-09-15,1531.8671752929688,1531.8671752929688,1531.8671752929688,1531.8671752929688,1531.8671752929688,1000000,0.007263445566655147
2023-09-18,1524.0150390625,1524.0150390625,1524.0150390625,1524.0150390625,1524.0150390625,1000000,-0.005125859707103664
2023-09-20,1511.4917602539062,1511.4917602539062,1511.4917602539062,1511.4917602539062,1511.4917602539062,1000000,-0.008217293456826646
2023-09-21,1501.5952270507812,1501.5952270507812,1501.5952270507812,1501.5952270507812,1501.5952270507812,1000000,-0.006547527061254055
2023-09-22,1498.9261352539063,1498.9261352539063,1498.9261352539063,1498.9261352539063,1498.9261352539063,1000000,-0.00177750418274647
2023-09-25,1489.9528198242188,1489.9528198242188,1489.9528198242188,1489.9528198242188,1489.9528198242188,1000000,-0.005986496077852066
2023-09-26,1488.3977294921874,1488.3977294921874,1488.3977294921874,1488.3977294921874,1488.3977294921874,1000000,-0.0010437178354512078
2023-09-27,1490.685400390625,1490.685400390625,1490.685400390625,1490.685400390625,1490.685400390625,1000000,0.0015370024107859148
2023-09-28,1472.2017578125,1472.2017578125,1472.2017578125,1472.2017578125,1472.2017578125,1000000,-0.012399425508079376
2023-09-29,1473.1360473632812,1473.1360473632812,1473.1360473632812,1473.1360473632812,1473.1360473632812,1000000,0.0006346205917926451
2023-10-03,1463.4854370117187,1463.4854370117187,1463.4854370117187,1463.4854370117187,1463.4854370117187,1000000,-0.006551065238567633
2023-10-04,1469.3959594726562,1469.3959594726562,1469.3959594726562,1469.3959594726562,1469.3959594726562,1000000,0.004038661616617256
2023-10-05,1485.0435424804687,1485.0435424804687,1485.0435424804687,1485.0435424804687,1485.0435424804687,1000000,0.010648990088027777
2023-10-06,1494.7715576171875,1494.7715576171875,1494.7715576171875,1494.7715576171875,1494.7715576171875,1000000,0.006550659868511444
2023-10-09,1492.3324951171876,1492.3324951171876,1492.3324951171876,1492.3324951171876,1492.3324951171876,1000000,-0.0016317292683090123
2023-10-10,1498.4905517578125,1498.4905517578125,1498.4905517578125,1498.4905517578125,1498.4905517578125,1000000,0.004126464216770431
2023-10-11,1500.27890625,1500.27890625,1500.27890625,1500.27890625,1500.27890625,1000000,0.0011934372826640782
2023-10-12,1484.3129272460938,1484.3129272460938,1484.3129272460938,1484.3129272460938,1484.3129272460938,1000000,-0.010642007254380359
2023-10-13,1481.3096801757813,1481.3096801757813,1481.3096801757813,1481.3096801757813,1481.3096801757813,1000000,-0.002023324741828203
2023-10-16,1472.1892578125,1472.1892578125,1472.1892578125,1472.1892578125,1472.1892578125,1000000,-0.006156999097041593
2023-10-17,1473.2926147460937,1473.2926147460937,1473.2926147460937,1473.2926147460937,1473.2926147460937,1000000,0.0007494667738801031
2023-10-18,1462.1787475585938,1462.1787475585938,1462.1787475585938,1462.1787475585938,1462.1787475585938,1000000,-0.007543557251466493
2023-10-19,1452.9724731445312,1452.9724731445312,1452.9724731445312,1452.9724731445312,1452.9724731445312,1000000,-0.006296271525922714
2023-10-20,1458.4215087890625,1458.4215087890625,1458.4215087890625,1458.4215087890625,1458.4215087890625,1000000,0.003750267637719462
2023-10-23,1433.824609375,1433.824609375,1433.824609375,1433.824609375,1433.824609375,1000000,-0.016865425575412374
2023-10-25,1422.1846435546875,1422.1846435546875,1422.1846435546875,1422.1846435546875,1422.1846435546875,1000000,-0.008118123893400275
2023-10-26,1402.6838256835938,1402.6838256835938,1402.6838256835938,1402.6838256835938,1402.6838256835938,1000000,-0.01371187486763481
2023-10-27,1414.3859375,1414.3859375,1414.3859375,1414.3859375,1414.3859375,1000000,0.008342658268482683
2023-10-30,1427.3823364257812,1427.3823364257812,1427.3823364257812,1427.3823364257812,1427.3823364257812,1000000,0.009188721819981538
2023-10-31,1418.8537109375,1418.8537109375,1418.8537109375,1418.8537109375,1418.8537109375,1000000,-0.005975011229042648
2023-11-01,1409.7169067382813,1409.7169067382813,1409.7169067382813,1409.7169067382813,1409.7169067382813,1000000,-0.006439567468292107
2023-11-02,1421.7072631835938,1421.7072631835938,1421.7072631835938,1421.7072631835938,1421.7072631835938,1000000,0.008505506593557977
2023-11-03,1426.8462036132812,1426.8462036132812,1426.8462036132812,1426.8462036132812,1426.8462036132812,1000000,0.0036146262755807346
2023-11-06,1440.0951049804687,1440.0951049804687,1440.0951049804687,1440.0951049804687,1440.0951049804687,1000000,0.009285444593563508
2023-11-07,1436.8038452148437,1436.8038452148437,1436.8038452148437,1436.8038452148437,1436.8038452148437,1000000,-0.002285446116886636
2023-11-08,1435.5695068359375,1435.5695068359375,1435.5695068359375,1435.5695068359375,1435.5695068359375,1000000,-0.0008590862162688451
2023-11-09,1423.5621337890625,1423.5621337890625,1423.5621337890625,1423.5621337890625,1423.5621337890625,1000000,-0.008364187863909023
2023-11-10,1421.12861328125,1421.12861328125,1421.12861328125,1421.12861328125,1421.12861328125,1000000,-0.0017094585828405506
2023-11-13,1420.54091796875,1420.54091796875,1420.54091796875,1420.54091796875,1420.54091796875,1000000,-0.000413541256581329
2023-11-15,1447.6580688476563,1447.6580688476563,1447.6580688476563,1447.6580688476563,1447.6580688476563,1000000,0.019089313469182967
2023-11-16,1470.9847534179687,1470.9847534179687,1470.9847534179687,1470.9847534179687,1470.9847534179687,1000000,0.016113393813278476
2023-11-17,1466.8710205078125,1466.8710205078125,1466.8710205078125,1466.8710205078125,1466.8710205078125,1000000,-0.002796584329373575
2023-11-20,1469.1659912109376,1469.1659912109376,1469.1659912109376,1469.1659912109376,1469.1659912109376,1000000,0.0015645347621160433
2023-11-21,1472.936376953125,1472.936376953125,1472.936376953125,1472.936376953125,1472.936376953125,1000000,0.0025663442829082506
2023-11-22,1479.8102416992188,1479.8102416992188,1479.8102416992188,1479.8102416992188,1479.8102416992188,1000000,0.004666776415905183
2023-11-23,1475.8182983398438,1475.8182983398438,1475.8182983398438,1475.8182983398438,1475.8182983398438,1000000,-0.0026976049002006564
2023-11-24,1466.3695922851562,1466.3695922851562,1466.3695922851562,1466.3695922851562,1466.3695922851562,1000000,-0.006402350523310729
2023-11-28,1468.6962524414062,1468.6962524414062,1468.6962524414062,1468.6962524414062,1468.6962524414062,1000000,0.0015866805807287498
2023-11-29,1486.1410522460938,1486.1410522460938,1486.1410522460938,1486.1410522460938,1486.1410522460938,1000000,0.011877745160504993
2023-11-30,1477.269580078125,1477.269580078125,1477.269580078125,1477.269580078125,1477.269580078125,1000000,-0.005969468479832818
2023-12-01,1484.8153198242187,1484.8153198242187,1484.8153198242187,1484.8153198242187,1484.8153198242187,1000000,0.005107896248492949
2023-12-04,1503.66962890625,1503.66962890625,1503.66962890625,1503.66962890625,1503.66962890625,1000000,0.012698083613700506
2023-12-05,1512.75361328125,1512.75361328125,1512.75361328125,1512.75361328125,1512.75361328125,1000000,0.0060412102501581355
2023-12-06,1530.5206298828125,1530.5206298828125,1530.5206298828125,1530.5206298828125,1530.5206298828125,1000000,0.011744818485691644
2023-12-07,1529.9743408203126,1529.9743408203126,1529.9743408203126,1529.9743408203126,1529.9743408203126,1000000,-0.0003569302182759859
2023-12-08,1541.1783325195313,1541.1783325195313,1541.1783325195313,1541.1783325195313,1541.1783325195313,1000000,0.007322993203410011
2023-12-11,1545.0419311523438,1545.0419311523438,1545.0419311523438,1545.0419311523438,1545.0419311523438,1000000,0.0025069121147689444
2023-12-12,1542.7796630859375,1542.7796630859375,1542.7796630859375,1542.7796630859375,1542.7796630859375,1000000,-0.0014642114371089532
2023-12-13,1523.628564453125,1523.628564453125,1523.628564453125,1523.628564453125,1523.628564453125,1000000,-0.012413372493195629
2023-12-14,1555.5531005859375,1555.5531005859375,1555.5531005859375,1555.5531005859375,1555.5531005859375,1000000,0.020952965097678744
2023-12-15,1609.7999633789063,1609.7999633789063,1609.7999633789063,1609.7999633789063,1609.7999633789063,1000000,0.03487303826049737
2023-12-18,1606.1693115234375,1606.1693115234375,1606.1693115234375,1606.1693115234375,1606.1693115234375,1000000,-0.002255343482458705
2023-12-19,1599.369140625,1599.369140625,1599.369140625,1599.369140625,1599.369140625,1000000,-0.004233782111045081
2023-12-20,1584.2922241210938,1584.2922241210938,1584.2922241210938,1584.2922241210938,1584.2922241210938,1000000,-0.009426789676593605
2023-12-21,1591.4865234375,1591.4865234375,1591.4865234375,1591.4865234375,1591.4865234375,1000000,0.004541017879701625
2023-12-22,1599.8941162109375,1599.8941162109375,1599.8941162109375,1599.8941162109375,1599.8941162109375,1000000,0.005282855148077248
2023-12-26,1593.7257080078125,1593.7257080078125,1593.7257080078125,1593.7257080078125,1593.7257080078125,1000000,-0.0038555102744759484
2023-12-27,1605.1414428710937,1605.1414428710937,1605.1414428710937,1605.1414428710937,1605.1414428710937,1000000,0.007162923209383942
2023-12-28,1604.9973388671874,1604.9973388671874,1604.9973388671874,1604.9973388671874,1604.9973388671874,1000000,-8.977651442887424e-05
2023-12-29,1596.6802734375,1596.6802734375,1596.6802734375,1596.6802734375,1596.6802734375,1000000,-0.00518198082219723
2024-01-01,1601.4973754882812,1601.4973754882812,1601.4973754882812,1601.4973754882812,1601.4973754882812,1000000,0.0030169484341473485
2024-01-02,1592.086474609375,1592.086474609375,1592.086474609375,1592.086474609375,1592.086474609375,1000000,-0.005876313644308628
2024-01-03,1562.1366821289062,1562.1366821289062,1562.1366821289062,1562.1366821289062,1562.1366821289062,1000000,-0.018811661902860655
2024-01-04,1565.3831787109375,1565.3831787109375,1565.3831787109375,1565.3831787109375,1565.3831787109375,1000000,0.0020782410522535155
2024-01-05,1583.6603881835938,1583.6603881835938,1583.6603881835938,1583.6603881835938,1583.6603881835938,1000000,0.011675869347022916
2024-01-08,1564.8020874023437,1564.8020874023437,1564.8020874023437,1564.8020874023437,1564.8020874023437,1000000,-0.011908046019184715
2024-01-09,1565.772314453125,1565.772314453125,1565.772314453125,1565.772314453125,1565.772314453125,1000000,0.0006200317973705793
2024-01-10,1578.310205078125,1578.310205078125,1578.310205078125,1578.310205078125,1578.310205078125,1000000,0.008007480084599061
2024-01-11,1583.5558959960938,1583.5558959960938,1583.5558959960938,1583.5558959960938,1583.5558959960938,1000000,0.0033236121144570863
2024-01-12,1636.2887451171875,1636.2887451171875,1636.2887451171875,1636.2887451171875,1636.2887451171875,1000000,0.0333002764565653
2024-01-15,1656.3000244140626,1656.3000244140626,1656.3000244140626,1656.3000244140626,1656.3000244140626,1000000,0.012229674839841165
2024-01-16,1641.2992919921876,1641.2992919921876,1641.2992919921876,1641.2992919921876,1641.2992919921876,1000000,-0.009056772445065753
2024-01-17,1625.6610961914062,1625.6610961914062,1625.6610961914062,1625.6610961914062,1625.6610961914062,1000000,-0.009527936724934571
2024-01-18,1626.659423828125,1626.659423828125,1626.659423828125,1626.659423828125,1626.659423828125,1000000,0.0006141056331223638
2024-01-19,1643.146240234375,1643.146240234375,1643.146240234375,1643.146240234375,1643.146240234375,1000000,0.010135383083110572
2024-01-23,1618.3566040039063,1618.3566040039063,1618.3566040039063,1618.3566040039063,1618.3566040039063,1000000,-0.015086688952854699
2024-01-24,1621.3243530273437,1621.3243530273437,1621.3243530273437,1621.3243530273437,1621.3243530273437,1000000,0.0018338041295069551
2024-01-25,1616.2566162109374,1616.2566162109374,1616.2566162109374,1616.2566162109374,1616.2566162109374,1000000,-0.0031256773556406214
2024-01-29,1634.1607299804687,1634.1607299804687,1634.1607299804687,1634.1607299804687,1634.1607299804687,1000000,0.011077519244131251
2024-01-30,1624.2469360351563,1624.2469360351563,1624.2469360351563,1624.2469360351563,1624.2469360351563,1000000,-0.006066596610378006
2024-01-31,1636.5544677734374,1636.5544677734374,1636.5544677734374,1636.5544677734374,1636.5544677734374,1000000,0.007577377223394466
2024-02-01,1642.6923461914062,1642.6923461914062,1642.6923461914062,1642.6923461914062,1642.6923461914062,1000000,0.003750488320941381
2024-02-02,1674.1118774414062,1674.1118774414062,1674.1118774414062,1674.1118774414062,1674.1118774414062,1000000,0.019126850699004327
2024-02-05,1670.3604736328125,1670.3604736328125,1670.3604736328125,1670.3604736328125,1670.3604736328125,1000000,-0.002240832204313037
2024-02-06,1706.53623046875,1706.53623046875,1706.53623046875,1706.53623046875,1706.53623046875,1000000,0.02165745502661487
2024-02-07,1690.867138671875,1690.867138671875,1690.867138671875,1690.867138671875,1690.867138671875,1000000,-0.009181810217162023
2024-02-08,1692.4814819335938,1692.4814819335938,1692.4814819335938,1692.4814819335938,1692.4814819335938,1000000,0.0009547428208858122
2024-02-09,1694.5777221679687,1694.5777221679687,1694.5777221679687,1694.5777221679687,1694.5777221679687,1000000,0.0012385602186795186
2024-02-12,1688.3182739257813,1688.3182739257813,1688.3182739257813,1688.3182739257813,1688.3182739257813,1000000,-0.003693810062709413
2024-02-13,1702.07724609375,1702.07724609375,1702.07724609375,1702.07724609375,1702.07724609375,1000000,0.00814951326444846
2024-02-14,1692.3445678710937,1692.3445678710937,1692.3445678710937,1692.3445678710937,1692.3445678710937,1000000,-0.005718117814566215
2024-02-15,1694.3416748046875,1694.3416748046875,1694.3416748046875,1694.3416748046875,1694.3416748046875,1000000,0.001180082928446513
2024-02-16,1703.5272216796875,1703.5272216796875,1703.5272216796875,1703.5272216796875,1703.5272216796875,1000000,0.005421307290962352
2024-02-19,1705.0620483398438,1705.0620483398438,1705.0620483398438,1705.0620483398438,1705.0620483398438,1000000,0.0009009698469291116
2024-02-20,1692.8109619140625,1692.8109619140625,1692.8109619140625,1692.8109619140625,1692.8109619140625,1000000,-0.007185126451972668
2024-02-21,1678.6142333984376,1678.6142333984376,1678.6142333984376,1678.6142333984376,1678.6142333984376,1000000,-0.008386481913829735
2024-02-22,1704.0755126953125,1704.0755126953125,1704.0755126953125,1704.0755126953125,1704.0755126953125,1000000,0.015168034912540485
2024-02-23,1698.9409790039062,1698.9409790039062,1698.9409790039062,1698.9409790039062,1698.9409790039062,1000000,-0.0030130904723142393
2024-02-26,1683.93671875,1683.93671875,1683.93671875,1683.93671875,1683.93671875,1000000,-0.008831537080648544
2024-02-27,1704.3415405273438,1704.3415405273438,1704.3415405273438,1704.3415405273438,1704.3415405273438,1000000,0.01211733288439154
2024-02-28,1698.7264892578125,1698.7264892578125,1698.7264892578125,1698.7264892578125,1698.7264892578125,1000000,-0.0032945575379180747
2024-02-29,1696.4302368164062,1696.4302368164062,1696.4302368164062,1696.4302368164062,1696.4302368164062,1000000,-0.001351749358079135
2024-03-01,1708.3899536132812,1708.3899536132812,1708.3899536132812,1708.3899536132812,1708.3899536132812,1000000,0.007049931401434506
2024-03-04,1706.9162963867188,1706.9162963867188,1706.9162963867188,1706.9162963867188,1706.9162963867188,1000000,-0.0008626000307749848
2024-03-05,1687.0747680664062,1687.0747680664062,1687.0747680664062,1687.0747680664062,1687.0747680664062,1000000,-0.011624195259201664
2024-03-06,1701.2728759765625,1701.2728759765625,1701.2728759765625,1701.2728759765625,1701.2728759765625,1000000,0.008415814271485411
2024-03-07,1703.0450439453125,1703.0450439453125,1703.0450439453125,1703.0450439453125,1703.0450439453125,1000000,0.001041671793969412
2024-03-11,1696.6601196289062,1696.6601196289062,1696.6601196289062,1696.6601196289062,1696.6601196289062,1000000,-0.003749122396442872
2024-03-12,1716.2916625976563,1716.2916625976563,1716.2916625976563,1716.2916625976563,1716.2916625976563,1000000,0.011570698657692224
2024-03-13,1700.933935546875,1700.933935546875,1700.933935546875,1700.933935546875,1700.933935546875,1000000,-0.008948203493301832
2024-03-14,1718.8194702148437,1718.8194702148437,1718.8194702148437,1718.8194702148437,1718.8194702148437,1000000,0.01051512601059268
2024-03-15,1713.8921264648438,1713.8921264648438,1713.8921264648438,1713.8921264648438,1713.8921264648438,1000000,-0.002866702312479652
2024-03-18,1699.4963989257812,1699.4963989257812,1699.4963989257812,1699.4963989257812,1699.4963989257812,1000000,-0.008399436181993458
2024-03-19,1657.5275756835938,1657.5275756835938,1657.5275756835938,1657.5275756835938,1657.5275756835938,1000000,-0.024694858587941182
2024-03-20,1657.1569580078126,1657.1569580078126,1657.1569580078126,1657.1569580078126,1657.1569580078126,1000000,-0.00022359668775240316
2024-03-21,1659.7944458007812,1659.7944458007812,1659.7944458007812,1659.7944458007812,1659.7944458007812,1000000,0.0015915739183447464
2024-03-22,1642.0566650390624,1642.0566650390624,1642.0566650390624,1642.0566650390624,1642.0566650390624,1000000,-0.01068673341243831
2024-03-26,1627.262451171875,1627.262451171875,1627.262451171875,1627.262451171875,1627.262451171875,1000000,-0.009009563544407517
2024-03-27,1630.4753051757812,1630.4753051757812,1630.4753051757812,1630.4753051757812,1630.4753051757812,1000000,0.001974392023605276
2024-03-28,1640.8286376953124,1640.8286376953124,1640.8286376953124,1640.8286376953124,1640.8286376953124,1000000,0.006349886126251425
2024-04-01,1651.0360229492187,1651.0360229492187,1651.0360229492187,1651.0360229492187,1651.0360229492187,1000000,0.006220872197991056
2024-04-02,1640.3394897460937,1640.3394897460937,1640.3394897460937,1640.3394897460937,1640.3394897460937,1000000,-0.006478679480304672
2024-04-03,1648.0702392578125,1648.0702392578125,1648.0702392578125,1648.0702392578125,1648.0702392578125,1000000,0.0047128960559958966
2024-04-04,1662.496142578125,1662.496142578125,1662.496142578125,1662.496142578125,1662.496142578125,1000000,0.008753209042115184
2024-04-05,1659.0838012695312,1659.0838012695312,1659.0838012695312,1659.0838012695312,1659.0838012695312,1000000,-0.0020525408878856455
2024-04-08,1662.9704223632812,1662.9704223632812,1662.9704223632812,1662.9704223632812,1662.9704223632812,1000000,0.002342630969439874
2024-04-09,1661.1950317382812,1661.1950317382812,1661.1950317382812,1661.1950317382812,1661.1950317382812,1000000,-0.0010676020457880409
2024-04-10,1672.8893432617188,1672.8893432617188,1672.8893432617188,1672.8893432617188,1672.8893432617188,1000000,0.007039698108897374
2024-04-12,1666.8194702148437,1666.8194702148437,1666.8194702148437,1666.8194702148437,1666.8194702148437,1000000,-0.0036283768985223563
2024-04-15,1644.712353515625,1644.712353515625,1644.712353515625,1644.712353515625,1644.712353515625,1000000,-0.013263054034501565
2024-04-16,1621.5097290039062,1621.5097290039062,1621.5097290039062,1621.5097290039062,1621.5097290039062,1000000,-0.01410740574917091
2024-04-18,1616.438525390625,1616.438525390625,1616.438525390625,1616.438525390625,1616.438525390625,1000000,-0.0031274580241935634
2024-04-19,1615.31181640625,1615.31181640625,1615.31181640625,1615.31181640625,1615.31181640625,1000000,-0.0006970317563439465
2024-04-22,1630.2909301757813,1630.2909301757813,1630.2909301757813,1630.2909301757813,1630.2909301757813,1000000,0.009273202620938559
2024-04-23,1630.1503173828125,1630.1503173828125,1630.1503173828125,1630.1503173828125,1630.1503173828125,1000000,-8.625012282537092e-05
2024-04-24,1619.7889282226563,1619.7889282226563,1619.7889282226563,1619.7889282226563,1619.7889282226563,1000000,-0.006356094312082394
2024-04-25,1630.3128295898437,1630.3128295898437,1630.3128295898437,1630.3128295898437,1630.3128295898437,1000000,0.0064970819245782074
2024-04-26,1620.38330078125,1620.38330078125,1620.38330078125,1620.38330078125,1620.38330078125,1000000,-0.006090566563897837
2024-04-29,1644.885595703125,1644.885595703125,1644.885595703125,1644.885595703125,1644.885595703125,1000000,0.015121295628053977
2024-04-30,1630.670703125,1630.670703125,1630.670703125,1630.670703125,1630.670703125,1000000,-0.008641873097593011
2024-05-02,1636.358740234375,1636.358740234375,1636.358740234375,1636.358740234375,1636.358740234375,1000000,0.003488158031216493
2024-05-03,1625.885009765625,1625.885009765625,1625.885009765625,1625.885009765625,1625.885009765625,1000000,-0.0064006322154334105
2024-05-06,1640.291650390625,1640.291650390625,1640.291650390625,1640.291650390625,1640.291650390625,1000000,0.008860799219175153
2024-05-07,1645.79951171875,1645.79951171875,1645.79951171875,1645.79951171875,1645.79951171875,1000000,0.0033578548831931787
2024-05-08,1642.2864013671874,1642.2864013671874,1642.2864013671874,1642.2864013671874,1642.2864013671874,1000000,-0.0021345919272351965
2024-05-09,1631.8155517578125,1631.8155517578125,1631.8155517578125,1631.8155517578125,1631.8155517578125,1000000,-0.006375775626381586
2024-05-10,1620.7013061523437,1620.7013061523437,1620.7013061523437,1620.7013061523437,1620.7013061523437,1000000,-0.006810969287243562
2024-05-13,1633.3133178710937,1633.3133178710937,1633.3133178710937,1633.3133178710937,1633.3133178710937,1000000,0.007781823628372209
2024-05-14,1627.4411254882812,1627.4411254882812,1627.4411254882812,1627.4411254882812,1627.4411254882812,1000000,-0.0035952638838863127
2024-05-15,1620.5343383789063,1620.5343383789063,1620.5343383789063,1620.5343383789063,1620.5343383789063,1000000,-0.004243955127594901
2024-05-16,1640.9626586914062,1640.9626586914062,1640.9626586914062,1640.9626586914062,1640.9626586914062,1000000,0.012605916350365787
2024-05-17,1629.1447143554688,1629.1447143554688,1629.1447143554688,1629.1447143554688,1629.1447143554688,1000000,-0.007201836235177783
2024-05-21,1622.3735107421876,1622.3735107421876,1622.3735107421876,1622.3735107421876,1622.3735107421876,1000000,-0.004156293516233145
2024-05-22,1631.326171875,1631.326171875,1631.326171875,1631.326171875,1631.326171875,1000000,0.005518249079841553
2024-05-23,1658.8899291992188,1658.8899291992188,1658.8899291992188,1658.8899291992188,1658.8899291992188,1000000,0.016896533507175793
2024-05-24,1650.0919921875,1650.0919921875,1650.0919921875,1650.0919921875,1650.0919921875,1000000,-0.005303508603470619
2024-05-27,1648.616796875,1648.616796875,1648.616796875,1648.616796875,1648.616796875,1000000,-0.0008940079216700481
2024-05-28,1644.21630859375,1644.21630859375,1644.21630859375,1644.21630859375,1644.21630859375,1000000,-0.0026692001983671387
2024-05-29,1624.3795043945313,1624.3795043945313,1624.3795043945313,1624.3795043945313,1624.3795043945313,1000000,-0.012064595208999274
2024-05-30,1607.2480346679688,1607.2480346679688,1607.2480346679688,1607.2480346679688,1607.2480346679688,1000000,-0.010546470009142439
2024-05-31,1600.6687866210937,1600.6687866210937,1600.6687866210937,1600.6687866210937,1600.6687866210937,1000000,-0.004093486446996475
2024-06-03,1633.8314208984375,1633.8314208984375,1633.8314208984375,1633.8314208984375,1633.8314208984375,1000000,0.020717986478232087
2024-06-04,1585.3848999023437,1585.3848999023437,1585.3848999023437,1585.3848999023437,1585.3848999023437,1000000,-0.029652092851448097
2024-06-05,1616.721826171875,1616.721826171875,1616.721826171875,1616.721826171875,1616.721826171875,1000000,0.01976613141165995
2024-06-06,1643.5492919921876,1643.5492919921876,1643.5492919921876,1643.5492919921876,1643.5492919921876,1000000,0.016593742588256966
2024-06-07,1678.0553955078126,1678.0553955078126,1678.0553955078126,1678.0553955078126,1678.0553955078126,1000000,0.020994869873235844
2024-06-10,1664.6514770507813,1664.6514770507813,1664.6514770507813,1664.6514770507813,1664.6514770507813,1000000,-0.007987768754782354
2024-06-11,1658.997119140625,1658.997119140625,1658.997119140625,1658.997119140625,1658.997119140625,1000000,-0.0033967217691560636
2024-06-12,1655.689208984375,1655.689208984375,1655.689208984375,1655.689208984375,1655.689208984375,1000000,-0.0019939215795404808
2024-06-13,1664.6220336914062,1664.6220336914062,1664.6220336914062,1664.6220336914062,1664.6220336914062,1000000,0.005395230372076121
2024-06-14,1658.7434692382812,1658.7434692382812,1658.7434692382812,1658.7434692382812,1658.7434692382812,1000000,-0.003531471009120768
2024-06-18,1662.4616333007812,1662.4616333007812,1662.4616333007812,1662.4616333007812,1662.4616333007812,1000000,0.002241554605310503
2024-06-19,1667.1224731445313,1667.1224731445313,1667.1224731445313,1667.1224731445313,1667.1224731445313,1000000,0.0028035773881267545
2024-06-20,1671.7110107421875,1671.7110107421875,1671.7110107421875,1671.7110107421875,1671.7110107421875,1000000,0.002752369829794876
2024-06-21,1675.5048095703125,1675.5048095703125,1675.5048095703125,1675.5048095703125,1675.5048095703125,1000000,0.0022694106838720973
2024-06-24,1675.9730224609375,1675.9730224609375,1675.9730224609375,1675.9730224609375,1675.9730224609375,1000000,0.0002794458648822662
2024-06-25,1694.5563598632812,1694.5563598632812,1694.5563598632812,1694.5563598632812,1694.5563598632812,1000000,0.011088088622725367
2024-06-26,1712.3862182617188,1712.3862182617188,1712.3862182617188,1712.3862182617188,1712.3862182617188,1000000,0.010521844431232719
2024-06-27,1736.239404296875,1736.239404296875,1736.239404296875,1736.239404296875,1736.239404296875,1000000,0.013929793279561675
2024-06-28,1731.10048828125,1731.10048828125,1731.10048828125,1731.10048828125,1731.10048828125,1000000,-0.0029597969052580497
2024-07-01,1752.8746948242188,1752.8746948242188,1752.8746948242188,1752.8746948242188,1752.8746948242188,1000000,0.012578245278289879
2024-07-02,1765.1452880859374,1765.1452880859374,1765.1452880859374,1765.1452880859374,1765.1452880859374,1000000,0.007000268358001049
2024-07-03,1759.9564575195313,1759.9564575195313,1759.9564575195313,1759.9564575195313,1759.9564575195313,1000000,-0.0029396053692739565
2024-07-04,1777.1766479492187,1777.1766479492187,1777.1766479492187,1777.1766479492187,1777.1766479492187,1000000,0.009784441175298975
2024-07-05,1774.1131103515625,1774.1131103515625,1774.1131103515625,1774.1131103515625,1774.1131103515625,1000000,-0.0017238227844099674
2024-07-08,1774.8285278320313,1774.8285278320313,1774.8285278320313,1774.8285278320313,1774.8285278320313,1000000,0.0004032535898046419
2024-07-09,1773.1566650390625,1773.1566650390625,1773.1566650390625,1773.1566650390625,1773.1566650390625,1000000,-0.0009419855308563374
2024-07-10,1754.0531860351562,1754.0531860351562,1754.0531860351562,1754.0531860351562,1754.0531860351562,1000000,-0.010773711866844837
2024-07-11,1755.5531372070313,1755.5531372070313,1755.5531372070313,1755.5531372070313,1755.5531372070313,1000000,0.0008551343732430272
2024-07-12,1817.3266845703124,1817.3266845703124,1817.3266845703124,1817.3266845703124,1817.3266845703124,1000000,0.03518751216016103
2024-07-15,1813.1538696289062,1813.1538696289062,1813.1538696289062,1813.1538696289062,1813.1538696289062,1000000,-0.0022961281407656298
2024-07-16,1816.034814453125,1816.034814453125,1816.034814453125,1816.034814453125,1816.034814453125,1000000,0.0015889135900022389
2024-07-18,1851.2317626953125,1851.2317626953125,1851.2317626953125,1851.2317626953125,1851.2317626953125,1000000,0.019381207872265716
2024-07-19,1849.9219360351562,1849.9219360351562,1849.9219360351562,1849.9219360351562,1849.9219360351562,1000000,-0.0007075433160509403
2024-07-22,1841.6556396484375,1841.6556396484375,1841.6556396484375,1841.6556396484375,1841.6556396484375,1000000,-0.004468456871448034
2024-07-23,1841.653369140625,1841.653369140625,1841.653369140625,1841.653369140625,1841.653369140625,1000000,-1.232862302580351e-06
2024-07-24,1841.2380859375,1841.2380859375,1841.2380859375,1841.2380859375,1841.2380859375,1000000,-0.00022549477012534513
2024-07-25,1838.1901611328126,1838.1901611328126,1838.1901611328126,1838.1901611328126,1838.1901611328126,1000000,-0.0016553670206835847
2024-07-26,1865.826708984375,1865.826708984375,1865.826708984375,1865.826708984375,1865.826708984375,1000000,0.015034651167173507
2024-07-29,1865.0985473632813,1865.0985473632813,1865.0985473632813,1865.0985473632813,1865.0985473632813,1000000,-0.000390262191867774
2024-07-30,1862.2995239257812,1862.2995239257812,1862.2995239257812,1862.2995239257812,1862.2995239257812,1000000,-0.0015007375569817683
2024-07-31,1863.9283569335937,1863.9283569335937,1863.9283569335937,1863.9283569335937,1863.9283569335937,1000000,0.0008746353563893194
2024-08-01,1866.4255249023438,1866.4255249023438,1866.4255249023438,1866.4255249023438,1866.4255249023438,1000000,0.0013397338795029246
2024-08-02,1835.3661865234376,1835.3661865234376,1835.3661865234376,1835.3661865234376,1835.3661865234376,1000000,-0.01664108102064843
2024-08-05,1779.2225219726563,1779.2225219726563,1779.2225219726563,1779.2225219726563,1779.2225219726563,1000000,-0.03058989806123047
2024-08-06,1781.2701416015625,1781.2701416015625,1781.2701416015625,1781.2701416015625,1781.2701416015625,1000000,0.00115085078095567
2024-08-07,1799.3586059570312,1799.3586059570312,1799.3586059570312,1799.3586059570312,1799.3586059570312,1000000,0.010154812531245394
2024-08-08,1782.2444091796874,1782.2444091796874,1782.2444091796874,1782.2444091796874,1782.2444091796874,1000000,-0.009511276251818135
2024-08-09,1805.013330078125,1805.013330078125,1805.013330078125,1805.013330078125,1805.013330078125,1000000,0.012775420015999517
2024-08-12,1804.3207763671876,1804.3207763671876,1804.3207763671876,1804.3207763671876,1804.3207763671876,1000000,-0.0003836834329126182
2024-08-13,1798.7599487304688,1798.7599487304688,1798.7599487304688,1798.7599487304688,1798.7599487304688,1000000,-0.003081950676151357
2024-08-14,1820.7416870117188,1820.7416870117188,1820.7416870117188,1820.7416870117188,1820.7416870117188,1000000,0.012220495734722281
2024-08-16,1860.69267578125,1860.69267578125,1860.69267578125,1860.69267578125,1860.69267578125,1000000,0.02194215085781903
2024-08-19,1876.3166137695312,1876.3166137695312,1876.3166137695312,1876.3166137695312,1876.3166137695312,1000000,0.008396839624104535
2024-08-20,1886.7278564453125,1886.7278564453125,1886.7278564453125,1886.7278564453125,1886.7278564453125,1000000,0.005548766449850362
2024-08-21,1890.5626953125,1890.5626953125,1890.5626953125,1890.5626953125,1890.5626953125,1000000,0.002032534185620438
2024-08-22,1886.383935546875,1886.383935546875,1886.383935546875,1886.383935546875,1886.383935546875,1000000,-0.002210325939460245
2024-08-23,1878.074755859375,1878.074755859375,1878.074755859375,1878.074755859375,1878.074755859375,1000000,-0.004404818940048405
2024-08-26,1893.8130126953124,1893.8130126953124,1893.8130126953124,1893.8130126953124,1893.8130126953124,1000000,0.008379994878710662
2024-08-27,1897.29267578125,1897.29267578125,1897.29267578125,1897.29267578125,1897.29267578125,1000000,0.0018373847167652002
2024-08-28,1905.3016357421875,1905.3016357421875,1905.3016357421875,1905.3016357421875,1905.3016357421875,1000000,0.004221256985372346
2024-08-29,1909.5348999023438,1909.5348999023438,1909.5348999023438,1909.5348999023438,1909.5348999023438,1000000,0.002221834107913878
2024-08-30,1918.3663452148437,1918.3663452148437,1918.3663452148437,1918.3663452148437,1918.3663452148437,1000000,0.004624919561800889
2024-09-02,1916.6640380859376,1916.6640380859376,1916.6640380859376,1916.6640380859376,1916.6640380859376,1000000,-0.0008873733284324725
2024-09-03,1913.7870239257813,1913.7870239257813,1913.7870239257813,1913.7870239257813,1913.7870239257813,1000000,-0.001501052924762658
2024-09-04,1903.3236083984375,1903.3236083984375,1903.3236083984375,1903.3236083984375,1903.3236083984375,1000000,-0.00546738764373067
2024-09-05,1900.715576171875,1900.715576171875,1900.715576171875,1900.715576171875,1900.715576171875,1000000,-0.0013702516035920542
2024-09-06,1879.31982421875,1879.31982421875,1879.31982421875,1879.31982421875,1879.31982421875,1000000,-0.011256682599622314
2024-09-09,1882.4060424804688,1882.4060424804688,1882.4060424804688,1882.4060424804688,1882.4060424804688,1000000,0.0016421995989968075
2024-09-10,1897.2631103515625,1897.2631103515625,1897.2631103515625,1897.2631103515625,1897.2631103515625,1000000,0.00789259465588854
2024-09-11,1888.731884765625,1888.731884765625,1888.731884765625,1888.731884765625,1888.731884765625,1000000,-0.004496595933052627
2024-09-12,1914.4237182617187,1914.4237182617187,1914.4237182617187,1914.4237182617187,1914.4237182617187,1000000,0.013602689562940196
2024-09-13,1912.302294921875,1912.302294921875,1912.302294921875,1912.302294921875,1912.302294921875,1000000,-0.001108126335673476
2024-09-16,1914.424951171875,1914.424951171875,1914.424951171875,1914.424951171875,1914.424951171875,1000000,0.0011100003674295866
2024-09-17,1914.45908203125,1914.45908203125,1914.45908203125,1914.45908203125,1914.45908203125,1000000,1.7828256654528474e-05
2024-09-18,1878.0923583984375,1878.0923583984375,1878.0923583984375,1878.0923583984375,1878.0923583984375,1000000,-0.018995821835077975
2024-09-19,1872.424658203125,1872.424658203125,1872.424658203125,1872.424658203125,1872.424658203125,1000000,-0.003017796313353638
2024-09-20,1888.1089721679687,1888.1089721679687,1888.1089721679687,1888.1089721679687,1888.1089721679687,1000000,0.008376472664002987
2024-09-23,1883.2946166992188,1883.2946166992188,1883.2946166992188,1883.2946166992188,1883.2946166992188,1000000,-0.002549829241699997
2024-09-24,1883.5745971679687,1883.5745971679687,1883.5745971679687,1883.5745971679687,1883.5745971679687,1000000,0.00014866525198309333
2024-09-25,1886.6204467773437,1886.6204467773437,1886.6204467773437,1886.6204467773437,1886.6204467773437,1000000,0.0016170581265826378
2024-09-26,1893.1146362304687,1893.1146362304687,1893.1146362304687,1893.1146362304687,1893.1146362304687,1000000,0.0034422342152700125
2024-09-27,1895.5149536132812,1895.5149536132812,1895.5149536132812,1895.5149536132812,1895.5149536132812,1000000,0.0012679197217513316
2024-09-30,1863.6450927734375,1863.6450927734375,1863.6450927734375,1863.6450927734375,1863.6450927734375,1000000,-0.01681329961501632
2024-10-01,1870.0547241210938,1870.0547241210938,1870.0547241210938,1870.0547241210938,1870.0547241210938,1000000,0.003439298272246427
2024-10-03,1838.348974609375,1838.348974609375,1838.348974609375,1838.348974609375,1838.348974609375,1000000,-0.016954450103924157
2024-10-04,1836.9321166992188,1836.9321166992188,1836.9321166992188,1836.9321166992188,1836.9321166992188,1000000,-0.0007707230399263132
2024-10-07,1835.6550537109374,1835.6550537109374,1835.6550537109374,1835.6550537109374,1835.6550537109374,1000000,-0.0006952151234506099
2024-10-08,1843.7148071289062,1843.7148071289062,1843.7148071289062,1843.7148071289062,1843.7148071289062,1000000,0.00439066882510164
2024-10-09,1839.6984008789063,1839.6984008789063,1839.6984008789063,1839.6984008789063,1839.6984008789063,1000000,-0.0021784314116640724
2024-10-10,1830.5859497070312,1830.5859497070312,1830.5859497070312,1830.5859497070312,1830.5859497070312,1000000,-0.004953231011953774
2024-10-11,1814.0356689453124,1814.0356689453124,1814.0356689453124,1814.0356689453124,1814.0356689453124,1000000,-0.009040974429180726
2024-10-14,1821.5870849609375,1821.5870849609375,1821.5870849609375,1821.5870849609375,1821.5870849609375,1000000,0.004162771518167352
2024-10-15,1816.6278198242187,1816.6278198242187,1816.6278198242187,1816.6278198242187,1816.6278198242187,1000000,-0.002722496869714708
2024-10-16,1806.24169921875,1806.24169921875,1806.24169921875,1806.24169921875,1806.24169921875,1000000,-0.00571725286386604
2024-10-17,1813.4079467773438,1813.4079467773438,1813.4079467773438,1813.4079467773438,1813.4079467773438,1000000,0.003967490929754014
2024-10-18,1809.2880737304688,1809.2880737304688,1809.2880737304688,1809.2880737304688,1809.2880737304688,1000000,-0.0022718953306654077
2024-10-21,1801.5783935546874,1801.5783935546874,1801.5783935546874,1801.5783935546874,1801.5783935546874,1000000,-0.004261167852549486
2024-10-22,1784.4882202148438,1784.4882202148438,1784.4882202148438,1784.4882202148438,1784.4882202148438,1000000,-0.009486222415291734
2024-10-23,1796.0414672851562,1796.0414672851562,1796.0414672851562,1796.0414672851562,1796.0414672851562,1000000,0.006474263567243677
2024-10-24,1792.5407592773438,1792.5407592773438,1792.5407592773438,1792.5407592773438,1792.5407592773438,1000000,-0.0019491242666596076
2024-10-25,1791.66337890625,1791.66337890625,1791.66337890625,1791.66337890625,1791.66337890625,1000000,-0.0004894618806031703
2024-10-28,1806.3390380859375,1806.3390380859375,1806.3390380859375,1806.3390380859375,1806.3390380859375,1000000,0.008191080619533775
2024-10-29,1813.0309326171875,1813.0309326171875,1813.0309326171875,1813.0309326171875,1813.0309326171875,1000000,0.00370467248404327
2024-10-30,1802.9074096679688,1802.9074096679688,1802.9074096679688,1802.9074096679688,1802.9074096679688,1000000,-0.005583756331506762
2024-10-31,1766.4247192382813,1766.4247192382813,1766.4247192382813,1766.4247192382813,1766.4247192382813,1000000,-0.020235476449900536
2024-11-01,1771.4336669921875,1771.4336669921875,1771.4336669921875,1771.4336669921875,1771.4336669921875,1000000,0.0028356417906483244
2024-11-04,1755.823876953125,1755.823876953125,1755.823876953125,1755.823876953125,1755.823876953125,1000000,-0.008811952900030007
2024-11-05,1764.1167846679687,1764.1167846679687,1764.1167846679687,1764.1167846679687,1764.1167846679687,1000000,0.004723086309336599
2024-11-06,1813.6963012695312,1813.6963012695312,1813.6963012695312,1813.6963012695312,1813.6963012695312,1000000,0.02810444128895595
2024-11-07,1802.4324340820312,1802.4324340820312,1802.4324340820312,1802.4324340820312,1802.4324340820312,1000000,-0.006210448342214514
2024-11-08,1799.3014526367188,1799.3014526367188,1799.3014526367188,1799.3014526367188,1799.3014526367188,1000000,-0.0017370867202060047
2024-11-11,1815.7499267578125,1815.7499267578125,1815.7499267578125,1815.7499267578125,1815.7499267578125,1000000,0.009141588863272432
2024-11-12,1813.0572998046875,1813.0572998046875,1813.0572998046875,1813.0572998046875,1813.0572998046875,1000000,-0.0014829283005578509
2024-11-13,1792.83662109375,1792.83662109375,1792.83662109375,1792.83662109375,1792.83662109375,1000000,-0.01115280731233148
2024-11-14,1796.1059814453124,1796.1059814453124,1796.1059814453124,1796.1059814453124,1796.1059814453124,1000000,0.001823568479746962
2024-11-18,1761.4825317382813,1761.4825317382813,1761.4825317382813,1761.4825317382813,1761.4825317382813,1000000,-0.019276952509879153
2024-11-19,1766.7216796875,1766.7216796875,1766.7216796875,1766.7216796875,1766.7216796875,1000000,0.002974283227236141
2024-11-21,1771.2143676757812,1771.2143676757812,1771.2143676757812,1771.2143676757812,1771.2143676757812,1000000,0.002542951750654776
2024-11-22,1830.6406616210938,1830.6406616210938,1830.6406616210938,1830.6406616210938,1830.6406616210938,1000000,0.03355115847625645
2024-11-25,1854.168359375,1854.168359375,1854.168359375,1854.168359375,1854.168359375,1000000,0.012852166046105173
2024-11-26,1870.2747436523437,1870.2747436523437,1870.2747436523437,1870.2747436523437,1870.2747436523437,1000000,0.008686581343008593
2024-11-27,1867.8244262695312,1867.8244262695312,1867.8244262695312,1867.8244262695312,1867.8244262695312,1000000,-0.0013101376635324957
2024-11-28,1829.359716796875,1829.359716796875,1829.359716796875,1829.359716796875,1829.359716796875,1000000,-0.02059332179817286
2024-11-29,1841.7017333984375,1841.7017333984375,1841.7017333984375,1841.7017333984375,1841.7017333984375,1000000,0.006746631888873589
2024-12-02,1852.0651489257812,1852.0651489257812,1852.0651489257812,1852.0651489257812,1852.0651489257812,1000000,0.005627086807493242
2024-12-03,1864.9385864257813,1864.9385864257813,1864.9385864257813,1864.9385864257813,1864.9385864257813,1000000,0.006950855647527732
2024-12-04,1876.0234741210938,1876.0234741210938,1876.0234741210938,1876.0234741210938,1876.0234741210938,1000000,0.005943835242616213
2024-12-05,1912.4343872070312,1912.4343872070312,1912.4343872070312,1912.4343872070312,1912.4343872070312,1000000,0.01940855942807196
2024-12-06,1902.01201171875,1902.01201171875,1902.01201171875,1902.01201171875,1902.01201171875,1000000,-0.005449795066434837
2024-12-09,1900.336376953125,1900.336376953125,1900.336376953125,1900.336376953125,1900.336376953125,1000000,-0.0008809801175287957
2024-12-10,1900.7907958984374,1900.7907958984374,1900.7907958984374,1900.7907958984374,1900.7907958984374,1000000,0.00023912553104987744
2024-12-11,1902.3138305664063,1902.3138305664063,1902.3138305664063,1902.3138305664063,1902.3138305664063,1000000,0.000801263701010857
2024-12-12,1906.8471923828124,1906.8471923828124,1906.8471923828124,1906.8471923828124,1906.8471923828124,1000000,0.0023830777780007306
2024-12-13,1919.1033325195312,1919.1033325195312,1919.1033325195312,1919.1033325195312,1919.1033325195312,1000000,0.006427436968037048
2024-12-16,1903.073583984375,1903.073583984375,1903.073583984375,1903.073583984375,1903.073583984375,1000000,-0.008352728205683002
2024-12-17,1876.0670043945313,1876.0670043945313,1876.0670043945313,1876.0670043945313,1876.0670043945313,1000000,-0.0141910327677931
2024-12-18,1875.673583984375,1875.673583984375,1875.673583984375,1875.673583984375,1875.673583984375,1000000,-0.00020970488220017902
2024-12-19,1843.5854858398438,1843.5854858398438,1843.5854858398438,1843.5854858398438,1843.5854858398438,1000000,-0.01710750656111948
2024-12-20,1813.159765625,1813.159765625,1813.159765625,1813.159765625,1813.159765625,1000000,-0.016503558120052886
2024-12-23,1819.2224853515625,1819.2224853515625,1819.2224853515625,1819.2224853515625,1819.2224853515625,1000000,0.0033437316675029027
2024-12-24,1820.1904541015624,1820.1904541015624,1820.1904541015624,1820.1904541015624,1820.1904541015624,1000000,0.00053207826848789
2024-12-26,1816.0059448242187,1816.0059448242187,1816.0059448242187,1816.0059448242187,1816.0059448242187,1000000,-0.0022989403487500004
2024-12-27,1820.6324584960937,1820.6324584960937,1820.6324584960937,1820.6324584960937,1820.6324584960937,1000000,0.0025476313472767576
2024-12-30,1810.867578125,1810.867578125,1810.867578125,1810.867578125,1810.867578125,1000000,-0.005363455059545608
2024-12-31,1791.809375,1791.809375,1791.809375,1791.809375,1791.809375,1000000,-0.010524349408659095
