Date,Adj Close,Close,High,Low,Open,Volume,Returns,MA50
2020-01-01,672.2161254882812,690.1383056640625,698.1387329101562,688.2639770507812,693.978515625,14004468,,
2020-01-02,683.6602783203125,701.8875122070312,704.4705200195312,691.2355346679688,691.2355346679688,17710316,0.017024513989036594,
2020-01-03,684.4839477539062,702.7332763671875,704.79052734375,696.2643432617188,700.8359985351562,20984698,0.0012047934620649237,
2020-01-06,668.609375,686.435302734375,698.5044555664062,684.835205078125,694.8928833007812,24519177,-0.023192030734975888,
2020-01-07,678.8956909179688,696.995849609375,701.5217895507812,691.9212646484375,694.4356689453125,16683622,0.015384642068425602,
2020-01-08,673.7970581054688,691.7612915039062,701.4989013671875,690.3212280273438,692.6070556640625,16047902,-0.007510185851387408,
2020-01-09,689.3154907226562,707.6935424804688,708.6078491210938,700.0360107421875,703.3961791992188,14982742,0.023031315483657666,
2020-01-10,689.1595458984375,707.5335083007812,712.2423095703125,703.8761596679688,709.4764404296875,12478359,-0.00022623142279198927,
2020-01-13,687.400634765625,705.7277221679688,712.585205078125,703.3047485351562,706.3449096679688,18282382,-0.0025522553424395245,
2020-01-14,681.032958984375,699.1902465820312,708.6078491210938,695.7386474609375,704.0361938476562,15816535,-0.009263412716255526,
2020-01-15,678.5617065429688,696.6529541015625,703.990478515625,694.0928344726562,702.1389770507812,15817859,-0.0036286825898875774,
2020-01-16,684.8179321289062,703.0761108398438,705.5676879882812,698.5501708984375,699.0073852539062,12847975,0.009219832957876095,
2020-01-17,704.0101318359375,722.780029296875,724.5858154296875,710.07080078125,710.2079467773438,29463471,0.028025258695209887,
2020-01-20,682.3467407226562,700.5388793945312,735.5806884765625,697.8187255859375,735.5806884765625,32545850,-0.030771419520322585,
2020-01-21,683.0369262695312,701.2474975585938,706.7106323242188,695.8071899414062,698.8245239257812,18922720,0.0010114880099580947,
2020-01-22,682.7919921875,700.9960327148438,707.1220703125,699.9674072265625,705.8648681640625,10322817,-0.0003585956668096246,
2020-01-23,679.8975219726562,698.0244750976562,704.9276733398438,695.212890625,702.4360961914062,11247739,-0.004239168367470958,
2020-01-24,677.5374755859375,695.6015014648438,702.3675537109375,694.22998046875,698.093017578125,14628445,-0.0034711795681668933,
2020-01-27,670.8580932617188,688.7439575195312,696.92724609375,688.0353393554688,692.5613403320312,13387750,-0.009858321590908936,
2020-01-28,655.36181640625,672.8345947265625,690.3212280273438,669.1087036132812,689.68115234375,24532236,-0.02309918746023576,
2020-01-29,658.96875,676.5376586914062,683.1893920898438,669.3143920898438,673.8860473632812,24746565,0.005503728632725302,
2020-01-30,642.8935546875,660.033935546875,676.4690551757812,658.319580078125,676.1490478515625,22402689,-0.024394472897994013,
2020-01-31,628.5996704101562,645.35888671875,664.3770141601562,643.3245239257812,664.2626953125,34750310,-0.022233671769025243,
2020-02-03,616.9552001953125,633.4039916992188,640.0100708007812,623.140625,626.272216796875,30712290,-0.01852446121590523,
2020-02-04,635.167724609375,652.1021118164062,654.8908081054688,639.0271606445312,640.0328979492188,25383901,0.029520011190920847,
2020-02-05,645.0086669921875,662.2054443359375,664.1712646484375,653.8850708007812,655.9879760742188,18472100,0.01549345472310426,
2020-02-06,649.1499633789062,666.4570922851562,670.6630249023438,658.3652954101562,664.765625,15538577,0.006420528279147852,
2020-02-07,638.3961181640625,655.4165649414062,663.965576171875,652.970703125,663.348388671875,12209212,-0.01656604147194074,
2020-02-10,639.2643432617188,656.3080444335938,660.833984375,644.810302734375,652.8335571289062,15142476,0.0013600099890223039,
2020-02-11,646.9011840820312,664.1484375,670.2973022460938,660.6282348632812,661.7025756835938,13999816,0.011946295614341684,
2020-02-12,654.7161865234375,672.1716918945312,674.2518310546875,665.1770629882812,665.7028198242188,13533565,0.012080674195234176,
2020-02-13,656.4304809570312,673.9317626953125,675.5775756835938,668.6514892578125,675.5775756835938,13565659,0.002618377961138618,
2020-02-14,662.419677734375,680.0806884765625,686.4124145507812,664.3084106445312,675.3489990234375,21227841,0.009123885850961466,
2020-02-17,658.2561645507812,675.80615234375,688.5610961914062,674.0003662109375,680.720703125,13149130,-0.006285310239928066,
2020-02-18,653.4247436523438,670.8458862304688,674.7318115234375,666.2742309570312,674.7318115234375,11127161,-0.0073397275386469785,
2020-02-19,669.6334228515625,687.4867553710938,688.6982421875,674.3660888671875,676.3090209960938,14084409,0.02480573219284543,
2020-02-20,661.6849975585938,679.3263549804688,689.4068603515625,678.3434448242188,684.3780517578125,16892268,-0.011869815665892625,
2020-02-24,643.427978515625,660.58251953125,675.2346801757812,658.1138305664062,671.9202270507812,21370214,-0.027591707701294932,
2020-02-25,630.7147216796875,647.5304565429688,663.53125,644.6045532226562,663.53125,27745062,-0.01975863229520536,
2020-02-26,619.8495483398438,636.3755493164062,645.6788940429688,634.249755859375,644.6045532226562,29362748,-0.01722676348969332,
2020-02-27,617.2891845703125,633.7468872070312,637.198486328125,625.8607177734375,634.546875,25054993,-0.004130621336078666,
2020-02-28,591.64013671875,607.4140625,620.374755859375,605.7454223632812,619.4146728515625,39315769,-0.0415511052075479,
2020-03-02,586.0740356445312,601.6995239257812,625.8607177734375,594.8191528320312,619.506103515625,29500495,-0.00940791661818019,
2020-03-03,597.9634399414062,613.9058227539062,618.95751953125,604.3739013671875,607.8941040039062,27398798,0.020286522817547725,
2020-03-04,596.5606689453125,612.4657592773438,618.9118041992188,597.9278564453125,618.0889282226562,22105261,-0.002345914319161757,
2020-03-05,583.8475952148438,599.4136962890625,620.80908203125,597.0592651367188,618.1803588867188,30510390,-0.021310613307687243,
2020-03-06,565.968994140625,581.0584106445312,588.8988647460938,567.38916015625,580.6012573242188,33734039,-0.030622034278722676,
2020-03-09,496.1245727539063,509.3518981933594,567.3434448242188,500.59716796875,566.9091186523438,88187018,-0.12340679809283794,
2020-03-11,513.669189453125,527.3642578125,538.7476806640625,506.5403137207031,506.5403137207031,59578576,0.035363329419124234,
2020-03-12,473.3477783203125,485.96783447265625,503.3401489257813,479.4303588867188,496.0255126953125,55970485,-0.07849684575347116,642.842802734375
2020-03-13,492.1837463378906,505.3059692382813,521.1696166992188,430.8335876464844,456.25201416015625,73297403,0.03979308424012906,639.2421551513672
2020-03-16,452.2853088378906,464.3438720703125,493.6025085449219,459.4521789550781,484.8477783203125,38482258,-0.08106411029796423,634.6146557617187
2020-03-17,448.8565979003906,460.8236999511719,484.5963439941406,458.6293029785156,478.7674560546875,45445979,-0.0075808585211617485,629.9021087646485
2020-03-18,431.2674865722656,442.765625,473.5786437988281,439.3368835449219,468.732666015625,44730415,-0.03918648274393499,625.1552709960938
2020-03-19,408.64654541015625,419.5415649414063,442.0798645019531,407.8838195800781,420.6387634277344,61404010,-0.05245222945486039,619.7502880859375
2020-03-20,453.2872619628906,465.37249755859375,473.1214599609375,425.1647033691406,429.5077819824219,63360475,0.10924041094713943,615.340092163086
2020-03-23,393.6624145507813,404.1579284667969,434.30804443359375,400.3177185058594,418.8558044433594,40670949,-0.13153876672799736,609.4270306396485
2020-03-24,420.090576171875,431.2907409667969,443.4513549804688,409.5296325683594,425.1647033691406,45734887,0.06713407387711001,604.0456512451171
2020-03-25,481.9197082519531,494.7682800292969,526.4498901367188,440.3655090332031,440.616943359375,73130298,0.14718047865653983,599.9360327148438
2020-03-26,474.7726745605469,487.4307556152344,510.6091003417969,476.52734375,500.962890625,45744488,-0.014830341173077133,595.8108270263672
2020-03-27,474.5055236816406,487.1564636230469,506.2203063964844,478.2874450683594,500.59716796875,41657940,-0.0005626921961200404,591.7297033691407
2020-03-30,458.8534240722656,471.0870666503906,491.3623962402344,466.3096923828125,475.7273254394531,30229866,-0.03298612730138928,587.2104132080078
2020-03-31,495.9464721679688,509.1690368652344,516.5065307617188,479.1103515625,490.9738159179688,44292810,0.08083855573421928,583.0491400146484
2020-04-01,481.1181335449219,493.9454040527344,514.1292724609375,477.8302917480469,513.054931640625,41597459,-0.029899070676370987,579.0245678710937
2020-04-03,479.78228759765625,492.5738830566406,518.6323852539062,482.9048156738281,518.6323852539062,41367807,-0.0027765445825601587,574.9594750976562
2020-04-07,537.0693359375,551.3883666992188,554.9999389648438,502.8829956054688,503.8430480957031,54373624,0.11940217432095879,572.0450219726563
2020-04-08,530.8574829101562,545.0108642578125,561.8574829101562,530.31298828125,539.456298828125,49880330,-0.011566203116959661,569.0642211914062
2020-04-09,543.2366943359375,557.7200927734375,563.5946655273438,545.3994750976562,554.9999389648438,33032857,0.023319274615700047,566.3782055664062
2020-04-13,529.5216064453125,543.639404296875,555.4571533203125,539.456298828125,550.4054565429688,23673784,-0.02524698355914745,563.5514758300782
2020-04-15,512.021484375,525.6727294921875,565.0576171875,522.5411376953125,547.2509765625,35321842,-0.03304892917928526,560.6846691894531
2020-04-16,520.1259155273438,533.9931640625,542.8621826171875,523.4555053710938,525.6727294921875,37455706,0.015828302912399117,557.9078125
2020-04-17,545.0401611328125,559.5715942382812,562.3146362304688,545.2394409179688,555.914306640625,33269335,0.04790041192277217,555.9507446289062
2020-04-20,553.8569946289062,568.62353515625,574.6580810546875,549.5139770507812,560.4859619140625,36030932,0.016176484092050858,554.4558911132813
2020-04-21,550.98486328125,565.6748046875,572.3722534179688,532.1416625976562,553.1712646484375,61371628,-0.005185691208216325,553.136484375
2020-04-22,607.2031860351562,623.3920288085938,633.1296997070312,594.3162841796875,603.4595947265625,142683366,0.1020324268422046,552.5771936035156
2020-04-23,610.453857421875,626.7293701171875,633.5640258789062,618.6832275390625,625.1064453125,65464502,0.005353515036613299,551.8860974121094
2020-04-24,630.9819946289062,647.8047485351562,683.4408569335938,615.89453125,617.2431640625,134986308,0.033627664003512914,551.5227380371093
2020-04-27,636.659423828125,653.6336059570312,674.3203735351562,650.5477294921875,655.5765380859375,58482901,0.008997767365070075,551.4880041503907
2020-04-28,635.9469604492188,652.9021606445312,665.3827514648438,636.4441528320312,662.8912353515625,78453401,-0.001119065158295074,551.4216564941406
2020-04-29,635.4126586914062,652.353515625,664.5598754882812,649.1762084960938,660.5596923828125,37494672,-0.0008401671696568469,551.1918859863281
2020-04-30,652.8013305664062,670.2058715820312,683.4408569335938,657.4281005859375,664.697021484375,71345899,0.02736595130290742,551.1535888671875
2020-05-04,639.0863037109375,656.1251831054688,669.7487182617188,648.0104370117188,658.319580078125,53456868,-0.021009495865409566,550.8067053222657
2020-05-05,650.4190673828125,667.760009765625,676.1490478515625,661.6111450195312,664.582763671875,44903763,0.01773275941929886,550.5666931152343
2020-05-06,650.4635009765625,667.8057861328125,678.8692016601562,660.833984375,669.2915649414062,40489094,6.831533080475793e-05,550.41083984375
2020-05-07,671.0360717773438,688.9268188476562,691.9898681640625,660.6054077148438,665.1770629882812,50026966,0.031627555996447176,550.76306640625
2020-05-08,695.4605712890625,714.00244140625,722.277099609375,702.7103881835938,706.322021484375,84262770,0.036398191600977015,551.279609375
2020-05-11,702.1400146484375,720.8599243164062,738.3236694335938,718.8026733398438,722.3228149414062,67085063,0.009604345142089743,552.0887097167969
2020-05-12,658.7014770507812,676.2633056640625,716.9968872070312,669.7487182617188,715.3739013671875,100683202,-0.06186591946252484,552.3941796875
2020-05-13,672.6770629882812,690.6114501953125,704.7102661132812,671.020751953125,704.7102661132812,66430125,0.021216873537422742,553.2334265136719
2020-05-14,645.4812622070312,662.690673828125,690.726806640625,659.9678344726562,677.9432373046875,49266771,-0.04042920782884463,553.7460607910157
2020-05-15,656.0224609375,673.5128784179688,676.8818359375,653.0684204101562,666.40576171875,62152260,0.01633075868759737,554.5207263183594
2020-05-18,647.6390380859375,664.9058837890625,683.9427490234375,659.0217895507812,678.40478515625,62796089,-0.012779170456423183,555.6407043457032
2020-05-19,633.3218994140625,650.2070922851562,674.5743408203125,647.5996704101562,672.4052734375,42315854,-0.022106664098242912,556.5856616210938
2020-05-20,644.4699096679688,661.65234375,667.7210693359375,642.8692626953125,650.7147827148438,55320985,0.017602439240171908,557.515791015625
2020-05-21,647.86376953125,665.1366577148438,674.4589233398438,657.6372680664062,662.2522583007812,39167981,0.005266126179622299,558.5418530273438
2020-05-22,643.5035400390625,660.6600952148438,672.8667602539062,658.3295288085938,670.0054931640625,37828973,-0.006730164113579407,559.7349719238281
2020-05-26,640.1320190429688,657.1988525390625,669.0363159179688,653.6221923828125,668.3209838867188,33216635,-0.00523932004459382,561.218232421875
2020-05-27,649.796630859375,667.12109375,671.020751953125,651.6377563476562,660.40625,35667956,0.015097841584077232,564.2916735839843
2020-05-28,661.7986450195312,679.443115234375,682.9043579101562,668.7132568359375,671.4822387695312,40126278,0.018470416112012167,567.2542626953125
2020-05-29,658.2699584960938,675.8203735351562,679.3277587890625,670.3977661132812,677.4817504882812,40022527,-0.005331963959118391,570.9527062988282
2020-06-01,683.4204711914062,701.6412963867188,709.9483032226562,681.1506958007812,683.019775390625,39943702,0.03820698844099191,574.7774407958984
2020-06-02,690.3203735351562,708.7252807617188,710.7097778320312,701.8489379882812,704.248779296875,22153960,0.010096130617394783,579.5381420898437
2020-06-03,692.9951171875,711.4712524414062,719.9397583007812,707.6407470703125,713.0172729492188,25381289,0.0038746410433263545,584.420912475586
2020-06-04,710.1441040039062,729.0774536132812,733.5540161132812,711.1712646484375,712.5557250976562,34202350,0.0247461870813821,589.9984448242187
2020-06-05,710.9981689453125,729.9542846679688,746.7067260742188,726.2622680664062,736.0922241210938,33076685,0.0012026642713653946,596.0454772949219
2020-06-08,705.5140991210938,724.323974609375,746.891357421875,722.2472534179688,746.891357421875,31414953,-0.007713198238405772,601.0900140380859
2020-06-09,690.9722290039062,709.3944702148438,730.5542602539062,707.479248046875,720.0781860351562,25857161,-0.020611735662410258,607.0362103271484
2020-06-10,706.7052612304688,725.5469970703125,728.9620971679688,710.7328491210938,712.140380859375,22132647,0.022769413250143256,612.7685040283203
2020-06-11,691.2195434570312,709.6483154296875,723.608642578125,706.5562744140625,722.708740234375,20385805,-0.021912554813126484,616.9545007324218
2020-06-12,714.189697265625,733.23095703125,735.1692504882812,690.865234375,692.249755859375,38548899,0.03323134310368592,621.7428411865235
2020-06-15,725.7647094726562,745.1145629882812,750.837158203125,720.4473876953125,722.2472534179688,53107403,0.016207195723136003,626.7680249023438
2020-06-16,727.1807250976562,746.5682983398438,760.8055419921875,731.6156616210938,758.2442626953125,51187003,0.0019510670696964993,632.1345709228516
2020-06-17,726.1243896484375,745.4837646484375,754.7598876953125,739.368896484375,742.2070922851562,41782053,-0.0014526450066135732,636.7381292724609
2020-06-18,744.3522338867188,764.1975708007812,768.397216796875,740.984130859375,741.6302490234375,40471557,0.02510292244432999,642.0028112792969
2020-06-19,790.8770751953125,811.9628295898438,825.5308837890625,767.0127563476562,770.7047119140625,105804173,0.06250379751755308,648.22470703125
2020-06-22,784.9210205078125,805.8479614257812,832.6380004882812,800.7022094726562,818.423828125,60198705,-0.007530948707836993,653.1817407226563
2020-06-23,773.5706787109375,794.195068359375,813.9703369140625,791.9798583984375,807.6246948242188,37962078,-0.014460489017776301,658.0360046386719
2020-06-24,776.6947631835938,797.4024658203125,818.1007690429688,789.9492797851562,801.1175537109375,51586221,0.004038524932023169,662.705166015625
2020-06-25,772.2220458984375,792.810546875,807.1632080078125,790.572265625,797.0101928710938,39679374,-0.005758655133482615,667.5591748046875
2020-06-26,782.8980712890625,803.7711791992188,808.5477294921875,792.3952026367188,797.8409423828125,30921913,0.013825072007888739,672.9767065429687
2020-06-29,774.5820922851562,795.2334594726562,802.8943481445312,791.72607421875,797.4948120117188,25621946,-0.01062204558789337,678.065830078125
2020-06-30,766.0188598632812,786.44189453125,803.47119140625,782.4960327148438,801.625244140625,30276420,-0.011055293566898716,682.4854040527343
2020-07-01,781.0775756835938,801.902099609375,807.1632080078125,788.2647705078125,793.7797241210938,28464103,0.019658413923385964,687.0298156738281
2020-07-02,794.5241088867188,812.4012451171875,815.7471313476562,800.7252807617188,804.3942260742188,28789533,0.017215361984187938,691.9006005859375
2020-07-03,806.9586791992188,825.1155395507812,827.46923828125,815.9317016601562,821.3773803710938,29434266,0.015650337319434104,695.8957104492188
2020-07-06,835.7996215820312,854.6054077148438,857.4666748046875,827.0538330078125,833.0072021484375,47016185,0.035740296407038574,700.4026257324218
2020-07-07,823.0039672851562,841.5218505859375,860.397216796875,833.607177734375,858.3897094726562,35189589,-0.015309476059171878,704.2430651855469
2020-07-08,811.5172729492188,829.7767333984375,846.8291015625,826.084716796875,841.7987670898438,26204095,-0.01395703397861936,707.7402221679688
2020-07-09,823.3650512695312,841.8910522460938,846.8521728515625,824.3540649414062,834.8532104492188,36418942,0.014599539301554554,711.488583984375
2020-07-10,847.6474609375,866.7197875976562,869.7426147460938,841.8910522460938,843.8524780273438,43759967,0.029491669133306253,715.7332800292969
2020-07-13,873.3514404296875,893.002197265625,898.8632202148438,876.8496704101562,878.3956909179688,69608392,0.030323903128027796,720.1442822265625
2020-07-14,865.2272338867188,884.6951904296875,896.09423828125,870.9886474609375,892.5407104492188,67331128,-0.00930233370769007,724.6671008300781
2020-07-15,832.2791137695312,851.0056762695312,913.2158813476562,829.7767333984375,894.3635864257812,139669773,-0.0380803086481456,728.3043017578125
2020-07-16,832.0083618164062,850.7288208007812,862.543212890625,836.4453735351562,852.3901977539062,60961724,-0.000325313886466172,731.9351989746094
2020-07-17,862.8351440429688,882.249267578125,886.0797119140625,848.2366943359375,851.4672241210938,49726765,0.03705104857271224,735.7711804199218
2020-07-20,866.5361328125,886.0335083007812,891.61767578125,876.6881713867188,885.0643920898438,36592938,0.004289334753090346,739.1926916503907
2020-07-21,889.84814453125,909.8699951171876,912.3851928710938,893.6944580078125,894.8482055664062,42173371,0.02690252701071638,742.9468542480469
2020-07-22,904.4942016601562,924.845703125,927.6146850585938,904.8627319335938,915.1541748046876,59771457,0.01645905227640987,747.8627087402343
2020-07-23,928.7765502929688,949.6743774414062,959.7811889648438,919.0076904296876,924.8225708007812,58333751,0.02684632868651171,752.9846984863282
2020-07-24,968.65283203125,990.4478759765624,998.22412109375,949.6743774414062,949.7666625976562,120597372,0.042934203846665575,759.4481298828125
2020-07-27,973.1888427734376,995.0859375,1014.745849609375,982.0255126953124,1005.515869140625,80304827,0.0046828033658619095,765.7914575195313
2020-07-28,982.8927001953124,1005.0081787109376,1012.5306396484376,992.5245971679688,995.0859375,55114422,0.00997119674555691,772.4965307617188
2020-07-29,946.311279296875,967.6036376953124,1007.36181640625,955.5123291015624,1005.1005249023438,72663399,-0.03721812247783329,778.756318359375
2020-07-30,951.8177490234376,973.2339477539062,987.47119140625,956.2276611328124,968.6881713867188,72857444,0.005818877833363656,784.9032751464844
2020-07-31,932.9739990234376,953.96630859375,982.5331420898438,947.3668823242188,975.8414306640624,74958061,-0.019797645105203876,790.6054797363281
2020-08-03,906.7509765625,927.1531982421876,949.30517578125,924.4302978515624,946.6746215820312,46715383,-0.028106916686194694,795.8704284667969
2020-08-04,970.661376953125,992.5015258789062,1000.0701293945312,923.1150512695312,932.506591796875,92041055,0.07048285807522348,802.481015625
2020-08-05,959.7613525390624,981.3563232421876,1013.45361328125,977.5950927734376,1000.9931640625,74549993,-0.011229481952065967,808.6803100585937
2020-08-06,963.2141723632812,984.8867797851562,1000.3931884765624,972.7493286132812,995.4551391601562,49322975,0.0035975816436912833,814.7086206054687
2020-08-07,968.7881469726562,990.5863037109376,995.8243408203124,978.4719848632812,982.90234375,32984416,0.005786848625471297,820.918984375
2020-08-10,956.7825317382812,978.3104248046876,999.1471557617188,972.8878173828124,996.42431640625,26958997,-0.012392405162977127,826.3862255859375
2020-08-11,963.0787963867188,984.7483520507812,996.8396606445312,969.3111572265624,985.2098388671876,46828306,0.006580664298917016,831.8413940429688
2020-08-12,960.2803955078124,981.8870239257812,989.9171752929688,972.287841796875,978.8411254882812,30264617,-0.002905682161631451,837.187099609375
2020-08-13,957.7754516601562,979.3257446289062,987.1019897460938,973.7646484375,982.0716552734376,24830322,-0.002608554604857316,842.1397265625
2020-08-14,954.0518798828124,975.5183715820312,995.4551391601562,964.1885375976562,979.5564575195312,33224635,-0.0038877293951203873,847.00080078125
2020-08-17,943.9192504882812,965.15771484375,971.4571533203124,955.350830078125,971.4571533203124,30979066,-0.010620627251188619,851.7689038085938
2020-08-18,956.19580078125,977.7105102539062,984.9791259765624,961.0042114257812,962.2271728515624,30547672,0.013005932749669213,857.0733752441406
2020-08-19,962.0631713867188,983.7099609375,994.0706787109376,979.002685546875,988.0711669921876,34087543,0.006136160188817907,862.1805334472656
2020-08-20,946.4917602539062,967.7882080078124,980.1795043945312,963.6116333007812,978.379638671875,22537845,-0.01618543521457938,867.2859777832032
2020-08-21,939.63134765625,960.7734375,979.3026733398438,958.53515625,977.4566650390624,25280895,-0.0072482539053650985,871.7948107910156
2020-08-24,945.9051513671876,967.1882934570312,971.2263793945312,955.535400390625,965.1807861328124,32717218,0.0066768778272314755,876.1976196289063
2020-08-25,939.7442016601562,960.8887939453124,974.3646240234376,958.9966430664062,971.9186401367188,19388008,-0.0065132848659577025,880.4488891601562
2020-08-26,964.658447265625,986.3635864257812,991.278564453125,944.690185546875,962.2271728515624,59870421,0.026511731130083094,885.2195703125
2020-08-27,952.6076049804688,974.0415649414062,992.2246704101562,970.6495361328124,991.3016357421876,28085062,-0.012492341013873864,889.384677734375
2020-08-28,955.112548828125,976.6029052734376,984.3330078125,972.0340576171876,978.379638671875,27166900,0.0026295652423513616,892.6693872070313
2020-08-31,939.1123046875,960.2427368164062,1003.3006591796876,950.8511962890624,1003.3006591796876,62076132,-0.016752208062030483,895.753212890625
2020-09-01,942.0687866210938,963.2655639648438,979.4872436523438,951.7972412109376,969.149658203125,38616258,0.003148166538588404,899.1231750488281
2020-09-02,960.5512084960938,982.1639404296876,986.6866455078124,962.2271728515624,965.4576416015624,26949439,0.019618972772986742,902.8003039550781
2020-09-03,953.2845458984376,974.7338256835938,987.0327758789062,970.5341796875,982.0716552734376,18586429,-0.007565096512692215,906.4215539550781
2020-09-04,937.5552368164062,958.6505126953124,967.7420654296876,956.3199462890624,961.5579833984376,28475945,-0.01650011966490761,909.514697265625
2020-09-07,939.992431640625,961.1426391601562,971.8032836914062,943.4210205078124,961.7656860351562,21926473,0.0025995213172660403,912.8229040527344
2020-09-08,951.0277709960938,972.4263305664062,978.8411254882812,960.150390625,965.4576416015624,27397082,0.011739817241090078,916.5230822753906
2020-09-09,975.5132446289062,997.462646484375,1000.4393310546876,960.5888061523438,962.2271728515624,55310877,0.02574632873987137,920.4117956542968
2020-09-10,1044.410888671875,1067.91064453125,1082.194091796875,1003.9236450195312,1007.5003051757812,140304404,0.0706270718745372,925.40953125
2020-09-11,1047.006103515625,1070.564208984375,1078.9173583984375,1055.496337890625,1066.9876708984375,59470807,0.0024848600028004597,930.2104797363281
2020-09-14,1039.2431640625,1062.62646484375,1089.1396484375,1053.142578125,1072.9871826171875,44063445,-0.007414416618068076,934.2793505859376
2020-09-15,1046.5999755859375,1070.14892578125,1073.333251953125,1055.9808349609375,1066.964599609375,27178393,0.007079008818955401,938.7512707519531
2020-09-16,1049.1724853515625,1072.7794189453125,1093.45458984375,1066.3184814453125,1070.6795654296875,33952295,0.0024579684938219604,943.504375
2020-09-17,1037.528076171875,1060.872802734375,1077.002197265625,1057.6883544921875,1070.6795654296875,25828669,-0.011098660460758913,947.7876354980468
2020-09-18,1040.664794921875,1064.0802001953125,1070.42578125,1050.62744140625,1068.0260009765625,33074915,0.0030232615598928536,951.6479821777343
2020-09-21,1018.1654052734376,1041.074462890625,1078.0635986328125,1037.151611328125,1061.4495849609375,33627381,-0.021620208311290523,954.5442614746094
2020-09-22,997.990234375,1020.4453735351562,1050.8350830078125,1016.0149536132812,1050.8350830078125,34792254,-0.01981521940732156,957.199521484375
2020-09-23,1006.8590698242188,1029.5137939453125,1050.7197265625,1017.74560546875,1042.9896240234375,42988708,0.008886695624604979,960.6911206054688
2020-09-24,984.4724731445312,1006.6234741210938,1027.298583984375,1004.2467041015624,1018.9454956054688,29826318,-0.022234091493654407,963.7404028320312
2020-09-25,993.72509765625,1016.0841674804688,1021.2068481445312,1000.2086181640624,1010.22314453125,28374935,0.00939856091878788,966.3582019042968
2020-09-28,1000.2920532226562,1022.7990112304688,1032.836669921875,1018.55322265625,1027.7601318359375,19666849,0.006608422773959122,969.0333203125
2020-09-29,1013.2908325195312,1036.0902099609375,1044.8355712890625,1022.7990112304688,1026.837158203125,25842539,0.012994984069899074,971.5021740722656
2020-09-30,1008.4614868164062,1031.1522216796875,1046.2200927734375,1026.837158203125,1042.9896240234375,24465159,-0.004766001574411649,973.5815197753906
2020-10-01,1004.354248046875,1026.9525146484375,1044.7432861328125,1021.7606201171876,1044.7432861328125,20783227,-0.004072777020466378,975.0930737304687
2020-10-05,998.4640502929688,1020.929931640625,1037.9822998046875,1018.0686645507812,1035.6055908203125,18922799,-0.005864661562751006,975.6892980957032
2020-10-06,997.629150390625,1020.076171875,1030.9444580078125,1016.0610961914062,1026.9525146484375,18412175,-0.0008361842392811125,976.1781042480469
2020-10-07,1018.9102172851562,1041.8359375,1065.6031494140625,1024.5296630859375,1031.4521484375,53170865,0.0213316410072808,976.8984545898437
2020-10-08,1010.673095703125,1033.4134521484375,1046.681640625,1025.498779296875,1042.528076171875,21077808,-0.008084246719969768,978.1856909179687
2020-10-09,1008.0552368164062,1030.73681640625,1039.7591552734375,1023.1912841796876,1031.4521484375,18545499,-0.002590213292357868,979.3104406738281
2020-10-12,1009.679931640625,1032.398193359375,1041.0281982421875,1027.4140625,1031.4521484375,14226473,0.0016117121015608582,980.8445593261719
2020-10-13,1029.38134765625,1052.542724609375,1054.873291015625,1027.2293701171875,1029.4215087890625,23112012,0.019512536001000003,983.2971667480468
2020-10-14,1032.4503173828125,1055.680908203125,1063.295654296875,1046.912353515625,1051.7120361328125,26742011,0.0029813729708141334,984.5329455566406
2020-10-15,995.8915405273438,1018.2993774414062,1056.8345947265625,1012.9921264648438,1056.8345947265625,20036197,-0.035409720196650896,985.2555493164062
2020-10-16,982.0352172851562,1004.13134765625,1030.29833984375,1002.6776123046876,1022.22216796875,21583600,-0.013913486236513561,985.6319702148437
2020-10-19,982.2156982421876,1004.31591796875,1028.544677734375,994.6013793945312,1010.7077026367188,31200385,0.0001837825709858354,985.9005212402344
2020-10-20,973.053466796875,994.947509765625,1012.0691528320312,993.2630004882812,1005.608154296875,18482288,-0.009328125646647423,986.2259399414063
2020-10-21,958.9263916015624,980.5025634765624,1011.607666015625,968.1112670898438,1000.5316772460938,34082321,-0.014518292855804193,986.1428918457032
2020-10-22,950.9600219726562,972.3570556640624,984.1483764648438,964.9961547851562,981.7947387695312,30802210,-0.008307592426985977,985.956484375
2020-10-23,953.71337890625,975.1722412109376,985.3021240234376,967.48828125,971.9186401367188,23422125,0.0028953445675690137,985.8752429199219
2020-10-26,915.8229370117188,936.4293212890624,970.049560546875,931.5374145507812,970.049560546875,37324416,-0.039729380684567106,985.1106640625
2020-10-27,918.2603149414062,938.9214477539062,950.6204223632812,925.3071899414062,939.1060180664062,36478896,0.0026614073869350996,984.5974853515625
2020-10-28,907.8568115234376,928.2838745117188,949.6282348632812,926.414794921875,942.2903442382812,29924017,-0.011329579694002612,983.6307055664063
2020-10-29,914.8300170898438,935.4140014648438,942.3826904296876,918.84619140625,921.6151733398438,30655304,0.0076809530731005715,982.6860424804687
2020-10-30,927.287109375,948.1514282226562,953.0433349609376,933.0603637695312,938.4598999023438,34021563,0.013616838158397204,982.3019494628907
2020-11-02,847.3766479492188,866.44287109375,935.4601440429688,857.9974365234375,935.4601440429688,99366895,-0.08617661198767401,980.45685546875
2020-11-03,835.1677856445312,853.9592895507812,881.003173828125,846.8983764648438,872.2346801757812,88691623,-0.01440783426618475,978.2421081542968
2020-11-04,863.5121459960938,882.9414672851562,890.2332153320312,847.7752075195312,847.7752075195312,80180117,0.03393852210150561,976.7174670410157
2020-11-05,882.3783569335938,902.232177734375,904.9780883789062,891.61767578125,902.2091064453124,37205373,0.02184822880022974,975.071865234375
2020-11-06,915.8455810546876,936.452392578125,941.4596557617188,912.9158935546876,918.3847045898438,66674086,0.03792842816022568,974.3366247558594
2020-11-09,925.5719604492188,946.397705078125,954.8431396484376,939.6136474609376,951.6588134765624,35838510,0.01062010845030259,973.7458129882813
2020-11-10,940.8500366210938,962.0194702148438,964.53466796875,942.0134887695312,958.53515625,36934242,0.016506632465896898,973.7805676269531
2020-11-11,901.425048828125,921.7074584960938,966.8421630859376,912.892822265625,964.0731811523438,56724780,-0.04190358320498877,972.9676928710937
2020-11-12,893.661865234375,913.7696533203124,926.8993530273438,906.84716796875,914.231201171875,40046527,-0.008612123219609136,971.6299060058594
2020-11-13,901.0640258789062,921.3382568359376,939.9136352539062,914.5773315429688,914.6926879882812,45388670,0.008282954585501878,970.5854956054687
2020-11-14,903.7269897460938,924.0610961914062,930.0606079101562,920.8536987304688,929.8760375976562,5226220,0.0029553547702563243,969.9089306640625
2020-11-17,899.6422729492188,919.884521484375,962.2271728515624,916.0771484375,962.2271728515624,46542562,-0.004519857040036657,969.1019274902344
2020-11-18,896.9117431640625,917.0924682617188,925.9994506835938,904.5858154296876,919.884521484375,30402290,-0.003035128369640705,968.0196069335938
2020-11-19,890.5703125,910.6083984375,927.8223266601562,908.323974609375,917.0924682617188,27796343,-0.007070295056781917,966.3207482910157
2020-11-20,857.3287963867188,876.6189575195312,915.5233764648438,874.5421752929688,911.462158203125,57471248,-0.037326099519268685,962.5791064453125
2020-11-23,880.4376220703125,900.2477416992188,909.1546630859376,888.9640502929688,900.3861694335938,45327567,0.02695444942592351,959.2477368164062
2020-11-24,886.4630126953125,906.4087524414062,911.0006713867188,891.61767578125,906.3856811523438,30936268,0.006843631478209211,956.1921337890625
2020-11-25,879.1286010742188,898.9093627929688,919.74609375,896.3250122070312,913.7696533203124,32637879,-0.008273793171351018,952.8427062988281
2020-11-26,881.2951049804688,901.1245727539062,906.84716796875,890.7177734375,901.332275390625,25838637,0.002464376546960967,949.4851586914062
2020-11-27,871.00439453125,890.6023559570312,902.7398071289062,886.7257690429688,895.5404052734375,47336811,-0.011676804274825536,946.1546850585937
2020-12-01,882.333251953125,902.18603515625,907.424072265625,890.7177734375,895.47119140625,19750687,0.013006659315389468,942.9880541992187
2020-12-02,883.8001098632812,903.6859130859376,905.4627075195312,893.002197265625,903.847412109375,22188887,0.0016624760620878032,940.3007482910157
2020-12-03,886.4630126953125,906.4087524414062,914.27734375,903.9166259765624,910.0776977539062,27785372,0.00301301482350258,938.0702038574219
2020-12-04,878.6547241210938,898.4248046875,908.6931762695312,895.3096923828125,908.6931762695312,18464552,-0.008808363645627426,935.5061169433594
2020-12-07,883.8225708007812,903.708984375,906.84716796875,895.5866088867188,895.5866088867188,18242188,0.005881544294724872,933.4931188964844
2020-12-08,899.8678588867188,920.1152954101562,929.5760498046876,899.9246826171875,905.0704345703124,43403061,0.01815442218385499,931.6159741210937
2020-12-09,914.8525390625,935.4370727539062,938.598388671875,922.653564453125,927.5916137695312,29175254,0.016652089557148697,929.9071838378907
2020-12-10,905.8483276367188,926.2301635742188,936.1524047851562,923.461181640625,932.9680786132812,16065507,-0.009842254397641303,927.7583337402343
2020-12-11,905.306640625,925.6763916015624,940.5366821289062,911.1160278320312,928.9991455078124,26944202,-0.000597988642460634,925.6952368164062
2020-12-14,898.7621459960938,918.984619140625,929.9221801757812,916.7001953125,926.6685791015624,17312747,-0.007229036367598196,923.5833947753906
2020-12-15,891.1118774414062,911.1622314453124,918.2462158203124,905.0473022460938,918.2462158203124,18551265,-0.008512005750096141,921.4363513183594
2020-12-16,892.1048583984375,912.177490234375,920.6691284179688,907.1702270507812,917.461669921875,18561011,0.0011143168239238221,919.3258654785157
2020-12-17,896.1895141601562,916.3540649414062,925.3071899414062,912.4544067382812,915.846435546875,20252358,0.004578672252779636,916.8714514160156
2020-12-18,898.875,919.0999755859376,925.2610473632812,906.84716796875,913.8158569335938,18466344,0.002996560211218746,914.6354895019531
2020-12-21,875.4727172851562,895.1712036132812,933.1526489257812,856.1975708007812,927.6146850585938,44135540,-0.0260350802000765,911.9838391113282
2020-12-22,874.1187744140625,893.7867431640625,904.0320434570312,871.5193481445312,899.4631958007812,28140001,-0.0015465277722100934,909.2726159667968
2020-12-23,877.345947265625,897.0864868164062,900.5938720703125,886.379638671875,890.6947021484375,19501410,0.003691915728186723,906.2319079589844
2020-12-24,900.0485229492188,920.2999267578124,922.4458618164062,898.0325317382812,898.5401611328125,20776988,0.025876423951520566,903.5838720703125
2020-12-28,904.1782836914062,924.5226440429688,931.3067016601562,920.8306274414062,926.0917358398438,17221499,0.004588375667408773,901.7496069335938
2020-12-29,898.1979370117188,918.4077758789062,928.6761474609376,914.9464721679688,927.1531982421876,18611939,-0.006614123328943622,900.072861328125
2020-12-30,900.6578369140625,920.9229125976562,926.3224487304688,911.7160034179688,920.8075561523438,22043630,0.002738705803007946,898.4417041015626
2020-12-31,896.0541381835938,916.2156372070312,928.4915161132812,913.1235961914062,919.9999389648438,18781189,-0.005111484674626743,896.9017175292969
2021-01-01,897.047119140625,917.23095703125,921.6151733398438,914.6926879882812,917.461669921875,10015175,0.0011081707172784228,895.6641320800782
2021-01-04,898.55908203125,918.7769775390624,922.4920043945312,908.231689453125,920.7383422851562,24513534,0.0016854888203348128,894.61611328125
2021-01-05,887.3882446289062,907.3548583984376,915.4310913085938,902.6936645507812,908.6931762695312,24123091,-0.012431945350873663,893.2896105957032
2021-01-06,863.9860229492188,883.4260864257812,907.3086547851562,879.2264404296875,907.2625122070312,46401468,-0.02637202128981775,892.2528723144532
2021-01-07,862.5869750976562,881.9954223632812,897.6171875,879.2264404296875,886.3104248046875,32325918,-0.0016192945422738303,891.1394055175781
2021-01-08,872.7646484375,892.4022216796875,894.5712890625,882.433837890625,885.1566772460938,27540187,0.01179901115327131,890.4375622558593
2021-01-11,856.313232421875,875.58056640625,894.755859375,873.388427734375,894.755859375,33307825,-0.018849773584525664,889.2672265625
2021-01-12,883.3035888671875,903.1782836914062,904.5396728515624,876.8035278320312,878.2341918945312,41161546,0.0315192565330058,888.3875561523438
2021-01-13,875.0665893554688,894.755859375,911.4390869140624,885.3643798828125,906.177978515625,26619458,-0.009325219115527972,888.9413549804688
2021-01-14,884.9058837890625,904.8165893554688,907.7240600585938,894.8712768554688,897.6171875,21553242,0.011244052227889156,889.9361169433594
2021-01-15,874.457275390625,894.1328735351562,910.9083862304688,886.102783203125,904.8165893554688,20593268,-0.011807592863658845,890.15501953125
2021-01-18,895.44482421875,915.5925903320312,921.6151733398438,887.625732421875,899.5093383789062,35100458,0.024000656657296116,890.4163488769532
2021-01-19,910.0909423828124,930.5682983398438,937.30615234375,920.5306396484376,920.5306396484376,32006615,0.016356248612906743,890.3012561035156
2021-01-20,927.3773803710938,948.2437133789062,949.7666625976562,923.645751953125,932.8757934570312,30924537,0.018994187485287695,890.3373645019532
2021-01-21,947.5524291992188,968.8727416992188,978.379638671875,957.6121826171876,960.8426513671876,39087742,0.021754950309497367,890.4714123535156
2021-01-22,925.0756225585938,945.8900756835938,976.2337036132812,939.2213745117188,974.2261352539062,30532660,-0.02372091078867289,890.944423828125
2021-01-25,876.0595092773438,895.7711791992188,939.1290893554688,891.61767578125,939.1290893554688,54207104,-0.052986060907842525,890.5923767089844
2021-01-27,855.2976684570312,874.5421752929688,888.38720703125,871.3117065429688,888.38720703125,42370131,-0.02369912157844023,889.6770495605468
2021-01-28,846.9703979492188,866.0275268554688,887.6026611328125,863.0046997070312,867.6889038085938,34067814,-0.00973610804158398,888.5419177246093
2021-01-29,831.3538208007812,850.0596313476562,882.8953247070312,844.544677734375,874.2191162109375,43712383,-0.018438161695202293,887.1761486816406
2021-02-01,855.4331665039062,874.6806640625,879.1571655273438,852.8516845703125,858.11279296875,34180952,0.028964016403907555,886.3465771484375
2021-02-02,869.1991577148438,888.7564086914062,895.3096923828125,856.0591430664062,883.4260864257812,41470034,0.016092421652527333,885.9191540527344
2021-02-03,871.38818359375,890.9946899414062,900.84765625,876.8496704101562,889.91015625,30301696,0.002518439944950268,886.200341796875
2021-02-04,868.5220336914062,888.0641479492188,895.3096923828125,879.1571655273438,887.9256591796875,25626981,-0.0032891769205811716,885.9620300292969
2021-02-05,868.2738647460938,887.810302734375,897.4556884765625,886.0797119140625,890.7177734375,20248046,-0.00028573707480705757,885.5982470703125
2021-02-08,880.776123046875,900.5938720703125,908.6931762695312,890.2562866210938,892.1022338867188,21183400,0.014398980331438604,885.6311975097656
2021-02-09,882.8973999023438,902.7628784179688,918.2000732421876,900.9861450195312,905.4396362304688,19604141,0.002408417757886694,885.6632434082031
2021-02-10,891.08935546875,911.1390991210938,915.9617919921876,889.4486083984375,901.6553344726562,21234156,0.009278490985829446,886.0649426269531
2021-02-11,927.8287963867188,948.7052001953124,952.6279907226562,910.1930541992188,913.7696533203124,42539278,0.04122980562217826,886.974853515625
2021-02-12,921.46484375,942.1980590820312,958.9966430664062,930.1067504882812,948.6129150390624,30497029,-0.006858972971632404,887.7281481933594
2021-02-15,917.4027099609376,938.0445556640624,951.2896118164062,934.5371704101562,945.1747436523438,15791099,-0.004408343754636501,888.3469421386719
2021-02-16,929.5437622070312,950.4589233398438,959.6427612304688,939.1521606445312,941.3442993164062,21421660,0.01323415781779258,889.3647229003906
2021-02-17,940.2633056640624,961.4195556640624,967.2805786132812,946.3515625,950.6896362304688,23742994,0.01153204818628395,890.4935375976562
2021-02-18,933.2449340820312,954.2432250976562,973.0262451171876,950.2742919921876,962.2271728515624,18646877,-0.007464261914458481,891.1610791015624
2021-02-19,938.9318237304688,960.05810546875,971.43408203125,947.5975952148438,949.30517578125,23403483,0.006093673204914163,891.6426647949219
2021-02-22,906.3447265625,926.73779296875,964.488525390625,920.6691284179688,959.919677734375,23804335,-0.03470656371886194,891.6525927734375
2021-02-23,913.27294921875,933.8218383789062,947.4130249023438,929.2760620117188,945.1516723632812,25644108,0.007644136334887364,891.8119189453125
2021-02-24,930.2208862304688,951.1511840820312,953.112548828125,935.06787109375,936.8446655273438,10807663,0.018557362315632764,892.44109375
2021-02-25,967.84033203125,989.6171875,993.1476440429688,956.6891479492188,958.0736694335938,34855693,0.04044141166645532,893.9756628417969
2021-02-26,941.4141845703124,962.5963745117188,984.7944946289062,955.627685546875,976.9951782226562,37481215,-0.027304242844970017,894.9618493652343
2021-03-01,948.590576171875,969.9342041015624,974.6876831054688,951.8433837890624,973.85693359375,17680764,0.007622990729460932,896.0098706054688
2021-03-02,950.5313720703124,971.9186401367188,982.99462890625,964.1193237304688,979.3026733398438,17150760,0.0020459784728936725,897.042998046875
2021-03-03,993.9056396484376,1016.268798828125,1024.4835205078125,972.4724731445312,978.8642578125,31924461,0.04563160023182977,899.4116564941406
2021-03-04,982.0578002929688,1004.1544189453124,1010.6615600585938,995.7781982421876,1006.0696411132812,21435754,-0.011920487099418842,901.5704370117187
2021-03-05,983.3440551757812,1005.4696655273438,1020.8145751953124,993.6322021484376,994.99365234375,25511666,0.0013097547643619034,903.6903991699219
2021-03-08,988.94091796875,1011.1923217773438,1030.021484375,1000.5316772460938,1000.7623901367188,19506841,0.005691662814769627,905.4682470703125
2021-03-09,988.9181518554688,1011.169189453125,1021.6683349609376,990.6555786132812,1015.2996215820312,15154484,-2.3020701103160235e-05,907.1630444335938
2021-03-10,984.8109130859376,1006.9695434570312,1022.268310546875,1001.5700073242188,1018.5301513671876,11519358,-0.004153264617324348,908.8953039550781
2021-03-12,964.7939453125,986.5020751953124,1018.2532348632812,980.1795043945312,1012.9921264648438,16864952,-0.020325696544846172,910.1780261230468
2021-03-15,951.8402099609376,973.2570190429688,991.7169799804688,960.150390625,987.6327514648438,16698099,-0.013426426870212782,911.2937475585937
2021-03-16,948.0941162109376,969.4265747070312,981.148681640625,967.0729370117188,975.6106567382812,13873801,-0.003935633009403694,912.3146875
2021-03-17,927.6708374023438,948.543701171875,970.5341796875,939.1983032226562,968.249755859375,19210236,-0.021541404444334722,912.8969226074219
2021-03-18,906.796142578125,927.1993408203124,962.1348876953124,923.461181640625,956.6430053710938,20647480,-0.022502264793266447,913.2850805664062
2021-03-19,939.6990966796876,960.8426513671876,967.2344360351562,915.0618896484376,918.84619140625,41787429,0.03628484127426446,914.7993420410156
2021-03-22,930.852783203125,951.7972412109376,957.150634765625,938.3214721679688,955.7661743164062,18572478,-0.009413985293611482,916.164658203125
2021-03-23,942.1814575195312,963.3809204101562,973.626220703125,948.8436889648438,951.589599609375,17421165,0.012170210500336731,917.5529943847656
2021-03-24,924.0374755859376,944.82861328125,959.8042602539062,941.644287109375,959.8042602539062,16822814,-0.019257417760439766,918.9074792480469
2021-03-25,898.829833984375,919.0538330078124,947.920654296875,916.0771484375,947.920654296875,22001648,-0.027279890986648847,919.2180041503906
2021-03-26,900.2741088867188,920.5306396484376,929.3222045898438,910.8622436523438,928.5376586914062,20180202,0.0016068390786958542,919.7221545410156
2021-03-30,915.9132080078124,936.5216064453124,945.5670166015624,919.0999755859376,926.691650390625,20441701,0.017371486047102813,920.3423010253906
2021-03-31,904.0880126953124,924.4302978515624,946.0285034179688,922.5381469726562,931.3067016601562,16250796,-0.012910825184212382,920.9349157714844
2021-04-01,912.5507202148438,933.0834350585938,936.8446655273438,924.453369140625,931.3067016601562,11723312,0.009360490793702603,921.2770336914062
2021-04-05,899.3489379882812,919.5845947265624,934.5371704101562,905.5088500976562,934.5140991210938,14875099,-0.014466902424288719,921.0621936035157
2021-04-06,895.6027221679688,915.754150390625,925.2841186523438,908.6931762695312,924.845703125,14009194,-0.004165475336738944,920.4267004394532
2021-04-07,903.9751586914062,924.31494140625,944.64404296875,919.9076538085938,922.9996948242188,24266353,0.009348382174599212,919.5551550292969
2021-04-08,905.1035766601562,925.4686889648438,933.1526489257812,919.7691650390624,928.076171875,15369188,0.0012482842674388372,919.1557141113282
2021-04-09,894.5872802734375,914.7157592773438,925.93017578125,913.7696533203124,922.2843627929688,14037885,-0.011618887227828667,919.52626953125
2021-04-12,862.5869750976562,881.9954223632812,905.185791015625,876.965087890625,904.0781860351562,20901482,-0.03577102635083307,919.6720556640626
2021-04-13,871.9072265625,891.525390625,895.5866088867188,885.0874633789062,887.9256591796875,19411189,0.010804999071297727,920.1707922363281
2021-04-15,877.5490112304688,897.2941284179688,905.0011596679688,882.8491821289062,888.9871215820312,19723716,0.006470624965699168,921.0946960449219
2021-04-16,872.0425415039062,891.663818359375,899.8785400390625,889.0563354492188,893.7406005859375,15656948,-0.006274828705967628,921.4268835449219
2021-04-19,858.3216552734375,877.6342163085938,884.4182739257812,872.2346801757812,878.6956787109375,18478808,-0.01573419366308204,921.2093334960938
2021-04-20,858.073486328125,877.3804321289062,885.6181640625,872.4423828125,881.6954345703125,17203668,-0.000289132802123504,920.9430395507812
2021-04-22,860.4430541992188,879.8032836914062,883.5183715820312,866.0967407226562,873.2730712890625,14490954,0.0027614975976399947,920.7814599609375
2021-04-23,859.5178833007812,878.8572387695312,885.572021484375,874.7037353515625,879.6187133789062,11828857,-0.0010752261801898477,920.6063403320312
2021-04-26,874.6378173828125,894.3174438476562,905.4627075195312,882.1569213867188,886.0797119140625,20846778,0.017591180330031708,920.48357421875
2021-04-27,897.5661010742188,917.7616577148438,921.7074584960938,894.5020751953125,895.3096923828125,19992524,0.026214603617317644,920.7769482421875
2021-04-28,901.47021484375,921.7536010742188,926.691650390625,913.8389282226562,922.0074462890624,17122437,0.004349667132993007,920.9845654296874
2021-04-29,913.543701171875,934.0987548828124,943.5364379882812,926.36865234375,933.5679931640624,17412606,0.013393106205087157,920.6988635253906
2021-04-30,900.2064208984375,920.46142578125,939.6136474609376,917.2540283203124,926.9224243164062,19828769,-0.014599498914314335,920.2736950683594
2021-05-03,884.206298828125,904.1012573242188,913.3081665039062,896.7403564453125,907.3086547851562,23640186,-0.017773836865486725,919.6097668457031
2021-05-04,865.0467529296875,884.5105590820312,908.139404296875,881.9262084960938,899.9246826171875,21849830,-0.021668637651451328,918.3198266601562
2021-05-05,866.6264038085938,886.1258544921875,894.617431640625,880.5647583007812,887.625732421875,12393609,0.001826087287833067,916.8470886230468
2021-05-06,871.5460205078125,891.1561889648438,893.002197265625,879.8955688476562,886.9334716796875,14624666,0.00567674453212863,915.6131103515625
2021-05-07,871.884521484375,891.5023193359375,902.5321655273438,888.8486938476562,894.2713012695312,12288548,0.0003883913971236552,914.2721643066407
2021-05-10,869.379638671875,888.9409790039062,898.4478759765625,886.5181274414062,894.8482055664062,13941237,-0.0028729524963184705,913.5328625488281
2021-05-11,872.5164794921875,892.1484375,894.6405029296875,881.4646606445312,883.772216796875,13478264,0.0036081369758147464,912.7177331542969
2021-05-12,863.4895629882812,882.9183959960938,892.0330200195312,880.0802001953125,890.7408447265625,13177961,-0.010345840698802622,911.3831066894531
2021-05-14,874.3895874023438,894.0636596679688,896.232666015625,879.6187133789062,889.7947387695312,13291616,0.012623226592734627,909.514091796875
2021-05-17,884.7930908203125,904.7012329101562,906.1318359375,890.8792724609375,894.0636596679688,11873078,0.011898018420914314,908.381669921875
2021-05-18,897.2501220703125,917.4385986328124,924.1995849609376,910.3084106445312,914.231201171875,12064918,0.014079033142597064,907.3548608398437
2021-05-19,901.3573608398438,921.6382446289062,930.5913696289062,910.0776977539062,913.7696533203124,16317002,0.0045775850774523175,906.3713806152343
2021-05-20,896.0991821289062,916.2617797851562,928.030029296875,914.231201171875,922.030517578125,11422532,-0.005833622644450531,904.4152514648438
2021-05-21,903.8397827148438,924.176513671875,927.4300537109376,916.5386962890624,919.3076782226562,10785605,0.008638106964396153,902.8508911132812
2021-05-24,896.2119750976562,916.3771362304688,927.5223999023438,914.6926879882812,926.691650390625,8551760,-0.008439336000763298,901.1082495117188
2021-05-25,886.0568237304688,905.993408203125,921.6151733398438,904.5396728515624,921.3382568359376,14780102,-0.01133119356732648,899.0505676269531
2021-05-26,889.1710815429688,909.177734375,913.5389404296876,906.9856567382812,911.462158203125,7480204,0.003514738252777594,897.0556262207032
2021-05-27,891.9016723632812,911.9698486328124,919.7691650390624,905.5780639648438,909.2931518554688,26819294,0.0030709397516326398,895.19744140625
2021-05-28,945.476318359375,966.7498779296876,971.4571533203124,918.3847045898438,918.3847045898438,56469931,0.06006788377707206,894.8110888671876
2021-05-31,975.039306640625,996.9780883789062,1011.4691772460938,962.250244140625,970.0726318359376,59124142,0.03126782522966698,895.2750708007812
2021-06-01,978.9210205078124,1000.947021484375,1016.22265625,990.609375,999.608642578125,28013832,0.00398108449654333,895.8916088867187
2021-06-02,993.5219116210938,1015.8765258789062,1019.6838989257812,995.4551391601562,995.4551391601562,24630162,0.014915290209732257,897.2086303710937
2021-06-03,997.313232421875,1019.7531127929688,1038.3746337890625,1013.4998168945312,1024.9910888671875,23974257,0.003816041454581587,899.0189721679687
2021-06-04,988.669921875,1010.9154052734376,1022.8912963867188,1008.031005859375,1022.1298217773438,14468646,-0.008666595675147715,899.998388671875
2021-06-07,1005.324462890625,1027.9447021484375,1034.6826171875,1008.3771362304688,1016.22265625,16336573,0.01684540072185059,901.487822265625
2021-06-08,999.54736328125,1022.0375366210938,1027.829345703125,1014.4458618164062,1027.5755615234375,9674735,-0.00574650256969178,902.6351403808594
2021-06-09,981.674072265625,1003.7621459960938,1024.9910888671875,995.8935546875,1024.068115234375,11409161,-0.017881384786961663,903.7878723144531
2021-06-10,985.2849731445312,1007.4541625976562,1029.1446533203125,1004.93896484375,1012.2537231445312,14155653,0.0036783093094967523,905.5169750976562
2021-06-11,1002.375244140625,1021.3683471679688,1028.2216796875,1006.1157836914062,1007.4080200195312,13762778,0.01734551065114731,907.5589978027343
2021-06-14,1016.75537109375,1036.02099609375,1042.1820068359375,1013.0151977539062,1022.22216796875,20332436,0.014346051578172814,909.5758410644531
2021-06-15,1019.065185546875,1038.3746337890625,1049.865966796875,1033.8980712890625,1043.451171875,15174215,0.002271750431610986,911.8753845214844
2021-06-16,1001.6732177734376,1020.6530151367188,1037.01318359375,1017.9993896484376,1036.02099609375,10797349,-0.017066590067154608,913.6578344726563
2021-06-17,1003.5075073242188,1022.5220947265624,1031.4521484375,1006.0234985351562,1015.2996215820312,15745975,0.0018312255117076681,915.741005859375
2021-06-18,1008.0367431640624,1027.1370849609375,1031.4521484375,1008.0771484375,1027.06787109375,29369026,0.004513405038613527,917.9896862792968
2021-06-21,1013.2905883789062,1032.490478515625,1037.2208251953125,1015.368896484375,1016.9149169921876,12186448,0.005211958046641207,920.1759948730469
2021-06-22,1008.08203125,1027.1832275390625,1043.451171875,1024.2296142578125,1040.2205810546875,12871913,-0.005140240310767208,922.2355639648438
2021-06-23,998.8425903320312,1017.7686767578124,1038.6514892578125,1016.0841674804688,1038.3746337890625,16653951,-0.009165366142388276,924.3206701660156
2021-06-24,975.3587036132812,993.8399047851562,1022.0375366210938,987.6096801757812,1018.4609375,91461975,-0.023511098691680332,926.5761047363281
2021-06-25,953.14306640625,971.2033081054688,993.8399047851562,960.4273071289062,993.8399047851562,55355022,-0.02277688928671262,928.2008215332031
2021-06-28,944.7868041992188,962.6886596679688,981.37939453125,960.3811645507812,979.3026733398438,20277042,-0.00876705974323233,929.5455773925781
2021-06-29,945.60205078125,963.5193481445312,973.3031616210938,961.8118286132812,964.3038940429688,27144063,0.0008628894671345311,931.016767578125
2021-06-30,955.951171875,974.0646362304688,979.6026000976562,965.0192260742188,967.4190063476562,19762858,0.010944478266729174,932.9693579101563
2021-07-01,950.1991577148438,968.20361328125,979.8333740234376,966.8421630859376,977.4566650390624,12534407,-0.006017058537492348,934.8118713378906
2021-07-02,964.2848510742188,982.5562133789062,984.3330078125,965.8960571289062,967.76513671875,14086620,0.014823937955543931,936.8887072753906
2021-07-05,973.8640747070312,992.3169555664062,993.8629760742188,983.6868896484376,985.9713134765624,11702287,0.00993401858604459,939.1756311035156
2021-07-06,962.3599853515624,980.5948486328124,991.7169799804688,978.4719848632812,989.8941040039062,10070124,-0.01181282856021737,940.9300744628906
2021-07-07,955.679443359375,973.7877197265624,981.956298828125,968.2266845703124,981.956298828125,10454892,-0.006941832675791182,942.0923413085937
2021-07-08,947.7759399414062,965.7345581054688,976.9721069335938,960.3811645507812,976.9721069335938,11185460,-0.008270036017711702,943.0184558105469
2021-07-09,938.0836181640624,955.8584594726562,965.3192138671876,953.5048217773438,963.6116333007812,9037675,-0.010226385128475735,943.5092541503906
2021-07-12,943.92626953125,961.8118286132812,969.8419189453124,957.3814086914062,959.8042602539062,8585292,0.006228284189230715,944.3836511230469
2021-07-13,950.9917602539062,969.01123046875,970.5572509765624,963.6347045898438,969.149658203125,6717133,0.007485214630338577,945.7193603515625
2021-07-14,944.7868041992188,962.6886596679688,972.3109130859376,960.4965209960938,969.3111572265624,8532544,-0.006524721153241986,947.3141613769532
2021-07-15,943.1336669921876,961.0042114257812,966.8421630859376,959.2274169921876,966.8421630859376,9448356,-0.0017497462916327144,948.844306640625
2021-07-16,956.7437744140624,974.8722534179688,975.956787109375,963.4270629882812,963.4962768554688,8828185,0.014430730126811842,950.54826171875
2021-07-19,950.652099609375,968.6651000976562,980.2256469726562,965.5730590820312,969.149658203125,8354449,-0.006367091135155878,952.12361328125
2021-07-20,948.3195190429688,966.288330078125,972.8416748046876,961.7656860351562,968.9188842773438,6741464,-0.002453663719214072,953.7024108886719
2021-07-22,960.5029296875,978.7026977539062,980.1795043945312,968.2958984375,977.9181518554688,7972397,0.012847368845499085,955.4621398925781
2021-07-23,953.7092895507812,971.7802124023438,985.04833984375,970.095703125,985.04833984375,9937030,-0.007073003034909098,957.2665344238281
2021-07-26,940.642578125,958.4659423828124,978.8411254882812,955.8123168945312,972.8416748046876,12389668,-0.013700937559217863,958.5915942382812
2021-07-27,930.746337890625,948.3821411132812,961.627197265625,942.3826904296876,958.44287109375,10824523,-0.010520723242298247,959.5106591796875
2021-07-28,922.7523193359376,940.2366943359376,949.7666625976562,930.4990234375,949.7666625976562,12897848,-0.008588826223914547,960.020703125
2021-07-29,929.9536743164062,947.5745239257812,957.3352661132812,943.0287475585938,947.920654296875,13765738,0.007804212278383682,960.5926293945313
2021-07-30,921.8237915039062,939.2906494140624,954.3585815429688,937.352294921875,949.7666625976562,11350608,-0.008742244949433764,961.1071215820313
2021-08-02,938.6724243164062,956.4584350585938,959.6427612304688,941.9904174804688,948.0591430664062,10925104,0.01827749833296477,961.8037744140624
2021-08-03,945.5794067382812,963.4962768554688,964.9961547851562,952.6279907226562,964.53466796875,11817299,0.007358245797947083,962.791123046875
2021-08-04,952.8261108398438,970.8803100585938,975.6106567382812,963.150146484375,966.5652465820312,13169800,0.007663771069803094,964.1265087890625
2021-08-05,966.64013671875,984.9560546875,994.4398193359376,971.1110229492188,975.7490844726562,21252078,0.014497950593241216,965.6758898925781
2021-08-06,946.168212890625,964.0962524414062,990.8170776367188,959.3427734375,982.9715576171876,16620987,-0.021178433473305502,966.761220703125
2021-08-09,940.7783813476562,958.6043701171876,964.4423828125,953.6893920898438,960.3811645507812,7494143,-0.005696483426030907,966.6672619628906
2021-08-10,945.7151489257812,963.6347045898438,975.149169921875,957.0352783203124,960.8426513671876,11919198,0.005247535100724843,966.0807788085938
2021-08-11,958.963134765625,977.1336059570312,978.379638671875,961.48876953125,967.7420654296876,9184963,0.014008431455171166,965.68162109375
2021-08-12,955.88330078125,973.9954223632812,981.240966796875,971.4571533203124,980.6409912109376,8137612,-0.0032116291781412176,964.9288488769531
2021-08-13,971.8032836914062,990.2171020507812,992.1785278320312,973.2800903320312,977.1336059570312,12780901,0.01665473483755253,964.4186499023438
2021-08-16,984.4171752929688,1003.0698852539062,1016.6841430664062,982.140869140625,991.9246826171876,21935444,0.012979881641939306,964.3335949707031
2021-08-17,980.2275390625,998.801025390625,1008.4694213867188,991.232421875,1000.9239501953124,12658169,-0.00425595604751805,963.8316564941406
2021-08-18,984.0321044921876,1002.6776123046876,1009.2078247070312,993.424560546875,1003.3006591796876,10075860,0.003881308449389609,963.5213513183594
2021-08-20,972.9808959960938,991.4170532226562,1002.3776245117188,986.2251586914062,988.994140625,9426282,-0.011230536529900026,963.3474877929688
2021-08-23,979.3671264648438,997.9241943359376,1003.3006591796876,984.0560913085938,1003.3006591796876,9854395,0.006563572311676369,963.229130859375
2021-08-24,989.036865234375,1007.7772216796876,1011.607666015625,994.8090209960938,999.1702270507812,11864472,0.0098734565498797,962.96236328125
2021-08-25,997.5969848632812,1016.49951171875,1024.5296630859375,1006.1157836914062,1008.561767578125,13380559,0.008655005621936773,962.5791955566406
2021-08-26,1010.2108154296876,1029.352294921875,1036.02099609375,1017.6071166992188,1018.9916381835938,18589616,0.012644214805977105,962.4021081542969
2021-08-27,1008.8292846679688,1027.9447021484375,1035.02880859375,1022.7067260742188,1032.3751220703125,10480636,-0.0013675667896420052,962.5452294921874
2021-08-30,1028.2366943359375,1047.719970703125,1050.304443359375,1032.2828369140625,1038.3746337890625,14027062,0.01923755581139397,963.0398132324219
2021-08-31,1022.7566528320312,1042.1358642578125,1053.9501953125,1034.7979736328125,1050.7889404296875,26485463,-0.005329552557395756,963.3342114257813
2021-09-01,1026.810302734375,1046.2662353515625,1058.1729736328125,1044.3741455078125,1048.9891357421875,11145486,0.0039634549343865455,963.6046057128906
2021-09-02,1039.175048828125,1058.865234375,1065.04931640625,1040.68212890625,1040.68212890625,9956770,0.012041899132510636,964.2264660644531
2021-09-03,1081.7945556640625,1102.2923583984375,1105.2921142578125,1062.6033935546875,1066.0645751953125,30664428,0.041012827322980394,965.8855053710937
2021-09-06,1098.597900390625,1119.4140625,1144.5196533203125,1113.1375732421875,1113.59912109375,33641710,0.01553284275520106,968.3502893066407
2021-09-07,1105.52734375,1126.4749755859375,1134.3665771484375,1113.1375732421875,1121.444580078125,17349882,0.006307533772739848,971.3979748535156
2021-09-08,1101.2020263671875,1122.067626953125,1132.5206298828125,1110.6685791015625,1131.59765625,14301651,-0.00391244722011197,974.526279296875
2021-09-09,1098.597900390625,1119.4140625,1125.0673828125,1115.02978515625,1120.4754638671875,8963249,-0.0023648031098829625,977.5861962890625
2021-09-13,1074.1175537109375,1094.469970703125,1122.8291015625,1092.854736328125,1122.8291015625,16311160,-0.022283263668156583,979.9495239257812
2021-09-14,1072.71337890625,1093.039306640625,1104.83056640625,1091.9085693359375,1096.0621337890625,8908356,-0.0013072822428386033,982.3998083496094
2021-09-15,1077.1746826171875,1097.5850830078125,1105.63818359375,1093.0623779296875,1093.0623779296875,9071075,0.0041588963078713626,984.6576049804687
2021-09-16,1099.775390625,1120.6138916015625,1124.5596923828125,1092.3701171875,1099.0849609375,13448882,0.020981469739801195,987.1758312988281
2021-09-17,1082.72265625,1103.2384033203125,1133.3743896484375,1096.3389892578125,1128.82861328125,34882133,-0.01550565189980202,989.5830847167969
2021-09-20,1084.444091796875,1104.9921875,1116.068115234375,1093.754638671875,1094.7237548828125,11779819,0.0015899136652752777,992.1583776855468
2021-09-21,1089.1318359375,1109.7686767578125,1115.260498046875,1100.215576171875,1109.9071044921875,9915736,0.004322716289465456,994.9854956054687
2021-09-22,1100.81689453125,1121.6754150390625,1126.9825439453125,1106.7919921875,1111.2916259765625,10995912,0.010728782511156387,998.2401611328125
2021-09-23,1127.72021484375,1149.0885009765625,1152.3651123046875,1128.597900390625,1129.4747314453125,15748397,0.02443941444408515,1001.9160400390625
2021-09-24,1124.459228515625,1145.765625,1156.2647705078125,1140.82763671875,1155.387939453125,15192163,-0.0028916625641731697,1005.3853894042969
2021-09-27,1143.3685302734375,1165.033203125,1167.5484619140625,1142.3505859375,1147.7501220703125,15373834,0.01681635160998618,1009.3570239257813
2021-09-28,1154.057373046875,1175.9246826171875,1183.700927734375,1159.65673828125,1169.4405517578125,18035258,0.00934855428536352,1013.575498046875
2021-09-29,1144.90869140625,1166.6024169921875,1186.0545654296875,1163.002685546875,1186.0545654296875,9719875,-0.007927406257516645,1017.3387963867187
2021-09-30,1141.0133056640625,1162.6334228515625,1169.717529296875,1153.9111328125,1165.287109375,13590654,-0.0034023549401157593,1021.1460205078125
2021-10-01,1143.0289306640625,1164.6871337890625,1172.1173095703125,1151.442138671875,1154.6495361328125,8958928,0.0017665219064442184,1025.0402087402344
2021-10-04,1157.7259521484375,1179.662841796875,1188.2928466796875,1170.84814453125,1178.2091064453125,10918552,0.01285796106301218,1028.9846691894531
2021-10-05,1181.75341796875,1204.1453857421875,1205.4376220703125,1175.6015625,1179.17822265625,13533634,0.02075401849265268,1033.5455517578125
2021-10-06,1159.4019775390625,1181.370361328125,1209.1064453125,1177.332275390625,1209.1064453125,10258881,-0.018913793765966913,1037.9207397460937
2021-10-07,1165.0860595703125,1187.1622314453125,1199.32275390625,1184.9931640625,1197.592041015625,6336665,0.0049025981854153855,1042.6075341796875
2021-10-08,1209.857177734375,1232.781494140625,1238.8502197265625,1191.36181640625,1193.0924072265625,15772493,0.038427305688108815,1048.3496313476562
2021-10-11,1201.4326171875,1224.197509765625,1255.279541015625,1220.82861328125,1246.6956787109375,14768666,-0.006963268641883125,1053.779210205078
2021-10-12,1208.2943115234375,1231.189208984375,1238.2041015625,1218.9364013671875,1220.6671142578125,6682011,0.005711260238631111,1059.5086206054686
2021-10-13,1220.59130859375,1243.718994140625,1255.048828125,1231.8814697265625,1236.3580322265625,9959762,0.010177153821744112,1065.1469982910157
2021-10-14,1223.0595703125,1246.234130859375,1254.102783203125,1240.142333984375,1246.2110595703125,8623469,0.0020221852321673506,1070.6966015625
2021-10-18,1226.320556640625,1249.5570068359375,1266.8170166015625,1228.6510009765625,1231.5584716796875,13594479,0.0026662530650831684,1076.1664904785157
2021-10-19,1237.3037109375,1260.748291015625,1269.74755859375,1249.7415771484375,1257.033203125,8833409,0.008956185425907037,1081.5797619628906
2021-10-20,1223.0595703125,1246.234130859375,1265.7786865234375,1242.1268310546875,1265.7786865234375,12710570,-0.011512242708952458,1087.117589111328
2021-10-21,1187.7772216796875,1210.2833251953125,1258.9715576171875,1201.3763427734375,1258.6947021484375,20831669,-0.02884761256869739,1092.0575659179688
2021-10-22,1189.9964599609375,1212.544677734375,1229.8509521484375,1205.206787109375,1209.1295166015625,11027475,0.0018683960600891503,1096.943192138672
2021-10-25,1178.40185546875,1200.730224609375,1236.819580078125,1186.0545654296875,1236.819580078125,17198417,-0.009743394104355652,1101.3319665527345
2021-10-26,1205.2371826171875,1228.0740966796875,1231.6968994140625,1201.353271484375,1207.791259765625,9750178,0.022772645022493432,1106.319044189453
2021-10-27,1189.9964599609375,1212.544677734375,1235.3427734375,1209.1064453125,1223.8975830078125,9896298,-0.012645413596645394,1110.6829077148439
2021-10-28,1176.9522705078125,1199.25341796875,1217.4134521484375,1195.515380859375,1209.1295166015625,9886181,-0.010961536350749479,1114.5336096191406
2021-10-29,1148.7130126953125,1170.47900390625,1198.122802734375,1154.5341796875,1198.122802734375,14233025,-0.023993545464945476,1117.903319091797
2021-11-01,1149.4151611328125,1171.1943359375,1179.5936279296875,1151.0267333984375,1170.47900390625,15481114,0.0006112479180961916,1121.2109802246093
2021-11-02,1132.6572265625,1154.1187744140625,1175.901611328125,1151.5574951171875,1174.51708984375,10569130,-0.014579531519139377,1124.4045068359376
2021-11-03,1124.8670654296875,1146.1810302734375,1162.9796142578125,1135.7510986328125,1156.5416259765625,11989430,-0.006877774626004807,1127.3145056152343
2021-11-04,1131.77392578125,1153.2188720703125,1156.010986328125,1149.1346435546875,1150.4959716796875,1705656,0.006140156969502986,1130.169246826172
2021-11-08,1133.1781005859375,1154.6495361328125,1162.9796142578125,1133.628173828125,1162.70263671875,20337183,0.0012406848865318398,1132.880869140625
2021-11-09,1142.1231689453125,1163.76416015625,1167.0869140625,1147.773193359375,1156.05712890625,15682497,0.007893788588704487,1135.5191162109375
2021-11-10,1154.8953857421875,1176.7784423828125,1180.5166015625,1155.43408203125,1161.4566650390625,10253470,0.01118287164130427,1138.440438232422
2021-11-11,1157.0015869140625,1178.9244384765625,1186.2852783203125,1170.1558837890625,1172.232666015625,10722478,0.0018237159814449289,1141.0157360839844
2021-11-12,1174.46142578125,1196.7152099609375,1199.32275390625,1180.0550537109375,1182.7779541015625,8712341,0.015090591979010304,1144.0498315429688
2021-11-15,1167.53173828125,1189.654296875,1200.9149169921875,1186.0545654296875,1199.8995361328125,4803269,-0.0059003108555825134,1146.8642602539062
2021-11-16,1140.4019775390625,1162.010498046875,1188.362060546875,1151.442138671875,1187.0006103515625,11337581,-0.023236850744739357,1148.888798828125
2021-11-17,1115.98974609375,1137.1356201171875,1153.2650146484375,1135.7510986328125,1153.2650146484375,10202029,-0.021406689856845906,1149.5727026367188
2021-11-18,1120.2017822265625,1141.427490234375,1148.673095703125,1130.6976318359375,1135.28955078125,8505625,0.0037742606036978987,1150.0047802734375
2021-11-22,1070.5848388671875,1090.8702392578125,1130.213134765625,1084.986083984375,1124.259765625,24124307,-0.044292862363380814,1149.3059301757812
2021-11-23,1080.5941162109375,1101.0693359375,1108.176513671875,1065.6031494140625,1076.7021484375,25326999,0.009349354652117947,1148.8937719726562
2021-11-24,1064.9913330078125,1085.1707763671875,1112.16845703125,1081.5479736328125,1098.36962890625,16820296,-0.014439078437550212,1148.221640625
2021-11-25,1129.1016845703125,1150.4959716796875,1154.672607421875,1087.8243408203125,1095.13916015625,42401936,0.06019800309682877,1149.3213232421874
2021-11-26,1092.7098388671875,1113.41455078125,1143.4119873046875,1108.2918701171875,1138.8892822265625,15763138,-0.03223079568513276,1149.7212524414062
2021-11-29,1105.7989501953125,1126.7518310546875,1153.7496337890625,1107.1842041015625,1125.644287109375,24325354,0.011978579182278182,1150.2937377929688
2021-11-30,1089.4486083984375,1110.0916748046875,1142.62744140625,1102.453857421875,1138.9815673828125,32172299,-0.014785998660956534,1150.0872021484374
2021-12-01,1117.3486328125,1138.5201416015625,1141.7506103515625,1119.1832275390625,1122.8291015625,10104610,0.025609307496456735,1150.7797216796876
2021-12-02,1124.5272216796875,1145.8348388671875,1151.995849609375,1136.0279541015625,1139.76611328125,12720411,0.006424663400820707,1151.5813842773437
2021-12-03,1090.7396240234375,1111.406982421875,1153.057373046875,1107.599609375,1153.01123046875,19222481,-0.030046046911858637,1151.6135400390624
2021-12-06,1070.06396484375,1090.3394775390625,1119.1370849609375,1087.8243408203125,1114.983642578125,10332254,-0.01895563223734431,1150.9984814453126
2021-12-07,1078.782470703125,1099.223388671875,1109.445556640625,1089.1396484375,1096.5928955078125,11235122,0.008147649248844813,1150.0197265625
2021-12-08,1095.20068359375,1115.9527587890625,1122.2752685546875,1110.507080078125,1118.7218017578125,8744178,0.015219206222292447,1149.4345556640626
2021-12-09,1112.5701904296875,1133.6512451171875,1142.1658935546875,1119.1370849609375,1123.7520751953125,13213547,0.015859656678574918,1148.8185888671876
2021-12-10,1113.7025146484375,1134.8050537109375,1138.05859375,1121.6060791015625,1126.1749267578125,8364414,0.0010177553097237002,1148.0114916992188
2021-12-13,1091.3736572265625,1112.0531005859375,1141.7967529296875,1109.445556640625,1141.5198974609375,12901733,-0.020049211641515963,1146.940791015625
2021-12-14,1078.0125732421875,1098.4388427734375,1110.36865234375,1095.32373046875,1098.36962890625,12991523,-0.012242446842934296,1145.6807763671875
2021-12-15,1074.8648681640625,1095.2314453125,1109.9071044921875,1089.647216796875,1100.215576171875,9366969,-0.0029199149956647963,1144.3174951171875
2021-12-16,1088.769287109375,1109.3994140625,1114.7528076171875,1093.131591796875,1110.2301025390625,9761279,0.012935969308460304,1142.9383618164063
2021-12-17,1060.03173828125,1080.1173095703125,1111.2916259765625,1070.6795654296875,1106.69970703125,21049821,-0.02639452560645028,1140.5039282226562
2021-12-20,1031.4527587890625,1050.9967041015625,1069.6873779296875,1037.0362548828125,1069.6873779296875,14325846,-0.026960494162680315,1137.9449438476563
2021-12-21,1046.8065185546875,1066.6414794921875,1082.6785888671875,1057.8499755859375,1066.6876220703125,12836561,0.014885567598510674,1135.5793530273438
2021-12-22,1071.6490478515625,1091.9547119140625,1094.6314697265625,1071.6026611328125,1072.94091796875,17658543,0.023731729652557654,1132.8151904296874
2021-12-23,1071.2640380859375,1091.5625,1098.36962890625,1088.23974609375,1095.6005859375,9072401,-0.000359268518361322,1130.2118188476563
2021-12-24,1074.68359375,1095.046875,1103.9075927734375,1078.7789306640625,1093.754638671875,7886494,0.0031920754757830405,1127.5396044921874
2021-12-27,1073.528564453125,1093.8699951171875,1097.4466552734375,1083.6478271484375,1089.85498046875,4017223,-0.0010747621938143048,1124.598349609375
2021-12-28,1086.2783203125,1106.8612060546875,1109.837890625,1095.1622314453125,1096.3389892578125,6374613,0.011876494283941108,1121.862724609375
2021-12-29,1088.1353759765625,1108.75341796875,1116.3681640625,1099.3387451171875,1103.4461669921875,15425312,0.0017095578815642387,1119.0990209960937
2021-12-30,1068.4786376953125,1088.7242431640625,1109.884033203125,1082.4940185546875,1107.599609375,29333171,-0.018064607322970994,1115.72251953125
2021-12-31,1072.5775146484375,1092.90087890625,1100.16943359375,1089.1396484375,1095.13916015625,9477290,0.0038361805360622725,1112.7128784179688
2022-01-03,1088.74658203125,1109.3763427734375,1111.2685546875,1090.7779541015625,1091.4471435546875,5421611,0.015074963964830435,1110.732265625
2022-01-04,1113.3175048828125,1134.4127197265625,1135.7510986328125,1109.445556640625,1114.9375,10847728,0.02256808265310095,1109.1986865234376
2022-01-05,1118.5260009765625,1139.719970703125,1143.1351318359375,1122.8060302734375,1136.212646484375,11643813,0.004678356417559648,1108.0011694335938
2022-01-06,1094.476318359375,1115.21435546875,1132.5206298828125,1111.7530517578125,1131.2283935546875,14447422,-0.02150122804136001,1105.7859521484374
2022-01-07,1103.30810546875,1124.213623046875,1134.3896484375,1112.929931640625,1121.883056640625,13112115,0.008069418187699018,1104.0521850585938
2022-01-10,1104.2138671875,1125.1365966796875,1133.9051513671875,1115.0067138671875,1131.59765625,9246731,0.0008209508425256473,1102.5974169921874
2022-01-11,1112.16259765625,1133.2359619140625,1142.18896484375,1123.7520751953125,1124.213623046875,16205164,0.0071985425151341875,1101.8664086914061
2022-01-12,1141.851318359375,1163.4871826171875,1165.2640380859375,1137.5970458984375,1140.5045166015625,14800442,0.026694586534100617,1101.7151318359374
2022-01-13,1148.28271484375,1170.04052734375,1172.671142578125,1157.626220703125,1163.5565185546875,11856712,0.0056324290045184355,1102.0276416015624
2022-01-14,1149.958740234375,1171.748046875,1184.8084716796875,1165.6793212890625,1169.902099609375,19930176,0.0014595929808567387,1102.5294750976564
2022-01-17,1155.9595947265625,1177.8629150390625,1183.7470703125,1170.8250732421875,1171.28662109375,8036453,0.005218321564271378,1103.0131884765624
2022-01-18,1142.1683349609375,1163.810302734375,1182.5240478515625,1161.0181884765625,1179.0167236328125,6215029,-0.011930572511824944,1103.1929931640625
2022-01-19,1142.07763671875,1163.718017578125,1173.132568359375,1157.903076171875,1167.5946044921875,9755485,-7.940882215984324e-05,1103.1920825195311
2022-01-20,1122.08154296875,1143.3427734375,1158.341552734375,1132.9820556640625,1153.772705078125,16494486,-0.017508524032963102,1102.5358056640625
2022-01-21,1122.2626953125,1143.52734375,1154.7879638671875,1131.59765625,1131.59765625,13338594,0.00016144311871557626,1101.8410278320312
2022-01-24,1076.9935302734375,1097.4005126953125,1155.9417724609375,1086.8782958984375,1142.2120361328125,21868937,-0.04033740516203921,1099.891669921875
2022-01-25,1074.887451171875,1095.2545166015625,1102.361572265625,1063.757080078125,1084.31689453125,24510205,-0.0019555169482102785,1098.0387841796876
2022-01-27,1058.9674072265625,1079.03271484375,1087.3397216796875,1066.5491943359375,1078.0635986328125,20020431,-0.014810893854938945,1096.4100927734376
2022-01-28,1057.9482421875,1077.994384765625,1096.4774169921875,1074.5562744140625,1091.4471435546875,14667727,-0.0009624139818729116,1095.2492626953126
2022-01-31,1080.93408203125,1101.41552734375,1110.55322265625,1087.3858642578125,1089.23193359375,12143683,0.02172680942899685,1094.4639086914062
2022-02-01,1077.3558349609375,1097.7696533203125,1117.1064453125,1083.186279296875,1111.2916259765625,13200509,-0.003310328659068995,1094.5993286132812
2022-02-02,1079.552490234375,1100.0079345703125,1110.830078125,1096.1082763671875,1110.830078125,10017691,0.002038931987143444,1094.57849609375
2022-02-03,1065.6026611328125,1085.793701171875,1108.268798828125,1083.232421875,1103.9075927734375,9572839,-0.012921862741971823,1094.59072265625
2022-02-04,1055.887451171875,1075.89453125,1083.809326171875,1071.187255859375,1080.37109375,11061241,-0.00911710369661567,1093.1264379882812
2022-02-07,1049.4561767578125,1069.34130859375,1087.662841796875,1063.757080078125,1080.8326416015625,10714467,-0.0060908711500688995,1092.2613647460937
2022-02-08,1067.0972900390625,1087.316650390625,1089.1396484375,1066.0645751953125,1075.5946044921875,12060849,0.016809766498064205,1091.4873315429688
2022-02-09,1079.5299072265625,1099.98486328125,1101.6923828125,1088.2166748046875,1094.2852783203125,11486225,0.011650875045371878,1091.2889575195313
2022-02-10,1078.4202880859375,1098.854248046875,1105.6151123046875,1091.4932861328125,1105.6151123046875,12464491,-0.0010278725334027516,1090.510390625
2022-02-11,1076.3140869140625,1096.708251953125,1100.4464111328125,1081.8017578125,1095.2545166015625,15943370,-0.0019530429788309212,1089.5461279296876
2022-02-14,1059.171142578125,1079.240478515625,1086.80908203125,1067.4490966796875,1080.0250244140625,10719633,-0.01592745514005922,1088.9147583007812
2022-02-15,1095.1328125,1115.883544921875,1118.6295166015625,1077.9251708984375,1085.078369140625,11212671,0.033952652669842154,1089.4161352539063
2022-02-16,1092.8682861328125,1113.5760498046875,1122.8291015625,1105.7305908203125,1121.444580078125,10392840,-0.0020678098047468563,1089.6978515625
2022-02-17,1106.7049560546875,1127.6748046875,1132.9359130859375,1112.214599609375,1116.875732421875,12853252,0.012660876061137305,1089.9279370117188
2022-02-18,1098.05419921875,1118.8602294921875,1133.628173828125,1116.8988037109375,1128.0902099609375,6775458,-0.0078166785000916,1089.6376171875
2022-02-21,1086.9576416015625,1107.553466796875,1124.9058837890625,1100.4925537109375,1113.1375732421875,11107193,-0.010105655645306522,1089.1027197265626
2022-02-22,1082.020751953125,1102.5230712890625,1105.70751953125,1083.2093505859375,1085.8629150390625,13494914,-0.00454193379712875,1088.9156616210937
2022-02-23,1075.2498779296875,1095.6236572265625,1110.6224365234375,1092.8316650390625,1108.1072998046875,7310110,-0.006257619376722312,1088.8604077148439
2022-02-24,1021.66943359375,1041.0281982421875,1079.863525390625,1035.3287353515625,1063.757080078125,24846650,-0.04983069092656178,1087.7964990234375
2022-02-25,1034.4420166015625,1054.0426025390625,1065.1185302734375,1050.489013671875,1052.2657470703125,14570089,0.012501678711170472,1086.7099536132812
2022-02-28,1068.682373046875,1088.931884765625,1092.5316162109375,1035.1441650390625,1035.1441650390625,21297446,0.033100314851674195,1086.8829663085937
2022-03-02,1086.346435546875,1106.930419921875,1108.0611572265625,1074.9254150390625,1077.3482666015625,21471786,0.016528823666885017,1087.98083984375
2022-03-03,1077.1746826171875,1097.5850830078125,1114.452880859375,1093.7777099609375,1107.599609375,10186748,-0.008442751436902651,1088.588203125
2022-03-04,1053.2833251953125,1073.240966796875,1091.1240234375,1070.8411865234375,1085.9090576171875,10805667,-0.022179649974530258,1088.220888671875
2022-03-07,1014.3324584960938,1033.552001953125,1067.0338134765625,1025.45263671875,1051.61962890625,17983310,-0.03698042660268641,1087.082257080078
2022-03-08,1012.4978637695312,1031.682861328125,1036.5286865234375,1006.0696411132812,1020.6068725585938,21289374,-0.0018086720100455311,1085.8385424804687
2022-03-09,1066.214111328125,1086.416748046875,1092.3701171875,1031.059814453125,1031.9136962890625,20414228,0.05305319594315794,1085.6922534179687
2022-03-10,1083.4927978515625,1104.02294921875,1109.9071044921875,1089.1396484375,1107.599609375,17980493,0.016205644194592805,1085.63654296875
2022-03-11,1086.617919921875,1107.207275390625,1112.6761474609375,1096.546630859375,1096.546630859375,12257423,0.002884303501148544,1085.6061938476562
2022-03-14,1095.5404052734375,1116.298828125,1118.8602294921875,1095.6005859375,1101.553955078125,8340678,0.00821124443834309,1086.1474291992188
2022-03-15,1070.4488525390625,1090.7318115234375,1120.49853515625,1080.3018798828125,1120.49853515625,15925769,-0.02290335674850108,1086.1048559570313
2022-03-16,1088.520263671875,1109.1456298828125,1111.2454833984375,1097.03125,1099.2926025390625,11149828,0.016882087443923943,1086.1003295898438
2022-03-17,1124.006591796875,1145.30419921875,1152.5496826171875,1114.5682373046875,1122.7137451171875,21422098,0.03260052137687808,1086.314111328125
2022-03-21,1117.5296630859375,1138.7047119140625,1146.3656005859375,1125.59814453125,1127.9056396484375,11999466,-0.005762358297724313,1086.2941845703126
2022-03-22,1146.4033203125,1168.1253662109375,1169.8790283203125,1132.3360595703125,1135.335693359375,22557065,0.025837038765334386,1087.332724609375
2022-03-23,1150.049072265625,1171.84033203125,1183.6778564453125,1164.3641357421875,1164.3641357421875,15462187,0.0031801652075913456,1088.2675439453126
2022-03-24,1167.9168701171875,1190.0465087890625,1192.5848388671875,1158.3646240234375,1158.3646240234375,13168266,0.015536552554546557,1089.5416040039063
2022-03-25,1175.70703125,1197.984375,1207.2835693359375,1189.2850341796875,1191.8233642578125,14222488,0.0066701332364784705,1090.8124926757812
2022-03-28,1187.5281982421875,1210.029541015625,1213.629150390625,1193.6693115234375,1204.5145263671875,9891424,0.010054517560909249,1091.7260302734376
2022-03-29,1187.800048828125,1210.306396484375,1217.4365234375,1203.314697265625,1217.4365234375,8684065,0.00022892137326913087,1092.516376953125
2022-03-30,1210.6270751953125,1233.5660400390625,1240.5115966796875,1207.791259765625,1218.3134765625,15811550,0.019217903206611542,1093.7297436523438
2022-03-31,1193.3255615234375,1215.9366455078125,1232.066162109375,1213.0985107421875,1229.8740234375,13223718,-0.014291365215901575,1094.4770629882812
2022-04-01,1202.882080078125,1225.67431640625,1229.96630859375,1210.0526123046875,1216.5135498046875,7922880,0.008008307927710234,1095.691337890625
2022-04-04,1206.4375,1229.297119140625,1234.5120849609375,1219.12109375,1225.48974609375,7929162,0.0029557510089801564,1096.97853515625
2022-04-05,1189.385009765625,1211.921630859375,1232.158447265625,1209.45263671875,1223.482177734375,13149870,-0.014134582383567351,1098.3246044921875
2022-04-06,1186.214599609375,1208.691162109375,1215.8212890625,1193.9462890625,1193.9462890625,12257215,-0.002665587787149537,1099.603642578125
2022-04-07,1165.2899169921875,1187.369873046875,1202.6685791015625,1184.6700439453125,1197.63818359375,15496499,-0.017639879515964574,1101.3695703125
2022-04-08,1184.6748046875,1207.1220703125,1211.4371337890625,1181.4395751953125,1181.4395751953125,15152495,0.016635248801730063,1103.5653173828125
2022-04-11,1182.206298828125,1204.60693359375,1217.6904296875,1192.0540771484375,1199.8995361328125,9254209,-0.0020836991295903884,1106.0300952148436
2022-04-12,1159.945556640625,1181.9241943359375,1201.0994873046875,1179.316650390625,1193.9000244140625,13217742,-0.018829828778248126,1108.0700415039062
2022-04-13,1155.68798828125,1177.5860595703125,1196.4844970703125,1174.747802734375,1188.13134765625,10354235,-0.0036704898216994852,1109.5651196289064
2022-04-18,1152.1552734375,1173.986328125,1181.3472900390625,1163.810302734375,1168.9791259765625,9974224,-0.0030568067502405594,1111.0611083984375
2022-04-19,1196.065673828125,1218.728759765625,1231.2816162109375,1177.3092041015625,1180.5166015625,26141820,0.03811153010619539,1113.3913720703124
2022-04-20,1231.234619140625,1254.564208984375,1261.7406005859375,1222.5592041015625,1226.251220703125,25072240,0.02940385806737389,1116.7040112304687
2022-04-21,1260.06298828125,1283.938720703125,1287.123046875,1260.8175048828125,1269.5399169921875,21708633,0.023414196362303796,1120.7875219726564
2022-04-22,1249.5098876953125,1273.185791015625,1293.12255859375,1266.4478759765625,1273.23193359375,15054154,-0.008375057980499978,1124.7885961914062
2022-04-25,1220.6138916015625,1243.7420654296875,1273.0010986328125,1229.2740478515625,1265.6171875,17063215,-0.02312586429151664,1127.8589282226562
2022-04-26,1257.1416015625,1280.9620361328125,1289.89208984375,1249.6031494140625,1250.66455078125,12227666,0.02992568756776115,1131.411162109375
2022-04-27,1258.364501953125,1282.2081298828125,1305.12158203125,1271.455078125,1271.8243408203125,19338945,0.0009727626459143934,1135.0100463867188
2022-04-28,1277.16064453125,1301.3603515625,1315.736083984375,1285.78466796875,1296.79150390625,25614076,0.01493696186514426,1139.0269775390625
2022-04-29,1263.754150390625,1287.699951171875,1318.11279296875,1281.7235107421875,1318.11279296875,18214862,-0.010497108721624904,1143.1186376953126
2022-05-02,1259.315673828125,1283.17724609375,1294.73779296875,1272.839599609375,1274.66259765625,9467006,-0.0035121360916029465,1146.402294921875
2022-05-04,1220.0023193359375,1243.1190185546875,1287.5845947265625,1235.112060546875,1285.277099609375,19247660,-0.031218030005678354,1148.9449755859375
2022-05-05,1196.1109619140625,1218.77490234375,1259.89453125,1214.6676025390625,1256.894775390625,17210669,-0.01958304262477084,1150.733095703125
2022-05-06,1186.9393310546875,1209.4295654296875,1227.1280517578125,1196.9228515625,1205.5299072265625,19649948,-0.007667876268517948,1152.5107983398439
2022-05-09,1140.583251953125,1162.195068359375,1198.561279296875,1156.9801025390625,1188.3389892578125,18083752,-0.03905513777218217,1153.583310546875
2022-05-10,1120.8133544921875,1142.050537109375,1166.0255126953125,1134.3665771484375,1151.442138671875,19511677,-0.017333147253463244,1154.3591625976562
2022-05-11,1109.3319091796875,1130.3515625,1146.8040771484375,1117.7294921875,1141.1275634765625,16643899,-0.010243851276827365,1155.0408032226562
2022-05-12,1086.731201171875,1107.32275390625,1123.682861328125,1093.754638671875,1120.2908935546875,20490321,-0.020373260537078552,1156.3420385742188
2022-05-13,1099.050537109375,1119.87548828125,1143.5965576171875,1114.68359375,1119.5986328125,19308778,0.011336138986545619,1157.634208984375
2022-05-16,1099.322265625,1120.1524658203125,1144.9810791015625,1115.2835693359375,1123.498291015625,13437911,0.0002472393274468576,1158.2470068359376
2022-05-17,1145.497314453125,1167.2022705078125,1172.1634521484375,1122.3675537109375,1123.7982177734375,16551828,0.0420031962164189,1159.4300244140625
2022-05-18,1149.6641845703125,1171.4481201171875,1186.0545654296875,1157.5570068359375,1172.048095703125,17276788,0.0036376079320419308,1160.879814453125
2022-05-19,1123.16845703125,1144.4503173828125,1159.518310546875,1138.0816650390625,1146.3656005859375,14699118,-0.0230464929626083,1162.2775170898437
2022-05-20,1188.6602783203125,1211.1832275390625,1220.39013671875,1154.672607421875,1159.518310546875,21793091,0.058309882973538896,1165.764073486328
2022-05-23,1180.7117919921875,1203.083984375,1224.6129150390625,1196.6690673828125,1214.436767578125,15252755,-0.006686928530460268,1169.1283520507814
2022-05-24,1184.7652587890625,1207.21435546875,1217.4365234375,1198.838134765625,1203.130126953125,13527818,0.0034330704786438293,1171.499375
2022-05-25,1183.021728515625,1205.4376220703125,1226.066650390625,1200.591796875,1216.0521240234375,12714544,-0.0014716250839592604,1173.4899536132812
2022-05-26,1171.7440185546875,1193.9462890625,1216.0059814453125,1175.901611328125,1211.16015625,17882023,-0.00953296941983306,1175.1924755859375
2022-05-27,1166.3089599609375,1188.408203125,1202.2762451171875,1172.2557373046875,1196.692138671875,16521973,-0.004638435108424099,1176.6078466796876
2022-05-30,1206.9356689453125,1229.8048095703125,1234.050537109375,1197.222900390625,1206.822021484375,13853398,0.034833573589056366,1179.3375830078126
2022-05-31,1192.374267578125,1214.967529296875,1236.2657470703125,1207.1451416015625,1219.005615234375,70620653,-0.012064770096580246,1181.4146630859375
2022-06-01,1192.7593994140625,1215.35986328125,1225.3743896484375,1207.3758544921875,1215.72900390625,9776989,0.00032299576266425767,1182.7897192382814
2022-06-02,1233.8843994140625,1257.2640380859375,1261.0252685546875,1215.590576171875,1215.590576171875,22126569,0.03447887312412079,1185.1168139648437
2022-06-03,1258.88525390625,1282.73876953125,1300.20654296875,1265.4324951171875,1266.3555908203125,23939791,0.02026190987102172,1187.3664526367188
2022-06-06,1253.472900390625,1277.223876953125,1298.6605224609375,1269.9552001953125,1282.9696044921875,11093152,-0.004299322355894475,1189.4349291992187
2022-06-07,1255.8282470703125,1279.6236572265625,1288.0921630859375,1270.0706787109375,1278.308349609375,12358255,0.0018790567222901622,1191.1931567382812
2022-06-08,1233.77099609375,1257.148681640625,1283.4310302734375,1253.572021484375,1279.6236572265625,12479250,-0.017563907348014607,1192.3544360351561
2022-06-09,1267.60400390625,1291.6226806640625,1293.583984375,1250.66455078125,1250.66455078125,17278305,0.027422437323959548,1193.9559521484375
2022-06-10,1229.33251953125,1252.6259765625,1287.5384521484375,1246.7418212890625,1279.2314453125,18093057,-0.030191987605799997,1194.7866015625
2022-06-13,1206.0751953125,1228.9278564453125,1233.4967041015625,1207.4219970703125,1222.974609375,17620803,-0.01891866020726285,1194.6955639648438
2022-06-14,1190.3134765625,1212.86767578125,1233.058349609375,1206.106689453125,1222.9976806640625,14714312,-0.013068603691759106,1194.635322265625
2022-06-15,1175.9107666015625,1198.1920166015625,1217.113525390625,1192.7001953125,1207.9989013671875,11195535,-0.012099930181863505,1194.0958959960938
2022-06-16,1159.4697265625,1181.4395751953125,1227.151123046875,1178.6705322265625,1210.5140380859375,17111475,-0.013981537125115295,1193.1565405273439
2022-06-17,1173.057373046875,1195.2845458984375,1211.3677978515625,1179.6397705078125,1181.4395751953125,24457187,0.011718845411047063,1192.8299877929687
2022-06-20,1151.79296875,1173.6171875,1207.791259765625,1163.4871826171875,1202.20703125,12066797,-0.01812733527401411,1192.1415551757811
2022-06-21,1170.3851318359375,1192.561767578125,1196.8536376953125,1166.81005859375,1181.4395751953125,11720049,0.01614193139771891,1192.2434594726562
2022-06-22,1134.8311767578125,1156.333984375,1180.655029296875,1154.2110595703125,1180.562744140625,10617206,-0.03037799619203374,1191.2465869140624
2022-06-23,1116.419921875,1137.573974609375,1165.287109375,1128.3670654296875,1160.6951904296875,19446323,-0.016223783114077905,1189.930859375
2022-06-24,1132.3175048828125,1153.772705078125,1158.8260498046875,1138.9815673828125,1144.5196533203125,14240234,0.01423978800119663,1189.3782983398437
2022-06-27,1128.9656982421875,1150.3575439453125,1174.4940185546875,1145.23486328125,1174.4940185546875,15474529,-0.002960129668729161,1188.8438525390625
2022-06-28,1144.840576171875,1166.5330810546875,1169.41748046875,1145.48876953125,1145.48876953125,13572847,0.014061435129875788,1188.69755859375
2022-06-29,1168.5960693359375,1190.73876953125,1198.51513671875,1154.2110595703125,1157.0723876953125,19205146,0.02075004472980524,1188.1481665039062
2022-06-30,1175.616455078125,1197.89208984375,1207.2374267578125,1184.2086181640625,1190.6695556640625,23112959,0.006007538384222855,1187.0358032226563
2022-07-01,1090.943359375,1111.6146240234375,1196.20751953125,1091.4471435546875,1188.31591796875,81997149,-0.07202442202758896,1183.6534106445313
2022-07-04,1093.2078857421875,1113.922119140625,1126.9825439453125,1091.9547119140625,1097.885009765625,41857728,0.0020757506315312035,1180.5273706054688
2022-07-05,1102.0625,1122.9444580078125,1137.5509033203125,1115.4912109375,1118.214111328125,17647327,0.008099661897152277,1178.1563427734375
2022-07-06,1092.3701171875,1113.068359375,1126.95947265625,1102.0616455078125,1116.875732421875,23943726,-0.00879476691430836,1174.8609130859375
2022-07-07,1081.6134033203125,1102.1077880859375,1122.9444580078125,1096.0621337890625,1119.552490234375,23301033,-0.009847133034801892,1171.3258911132812
2022-07-08,1083.1080322265625,1103.6307373046875,1115.9066162109375,1099.54638671875,1115.9066162109375,19010108,0.0013818513173577962,1167.4448388671874
2022-07-11,1097.82763671875,1118.6295166015625,1120.8907470703125,1093.754638671875,1096.75439453125,13847467,0.013590153571226171,1164.12630859375
2022-07-12,1096.2650146484375,1117.0372314453125,1125.921142578125,1109.445556640625,1109.445556640625,10778989,-0.001423376510162333,1160.8652954101562
2022-07-13,1076.8348388671875,1097.2388916015625,1123.2906494140625,1095.13916015625,1120.1986083984375,14224132,-0.017723976886629966,1158.0019458007812
2022-07-14,1085.712158203125,1106.2843017578125,1123.267578125,1096.9620361328125,1102.0616455078125,16970315,0.008243900564432138,1155.7939697265624
2022-07-15,1087.8182373046875,1108.4302978515625,1114.5220947265625,1099.80029296875,1114.5220947265625,9603210,0.0019398134999686345,1153.8115478515624
2022-07-18,1097.08056640625,1117.8680419921875,1119.1370849609375,1104.0460205078125,1117.2911376953125,15160908,0.008514592589026648,1152.941494140625
2022-07-19,1103.806396484375,1124.7213134765625,1129.2901611328125,1107.738037109375,1107.738037109375,16439888,0.006130661944142357,1152.6013549804688
2022-07-20,1133.653564453125,1155.134033203125,1173.36328125,1147.4039306640625,1172.2095947265625,23924246,0.02704022015437957,1153.0877880859375
2022-07-21,1126.0897216796875,1147.427001953125,1153.7496337890625,1138.6585693359375,1150.9805908203125,16523230,-0.006672093671831969,1153.8749584960938
2022-07-22,1133.6988525390625,1155.1802978515625,1161.2720947265625,1151.442138671875,1153.7496337890625,10969995,0.00675712664176098,1154.5679248046874
2022-07-25,1096.242431640625,1117.01416015625,1138.727783203125,1108.984130859375,1138.727783203125,23110452,-0.033039127467183294,1154.506328125
2022-07-26,1096.74072265625,1117.5218505859375,1127.8594970703125,1112.837646484375,1117.3372802734375,11303288,0.00045454454347226836,1153.5311962890626
2022-07-27,1095.6990966796875,1116.46044921875,1120.06005859375,1108.5225830078125,1116.8065185546875,8655086,-0.0009497467861316888,1152.45189453125
2022-07-28,1112.864501953125,1133.9512939453125,1138.95849609375,1117.2911376953125,1124.213623046875,12496073,0.01566616722187142,1152.2458154296876
2022-07-29,1136.5748291015625,1158.1107177734375,1161.6412353515625,1137.1356201171875,1142.0736083984375,15130683,0.02130567297889807,1151.2041064453124
2022-08-01,1166.195556640625,1188.2928466796875,1194.2462158203125,1157.2569580078125,1162.5872802734375,15700044,0.02606139673397223,1150.9137817382812
2022-08-02,1170.6341552734375,1192.8155517578125,1203.499267578125,1182.1549072265625,1187.2083740234375,13917913,0.0038060500295493682,1150.6311596679689
2022-08-03,1180.462646484375,1202.830078125,1204.5145263671875,1184.8778076171875,1199.8995361328125,14250977,0.008395869167717729,1150.5799780273437
2022-08-04,1164.859619140625,1186.931396484375,1208.0911865234375,1169.902099609375,1204.5145263671875,14467127,-0.013217722212743088,1150.4422900390625
2022-08-05,1147.6939697265625,1169.4405517578125,1190.11572265625,1166.18701171875,1188.8236083984375,13942438,-0.01473623871237506,1150.069990234375
2022-08-08,1162.7081298828125,1184.7392578125,1192.307861328125,1168.0560302734375,1168.0560302734375,10165178,0.013082024086810362,1149.185439453125
2022-08-10,1169.6605224609375,1191.8233642578125,1195.2384033203125,1180.078125,1189.2388916015625,10724688,0.005979482210058729,1148.7311645507812
2022-08-11,1173.5556640625,1195.792236328125,1204.4683837890625,1190.7618408203125,1201.3302001953125,8198226,0.003330147104022352,1148.34708984375
2022-08-12,1192.532958984375,1215.1290283203125,1218.9825439453125,1191.6849365234375,1195.4229736328125,12650587,0.016170766758673683,1147.5200610351562
2022-08-16,1200.8211669921875,1223.574462890625,1226.343505859375,1212.49853515625,1221.2208251953125,6607378,0.00695008716142409,1146.358779296875
2022-08-17,1207.09423828125,1229.96630859375,1235.388916015625,1225.535888671875,1229.8970947265625,6595965,0.005223984604447951,1145.4312060546874
2022-08-18,1209.2833251953125,1228.1895751953125,1231.7430419921875,1218.451904296875,1227.589599609375,7410035,0.001813517822087718,1144.5003076171874
2022-08-19,1187.72216796875,1206.2913818359375,1228.3741455078125,1202.1839599609375,1222.974609375,9460724,-0.017829698613499145,1143.5793310546876
2022-08-22,1184.427734375,1202.9454345703125,1214.344482421875,1193.4385986328125,1207.7451171875,9471680,-0.002773740932514701,1141.9158056640624
2022-08-23,1202.6944580078125,1221.497802734375,1224.451416015625,1195.9075927734375,1197.130615234375,9678484,0.01542240451035326,1141.3830444335938
2022-08-24,1199.490966796875,1218.244140625,1232.20458984375,1216.213623046875,1218.40576171875,10369622,-0.002663595221220061,1141.2513598632813
2022-08-25,1195.9920654296875,1214.690673828125,1228.9278564453125,1210.3294677734375,1222.489990234375,7871946,-0.0029169885093265346,1141.364931640625
2022-08-26,1189.6077880859375,1208.20654296875,1222.974609375,1203.130126953125,1215.1290283203125,10742038,-0.005338059948964857,1141.6388720703126
2022-08-29,1180.3609619140625,1198.8150634765625,1225.2821044921875,1189.7696533203125,1192.97705078125,19838975,-0.007773004064434597,1142.0566967773439
2022-08-30,1198.673095703125,1217.4134521484375,1220.782470703125,1189.1004638671875,1206.360595703125,23139054,0.015514011713304798,1142.5690112304687
2022-09-01,1163.4346923828125,1181.6241455078125,1202.1839599609375,1177.1475830078125,1191.892578125,19909939,-0.02939784287027991,1142.801845703125
2022-09-02,1149.8482666015625,1167.8253173828125,1188.5235595703125,1165.610107421875,1181.6241455078125,12999345,-0.01167785855983361,1142.3911083984376
2022-09-05,1167.7060546875,1185.9622802734375,1191.36181640625,1168.0560302734375,1168.0560302734375,11327815,0.015530560513620673,1143.0486059570312
2022-09-06,1179.9974365234375,1198.44580078125,1202.6685791015625,1186.9775390625,1187.4390869140625,10899618,0.010526092407071586,1144.32015625
2022-09-07,1173.135986328125,1191.4771728515625,1197.5458984375,1186.0545654296875,1188.362060546875,7488501,-0.005814800933405473,1145.1365258789062
2022-09-08,1174.79443359375,1193.16162109375,1198.9765625,1186.51611328125,1194.4769287109375,7057077,0.0014136871470593615,1146.0531005859375
2022-09-09,1167.478759765625,1185.7315673828125,1204.5145263671875,1183.2855224609375,1204.5145263671875,8314850,-0.006227194834202643,1146.5058642578124
2022-09-12,1180.542724609375,1198.9996337890625,1205.4376220703125,1186.308349609375,1186.308349609375,7435419,0.011189895091858082,1146.7447973632814
2022-09-13,1190.403076171875,1209.01416015625,1213.6060791015625,1200.361083984375,1208.20654296875,8888657,0.008352388572605562,1147.0405297851562
2022-09-14,1176.135009765625,1194.5230712890625,1204.5145263671875,1187.32373046875,1188.362060546875,8678219,-0.011985911908203084,1148.7443627929688
2022-09-15,1164.479736328125,1182.6856689453125,1201.537841796875,1179.939697265625,1192.0540771484375,10365600,-0.009909809112665258,1150.1697998046875
2022-09-16,1135.625732421875,1153.38037109375,1178.2091064453125,1149.5960693359375,1173.940185546875,20217708,-0.0247784508446951,1150.841064453125
2022-09-19,1137.1025390625,1154.8802490234375,1164.2255859375,1145.142578125,1153.38037109375,7580254,0.0013004342878666364,1151.735712890625
2022-09-20,1137.2841796875,1155.0648193359375,1171.148193359375,1151.3035888671875,1164.1102294921875,8411448,0.00015973988163797692,1152.8491284179688
2022-09-21,1140.4195556640625,1158.249267578125,1168.9791259765625,1151.442138671875,1152.249755859375,9207309,0.0027568975569711718,1153.9953588867188
2022-09-22,1129.673095703125,1147.334716796875,1155.134033203125,1140.873779296875,1147.28857421875,10308170,-0.009423251212734463,1154.6322680664061
2022-09-23,1108.498291015625,1125.828857421875,1151.8804931640625,1124.259765625,1146.8271484375,9528051,-0.01874418782570053,1154.87693359375
2022-09-26,1080.257568359375,1097.1466064453125,1115.8143310546875,1096.13134765625,1104.8536376953125,12479523,-0.02547655949056571,1154.9453881835936
2022-09-27,1088.845703125,1105.8690185546875,1119.5986328125,1089.185791015625,1104.83056640625,16154822,0.007950080626297318,1155.0080590820312
2022-09-28,1059.855224609375,1076.42529296875,1097.4466552734375,1073.956298828125,1089.3011474609375,16997059,-0.026624964797511752,1154.448798828125
2022-09-29,1056.6063232421875,1073.1256103515625,1092.600830078125,1067.4490966796875,1089.1396484375,14671827,-0.003065419966566618,1153.6393139648437
2022-09-30,1080.4393310546875,1097.331298828125,1108.5225830078125,1066.526123046875,1066.526123046875,18613024,0.02255618510721069,1153.17197265625
2022-10-03,1076.690673828125,1093.52392578125,1115.4219970703125,1090.524169921875,1103.6768798828125,11852723,-0.0034695675349981636,1152.03271484375
2022-10-04,1096.5477294921875,1113.69140625,1115.9066162109375,1103.0538330078125,1106.5843505859375,8948850,0.018442674527366032,1151.441875
2022-10-06,1100.5916748046875,1117.7987060546875,1130.674560546875,1115.975830078125,1120.983154296875,13352162,0.0036878880907196265,1150.7797314453126
2022-10-07,1105.2493896484375,1122.5291748046875,1127.8594970703125,1114.360595703125,1114.360595703125,7714340,0.004232009881936172,1150.9598706054687
2022-10-10,1093.1851806640625,1110.2763671875,1115.7220458984375,1102.0616455078125,1109.9071044921875,6329527,-0.010915372672779755,1150.888759765625
2022-10-11,1071.4195556640625,1088.17041015625,1114.060546875,1085.0322265625,1114.060546875,9215177,-0.019910281793957707,1150.4031689453125
2022-10-12,1079.3033447265625,1096.177490234375,1099.1541748046875,1081.3402099609375,1085.4476318359375,7417103,0.007358265042692436,1149.7319458007812
2022-10-13,1082.7340087890625,1099.661865234375,1104.83056640625,1089.185791015625,1094.4007568359375,7328492,0.0031785911525819,1148.6551293945313
2022-10-14,1077.2357177734375,1094.07763671875,1115.1451416015625,1093.3392333984375,1114.5220947265625,9106089,-0.0050781549032290485,1146.8759326171876
2022-10-17,1094.525634765625,1111.6376953125,1114.060546875,1081.571044921875,1086.8321533203125,16729355,0.016050263379610463,1145.3537622070312
2022-10-18,1113.8372802734375,1131.25146484375,1136.674072265625,1116.8988037109375,1117.7525634765625,12415820,0.01764384943980568,1144.0212548828124
2022-10-19,1133.21728515625,1150.9344482421875,1166.6024169921875,1126.8441162109375,1132.7513427734375,19247142,0.017399314267928734,1143.388408203125
2022-10-20,1136.261962890625,1154.0264892578125,1162.51806640625,1146.8271484375,1146.8271484375,8717053,0.0026867554653962067,1143.1597680664063
2022-10-21,1123.0843505859375,1140.6429443359375,1161.5028076171875,1138.5201416015625,1157.3031005859375,8243452,-0.01159733647262462,1142.3672924804687
2022-10-24,1126.8331298828125,1144.4503173828125,1154.9033203125,1133.12060546875,1135.28955078125,3370033,0.0033379320929181056,1141.5107446289062
2022-10-25,1109.4298095703125,1126.77490234375,1153.2880859375,1125.1365966796875,1153.2880859375,12233241,-0.015444452111831208,1140.2282275390626
2022-10-27,1113.7919921875,1131.205322265625,1139.1893310546875,1122.73681640625,1134.3665771484375,12513059,0.003931914015251614,1138.653408203125
2022-10-28,1147.871826171875,1165.81787109375,1169.902099609375,1135.0357666015625,1137.5970458984375,17609592,0.030598023889040427,1137.5944213867188
2022-10-31,1158.5272216796875,1176.6400146484375,1181.8780517578125,1168.60986328125,1172.671142578125,12419943,0.0092827398189117,1136.6230810546874
2022-11-01,1149.5528564453125,1167.525390625,1199.8995361328125,1157.441650390625,1199.8995361328125,13963166,-0.007746356810989341,1135.4284716796874
2022-11-02,1156.7322998046875,1174.8170166015625,1176.9168701171875,1160.672119140625,1168.656005859375,8981896,0.006245422573760928,1134.8086743164063
2022-11-03,1161.0491943359375,1179.2012939453125,1181.23193359375,1165.3101806640625,1167.525390625,6693449,0.0037319737090240057,1134.341103515625
2022-11-04,1178.1343994140625,1196.5537109375,1199.8995361328125,1177.332275390625,1178.6243896484375,12575815,0.014715315390143147,1133.84990234375
2022-11-07,1184.427734375,1202.9454345703125,1204.653076171875,1187.900634765625,1195.74609375,11789748,0.005341780160283527,1133.5486376953124
2022-11-09,1183.246337890625,1201.74560546875,1210.029541015625,1195.3076171875,1204.653076171875,11254205,-0.000997440747196321,1133.2937231445312
2022-11-10,1168.9329833984375,1187.2083740234375,1198.307373046875,1182.8240966796875,1195.2845458984375,5966242,-0.012096681843701274,1132.8802270507813
2022-11-11,1195.8785400390625,1214.5753173828125,1216.5135498046875,1194.361572265625,1199.8995361328125,12310132,0.023051412718534392,1133.1905786132813
2022-11-14,1190.0850830078125,1208.691162109375,1219.2825927734375,1202.2762451171875,1214.0906982421875,9043112,-0.004844519604023323,1133.018818359375
2022-11-15,1184.745849609375,1203.2685546875,1212.0831298828125,1195.2845458984375,1210.1910400390625,7086433,-0.004486429982756501,1133.4450415039062
2022-11-16,1177.9527587890625,1196.369140625,1207.260498046875,1191.2926025390625,1204.5145263671875,9716161,-0.005733795836931788,1134.0071313476562
2022-11-17,1180.9970703125,1199.461181640625,1205.8990478515625,1190.6695556640625,1192.9539794921875,6661451,0.0025844088404420873,1134.2729516601562
2022-11-18,1180.3609619140625,1198.8150634765625,1204.0531005859375,1186.562255859375,1203.0146484375,5303197,-0.0005386197937554682,1134.2802221679688
2022-11-21,1159.117919921875,1177.239990234375,1194.361572265625,1173.6402587890625,1194.361572265625,6390268,-0.017997072656266044,1133.9998608398437
2022-11-22,1165.5477294921875,1183.7701416015625,1185.3623046875,1170.5943603515625,1174.51708984375,6611488,0.005547157420140447,1133.8149267578126
2022-11-23,1161.912353515625,1180.078125,1189.700439453125,1177.8629150390625,1188.362060546875,6413408,-0.0031190279767834284,1133.7035986328126
2022-11-24,1171.9320068359375,1190.2542724609375,1197.130615234375,1175.993896484375,1184.2086181640625,9389439,0.008623415776582322,1133.5313842773437
2022-11-25,1189.4261474609375,1208.02197265625,1211.390869140625,1191.638671875,1194.8231201171875,7349922,0.014927607167442902,1133.511845703125
2022-11-28,1230.2991943359375,1249.533935546875,1255.76416015625,1154.672607421875,1204.0069580078125,31527484,0.03436366937304314,1134.5951293945313
2022-11-29,1232.4119873046875,1251.6798095703125,1260.656005859375,1243.280517578125,1247.8724365234375,11058913,0.0017173001319328307,1135.9537744140625
2022-11-30,1241.1136474609375,1260.517578125,1267.0247802734375,1245.2188720703125,1251.818359375,26164986,0.007060674714208792,1138.0635327148439
2022-12-01,1237.4556884765625,1256.802490234375,1271.4320068359375,1253.43359375,1265.3402099609375,9485801,-0.002947319926630776,1140.070595703125
2022-12-02,1236.93310546875,1256.271728515625,1268.2015380859375,1246.326416015625,1259.89453125,11589592,-0.00042230442082002995,1142.06357421875
2022-12-05,1218.8936767578125,1237.9501953125,1253.7796630859375,1235.8966064453125,1251.5875244140625,14828536,-0.014583997009362304,1143.633056640625
2022-12-06,1222.4151611328125,1241.52685546875,1244.6650390625,1228.051025390625,1229.9432373046875,8594245,0.0028890824869705067,1145.4878979492187
2022-12-07,1204.375732421875,1223.205322265625,1243.7420654296875,1219.351806640625,1239.1270751953125,8462111,-0.014757203022760623,1147.4054467773437
2022-12-08,1203.8077392578125,1222.62841796875,1229.8970947265625,1218.40576171875,1227.589599609375,7757008,-0.00047160794490630487,1149.8764501953126
2022-12-09,1185.5638427734375,1204.0992431640625,1227.589599609375,1200.7532958984375,1221.1285400390625,12655763,-0.015155157995265012,1151.8108129882812
2022-12-12,1187.38134765625,1205.9451904296875,1210.5140380859375,1192.97705078125,1193.2078857421875,9479842,0.0015330299535458725,1154.3613354492188
2022-12-13,1192.7886962890625,1211.4371337890625,1215.1290283203125,1202.9915771484375,1205.9451904296875,8333348,0.004554011770090405,1157.0849829101562
2022-12-14,1188.471923828125,1207.0528564453125,1217.875,1204.97607421875,1217.2750244140625,7268947,-0.003619058827743382,1159.245634765625
2022-12-15,1171.591064453125,1189.9080810546875,1206.822021484375,1186.51611328125,1201.0533447265625,8688551,-0.014203835224500638,1161.143642578125
2022-12-16,1165.7974853515625,1184.02392578125,1208.5758056640625,1180.5858154296875,1186.51611328125,15837349,-0.0049450523116330025,1162.5286376953125
2022-12-19,1181.110595703125,1199.5765380859375,1201.74560546875,1184.5316162109375,1191.131103515625,7729933,0.013135309128707418,1164.1390161132813
2022-12-20,1191.334716796875,1209.9603271484375,1211.8985595703125,1184.2086181640625,1192.469482421875,7467588,0.00865636218229282,1165.86072265625
2022-12-21,1174.3856201171875,1192.746337890625,1215.1290283203125,1188.8697509765625,1209.591064453125,8527550,-0.014226981251128423,1167.4847314453125
2022-12-22,1171.3411865234375,1189.654296875,1202.0455322265625,1184.5546875,1198.9765625,7451122,-0.0025923627994067777,1169.4831640625
2022-12-23,1136.9888916015625,1154.764892578125,1195.515380859375,1150.1729736328125,1182.9625244140625,10257115,-0.02932731753745743,1170.636875
2022-12-26,1146.917236328125,1164.8486328125,1173.132568359375,1150.2421875,1160.5567626953125,5990242,0.00873213872175782,1171.9205395507813
2022-12-27,1156.3006591796875,1174.378662109375,1176.270751953125,1160.7874755859375,1167.5946044921875,5763271,0.00818142979662917,1173.5018383789063
2022-12-28,1156.1871337890625,1174.2633056640625,1176.7322998046875,1163.671875,1171.28662109375,7459393,-9.817982003534897e-05,1174.735068359375
2022-12-29,1155.66455078125,1173.7325439453125,1176.31689453125,1165.517822265625,1166.2100830078125,6930648,-0.0004519882573852385,1175.5716137695313
2022-12-30,1157.4365234375,1175.5323486328125,1189.2850341796875,1172.71728515625,1174.563232421875,7289476,0.0015332932511014086,1176.0559985351563
2023-01-02,1170.477783203125,1188.7774658203125,1190.2081298828125,1175.993896484375,1176.8245849609375,5316175,0.011267364992849416,1176.7403149414063
2023-01-03,1161.912353515625,1180.078125,1187.4390869140625,1175.809326171875,1183.7701416015625,7658932,-0.007317891727991466,1177.516875
2023-01-04,1144.418212890625,1162.3104248046875,1181.9241943359375,1160.2105712890625,1180.0550537109375,9264891,-0.01505633413059737,1177.8685766601564
2023-01-05,1142.37353515625,1160.233642578125,1170.5482177734375,1155.5955810546875,1164.5948486328125,13637099,-0.0017866525640224395,1178.527451171875
2023-01-06,1152.75634765625,1170.7789306640625,1175.8785400390625,1162.195068359375,1166.048583984375,6349597,0.009088806927394222,1179.30673828125
2023-01-09,1179.974609375,1198.4227294921875,1200.8226318359375,1173.755615234375,1174.655517578125,10722753,0.023611461150562674,1179.9487939453124
2023-01-10,1162.52587890625,1180.701171875,1202.6685791015625,1174.9786376953125,1202.6685791015625,8047142,-0.014787377906370525,1180.0287670898438
2023-01-11,1147.871826171875,1165.81787109375,1180.5166015625,1163.4871826171875,1177.9783935546875,11509553,-0.012605356147565638,1179.995146484375
2023-01-12,1123.0843505859375,1140.6429443359375,1168.748291015625,1137.5970458984375,1165.2178955078125,17688773,-0.02159428868343527,1179.3221875
2023-01-13,1121.266845703125,1138.7969970703125,1141.242919921875,1123.5675048828125,1134.5511474609375,20618583,-0.0016183155627307322,1178.5265405273437
2023-01-16,1110.5885009765625,1127.9517822265625,1144.3580322265625,1120.06005859375,1141.150634765625,13623855,-0.009523464256063208,1177.1756225585937
2023-01-17,1126.3560791015625,1143.9658203125,1145.904052734375,1130.9515380859375,1134.3665771484375,10751000,0.014197498093249994,1176.014189453125
2023-01-18,1124.492919921875,1142.0736083984375,1149.6422119140625,1135.451171875,1141.5198974609375,13448286,-0.0016541475775349035,1174.83912109375
2023-01-19,1123.2889404296875,1140.8507080078125,1145.05029296875,1133.7435302734375,1141.242919921875,11940054,-0.0010706865920251385,1173.926240234375
2023-01-20,1109.9296875,1127.2825927734375,1142.2120361328125,1124.79052734375,1142.2120361328125,14930286,-0.011892980023979649,1172.2072631835938
2023-01-23,1104.3177490234375,1121.5830078125,1138.15087890625,1119.1370849609375,1130.213134765625,10954118,-0.005056120707252032,1170.4919165039062
2023-01-24,1097.7972412109375,1114.9605712890625,1127.7440185546875,1101.7615966796875,1126.0595703125,16488755,-0.00590455764952269,1168.7529443359374
2023-01-25,1082.620361328125,1099.54638671875,1114.3836669921875,1098.36962890625,1113.3453369140625,12385018,-0.013824847898207038,1166.8462963867187
2023-01-27,1062.0816650390625,1078.6866455078125,1101.7615966796875,1066.8260498046875,1100.4002685546875,25830975,-0.018971282106560627,1164.46798828125
2023-01-30,1072.26025390625,1089.0242919921875,1094.6314697265625,1061.9111328125,1076.0792236328125,21772103,0.009583621676411358,1162.3059741210936
2023-01-31,1069.5791015625,1086.3013916015625,1101.900146484375,1080.37109375,1099.2926025390625,22691594,-0.0025004678985186546,1160.5151977539062
2023-02-01,1063.240478515625,1079.863525390625,1098.3465576171875,1063.757080078125,1098.3465576171875,19347800,-0.005926277951406433,1158.469052734375
2023-02-02,1057.35595703125,1073.8870849609375,1083.6015625,1066.526123046875,1069.756591796875,13662663,-0.005534516041554638,1156.3779248046876
2023-02-03,1058.28759765625,1074.8331298828125,1084.0631103515625,1058.2191162109375,1084.0631103515625,24699575,0.0008811040584817409,1154.1050366210939
2023-02-06,1050.3128662109375,1066.7337646484375,1071.14111328125,1064.1263427734375,1068.3720703125,14837879,-0.007535504963843365,1151.3227709960938
2023-02-07,1047.791015625,1064.1724853515625,1074.0947265625,1058.2191162109375,1066.9876708984375,15135435,-0.002401047028049108,1147.672607421875
2023-02-08,1068.7159423828125,1085.424560546875,1089.093505859375,1064.68017578125,1067.4490966796875,21160332,0.019970515537710565,1144.3986865234374
2023-02-09,1070.578857421875,1087.316650390625,1094.1468505859375,1077.140625,1086.1168212890625,13172763,0.0017431339471822849,1140.9879907226561
2023-02-10,1061.763671875,1078.3636474609375,1086.7860107421875,1071.279541015625,1086.7860107421875,10790445,-0.008234036648270271,1137.474150390625
2023-02-13,1055.72021484375,1072.2257080078125,1084.524658203125,1067.7030029296875,1080.001953125,10352493,-0.00569190413209153,1133.849892578125
2023-02-14,1080.598388671875,1097.4927978515625,1099.2464599609375,1072.3641357421875,1075.2716064453125,14321920,0.02356512026418578,1131.0839868164062
2023-02-15,1105.0675048828125,1122.344482421875,1124.7674560546875,1095.13916015625,1096.5235595703125,33503591,0.022644042844642387,1128.7370336914062
2023-02-16,1104.2042236328125,1121.4676513671875,1137.0433349609375,1119.16015625,1130.4207763671875,17264487,-0.0007812022760469439,1126.733603515625
2023-02-17,1108.8162841796875,1126.15185546875,1129.5208740234375,1112.491455078125,1116.82958984375,11809520,0.00417681842558193,1124.8337744140624
2023-02-20,1097.093017578125,1114.2452392578125,1130.5592041015625,1112.2607421875,1128.3670654296875,8836937,-0.010572776364152547,1123.0643579101563
2023-02-21,1106.0445556640625,1123.3367919921875,1129.19775390625,1113.299072265625,1118.6756591796875,13311592,0.008159324635661491,1121.4376220703125
2023-02-22,1080.9617919921875,1097.8619384765625,1121.444580078125,1096.085205078125,1119.5755615234375,11024335,-0.022677896241544704,1119.201083984375
2023-02-23,1075.78173828125,1092.600830078125,1105.1767578125,1089.7626953125,1097.4466552734375,9851910,-0.004792078452089177,1116.9472802734374
2023-02-24,1083.14306640625,1100.0771484375,1105.8228759765625,1092.8316650390625,1094.6776123046875,9434053,0.006842771040862727,1115.1783203125
2023-02-27,1075.940673828125,1092.7623291015625,1102.8231201171875,1085.3092041015625,1099.2926025390625,11199715,-0.006649530243517776,1113.3811840820313
2023-02-28,1055.356689453125,1071.8564453125,1092.3701171875,1067.7491455078125,1087.3397216796875,21994038,-0.019131151815056424,1110.8661059570313
2023-03-01,1065.0579833984375,1081.70947265625,1082.4478759765625,1072.179443359375,1081.755615234375,11551145,0.009192431376295662,1108.3405712890626
2023-03-02,1056.947021484375,1073.4716796875,1085.2861328125,1071.41796875,1078.525146484375,9333535,-0.007615512057082219,1105.9917993164063
2023-03-03,1083.9154052734375,1100.8616943359375,1104.5767822265625,1080.625,1084.13232421875,14643807,0.025515360033077306,1104.2432836914063
2023-03-06,1094.5029296875,1111.6146240234375,1118.9525146484375,1107.599609375,1107.599609375,10171916,0.009767851220263468,1103.393564453125
2023-03-08,1098.433349609375,1115.606689453125,1116.3681640625,1100.6771240234375,1111.6146240234375,15782657,0.0035910547292890005,1102.42388671875
2023-03-09,1072.032958984375,1088.79345703125,1115.39892578125,1086.8782958984375,1114.983642578125,16235128,-0.024034585834806,1100.7385327148438
2023-03-10,1055.4249267578125,1071.9256591796875,1081.755615234375,1068.3951416015625,1080.6019287109375,13334091,-0.01549209106620808,1098.7232885742187
2023-03-13,1038.06689453125,1054.29638671875,1081.755615234375,1049.912109375,1074.8331298828125,12771592,-0.016446486894984624,1096.3713354492188
2023-03-14,1034.181884765625,1050.3505859375,1063.7340087890625,1047.166259765625,1052.2196044921875,16027522,-0.0037425427841808467,1093.9062426757812
2023-03-15,1016.5057983398438,1032.398193359375,1060.6650390625,1027.9447021484375,1054.11181640625,21728555,-0.017091854620705504,1090.8268029785156
2023-03-16,1011.439208984375,1027.25244140625,1040.2205810546875,1016.31494140625,1035.1441650390625,18363159,-0.004984319188088726,1087.8173400878907
2023-03-17,1010.1671142578124,1025.9603271484375,1039.2745361328125,1021.1607055664062,1035.9517822265625,34014213,-0.0012577075470902033,1085.1323181152343
2023-03-20,1000.2384033203124,1015.8765258789062,1024.5296630859375,1006.0696411132812,1022.22216796875,19524589,-0.00982878060210346,1082.2896154785155
2023-03-21,1031.341796875,1047.4661865234375,1049.45068359375,1023.1451416015624,1024.0450439453125,21400360,0.03109598016976678,1079.8613244628907
2023-03-22,1034.477294921875,1050.6505126953125,1057.5037841796875,1047.6046142578125,1054.527099609375,10920094,0.003040212329584291,1076.951378173828
2023-03-23,1021.390625,1037.359375,1047.5584716796875,1035.167236328125,1046.681640625,16249370,-0.012650514405793012,1074.128673095703
2023-03-24,1001.1699829101562,1016.8225708007812,1038.3746337890625,1014.3766479492188,1036.1824951171875,12375945,-0.019797168286955547,1071.1946362304689
2023-03-27,1016.7329711914062,1032.62890625,1040.2205810546875,1015.3919677734376,1023.3759155273438,14054323,0.015544801129586672,1069.067608642578
2023-03-28,1021.4814453125,1037.45166015625,1041.3743896484375,1032.3751220703125,1036.067138671875,12576424,0.00467032569577186,1067.0719006347656
2023-03-29,1015.43798828125,1031.313720703125,1035.974853515625,1020.4223022460938,1033.298095703125,18804065,-0.005916364960893761,1065.1688903808595
2023-03-31,1059.218994140625,1075.7791748046875,1081.5018310546875,1040.543701171875,1040.68212890625,28171201,0.04311539095900829,1063.8261486816407
2023-04-03,1059.4007568359375,1075.9637451171875,1084.0631103515625,1068.3720703125,1082.2171630859375,10293043,0.00017160067589228056,1062.5243054199218
2023-04-05,1056.856201171875,1073.37939453125,1083.6015625,1065.3955078125,1083.6015625,16262928,-0.0024018820523238338,1061.1956506347656
2023-04-06,1063.9447021484375,1080.5787353515625,1086.37060546875,1069.8258056640625,1069.8258056640625,18435046,0.006707157481502746,1060.2759509277344
2023-04-10,1056.4017333984375,1072.9178466796875,1084.709228515625,1071.3948974609375,1084.524658203125,12961408,-0.007089624803590211,1059.3176306152343
2023-04-11,1061.6273193359375,1078.22509765625,1080.37109375,1072.5487060546875,1077.140625,10542367,0.0049465897037950235,1058.5942321777343
2023-04-12,1066.3076171875,1082.9786376953125,1092.7392578125,1075.3177490234375,1078.22509765625,18179087,0.004408607207367465,1058.2679772949218
2023-04-13,1070.3291015625,1087.0628662109375,1091.8162841796875,1080.8326416015625,1085.9090576171875,12378208,0.00377141109205148,1058.4329260253905
2023-04-17,1075.7589111328125,1092.5777587890625,1119.114013671875,1084.086181640625,1119.114013671875,17929479,0.005073028064345619,1058.5028991699219
2023-04-18,1063.4449462890625,1080.0711669921875,1096.985107421875,1073.4486083984375,1096.985107421875,10405576,-0.011446770011677598,1058.3802160644532
2023-04-19,1068.7386474609375,1085.4476318359375,1088.17041015625,1076.3099365234375,1079.47119140625,12273475,0.004977879852029687,1058.4901794433595
2023-04-20,1066.034912109375,1082.70166015625,1088.6781005859375,1076.2637939453125,1086.416748046875,7007330,-0.0025298377278542006,1058.6637585449218
2023-04-21,1067.37548828125,1084.0631103515625,1089.60107421875,1078.2481689453125,1084.8245849609375,7647317,0.0012575349612353737,1058.845516357422
2023-04-24,1071.465087890625,1088.2166748046875,1098.784912109375,1083.6015625,1096.0621337890625,12936186,0.0038314535552623763,1059.2685607910157
2023-04-25,1079.666748046875,1096.546630859375,1098.646484375,1084.75537109375,1091.9085693359375,9236126,0.007654621927436267,1059.9060754394532
2023-04-26,1073.328125,1090.1087646484375,1101.184814453125,1086.3936767578125,1097.9080810546875,8617834,-0.0058709069797153735,1059.998319091797
2023-04-27,1080.1212158203125,1097.0081787109375,1100.215576171875,1090.985595703125,1096.0621337890625,9167125,0.0063289973141367195,1060.1891662597657
2023-04-28,1099.8648681640625,1117.060302734375,1118.6295166015625,1099.17724609375,1099.2926025390625,15565210,0.01827910798766741,1060.951190185547
2023-05-02,1109.20263671875,1126.544189453125,1128.736328125,1120.5677490234375,1124.305908203125,12981805,0.008489923466938665,1062.020838623047
2023-05-03,1099.68310546875,1116.875732421875,1128.3670654296875,1113.6221923828125,1128.3670654296875,7061872,-0.008582319348032552,1062.4025329589845
2023-05-04,1112.360595703125,1129.7515869140625,1131.9898681640625,1114.3375244140625,1117.3603515625,8635233,0.011528312266806173,1062.5483947753905
2023-05-05,1109.5206298828125,1126.8671875,1135.91259765625,1124.213623046875,1126.5211181640625,8746585,-0.0025530981871192404,1062.6547229003907
2023-05-08,1123.2205810546875,1140.781494140625,1146.2041015625,1127.974853515625,1130.674560546875,9153782,0.012347630862277859,1062.9428088378907
2023-05-09,1126.69677734375,1144.3118896484375,1147.6578369140625,1136.7894287109375,1142.2120361328125,6464721,0.0030948473947995936,1063.534884033203
2023-05-10,1134.4443359375,1152.1805419921875,1153.680419921875,1145.0733642578125,1149.1346435546875,10872255,0.006876347522725146,1064.1028796386718
2023-05-11,1127.0377197265625,1144.6580810546875,1158.1337890625,1142.9273681640625,1153.2650146484375,10557860,-0.0065288493902317946,1065.0243981933593
2023-05-12,1128.8778076171875,1146.527099609375,1147.9346923828125,1133.67431640625,1139.812255859375,6955341,0.0016326764032985608,1066.0863195800782
2023-05-15,1131.1044921875,1148.7884521484375,1155.849365234375,1141.3582763671875,1149.0885009765625,6833343,0.00197247616640861,1067.0455480957032
2023-05-16,1114.99609375,1132.4283447265625,1153.56494140625,1130.7437744140625,1150.9805908203125,8717229,-0.014241300029095627,1067.8266564941407
2023-05-17,1108.4073486328125,1125.736572265625,1137.5970458984375,1120.983154296875,1136.674072265625,8798967,-0.005909209148014072,1068.8876696777343
2023-05-18,1106.021728515625,1123.313720703125,1133.9051513671875,1120.1292724609375,1130.4669189453125,10525531,-0.0021522954716333142,1069.706944580078
2023-05-19,1109.6114501953125,1126.95947265625,1128.8055419921875,1116.298828125,1123.313720703125,8050447,0.003245615874567953,1070.7602331542969
2023-05-22,1115.541259765625,1132.9820556640625,1138.05859375,1122.5291748046875,1123.7520751953125,7434906,0.005344041438350988,1071.3927502441406
2023-05-23,1115.3367919921875,1132.7744140625,1138.9815673828125,1131.34375,1135.589599609375,6092034,-0.00018329019356977394,1071.8094274902344
2023-05-24,1108.8389892578125,1126.1749267578125,1137.1356201171875,1123.0367431640625,1128.782470703125,8112254,-0.005825866035288563,1072.017540283203
2023-05-25,1108.7027587890625,1126.0364990234375,1130.213134765625,1115.0067138671875,1123.2445068359375,11487863,-0.00012285865672989615,1072.7509362792969
2023-05-26,1138.94287109375,1156.7493896484375,1157.903076171875,1131.020751953125,1134.3665771484375,12626260,0.027275220580957216,1074.4212951660156
2023-05-29,1145.349609375,1163.2564697265625,1167.5946044921875,1157.0723876953125,1163.4410400390625,10010304,0.005625162107645965,1076.5669494628905
2023-05-30,1145.054443359375,1162.95654296875,1171.148193359375,1160.3720703125,1163.2564697265625,11342504,-0.00025770822568849105,1078.7844006347657
2023-05-31,1122.311767578125,1139.8583984375,1158.29541015625,1135.7510986328125,1153.7496337890625,27107927,-0.019861654538038565,1080.9005200195313
2023-06-01,1119.2901611328125,1136.7894287109375,1146.781005859375,1134.3665771484375,1144.5888671875,14592692,-0.0026923057679711926,1083.0575390625
2023-06-02,1115.63232421875,1133.0743408203125,1145.8348388671875,1131.1361083984375,1140.3660888671875,15800644,-0.0032679970226491273,1085.1668432617187
2023-06-05,1125.6517333984375,1143.25048828125,1146.250244140625,1134.57421875,1138.6124267578125,10908682,0.008980924057308881,1087.6751098632812
2023-06-06,1126.60595703125,1144.2196044921875,1148.0731201171875,1136.212646484375,1146.11181640625,7493309,0.0008477076919088944,1089.5803930664063
2023-06-07,1135.1485595703125,1152.8958740234375,1153.7496337890625,1141.1044921875,1147.7501220703125,10312545,0.00758260018575907,1091.593818359375
2023-06-08,1135.830078125,1153.5880126953125,1161.52587890625,1149.5960693359375,1156.5185546875,12071109,0.000600378293168502,1093.882607421875
2023-06-09,1127.7874755859375,1145.4195556640625,1157.6954345703125,1143.5965576171875,1156.9801025390625,5877018,-0.007080814898245191,1096.4149572753906
2023-06-12,1128.7869873046875,1146.434814453125,1148.765380859375,1137.5970458984375,1142.44287109375,6391969,0.0008862589276679156,1098.6560375976562
2023-06-13,1145.46337890625,1163.371826171875,1164.57177734375,1147.4039306640625,1151.442138671875,11248016,0.01477372771755836,1101.1356762695314
2023-06-14,1159.5496826171875,1177.6783447265625,1179.132080078125,1161.5950927734375,1163.4410400390625,13277380,0.012297471896821177,1104.01791015625
2023-06-15,1159.86767578125,1178.00146484375,1182.616455078125,1170.1328125,1177.6552734375,11813494,0.00027423849864272043,1106.0308837890625
2023-06-16,1171.159423828125,1189.4697265625,1191.7772216796875,1181.5318603515625,1181.5318603515625,24171579,0.009735376097337323,1108.2660571289061
2023-06-19,1159.5269775390625,1177.6552734375,1192.515625,1173.4326171875,1192.515625,6798554,-0.009932419150110228,1110.31947265625
2023-06-20,1161.9351806640625,1180.1011962890625,1183.2855224609375,1169.902099609375,1175.6939697265625,6921096,0.0020768840843281566,1112.2792822265626
2023-06-21,1165.2069091796875,1183.424072265625,1185.9853515625,1175.901611328125,1180.0550537109375,6961603,0.0028157582024113115,1114.4553857421874
2023-06-22,1152.1201171875,1170.1328125,1187.5775146484375,1168.517578125,1179.5936279296875,7619166,-0.011231303118002134,1116.2652416992187
2023-06-23,1142.6915283203125,1160.5567626953125,1169.1636962890625,1159.28759765625,1167.0869140625,6628570,-0.008183685647468852,1117.792919921875
2023-06-26,1133.9671630859375,1151.6959228515625,1160.856689453125,1148.53466796875,1156.9801025390625,12641159,-0.007634925977966556,1119.0656811523438
2023-06-27,1134.3760986328125,1152.111328125,1158.1337890625,1147.588623046875,1152.157470703125,9689466,0.0003606237995130712,1120.2380249023438
2023-06-28,1149.3939208984375,1167.3638916015625,1171.2174072265625,1152.75732421875,1159.7491455078125,11354006,0.01323883876231613,1121.9570043945312
2023-06-30,1158.8226318359375,1176.93994140625,1179.8935546875,1169.186767578125,1175.1632080078125,11151555,0.008203202371324547,1123.7586840820313
2023-07-03,1188.5628662109375,1207.1451416015625,1210.0526123046875,1179.2935791015625,1180.5396728515625,12154387,0.025664181521793505,1126.2092431640624
2023-07-04,1176.3167724609375,1194.707763671875,1211.4371337890625,1187.554443359375,1211.4371337890625,8061643,-0.01030327810008047,1128.3880688476563
2023-07-05,1174.3856201171875,1192.746337890625,1204.0531005859375,1188.7313232421875,1204.0531005859375,10248062,-0.0016416941328736279,1130.4464794921876
2023-07-06,1199.03662109375,1217.78271484375,1220.4132080078125,1188.8466796875,1188.8466796875,19117987,0.02099055076483536,1132.833876953125
2023-07-07,1196.6964111328125,1215.406005859375,1229.8740234375,1212.821533203125,1216.0521240234375,13375267,-0.0019517418565604405,1135.3012426757812
2023-07-10,1242.794921875,1262.22509765625,1271.8935546875,1234.5120849609375,1240.9268798828125,33240016,0.03852147488146129,1138.554716796875
2023-07-11,1256.2677001953125,1275.9085693359375,1278.3544921875,1263.4019775390625,1270.462890625,20069348,0.010840709181516583,1141.6827734375
2023-07-12,1257.653564453125,1277.316162109375,1293.12255859375,1274.5009765625,1276.64697265625,18733835,0.001103159985405222,1144.6517919921876
2023-07-13,1246.4073486328125,1265.89404296875,1291.738037109375,1263.240478515625,1284.7694091796875,14682934,-0.008942220765861486,1147.5862768554687
2023-07-14,1245.3623046875,1264.8326416015625,1274.1549072265625,1257.6331787109375,1269.12451171875,15124144,-0.0008384449485626666,1150.2463110351562
2023-07-17,1270.8084716796875,1290.6766357421875,1299.1451416015625,1258.9715576171875,1267.7401123046875,22220040,0.020432742260151127,1153.4720678710937
2023-07-18,1281.600341796875,1301.63720703125,1309.482666015625,1288.968994140625,1300.0450439453125,25867313,0.008492129504710899,1156.6396630859374
2023-07-19,1291.3243408203125,1311.5133056640625,1318.0435791015625,1290.8150634765625,1306.0445556640625,39122156,0.007587387976039306,1159.9322143554687
2023-07-20,1289.760498046875,1309.925048828125,1315.4749755859375,1290.0,1290.0,38717624,-0.001211037942988158,1163.0385375976562
2023-07-21,1249.834716796875,1269.375,1307.449951171875,1261.800048828125,1304.5,30249238,-0.030955965321050605,1165.4944775390625
2023-07-24,1224.554931640625,1243.699951171875,1257.4749755859375,1234.6500244140625,1240.5,23727866,-0.020226502605910968,1167.4080200195312
2023-07-25,1223.767333984375,1242.9000244140625,1252.5999755859375,1240.0,1247.0,12026020,-0.0006431705396791054,1169.2612768554689
2023-07-26,1243.65625,1263.0999755859375,1273.5,1242.5,1242.5,12911012,0.016252203718226443,1171.8344799804688
2023-07-27,1232.0872802734375,1251.3499755859375,1268.824951171875,1245.175048828125,1267.0250244140625,17226898,-0.009302385387089496,1174.3080786132812
2023-07-28,1244.46875,1263.925048828125,1271.425048828125,1250.2750244140625,1256.0250244140625,20827852,0.010049182330504003,1177.0770190429687
2023-07-31,1255.00390625,1274.625,1276.949951171875,1258.9749755859375,1263.925048828125,8551174,0.008465585214574523,1179.9848681640624
2023-08-01,1237.25634765625,1256.5999755859375,1279.5,1252.6500244140625,1277.5,9536632,-0.014141436935268481,1182.419169921875
2023-08-02,1224.0382080078125,1243.175048828125,1256.0,1231.800048828125,1254.5999755859375,12748214,-0.010683428437022635,1184.5931982421876
2023-08-03,1218.8934326171875,1237.949951171875,1250.449951171875,1229.0250244140625,1237.6500244140625,10168350,-0.00420311666495965,1186.794287109375
2023-08-04,1235.4593505859375,1254.7750244140625,1258.0,1235.800048828125,1249.4000244140625,22885610,0.013590948581271745,1189.3294189453125
2023-08-07,1242.49951171875,1261.925048828125,1264.199951171875,1252.5,1260.5,5982870,0.005698415839803683,1191.4005517578125
2023-08-08,1235.016357421875,1254.324951171875,1267.2249755859375,1249.7750244140625,1264.0,9844072,-0.006022661760666237,1193.19388671875
2023-08-09,1243.1639404296875,1262.5999755859375,1264.5,1240.550048828125,1252.425048828125,11486586,0.006597145826327866,1195.1560766601563
2023-08-10,1248.7025146484375,1268.2249755859375,1275.0,1254.2249755859375,1262.4749755859375,15470598,0.004455224318069995,1197.6838916015624
2023-08-11,1253.969970703125,1273.574951171875,1279.425048828125,1256.175048828125,1266.2249755859375,22179330,0.004218343434801541,1200.3774877929689
2023-08-14,1268.7884521484375,1288.625,1291.1500244140625,1262.5,1269.5,9575812,0.011817253835036734,1203.4406103515626
2023-08-16,1267.754638671875,1287.574951171875,1291.4000244140625,1275.5,1275.5,10203112,-0.0008148036615654997,1206.2826684570311
2023-08-17,1249.4654541015625,1269.0,1289.050048828125,1266.425048828125,1283.550048828125,13673744,-0.014426438691222288,1208.7398583984375
2023-08-18,1258.7208251953125,1278.4000244140625,1288.800048828125,1254.2750244140625,1265.625,18639978,0.0074074645788466675,1211.2113037109375
2023-08-21,1244.986328125,1260.0,1277.7249755859375,1257.824951171875,1269.9749755859375,9221746,-0.010911472024133229,1213.3944287109375
2023-08-22,1244.6898193359375,1259.699951171875,1268.9749755859375,1249.5,1258.449951171875,7713044,-0.0002381622852911658,1215.7324755859374
2023-08-23,1246.0733642578125,1261.0999755859375,1271.425048828125,1258.4749755859375,1262.0999755859375,9517952,0.0011115579965241817,1218.078203125
2023-08-24,1225.1258544921875,1239.9000244140625,1269.949951171875,1235.5,1269.949951171875,14140020,-0.016810815772554277,1219.6714526367186
2023-08-25,1219.4691162109375,1234.175048828125,1252.5,1221.300048828125,1228.0,22222400,-0.004617271164842673,1220.8698413085938
2023-08-28,1207.315673828125,1221.875,1242.0,1215.550048828125,1236.0,12580826,-0.009966174806111505,1221.8188012695311
2023-08-29,1195.755126953125,1210.175048828125,1226.7249755859375,1204.074951171875,1226.0250244140625,16876644,-0.009575413560518165,1222.3107153320314
2023-08-30,1194.6187744140625,1209.0250244140625,1221.5,1207.5,1216.0,12168946,-0.0009503221131553774,1223.0125512695313
2023-08-31,1189.15966796875,1203.5,1212.5,1199.949951171875,1211.5,21638600,-0.004569747740646446,1223.557041015625
2023-09-01,1191.950927734375,1206.324951171875,1212.824951171875,1200.824951171875,1203.2750244140625,18112842,0.002347253981791031,1224.0919213867187
2023-09-04,1190.9874267578125,1205.3499755859375,1211.824951171875,1202.6500244140625,1206.324951171875,9347626,-0.0008083394661170251,1224.869267578125
2023-09-05,1197.36083984375,1211.800048828125,1216.9749755859375,1206.2249755859375,1210.0,8675876,0.005351368908475873,1225.9626538085938
2023-09-06,1199.8802490234375,1214.3499755859375,1218.074951171875,1208.625,1210.550048828125,8200370,0.0021041352747233066,1227.2809155273437
2023-09-07,1201.5106201171875,1216.0,1219.125,1205.5,1210.8499755859375,13652572,0.0013587781739694549,1228.6236059570313
2023-09-08,1209.51416015625,1224.0999755859375,1228.0,1211.4749755859375,1220.0,23109288,0.006661231207662377,1229.8260107421875
2023-09-11,1222.556884765625,1237.300048828125,1238.425048828125,1226.0,1226.0,13271074,0.010783441020392859,1231.1006958007813
2023-09-12,1204.8948974609375,1219.425048828125,1241.5,1217.9749755859375,1241.5,16255666,-0.014446761148519838,1231.4273364257813
2023-09-13,1210.922119140625,1225.5250244140625,1231.324951171875,1213.125,1220.0,12803338,0.0050022800265721035,1232.119443359375
2023-09-14,1212.0338134765625,1226.6500244140625,1232.9000244140625,1222.5,1230.0,9209636,0.0009180560156307749,1232.8724072265625
2023-09-15,1214.28173828125,1228.925048828125,1234.0,1224.75,1234.0,25468592,0.0018546716928957707,1233.1773095703124
2023-09-18,1203.709228515625,1218.2249755859375,1225.5,1216.0250244140625,1220.0250244140625,7516300,-0.00870680125733403,1233.3175659179688
2023-09-20,1176.8826904296875,1191.074951171875,1213.800048828125,1177.5,1211.5250244140625,57081884,-0.0222865601180271,1231.9993212890624
2023-09-21,1168.31103515625,1182.4000244140625,1195.050048828125,1180.0,1187.4749755859375,12226182,-0.0072833557185788544,1230.2401879882811
2023-09-22,1163.4447021484375,1177.4749755859375,1191.2249755859375,1175.0,1188.0,19176786,-0.004165271799526971,1228.3560107421874
2023-09-25,1156.2811279296875,1170.2249755859375,1180.3499755859375,1167.550048828125,1175.199951171875,14254884,-0.0061572107428239375,1226.553486328125
2023-09-26,1157.2939453125,1171.25,1175.0999755859375,1167.800048828125,1169.2750244140625,10087782,0.0008759265877027467,1224.792119140625
2023-09-27,1170.336669921875,1184.449951171875,1185.9000244140625,1169.25,1171.75,11722778,0.011270018876538002,1222.7826831054688
2023-09-28,1153.14404296875,1167.050048828125,1191.5,1162.5,1191.5,14518346,-0.014690325779737057,1220.2135571289064
2023-09-29,1158.529052734375,1172.5,1184.550048828125,1167.050048828125,1170.9000244140625,12342014,0.004669850049054958,1217.5576513671874
2023-10-03,1145.263916015625,1159.074951171875,1167.800048828125,1158.0,1164.9749755859375,8859056,-0.011449981929621433,1214.6677197265626
2023-10-04,1143.2877197265625,1157.074951171875,1159.5,1147.550048828125,1154.5,10286386,-0.0017255378969222024,1212.5367797851563
2023-10-05,1143.26318359375,1157.050048828125,1164.699951171875,1154.5,1159.625,10953682,-2.146103066547056e-05,1210.9109448242189
2023-10-06,1145.18994140625,1159.0,1162.4000244140625,1156.0250244140625,1158.5250244140625,5431026,0.0016853143179538232,1209.3393969726562
2023-10-09,1135.4324951171875,1149.125,1155.9749755859375,1147.5,1154.050048828125,7576878,-0.00852037372689518,1207.174921875
2023-10-10,1140.447021484375,1154.199951171875,1158.949951171875,1151.875,1153.2750244140625,10236032,0.0044164020219183975,1205.3421166992186
2023-10-11,1158.5537109375,1172.5250244140625,1174.8499755859375,1156.5,1157.2249755859375,9814118,0.01587683523392247,1203.6238159179688
2023-10-12,1160.7027587890625,1174.699951171875,1179.675048828125,1169.074951171875,1171.925048828125,12554450,0.0018549401993832593,1201.73779296875
2023-10-13,1160.6534423828125,1174.6500244140625,1178.75,1164.574951171875,1170.0,10150316,-4.2488402716811535e-05,1200.2057348632814
2023-10-16,1158.059814453125,1172.0250244140625,1177.2750244140625,1168.0,1172.5,5929036,-0.002234627352987295,1198.8861669921876
2023-10-17,1163.593017578125,1177.625,1179.8499755859375,1170.6500244140625,1178.0,7928180,0.004777994241699002,1197.7801586914063
2023-10-18,1148.1541748046875,1162.0,1183.5,1160.5,1177.625,8918320,-0.013268249757609873,1196.0340551757813
2023-10-19,1139.33544921875,1153.074951171875,1160.9000244140625,1150.5,1156.0,12032556,-0.0076807851937111815,1193.9707739257813
2023-10-20,1135.8525390625,1149.550048828125,1157.3499755859375,1148.1500244140625,1150.0,8913312,-0.0030569663733699404,1191.9874975585938
2023-10-23,1118.1163330078125,1131.5999755859375,1153.125,1127.625,1145.0,7853962,-0.01561488436635139,1189.4865454101562
2023-10-25,1115.5225830078125,1128.9749755859375,1140.5999755859375,1121.5,1125.0250244140625,11620688,-0.0023197496749042257,1186.8229467773438
2023-10-26,1099.9849853515625,1113.25,1129.0,1110.1500244140625,1125.5,15222534,-0.013928537075740377,1183.7432470703125
2023-10-27,1119.40087890625,1132.9000244140625,1136.75,1117.9749755859375,1120.0,11771084,0.017651053253678883,1180.7554956054687
2023-10-30,1142.47265625,1156.25,1162.5,1134.9749755859375,1137.0,16813304,0.020610826539901428,1178.2498559570313
2023-10-31,1130.3192138671875,1143.949951171875,1164.0,1141.449951171875,1164.0,12808438,-0.010637840928906295,1175.8669311523438
2023-11-01,1135.0125732421875,1148.699951171875,1158.75,1137.5999755859375,1144.574951171875,10309190,0.004152242408533846,1173.3927661132811
2023-11-02,1146.2767333984375,1160.0999755859375,1162.1500244140625,1153.9749755859375,1156.9749755859375,10562104,0.009924260243279637,1171.41857421875
2023-11-03,1146.0296630859375,1159.8499755859375,1167.4749755859375,1157.875,1163.5999755859375,8850156,-0.00021554159244552284,1169.44537109375
2023-11-06,1155.564697265625,1169.5,1170.0,1162.800048828125,1166.1500244140625,10647304,0.008320058796743801,1167.6351977539061
2023-11-07,1148.0552978515625,1161.9000244140625,1169.550048828125,1159.7750244140625,1167.0250244140625,6960204,-0.0064984673137140625,1166.0937866210938
2023-11-08,1154.033203125,1167.949951171875,1170.5,1160.875,1166.0,7884494,0.005206983744271199,1164.785068359375
2023-11-09,1141.50927734375,1155.2750244140625,1167.949951171875,1152.0999755859375,1167.925048828125,14513610,-0.010852309749265876,1163.4689404296876
2023-11-10,1143.6583251953125,1157.449951171875,1158.175048828125,1149.0250244140625,1152.7750244140625,7734954,0.001882637219176475,1162.4270043945312
2023-11-13,1143.51025390625,1157.300048828125,1162.300048828125,1155.8499755859375,1161.449951171875,3854810,-0.00012947161385568062,1161.404833984375
2023-11-15,1164.185791015625,1178.2249755859375,1180.9749755859375,1163.5,1170.0,12220648,0.01808076231826261,1160.9053564453125
2023-11-16,1166.285400390625,1180.3499755859375,1187.074951171875,1173.4749755859375,1175.550048828125,13134910,0.0018035002584666504,1160.3920458984376
2023-11-17,1163.7412109375,1177.7750244140625,1186.625,1176.0250244140625,1176.449951171875,7758634,-0.0021814467130196746,1159.8471215820311
2023-11-20,1160.6781005859375,1174.675048828125,1179.199951171875,1168.199951171875,1174.2750244140625,4490186,-0.002632123295775446,1159.113466796875
2023-11-21,1175.2769775390625,1189.449951171875,1194.0,1180.0999755859375,1183.0,8214450,0.01257788610447208,1158.6214013671874
2023-11-22,1179.87158203125,1194.0999755859375,1197.2249755859375,1186.0999755859375,1187.5,8534814,0.00390938015463238,1158.1886206054687
2023-11-23,1183.4781494140625,1197.75,1200.0,1194.0999755859375,1194.0999755859375,8531542,0.003056745698208463,1157.667900390625
2023-11-24,1182.6876220703125,1196.949951171875,1201.300048828125,1195.5250244140625,1195.800048828125,6749486,-0.0006679695304399047,1156.8705151367187
2023-11-28,1182.9346923828125,1197.199951171875,1199.8499755859375,1187.625,1196.949951171875,13792174,0.00020890580732335629,1156.4313110351563
2023-11-29,1186.047119140625,1200.3499755859375,1205.9749755859375,1199.0250244140625,1204.0,12531306,0.0026311061615269526,1155.9338110351562
2023-11-30,1174.5606689453125,1188.7249755859375,1200.3499755859375,1184.949951171875,1197.3499755859375,28439984,-0.009684649125605738,1155.1843481445312
2023-12-01,1182.8853759765625,1197.1500244140625,1198.199951171875,1188.800048828125,1189.0,14342842,0.007087507058043396,1154.5564208984374
2023-12-04,1195.6810302734375,1210.0999755859375,1225.0,1199.300048828125,1225.0,15590990,0.010817323940885748,1154.3958569335937
2023-12-05,1204.3514404296875,1218.875,1220.425048828125,1210.824951171875,1219.5,12693624,0.007251440757797489,1154.9452319335937
2023-12-06,1215.887451171875,1230.550048828125,1236.4749755859375,1217.5,1223.550048828125,16422442,0.009578608332192262,1155.8967602539062
2023-12-07,1213.886474609375,1228.5250244140625,1230.4749755859375,1221.0,1230.0,8142096,-0.0016456922559496823,1156.905595703125
2023-12-08,1213.244140625,1227.875,1238.3499755859375,1222.5,1231.925048828125,10204894,-0.0005291549068306978,1158.0448559570314
2023-12-11,1215.022705078125,1229.675048828125,1233.800048828125,1226.199951171875,1228.0,7066138,0.0014659575872411068,1159.1994311523438
2023-12-12,1197.5830078125,1212.0250244140625,1232.4749755859375,1210.074951171875,1230.0,9197124,-0.014353392074680338,1159.7443579101562
2023-12-13,1202.4739990234375,1216.9749755859375,1219.175048828125,1203.1500244140625,1211.0,10031182,0.004084051943815892,1160.73095703125
2023-12-14,1217.39404296875,1232.074951171875,1237.4749755859375,1221.324951171875,1227.0,16972354,0.01240778923904351,1161.9082568359374
2023-12-15,1232.9317626953125,1247.800048828125,1250.0,1235.0250244140625,1239.0,15932152,0.012763098206618473,1163.6616137695312
2023-12-18,1245.4803466796875,1260.5,1267.449951171875,1245.4749755859375,1247.800048828125,14165188,0.010177841437828183,1165.7054663085937
2023-12-19,1263.8094482421875,1279.050048828125,1286.949951171875,1262.5999755859375,1277.5,16820604,0.014716492003557846,1168.1163916015626
2023-12-20,1248.518798828125,1263.574951171875,1299.425048828125,1260.0,1285.5250244140625,17736722,-0.012098856702907224,1170.18296875
2023-12-21,1266.008056640625,1281.2750244140625,1286.75,1259.125,1263.5,13765454,0.014008005188961281,1172.7944799804689
2023-12-22,1267.2430419921875,1282.5250244140625,1290.449951171875,1273.824951171875,1279.800048828125,16541784,0.000975495649561342,1175.330400390625
2023-12-26,1273.66552734375,1289.0250244140625,1295.9749755859375,1281.3499755859375,1284.0,7465664,0.0050680770292224064,1177.63263671875
2023-12-27,1278.01318359375,1293.425048828125,1299.949951171875,1286.550048828125,1291.0,9204156,0.003413499193204217,1179.9788452148437
2023-12-28,1287.2518310546875,1302.7750244140625,1306.0,1293.425048828125,1294.9000244140625,12302636,0.007228914051542468,1182.5108129882813
2023-12-29,1277.074462890625,1292.4749755859375,1307.0,1289.6500244140625,1305.550048828125,10864584,-0.007906275927161754,1184.8911059570312
2024-01-01,1279.69287109375,1295.125,1303.425048828125,1286.574951171875,1290.2750244140625,4030540,0.002050317565037041,1187.2131030273438
2024-01-02,1290.2900390625,1305.8499755859375,1307.5,1286.5,1292.5,7448800,0.008281024461512132,1190.0558203125
2024-01-03,1276.25927734375,1291.6500244140625,1317.0,1288.5999755859375,1305.0,9037536,-0.010874114574227378,1192.794296875
2024-01-04,1282.854736328125,1298.324951171875,1304.925048828125,1289.550048828125,1294.0,9612778,0.005167804929185005,1195.7343408203126
2024-01-05,1288.3138427734375,1303.8499755859375,1309.925048828125,1299.0,1301.449951171875,8086406,0.004255436169599225,1199.138291015625
2024-01-08,1278.26025390625,1293.675048828125,1315.9749755859375,1284.4749755859375,1305.0,7734652,-0.00780367992130282,1202.3930444335938
2024-01-09,1274.8759765625,1290.25,1303.4000244140625,1288.5999755859375,1300.0,5403074,-0.0026475651835438097,1205.8908642578126
2024-01-10,1309.261474609375,1325.050048828125,1329.5,1287.5250244140625,1288.5,11102740,0.026971641696151405,1209.688076171875
2024-01-11,1343.696044921875,1359.9000244140625,1362.5,1328.5,1329.5,23725852,0.026300758847864092,1213.7125439453125
2024-01-12,1354.39208984375,1370.7249755859375,1373.324951171875,1345.75,1359.9000244140625,15012164,0.007960167005252261,1218.1940014648437
2024-01-15,1377.51318359375,1394.125,1396.449951171875,1366.0,1375.0,8610594,0.01707119668180246,1223.044013671875
2024-01-16,1358.24560546875,1374.625,1396.300048828125,1370.5,1389.9749755859375,9069024,-0.013987218673823132,1227.2833911132811
2024-01-17,1345.3509521484375,1361.574951171875,1386.2750244140625,1355.0250244140625,1359.5,12197382,-0.009493609453543828,1231.2698168945312
2024-01-18,1351.650146484375,1367.949951171875,1371.0,1351.25,1351.4000244140625,10279438,0.0046821941337151785,1235.1915258789063
2024-01-19,1351.1561279296875,1367.449951171875,1376.0,1359.0,1376.0,10422704,-0.0003654929169152332,1239.2535424804687
2024-01-23,1312.7442626953125,1328.574951171875,1371.75,1322.550048828125,1371.75,20055420,-0.028428887262075042,1242.427763671875
2024-01-24,1327.8619384765625,1343.875,1349.5,1323.925048828125,1335.2249755859375,21919128,0.011516085966515988,1246.1548168945312
2024-01-25,1336.952392578125,1353.074951171875,1364.1500244140625,1335.199951171875,1342.949951171875,11808872,0.006845933178860397,1250.0206982421876
2024-01-29,1430.795654296875,1448.050048828125,1452.5,1360.175048828125,1364.5,23893438,0.0701919247384617,1255.76640625
2024-01-30,1390.852294921875,1407.625,1459.9749755859375,1404.425048828125,1459.949951171875,14093978,-0.02791688614306631,1260.299736328125
2024-01-31,1409.6259765625,1426.625,1434.25,1402.5,1404.0,15130226,0.013497969345249272,1265.1665478515624
2024-02-01,1409.650634765625,1426.6500244140625,1443.3499755859375,1418.050048828125,1435.0,13349362,1.7492727528489738e-05,1270.084736328125
2024-02-02,1440.33056640625,1457.699951171875,1474.9000244140625,1433.175048828125,1433.175048828125,19652588,0.02176420943174051,1275.6777856445312
2024-02-05,1421.878173828125,1439.0250244140625,1470.5,1431.5250244140625,1460.75,8814432,-0.012811220568737403,1280.6098095703126
2024-02-06,1410.7869873046875,1427.800048828125,1441.8499755859375,1419.824951171875,1441.8499755859375,9047984,-0.007800377506025469,1285.2281176757813
2024-02-07,1424.966064453125,1442.1500244140625,1449.5,1429.25,1435.925048828125,9296568,0.01005047344215071,1290.0578759765624
2024-02-08,1432.845947265625,1450.125,1459.4749755859375,1427.5250244140625,1450.0,14694634,0.005529874015297365,1295.0610424804688
2024-02-09,1443.3443603515625,1460.75,1471.9749755859375,1450.949951171875,1454.0,12556798,0.007326965683905007,1300.2692358398438
2024-02-12,1435.04443359375,1452.3499755859375,1461.0,1442.3499755859375,1460.75,6674430,-0.005750482688546277,1305.2491821289063
2024-02-13,1447.6424560546875,1465.0999755859375,1479.0,1454.0,1455.5,7715594,0.00877883789938716,1310.7108178710937
2024-02-14,1463.7236328125,1481.375,1483.6500244140625,1457.5,1457.5,7117888,0.01110852800051143,1316.3275830078126
2024-02-15,1453.076904296875,1470.5999755859375,1484.7249755859375,1466.5250244140625,1483.3499755859375,10006782,-0.0072737286445034854,1321.4755004882813
2024-02-16,1443.1712646484375,1460.574951171875,1477.0,1458.550048828125,1476.4749755859375,9767498,-0.006817009904393712,1326.2518969726561
2024-02-19,1456.4364013671875,1474.0,1479.5,1453.5250244140625,1462.050048828125,6729828,0.00919165801293964,1331.0628759765625
2024-02-20,1453.4969482421875,1471.0250244140625,1475.5,1461.800048828125,1475.0250244140625,7117496,-0.002018250245764741,1335.8550854492187
2024-02-21,1450.2115478515625,1467.699951171875,1488.5250244140625,1457.550048828125,1474.0,12720292,-0.0022603421318484473,1340.59443359375
2024-02-22,1464.0941162109375,1481.75,1484.949951171875,1458.0,1468.1500244140625,18493728,0.009572788452789194,1345.5758618164064
2024-02-23,1475.82763671875,1493.625,1497.550048828125,1483.3499755859375,1489.5,14438584,0.008014184592298523,1351.1407543945313
2024-02-26,1469.6025390625,1487.324951171875,1494.5250244140625,1482.5,1493.550048828125,7513106,-0.004218038408665636,1356.4833251953125
2024-02-27,1467.9476318359375,1485.6500244140625,1499.949951171875,1478.050048828125,1483.0250244140625,10826044,-0.001126091703419485,1361.4943969726562
2024-02-28,1438.2802734375,1455.625,1491.2750244140625,1450.175048828125,1483.0,8647950,-0.02021009316342781,1365.6013671875
2024-02-29,1443.393798828125,1460.800048828125,1478.9749755859375,1454.5250244140625,1465.0,23628976,0.003555305238528872,1369.5596362304686
2024-03-01,1474.345458984375,1492.125,1500.0,1462.5,1463.5,12132926,0.021443669898941753,1373.7703564453125
2024-03-04,1489.4384765625,1507.4000244140625,1512.449951171875,1487.2249755859375,1490.4749755859375,10024420,0.010237097069856427,1378.58875
2024-03-05,1482.32421875,1500.199951171875,1507.4000244140625,1486.050048828125,1505.7750244140625,7107668,-0.004776469739736444,1382.9150732421874
2024-03-06,1485.0909423828125,1503.0,1509.0,1478.5,1493.449951171875,7805676,0.0018664767112457348,1387.27203125
2024-03-07,1461.3028564453125,1478.925048828125,1503.0999755859375,1475.550048828125,1502.9749755859375,8315726,-0.01601793214046021,1391.0247778320313
2024-03-11,1449.12451171875,1466.5999755859375,1489.0,1463.5,1489.0,11277130,-0.008333895107949685,1394.4470043945312
2024-03-12,1457.844482421875,1475.425048828125,1488.0,1465.0250244140625,1466.5999755859375,9432678,0.006017406118389745,1397.858857421875
2024-03-13,1415.10986328125,1432.175048828125,1483.0999755859375,1427.7750244140625,1479.7750244140625,13522134,-0.029313565099640226,1400.6195654296876
2024-03-14,1414.418212890625,1431.4749755859375,1448.5250244140625,1425.5,1439.699951171875,18571102,-0.0004887609143089389,1403.314072265625
2024-03-15,1401.3260498046875,1418.2249755859375,1433.2249755859375,1412.9000244140625,1425.949951171875,19223818,-0.009256217833324754,1405.5347924804687
2024-03-18,1422.32275390625,1439.4749755859375,1441.7249755859375,1416.5250244140625,1420.0,9169392,0.014983453782571932,1408.4560620117188
2024-03-19,1408.267333984375,1425.25,1437.5999755859375,1417.25,1428.75,8275764,-0.009882018608837861,1410.9643139648438
2024-03-20,1426.546875,1443.75,1445.0,1424.0250244140625,1427.949951171875,8488806,0.012980164045918174,1413.728974609375
2024-03-21,1433.685791015625,1450.9749755859375,1457.9000244140625,1444.675048828125,1452.5250244140625,13006936,0.005004333289521323,1416.8374853515625
2024-03-22,1437.6876220703125,1455.0250244140625,1460.0,1447.3499755859375,1449.9749755859375,19527608,0.002791288774545597,1420.0937182617188
2024-03-26,1424.397705078125,1441.574951171875,1452.4000244140625,1439.0,1445.0,11415906,-0.009243953128739935,1422.3964428710938
2024-03-27,1475.0618896484375,1492.8499755859375,1500.0,1447.0,1448.0,16326644,0.03556884737295585,1425.023759765625
2024-03-28,1468.145263671875,1485.8499755859375,1505.949951171875,1478.6500244140625,1492.875,21854364,-0.004689041202339594,1427.2988232421876
2024-04-01,1467.0831298828125,1484.7750244140625,1493.9749755859375,1482.5,1492.4749755859375,5013880,-0.0007234527913171362,1429.0902221679687
2024-04-02,1469.2320556640625,1486.949951171875,1494.0,1475.0,1484.0,8910166,0.0014647607470079649,1431.309951171875
2024-04-03,1454.0650634765625,1471.5999755859375,1484.449951171875,1468.9000244140625,1482.074951171875,7008292,-0.010323074649119857,1433.4842333984375
2024-04-04,1445.493408203125,1462.925048828125,1479.75,1450.0,1479.75,14490272,-0.005894959922180698,1435.3610986328124
2024-04-05,1442.7020263671875,1460.0999755859375,1470.800048828125,1456.0,1460.875,7442298,-0.0019310927466680283,1437.1920166015625
2024-04-08,1468.2686767578125,1485.9749755859375,1490.9749755859375,1461.0,1462.9749755859375,8357118,0.017721365828398783,1440.3025048828124
2024-04-09,1446.2098388671875,1463.6500244140625,1489.800048828125,1462.5,1489.0,7071414,-0.015023706655197921,1442.669462890625
2024-04-10,1461.945068359375,1479.574951171875,1487.0,1466.3499755859375,1466.3499755859375,9138330,0.010880322529483566,1445.16931640625
2024-04-12,1449.6680908203125,1467.1500244140625,1486.4749755859375,1463.074951171875,1475.875,15551012,-0.008397700983963752,1445.5467651367187
2024-04-15,1447.3707275390625,1464.824951171875,1482.125,1446.324951171875,1461.0,12902062,-0.0015847512239508532,1446.6771337890625
2024-04-16,1448.2847900390625,1465.75,1471.175048828125,1450.925048828125,1453.3499755859375,9366184,0.0006315330845154676,1447.4503100585937
2024-04-18,1446.876708984375,1464.324951171875,1486.0,1459.3499755859375,1463.5,19005692,-0.0009722404490967174,1448.1948315429688
2024-04-19,1452.6077880859375,1470.125,1474.0,1443.0250244140625,1456.7750244140625,15741778,0.003961000316043073,1448.4403759765626
2024-04-22,1462.2166748046875,1479.8499755859375,1482.824951171875,1467.800048828125,1472.449951171875,10350362,0.006614921658523842,1449.2471459960936
2024-04-23,1441.936279296875,1459.324951171875,1493.5,1455.550048828125,1479.0,14605554,-0.013869624014868687,1449.8701318359374
2024-04-24,1432.895263671875,1450.175048828125,1468.550048828125,1449.5,1463.5,10462776,-0.006270052120062264,1450.0287158203125
2024-04-25,1442.57861328125,1459.9749755859375,1467.9749755859375,1441.5,1442.5,15943926,0.006757890722983495,1450.223369140625
2024-04-26,1435.2421875,1452.550048828125,1465.0,1450.0,1463.949951171875,9413848,-0.005085633263730904,1450.0613256835939
2024-04-29,1447.568359375,1465.0250244140625,1467.9000244140625,1450.0,1450.0,7247974,0.008588217363141082,1450.3118041992188
2024-04-30,1449.5198974609375,1467.0,1483.074951171875,1462.875,1468.0,11474262,0.001348149172575308,1450.3493530273438
2024-05-02,1449.0753173828125,1466.550048828125,1477.324951171875,1464.125,1472.0,14512646,-0.0003067085032111283,1450.05638671875
2024-05-03,1416.9130859375,1434.0,1474.949951171875,1416.1500244140625,1471.0,17226958,-0.022195003295895632,1449.3331103515625
2024-05-06,1402.610595703125,1419.5250244140625,1440.0,1418.0,1435.5,7394208,-0.010094119657954703,1448.5218969726564
2024-05-07,1384.775634765625,1401.4749755859375,1420.75,1392.0,1415.9749755859375,14517472,-0.012715546989404691,1447.088681640625
2024-05-08,1401.6473388671875,1418.550048828125,1432.949951171875,1397.5,1397.5,9439002,0.01218370953242398,1446.051689453125
2024-05-09,1377.51318359375,1394.125,1423.75,1390.0,1413.0,11009612,-0.017218421926975425,1444.5977221679686
2024-05-10,1390.65478515625,1407.425048828125,1410.0,1388.074951171875,1396.75,10505096,0.009540091317467692,1443.128935546875
2024-05-13,1385.9859619140625,1402.699951171875,1406.9749755859375,1384.0,1399.9000244140625,8456620,-0.0033572841312036195,1441.3321020507813
2024-05-14,1403.1539306640625,1420.074951171875,1427.074951171875,1400.0250244140625,1400.9749755859375,7188300,0.012386827299672554,1440.0031298828126
2024-05-15,1399.3992919921875,1416.2750244140625,1429.9749755859375,1413.0250244140625,1420.5,5046534,-0.0026758565755491404,1438.6321630859375
2024-05-16,1408.3660888671875,1425.3499755859375,1427.5,1398.0250244140625,1418.550048828125,14711774,0.006407604267281597,1438.0338793945311
2024-05-17,1418.5927734375,1435.699951171875,1437.199951171875,1413.25,1423.050048828125,10916476,0.007261382286290585,1437.5378588867188
2024-05-21,1419.0128173828125,1436.125,1441.824951171875,1425.5999755859375,1425.5999755859375,11176128,0.0002960990307985245,1436.4312060546874
2024-05-22,1443.24560546875,1460.6500244140625,1468.7750244140625,1436.2750244140625,1436.2750244140625,10281604,0.017077215786275746,1435.5073486328124
2024-05-23,1468.3428955078125,1486.050048828125,1492.2249755859375,1455.0,1458.550048828125,14608260,0.01738947961730397,1435.2277221679688
2024-05-24,1462.6119384765625,1480.25,1488.5,1476.0999755859375,1483.625,7094776,-0.0039030100181525196,1434.7781420898436
2024-05-27,1448.77880859375,1466.25,1484.9000244140625,1461.550048828125,1480.2249755859375,6629010,-0.009457826453420637,1434.5276611328125
2024-05-28,1438.8485107421875,1456.199951171875,1478.5,1452.75,1468.0,7820162,-0.006854253936252164,1434.3221411132813
2024-05-29,1423.6072998046875,1440.7750244140625,1458.0,1438.449951171875,1446.5,7383556,-0.010592644620828318,1433.6373974609376
2024-05-30,1407.8720703125,1424.8499755859375,1440.4000244140625,1420.0999755859375,1435.5,13206858,-0.01105306884443924,1433.4926416015626
2024-05-31,1413.35595703125,1430.4000244140625,1442.25,1422.25,1431.300048828125,31069832,0.003895159819125249,1433.471396484375
2024-06-03,1492.32861328125,1510.324951171875,1514.5,1459.0,1483.0,21527942,0.055875984996647254,1435.2914477539061
2024-06-04,1380.625732421875,1397.2750244140625,1498.050048828125,1359.300048828125,1498.050048828125,36709098,-0.07485139657931561,1434.4575073242188
2024-06-05,1403.821044921875,1420.75,1431.1500244140625,1384.0999755859375,1422.0,17464890,0.016800579588873044,1434.3685815429687
2024-06-06,1414.5416259765625,1431.5999755859375,1443.699951171875,1421.3499755859375,1435.0,17855722,0.007636714874355022,1434.1284765625
2024-06-07,1452.4345703125,1469.949951171875,1472.0,1426.5,1428.5,18558696,0.02678814369268001,1434.5034521484374
2024-06-10,1453.867431640625,1471.4000244140625,1493.3499755859375,1468.074951171875,1469.949951171875,9251760,0.000986523838947706,1434.8270483398437
2024-06-11,1439.31787109375,1456.675048828125,1473.675048828125,1454.675048828125,1469.0,11774902,-0.01000748777380378,1435.1254516601562
2024-06-12,1445.8885498046875,1463.324951171875,1476.0,1455.175048828125,1457.5,10081742,0.0045651338338099645,1434.5419848632812
2024-06-13,1447.790771484375,1465.25,1472.25,1460.0999755859375,1472.0,9181160,0.0013156074027589337,1434.1348950195313
2024-06-14,1459.9442138671875,1477.550048828125,1479.675048828125,1457.2249755859375,1470.0,8157998,0.008394474272240382,1433.9921166992187
2024-06-18,1463.3778076171875,1481.0250244140625,1487.4000244140625,1471.3499755859375,1487.3499755859375,7196766,0.00235186640515872,1433.8750317382812
2024-06-19,1441.2694091796875,1458.6500244140625,1487.5,1456.0,1487.5,8725874,-0.015107785783289307,1433.6191186523438
2024-06-20,1456.1400146484375,1473.699951171875,1482.8499755859375,1450.0999755859375,1459.0,16113776,0.010317713936087491,1433.83205078125
2024-06-21,1436.872314453125,1454.199951171875,1474.699951171875,1440.574951171875,1473.625,31170360,-0.013232038129220913,1433.7154565429687
2024-06-24,1424.2989501953125,1441.4749755859375,1449.5,1437.5,1445.5250244140625,8878386,-0.00875050909627828,1432.8360620117187
2024-06-25,1436.822998046875,1454.1500244140625,1455.925048828125,1441.0,1443.0,7045386,0.008793131420791411,1432.6483251953125
2024-06-26,1495.9844970703125,1514.0250244140625,1518.9749755859375,1445.125,1446.050048828125,22014882,0.04117521720062789,1433.3291137695312
2024-06-27,1512.3126220703125,1530.550048828125,1537.5,1506.0,1513.75,28383030,0.010914635166324516,1434.5820043945312
2024-06-28,1546.7474365234375,1565.4000244140625,1581.0,1531.0250244140625,1531.0250244140625,28957336,0.02276964031814055,1436.5695385742188
2024-07-01,1541.5599365234375,1560.1500244140625,1579.4000244140625,1555.675048828125,1562.5250244140625,7724306,-0.0033538119265674737,1438.4350415039062
2024-07-02,1546.525146484375,1565.175048828125,1573.5,1557.0,1569.5,7749246,0.0032208997154759,1440.4280102539062
2024-07-03,1533.927001953125,1552.425048828125,1575.0,1542.7750244140625,1566.324951171875,9049620,-0.008146097436494082,1442.05439453125
2024-07-04,1535.5079345703125,1554.0250244140625,1567.5,1550.800048828125,1557.0,6837176,0.0010306439714371507,1443.5202197265626
2024-07-05,1569.6956787109375,1588.625,1598.5,1548.0,1553.824951171875,12269710,0.02226477856019149,1446.0754077148438
2024-07-08,1581.824462890625,1600.9000244140625,1608.800048828125,1582.5250244140625,1589.0,9500806,0.0077268379751467275,1449.0539916992188
2024-07-09,1571.325927734375,1590.2750244140625,1600.5,1580.5,1597.5999755859375,6960002,-0.00663697862976842,1451.6289379882812
2024-07-10,1565.3480224609375,1584.2249755859375,1597.5,1563.1500244140625,1595.0,7134578,-0.003804370034202087,1454.2310546875
2024-07-11,1561.815673828125,1580.6500244140625,1604.25,1570.5,1587.5,11940946,-0.00225658996090794,1456.5160009765625
2024-07-12,1577.69921875,1596.7249755859375,1605.1500244140625,1574.5,1584.5,12924784,0.010169922858401792,1459.0795874023438
2024-07-15,1578.1932373046875,1597.2249755859375,1605.8499755859375,1585.5,1604.449951171875,5329688,0.00031312594239540914,1461.6619458007813
2024-07-16,1557.4681396484375,1576.25,1600.0,1569.125,1593.5,9386838,-0.013132167320425991,1464.473046875
2024-07-18,1567.7689208984375,1586.675048828125,1593.9000244140625,1557.824951171875,1576.0,12298374,0.006613799016347954,1467.7762133789063
2024-07-19,1536.61962890625,1555.1500244140625,1589.9749755859375,1552.800048828125,1586.0,13140390,-0.01986854795816262,1470.8130932617187
2024-07-22,1482.793701171875,1500.675048828125,1537.5,1499.2750244140625,1537.25,19674376,-0.03502879093942579,1472.4360205078126
2024-07-23,1470.1708984375,1487.9000244140625,1505.75,1463.0,1501.0,18052044,-0.008512851601945037,1474.2891748046875
2024-07-24,1477.8779296875,1495.699951171875,1509.5,1476.4000244140625,1485.0,11913362,0.005242268948590256,1476.0336376953126
2024-07-25,1474.6171875,1492.4000244140625,1500.4749755859375,1477.074951171875,1481.0,12519876,-0.002206367739850834,1477.8062622070313
2024-07-26,1491.044189453125,1509.0250244140625,1512.425048828125,1490.3499755859375,1492.4000244140625,9859940,0.011139841643223125,1479.5640673828125
2024-07-29,1501.9871826171875,1520.0999755859375,1527.5,1511.7750244140625,1511.949951171875,7538550,0.007339147452146255,1481.6158251953125
2024-07-30,1495.1199951171875,1513.1500244140625,1525.0,1510.0,1517.0250244140625,8228208,-0.004572067977327232,1483.3509033203125
2024-07-31,1487.4869384765625,1505.425048828125,1510.449951171875,1501.1500244140625,1504.0,10057346,-0.005105313731040506,1484.7287866210938
2024-08-01,1497.244384765625,1515.300048828125,1518.0,1504.300048828125,1512.0,10764222,0.006559685357006018,1486.29341796875
2024-08-02,1481.4595947265625,1499.324951171875,1509.324951171875,1493.2750244140625,1505.0,10268248,-0.010542560853573302,1487.0576977539063
2024-08-05,1430.0792236328125,1447.324951171875,1483.9000244140625,1433.25,1480.0,17046704,-0.03468226286875775,1486.2924243164061
2024-08-06,1438.700439453125,1456.050048828125,1477.5,1451.324951171875,1455.1500244140625,10236186,0.006028488266833332,1485.8141943359376
2024-08-07,1447.3707275390625,1464.824951171875,1472.5,1461.5,1469.0,8174568,0.006026472118986215,1485.7860327148437
2024-08-08,1431.85791015625,1449.125,1465.0,1445.925048828125,1457.5250244140625,12387192,-0.010717929475600685,1485.646220703125
2024-08-09,1456.7330322265625,1474.300048828125,1476.5,1456.0,1460.0,6249776,0.01737261909430532,1486.3087353515625
2024-08-12,1443.220947265625,1460.625,1473.0,1457.75,1470.0,8184584,-0.009275608270023716,1487.015712890625
2024-08-13,1446.1851806640625,1463.625,1470.074951171875,1458.0,1460.75,6265064,0.002053901312930373,1487.6722973632814
2024-08-14,1444.4312744140625,1461.8499755859375,1472.0,1453.699951171875,1463.550048828125,6267466,-0.0012127812353841527,1486.7143505859376
2024-08-16,1460.5863037109375,1478.199951171875,1480.4000244140625,1458.050048828125,1468.6500244140625,9416902,0.011184353027407612,1488.3135620117187
2024-08-19,1475.65625,1488.4000244140625,1498.300048828125,1480.5,1482.5,13797742,0.010317737644652603,1489.7502661132812
2024-08-20,1483.1416015625,1495.949951171875,1503.925048828125,1490.0250244140625,1497.2249755859375,8411808,0.005072557760318563,1491.122265625
2024-08-21,1485.8433837890625,1498.675048828125,1507.875,1490.0,1493.25,7769996,0.001821661683359288,1491.7904418945313
2024-08-22,1485.2979736328125,1498.125,1506.5,1490.6500244140625,1503.0,10445782,-0.0003670710938989963,1492.419052734375
2024-08-23,1487.1322021484375,1499.9749755859375,1511.324951171875,1498.425048828125,1503.75,9249654,0.001234922923336823,1493.3753393554687
2024-08-26,1499.6490478515625,1512.5999755859375,1523.0,1503.0,1506.9749755859375,8816114,0.008416767308946804,1494.4505493164063
2024-08-27,1487.6031494140625,1500.449951171875,1513.4749755859375,1499.449951171875,1510.5,6251156,-0.008032478302011592,1495.246796875
2024-08-28,1485.4715576171875,1498.300048828125,1507.4749755859375,1493.0,1505.0,9610286,-0.0014329035251872124,1495.75734375
2024-08-29,1507.90283203125,1520.925048828125,1537.0,1494.0,1503.0999755859375,38335358,0.015100440192906905,1496.6478442382813
2024-08-30,1496.6995849609375,1509.625,1539.7249755859375,1503.324951171875,1534.0,41620730,-0.00742968766443719,1497.7564477539063
2024-09-02,1503.267822265625,1516.25,1526.800048828125,1506.625,1510.875,11240852,0.004388480741684075,1498.69900390625
2024-09-03,1496.203857421875,1509.125,1523.0,1507.5,1521.25,10923800,-0.004699072739482779,1499.885634765625
2024-09-04,1501.5823974609375,1514.550048828125,1517.5,1499.5,1500.699951171875,11983304,0.0035947909186186955,1501.4313037109375
2024-09-05,1480.192138671875,1492.9749755859375,1525.7750244140625,1487.050048828125,1519.050048828125,16264168,-0.014245144871990911,1502.2986865234375
2024-09-06,1452.2830810546875,1464.824951171875,1497.0,1461.625,1492.5,19394228,-0.01885502353919355,1501.424658203125
2024-09-09,1449.9283447265625,1462.449951171875,1469.925048828125,1455.5999755859375,1466.5,9010298,-0.0016214031264586426,1500.17697265625
2024-09-10,1449.0113525390625,1461.5250244140625,1472.050048828125,1457.574951171875,1460.5,10768260,-0.0006324396587149561,1498.2222509765625
2024-09-11,1439.0721435546875,1451.5,1468.75,1447.550048828125,1463.050048828125,9760202,-0.0068593037362743026,1496.1724951171875
2024-09-12,1467.1298828125,1479.800048828125,1486.0,1445.875,1457.0,22349376,0.01949710400793836,1494.58458984375
2024-09-13,1460.016357421875,1472.625,1483.1500244140625,1469.5,1476.4000244140625,8711328,-0.004848599618861527,1493.106376953125
2024-09-16,1458.752197265625,1471.3499755859375,1480.9000244140625,1464.75,1477.550048828125,5481774,-0.0008658534199453838,1491.5712622070312
2024-09-17,1459.6942138671875,1472.300048828125,1477.4749755859375,1466.625,1474.0,5935328,0.0006457687627332565,1489.3712329101563
2024-09-18,1450.919921875,1463.449951171875,1482.0,1460.550048828125,1470.0,8574714,-0.006011048005007624,1486.7531420898438
2024-09-19,1457.0916748046875,1469.675048828125,1476.5,1455.550048828125,1466.25,16955902,0.0042536826716885745,1484.46845703125
2024-09-20,1473.2025146484375,1485.925048828125,1495.0,1471.375,1474.0,30897320,0.011056847089535138,1482.625546875
2024-09-23,1480.5887451171875,1493.375,1501.5,1488.949951171875,1491.0,8832314,0.005013723772059109,1481.0010083007812
2024-09-24,1476.6229248046875,1489.375,1500.5,1487.875,1488.5,17137444,-0.0026785427929117978,1478.979482421875
2024-09-25,1481.15869140625,1493.949951171875,1496.5,1480.199951171875,1483.9000244140625,7069002,0.0030717162285438526,1477.0387915039062
2024-09-26,1485.12451171875,1497.949951171875,1504.0,1488.050048828125,1490.6500244140625,18818998,0.00267751209611089,1475.5919189453125
2024-09-27,1513.10791015625,1526.175048828125,1533.4749755859375,1492.0,1499.0,20597478,0.01884245948180774,1474.4986987304687
2024-09-30,1463.9324951171875,1476.574951171875,1524.9749755859375,1474.4000244140625,1519.4000244140625,27008814,-0.03249960872518631,1473.0449560546874
2024-10-01,1452.2830810546875,1464.824951171875,1487.949951171875,1462.824951171875,1480.6500244140625,16431642,-0.007957616967555259,1472.4347436523437
2024-10-03,1394.928466796875,1406.9749755859375,1449.4000244140625,1402.074951171875,1436.574951171875,37757294,-0.03949272356471989,1470.9298950195312
2024-10-04,1374.653564453125,1386.5250244140625,1417.3499755859375,1381.7750244140625,1403.925048828125,37072876,-0.01453472549048096,1468.8654077148437
2024-10-07,1358.9888916015625,1370.7249755859375,1396.5,1361.375,1393.5,22181340,-0.011395360443265057,1466.552841796875
2024-10-08,1385.3858642578125,1397.3499755859375,1401.0,1365.0999755859375,1372.9749755859375,17020808,0.01942397970975418,1464.4396752929688
2024-10-09,1362.8306884765625,1374.5999755859375,1400.9749755859375,1372.5,1397.5250244140625,14310610,-0.016280789607546198,1461.6565454101562
2024-10-10,1359.31103515625,1371.050048828125,1386.0,1369.425048828125,1380.0250244140625,22358646,-0.0025826049780599547,1458.9403662109376
2024-10-11,1360.35205078125,1372.0999755859375,1383.2750244140625,1368.824951171875,1370.0,7980122,0.0007658406340240731,1456.3976684570312
2024-10-14,1360.7734375,1372.5250244140625,1380.074951171875,1368.25,1379.449951171875,12221432,0.0003097629900348231,1453.6682495117188
2024-10-15,1332.5174560546875,1344.0250244140625,1371.699951171875,1340.699951171875,1358.5250244140625,33762794,-0.020764648005787145,1450.6894067382811
2024-10-16,1342.4813232421875,1354.074951171875,1364.0,1337.625,1340.0,20034438,0.007477475917652132,1448.9374487304688
2024-10-17,1344.811279296875,1356.425048828125,1368.449951171875,1352.050048828125,1365.699951171875,15543660,0.0017355593812362624,1447.0596655273437
2024-10-18,1347.66162109375,1359.300048828125,1368.425048828125,1341.324951171875,1352.175048828125,12082452,0.0021195106263276475,1445.0654833984374
2024-10-21,1357.476806640625,1369.199951171875,1374.0,1357.7249755859375,1367.125,14067408,0.007283123146972992,1443.577861328125
2024-10-22,1331.8482666015625,1343.3499755859375,1376.0,1340.2249755859375,1369.199951171875,15831960,-0.018879541745163153,1441.080166015625
2024-10-23,1327.0645751953125,1338.5250244140625,1357.4749755859375,1335.0,1337.5,17214742,-0.0035917690672500058,1438.7570385742188
2024-10-24,1328.3287353515625,1339.800048828125,1343.699951171875,1323.125,1335.2750244140625,22155934,0.0009525988259191376,1436.3999096679688
2024-10-25,1316.4808349609375,1327.8499755859375,1344.3499755859375,1322.0,1343.5,18597496,-0.008919403815719762,1433.8409008789063
2024-10-28,1322.9251708984375,1334.3499755859375,1353.0,1322.0999755859375,1337.0,10824350,0.004895123245520772,1431.0876782226562
2024-10-29,1328.52685546875,1340.0,1343.199951171875,1320.300048828125,1328.0999755859375,12008361,0.004234317022260736,1428.1450903320313
2024-10-30,1332.3935546875,1343.9000244140625,1350.0,1325.3499755859375,1335.0,11984423,0.0029105164135998507,1425.1301293945312
2024-10-31,1320.64501953125,1332.050048828125,1343.0,1326.1500244140625,1340.0,9331650,-0.008817616322833066,1421.826162109375
2024-11-01,1327.1884765625,1338.6500244140625,1341.949951171875,1333.0,1333.050048828125,2127335,0.004954743276563756,1418.6639721679687
2024-11-04,1291.0009765625,1302.1500244140625,1340.0,1285.0999755859375,1337.8499755859375,19796890,-0.027266285564600312,1414.74134765625
2024-11-05,1294.1240234375,1305.300048828125,1309.550048828125,1286.1500244140625,1293.0,16267479,0.0024190894752966763,1410.6308471679688
2024-11-06,1314.002197265625,1325.3499755859375,1328.300048828125,1300.199951171875,1310.0,21625209,0.015360331365554813,1407.158828125
2024-11-07,1294.470947265625,1305.6500244140625,1324.0,1302.5999755859375,1324.0,9611974,-0.014863940136967457,1403.3388159179688
2024-11-08,1272.758544921875,1283.75,1301.6500244140625,1275.0,1297.6500244140625,19814406,-0.0167731862886642,1398.6359301757811
2024-11-11,1261.802978515625,1272.699951171875,1286.0,1267.0,1278.949951171875,9056552,-0.008607733532774997,1393.937998046875
2024-11-12,1263.33984375,1274.25,1289.300048828125,1267.5,1275.550048828125,10671091,0.0012179914460044294,1389.1394384765624
2024-11-13,1241.3299560546875,1252.050048828125,1275.449951171875,1249.5,1270.25,14633633,-0.017421984911027644,1384.0419604492188
2024-11-14,1256.746826171875,1267.5999755859375,1272.5999755859375,1251.0999755859375,1253.5999755859375,12612633,0.012419639147505102,1379.1452490234376
2024-11-18,1249.9554443359375,1260.75,1272.9000244140625,1243.9000244140625,1267.5999755859375,13620611,-0.0054039379248916886,1374.5405151367188
2024-11-19,1231.0189208984375,1241.6500244140625,1281.5,1235.1500244140625,1260.75,14183746,-0.015149758756049403,1370.1152319335938
2024-11-21,1212.528564453125,1223.0,1243.949951171875,1217.25,1241.6500244140625,19433843,-0.015020367381370248,1365.367236328125
2024-11-22,1254.565673828125,1265.4000244140625,1268.8499755859375,1222.449951171875,1229.4000244140625,20471957,0.03466896418556509,1361.4783227539062
2024-11-25,1275.9805908203125,1287.0,1304.449951171875,1282.449951171875,1290.0,28923341,0.017069586263143144,1358.2164916992188
2024-11-26,1284.6060791015625,1295.699951171875,1297.8499755859375,1284.199951171875,1294.949951171875,9247557,0.006759889878657832,1354.566015625
2024-11-27,1282.1275634765625,1293.199951171875,1303.8499755859375,1286.0,1293.5,9572746,-0.0019293973968529388,1351.0082397460938
2024-11-28,1259.91943359375,1270.800048828125,1296.5999755859375,1269.050048828125,1289.949951171875,15027412,-0.01732131069906484,1347.0315844726563
2024-11-29,1281.1361083984375,1292.199951171875,1299.5,1275.25,1280.0,13202307,0.016839707555085237,1343.4604223632812
2024-12-02,1297.9410400390625,1309.1500244140625,1311.3499755859375,1277.050048828125,1288.0,11024152,0.013117210209329766,1340.4008447265626
2024-12-03,1311.969970703125,1323.300048828125,1326.800048828125,1307.0,1317.0,16869482,0.01080860395911376,1337.4984106445313
2024-12-04,1297.74267578125,1308.949951171875,1328.4000244140625,1304.050048828125,1326.0,19608540,-0.010844222992581254,1333.9892138671876
2024-12-05,1310.7305908203125,1322.050048828125,1329.949951171875,1306.1500244140625,1314.3499755859375,16858723,0.010008081942164404,1330.59205078125
2024-12-06,1300.320556640625,1311.550048828125,1323.9000244140625,1310.0,1323.9000244140625,9037514,-0.007942161610169252,1327.0660034179687
2024-12-09,1284.0609130859375,1295.1500244140625,1315.0,1293.0999755859375,1303.0,14650002,-0.012504334774722237,1323.1240478515624
2024-12-10,1273.8489990234375,1284.8499755859375,1294.9000244140625,1280.199951171875,1289.25,16043729,-0.007952826815636138,1318.8985375976563
2024-12-11,1267.2559814453125,1278.199951171875,1290.0,1276.050048828125,1285.0,11724373,-0.005175666490439101,1313.9814990234374
2024-12-12,1252.0870361328125,1262.9000244140625,1278.199951171875,1260.5999755859375,1270.0,20906813,-0.011969914156727657,1309.74458984375
2024-12-13,1261.9517822265625,1272.8499755859375,1275.199951171875,1239.5999755859375,1260.0,28630222,0.007878642465797059,1305.9379638671876
2024-12-16,1257.4407958984375,1268.300048828125,1281.0,1266.550048828125,1275.0,9486781,-0.003574610687712587,1303.1882104492188
2024-12-17,1234.6378173828125,1245.300048828125,1263.9000244140625,1242.800048828125,1261.050048828125,17462791,-0.01813443510820112,1300.3878955078126
2024-12-18,1242.5196533203125,1253.25,1259.949951171875,1240.6500244140625,1240.6500244140625,12670179,0.006383925574390714,1298.0585107421875
2024-12-19,1219.914794921875,1230.449951171875,1244.9000244140625,1229.0,1239.0,14244653,-0.01819275722362368,1294.7490893554686
2024-12-20,1194.9803466796875,1205.300048828125,1239.5,1201.5,1224.0,20312896,-0.020439499828989516,1291.3920825195312
2024-12-23,1211.834716796875,1222.300048828125,1227.199951171875,1213.199951171875,1215.0,10052824,0.014104307375446101,1288.4425561523437
2024-12-24,1212.2808837890625,1222.75,1233.550048828125,1221.0,1222.300048828125,6734917,0.00036817478984829677,1285.4811328125
2024-12-26,1206.1339111328125,1216.550048828125,1227.699951171875,1214.25,1224.25,10016178,-0.005070584497742225,1282.3883422851563
2024-12-27,1210.595458984375,1221.050048828125,1227.9000244140625,1217.0,1218.300048828125,7000397,0.003699048513918557,1279.94990234375
2024-12-30,1200.3338623046875,1210.699951171875,1223.199951171875,1208.0999755859375,1216.4000244140625,8818766,-0.0084764870077213,1277.106953125
2024-12-31,1205.043212890625,1215.449951171875,1219.0999755859375,1206.1500244140625,1208.0,6405475,0.003923367267915978,1274.311591796875
