Date,Adj Close,Close,High,Low,Open,Volume,Returns,MA50
2020-01-01,1841.1502685546875,2167.60009765625,2183.89990234375,2154.0,2168.0,1354908,,
2020-01-02,1832.6983642578125,2157.64990234375,2179.949951171875,2149.199951171875,2179.949951171875,2380752,-0.004590556480492891,
2020-01-03,1869.2222900390625,2200.64990234375,2223.0,2164.0,2164.0,4655761,0.019929043695109616,
2020-01-06,1869.0521240234373,2200.449951171875,2225.949951171875,2187.89990234375,2205.0,3023209,-9.103572995683429e-05,
2020-01-07,1873.638916015625,2205.85009765625,2214.64990234375,2183.800048828125,2200.5,2429317,0.0024540738769307513,
2020-01-08,1915.5987548828125,2255.25,2260.0,2202.050048828125,2205.0,5197454,0.022394837398241663,
2020-01-09,1880.8585205078125,2214.35009765625,2251.949951171875,2210.0,2248.75,3734173,-0.018135444224135155,
2020-01-10,1880.17919921875,2213.550048828125,2234.0,2208.0,2228.0,1915807,-0.0003611761765468513,
2020-01-13,1860.4736328125,2190.35009765625,2218.949951171875,2184.699951171875,2217.85009765625,2843893,-0.010480685253000388,
2020-01-14,1874.530517578125,2206.89990234375,2229.800048828125,2195.0,2195.0,2948452,0.007555540975001662,
2020-01-15,1891.518798828125,2226.89990234375,2231.0,2194.199951171875,2213.0,2620681,0.009062685878247878,
2020-01-16,1901.626953125,2238.800048828125,2249.0,2215.0,2226.949951171875,3117214,0.005343935414830359,
2020-01-17,1884.8936767578125,2219.10009765625,2253.550048828125,2213.0,2240.75,3281059,-0.008799452668510566,
2020-01-20,1843.4854736328125,2170.35009765625,2242.199951171875,2156.199951171875,2194.89990234375,5817599,-0.02196845564054617,
2020-01-21,1844.0799560546875,2171.050048828125,2186.550048828125,2158.050048828125,2169.949951171875,1902980,0.0003224774105237138,
2020-01-22,1874.530517578125,2206.89990234375,2210.0,2173.699951171875,2181.0,1773686,0.016512603709757157,
2020-01-23,1865.208740234375,2190.949951171875,2217.75,2183.699951171875,2209.800048828125,2069866,-0.004972859740791868,
2020-01-24,1858.7811279296875,2183.39990234375,2190.949951171875,2170.0,2190.949951171875,1319430,-0.003446055214109567,
2020-01-27,1846.7352294921875,2169.25,2193.449951171875,2165.0,2189.699951171875,1549101,-0.0064805362269395594,
2020-01-28,1859.0794677734373,2183.75,2187.800048828125,2152.0,2174.0,1743024,0.006684357391418816,
2020-01-29,1834.262939453125,2154.60009765625,2186.949951171875,2150.0,2185.0,2306761,-0.013348825991841173,
2020-01-30,1820.0040283203125,2137.85009765625,2165.0,2125.0,2160.0,2098567,-0.007773646202034579,
2020-01-31,1769.9456787109375,2079.050048828125,2144.35009765625,2071.60009765625,2139.39990234375,3287223,-0.027504526819962072,
2020-02-03,1789.9091796875,2102.5,2194.699951171875,2093.199951171875,2152.0,4728073,0.011279160268411248,
2020-02-04,1794.37841796875,2107.75,2136.699951171875,2086.60009765625,2129.0,3509339,0.002496907849833141,
2020-02-05,1827.4102783203125,2146.550048828125,2156.699951171875,2104.300048828125,2115.0,2439322,0.018408525214516747,
2020-02-06,1811.9161376953125,2128.35009765625,2174.199951171875,2115.5,2145.0,2640065,-0.00847874218987188,
2020-02-07,1818.8966064453125,2136.550048828125,2151.0,2119.0,2139.0,2083442,0.0038525341238357935,
2020-02-10,1840.520263671875,2161.949951171875,2167.0,2119.0,2140.89990234375,2383032,0.011888337770238566,
2020-02-11,1833.24169921875,2153.39990234375,2174.800048828125,2147.60009765625,2163.0,1335820,-0.00395462337296093,
2020-02-12,1848.0125732421875,2170.75,2185.0,2150.0,2151.10009765625,1620407,0.008057243095513478,
2020-02-13,1866.06005859375,2191.949951171875,2197.0,2171.0,2172.949951171875,1645948,0.00976588883261753,
2020-02-14,1859.46240234375,2184.199951171875,2212.0,2171.0,2188.0,1500115,-0.0035356076668678904,
2020-02-17,1875.6795654296875,2203.25,2217.0,2190.199951171875,2196.949951171875,1774724,0.008721425647271408,
2020-02-18,1886.3218994140625,2215.75,2221.0,2186.050048828125,2199.949951171875,2486223,0.005673855055267296,
2020-02-19,1869.806396484375,2196.35009765625,2230.0,2190.5,2215.75,1760463,-0.008755400090948218,
2020-02-20,1836.135986328125,2156.800048828125,2214.39990234375,2151.25,2204.5,2317278,-0.018007431261096052,
2020-02-24,1800.848876953125,2115.35009765625,2178.949951171875,2106.699951171875,2156.0,3092877,-0.019218135060664276,
2020-02-25,1835.5826416015625,2156.14990234375,2176.64990234375,2111.0,2115.5,2674567,0.019287439991746425,
2020-02-26,1807.87255859375,2123.60009765625,2163.89990234375,2112.949951171875,2154.0,2686842,-0.015096069433101156,
2020-02-27,1792.463134765625,2105.5,2119.949951171875,2086.199951171875,2119.949951171875,2349001,-0.008523512210457551,
2020-02-28,1702.7763671875,2000.1500244140625,2069.5,1990.0,2068.0,4298076,-0.050035487948739354,
2020-03-02,1703.75537109375,2001.300048828125,2053.949951171875,1985.699951171875,2035.0,2667076,0.0005749456740857806,
2020-03-03,1733.46630859375,2036.199951171875,2060.0,2012.0,2020.0,2757585,0.017438499683746667,
2020-03-04,1773.478515625,2083.199951171875,2094.449951171875,2025.0,2056.0,3237002,0.023082194809836976,
2020-03-05,1809.1064453125,2125.050048828125,2147.75,2084.050048828125,2085.699951171875,3937056,0.020089293089036397,
2020-03-06,1801.784912109375,2116.449951171875,2123.64990234375,2071.60009765625,2098.0,2595027,-0.0040470438995424685,
2020-03-09,1679.109619140625,1972.3499755859373,2079.89990234375,1935.0,2075.0,4940975,-0.06808542581541122,
2020-03-11,1663.232177734375,1953.699951171875,1987.300048828125,1920.0,1933.0,6796449,-0.00945586948300381,
2020-03-12,1506.71630859375,1769.8499755859375,1908.4000244140625,1758.3499755859375,1904.0,8728786,-0.09410343981790215,1823.1899975585939
2020-03-13,1537.7469482421875,1806.300048828125,1820.0,1506.050048828125,1687.9000244140625,8029720,0.020594878724979893,1817.1219311523437
2020-03-16,1444.1866455078125,1696.4000244140625,1842.25,1675.8499755859375,1755.0,7844271,-0.060842457103442604,1809.3516967773437
2020-03-17,1411.49560546875,1658.0,1731.0,1623.1500244140625,1730.0,5713248,-0.022636298528828647,1800.1971630859375
2020-03-18,1408.4305419921875,1654.4000244140625,1713.550048828125,1627.75,1676.800048828125,7258778,-0.002171500545015581,1790.9847314453125
2020-03-19,1403.2427978515625,1636.3499755859375,1685.449951171875,1546.75,1559.699951171875,5135111,-0.003683351067697682,1781.5768090820313
2020-03-20,1541.3931884765625,1797.449951171875,1869.0,1627.0,1630.0,8547498,0.09845081039184045,1774.0926977539064
2020-03-23,1431.841796875,1669.699951171875,1750.0,1617.75,1620.0,7003490,-0.07107296984349443,1765.11236328125
2020-03-24,1460.526611328125,1703.1500244140625,1770.0,1632.8499755859375,1653.050048828125,6350865,0.02003350825191008,1756.7193115234375
2020-03-25,1500.9600830078125,1750.300048828125,1810.0,1680.0,1700.0,2765520,0.027684173205799745,1749.5290405273438
2020-03-26,1535.81884765625,1790.949951171875,1832.050048828125,1722.550048828125,1831.5999755859373,4556067,0.023224311587676016,1742.7548071289064
2020-03-27,1564.589599609375,1824.5,1850.0,1750.4000244140625,1820.0,4331250,0.018733167649967797,1736.2162231445313
2020-03-30,1525.1427001953125,1778.5,1905.0,1763.550048828125,1766.0,8513547,-0.02521229811569181,1728.6865380859374
2020-03-31,1565.9619140625,1826.0999755859373,1855.0,1780.0,1837.4000244140625,3927593,0.02676419318792922,1722.3079028320312
2020-04-01,1465.3289794921875,1708.75,1834.75,1702.0,1825.9000244140625,4941878,-0.06426269608897783,1714.7447729492187
2020-04-03,1418.5498046875,1654.199951171875,1740.0,1650.0,1740.0,5735369,-0.03192400850551591,1706.234169921875
2020-04-07,1522.3126220703125,1775.199951171875,1785.8499755859375,1705.0,1710.0,5427577,0.07314710913916134,1699.1898120117187
2020-04-08,1462.4990234375,1705.449951171875,1806.0,1701.0,1760.0,6285615,-0.03929127155988976,1691.1356176757813
2020-04-09,1514.552001953125,1766.1500244140625,1778.800048828125,1731.199951171875,1750.449951171875,5307397,0.03559180394751871,1684.25103515625
2020-04-13,1508.634765625,1759.25,1787.0,1746.0,1761.0,2990438,-0.00390692186236874,1677.4890258789062
2020-04-15,1487.96826171875,1735.1500244140625,1812.0,1727.800048828125,1785.0,4761399,-0.01369881191733524,1670.0668017578125
2020-04-16,1471.58935546875,1716.050048828125,1764.9000244140625,1675.050048828125,1709.949951171875,6245533,-0.011007564254818636,1662.813330078125
2020-04-17,1548.896484375,1806.199951171875,1851.949951171875,1753.0,1800.0,9895823,0.05253308514291688,1657.3911791992186
2020-04-20,1559.572998046875,1818.6500244140625,1830.0,1802.5,1830.0,3244282,0.006892980763774537,1653.1837255859375
2020-04-21,1490.11181640625,1737.6500244140625,1794.5999755859375,1727.699951171875,1765.0,5122541,-0.04453858955471435,1647.1877783203124
2020-04-22,1517.4246826171875,1769.5,1790.0,1719.1500244140625,1737.6500244140625,3829836,0.01832940716946241,1641.6487036132812
2020-04-23,1610.682373046875,1878.25,1900.0,1760.8499755859375,1780.0,5934366,0.06145787102186895,1637.3141455078126
2020-04-24,1559.4873046875,1818.550048828125,1851.949951171875,1807.800048828125,1840.699951171875,2987102,-0.03178470765935737,1632.2655688476561
2020-04-27,1574.9658203125,1836.5999755859373,1875.0,1825.0,1832.300048828125,3374741,0.009925387387556661,1627.386953125
2020-04-28,1594.2178955078125,1859.050048828125,1868.0,1832.5999755859373,1865.0,2678505,0.012223805080095351,1622.4609057617188
2020-04-29,1634.179443359375,1905.6500244140625,1912.550048828125,1850.050048828125,1874.0,4241510,0.025066553301255734,1618.4796606445314
2020-04-30,1727.480224609375,2014.449951171875,2032.0,1942.199951171875,1980.0,5915544,0.05709335142424865,1616.069013671875
2020-05-04,1655.4466552734375,1930.449951171875,1966.0,1913.6500244140625,1966.0,3729348,-0.041698636146313084,1611.8567456054689
2020-05-05,1657.4188232421875,1932.75,1977.0,1927.0,1955.0999755859373,2905528,0.0011913207607552323,1607.8158740234376
2020-05-06,1632.421630859375,1903.5999755859373,1953.699951171875,1893.5999755859373,1939.800048828125,3517431,-0.015082001020064295,1602.9507153320312
2020-05-07,1622.1739501953125,1891.6500244140625,1934.449951171875,1883.3499755859373,1910.0,3166754,-0.006277594262621755,1597.6677563476562
2020-05-08,1623.674560546875,1893.4000244140625,1939.5,1886.25,1939.0999755859373,2686530,0.000925061305159014,1592.7451196289062
2020-05-11,1659.605712890625,1935.300048828125,1951.4000244140625,1909.0,1909.0,2449841,0.02212952842695759,1589.2145141601563
2020-05-12,1671.7825927734375,1949.5,1956.5,1910.25,1933.4000244140625,3256595,0.0073372125609301175,1586.6331884765625
2020-05-13,1671.9112548828125,1949.6500244140625,1994.0,1925.6500244140625,1994.0,2656665,7.696102946108674e-05,1583.3597607421875
2020-05-14,1631.349609375,1902.3499755859373,1923.0999755859373,1891.0999755859373,1910.0,2263146,-0.024260645048804097,1579.8293017578126
2020-05-15,1623.2457275390625,1892.9000244140625,1917.4000244140625,1865.199951171875,1916.0,3173682,-0.004967593573668272,1576.4449536132813
2020-05-18,1668.4384765625,1945.5999755859373,1952.949951171875,1872.0999755859373,1907.0,3727694,0.027840978267629435,1575.7581958007813
2020-05-19,1671.0535888671875,1948.6500244140625,1966.449951171875,1903.0,1903.0,3198693,0.001567401100743826,1575.10416015625
2020-05-20,1675.298583984375,1953.5999755859373,1962.9000244140625,1931.699951171875,1950.0,2778505,0.002540310583375893,1573.9408056640625
2020-05-21,1707.5423583984375,1991.199951171875,1998.0,1941.1500244140625,1946.0,3400908,0.01924658369696508,1572.6220825195312
2020-05-22,1732.5396728515625,2020.3499755859373,2032.0,1961.25,1977.0999755859373,3663418,0.014639352476486067,1571.0907470703125
2020-05-26,1666.2088623046875,1943.0,2024.0,1925.0,2015.0,4575317,-0.038285305431247085,1568.3792260742186
2020-05-27,1719.634033203125,2005.300048828125,2010.0,1941.25,1959.0,3482160,0.03206390993776154,1569.1897143554688
2020-05-28,1718.7762451171875,2004.300048828125,2014.0,1971.300048828125,1988.5,3475681,-0.0004988201381079804,1570.300595703125
2020-05-29,1691.3778076171875,1972.3499755859373,2002.6500244140625,1962.4000244140625,1982.0,7237735,-0.015940665678755628,1573.9938256835937
2020-06-01,1753.8924560546875,2045.25,2060.0,1981.0999755859373,1990.0,3747773,0.03696078318868956,1578.3167358398437
2020-06-02,1755.5220947265625,2047.1500244140625,2081.0,2040.050048828125,2060.199951171875,2443886,0.0009291554144321701,1584.5434448242188
2020-06-03,1759.8221435546875,2046.1500244140625,2063.75,2020.0,2051.85009765625,3699799,0.002449441588369572,1591.5099755859376
2020-06-04,1798.8692626953125,2091.550048828125,2100.0,2046.75,2046.75,4048593,0.022188105362598298,1599.31875
2020-06-05,1761.6285400390625,2048.25,2098.0,2040.300048828125,2091.60009765625,3573289,-0.02070229528545664,1606.48646484375
2020-06-08,1781.8399658203125,2071.75,2095.0,2062.10009765625,2078.25,2957841,0.011473148465681593,1611.295400390625
2020-06-09,1782.097900390625,2072.050048828125,2095.5,2060.25,2063.10009765625,2909439,0.0001447574278612418,1618.3005224609376
2020-06-10,1813.6619873046875,2108.75,2132.0,2073.5,2077.050048828125,5168397,0.017711758095413144,1625.3632299804688
2020-06-11,1778.3135986328125,2067.64990234375,2105.0,2061.800048828125,2100.0,2269513,-0.019490064256354023,1630.9103002929687
2020-06-12,1754.1029052734375,2039.5,2049.199951171875,2011.0,2011.199951171875,2842642,-0.01361441164144972,1635.2759814453125
2020-06-15,1745.8460693359375,2029.9000244140625,2059.0,2000.949951171875,2039.0999755859373,2399022,-0.004707155955717912,1638.9011108398438
2020-06-16,1759.52099609375,2045.800048828125,2073.949951171875,2031.0,2065.0,2146528,0.007832836467085658,1643.5886767578124
2020-06-17,1761.241455078125,2047.800048828125,2058.85009765625,2026.550048828125,2046.0,2703527,0.0009777996330788685,1647.494267578125
2020-06-18,1752.8988037109375,2038.0999755859373,2059.199951171875,2025.199951171875,2045.0,1944389,-0.004736801614073638,1653.2456640625
2020-06-19,1758.4891357421875,2044.5999755859373,2090.0,2032.0,2042.0,5681758,0.003189192678673347,1660.0444506835938
2020-06-22,1744.1688232421875,2027.949951171875,2052.25,2019.1500244140625,2050.0,3196138,-0.00814353197238038,1664.4815747070313
2020-06-23,1750.490478515625,2035.300048828125,2044.0,2010.0,2027.0,4205944,0.0036244514803827066,1670.2414038085938
2020-06-24,1756.424560546875,2042.199951171875,2064.25,2031.5999755859373,2034.0,2560937,0.0033899539038235726,1675.0788549804688
2020-06-25,1733.9774169921875,2016.0999755859373,2060.0,2009.25,2035.0,3043931,-0.01278002144749013,1679.5857080078124
2020-06-26,1822.34912109375,2118.85009765625,2132.0,2019.949951171875,2025.0,6300722,0.05096473762320097,1686.2733251953125
2020-06-29,1807.5556640625,2101.64990234375,2127.60009765625,2091.300048828125,2108.0,3076341,-0.008117795245716208,1692.9926513671876
2020-06-30,1790.784423828125,2082.14990234375,2111.89990234375,2075.050048828125,2100.0,3071725,-0.009278408719475606,1697.83041015625
2020-07-01,1799.2989501953125,2092.050048828125,2113.949951171875,2079.5,2079.699951171875,2503466,0.004754635038083599,1702.6249291992187
2020-07-02,1855.2890625,2157.14990234375,2165.0,2098.0,2102.0,3758699,0.031117737438022708,1709.9284741210938
2020-07-03,1891.84228515625,2199.64990234375,2205.0,2160.25,2163.64990234375,4185208,0.019702171157627957,1717.416826171875
2020-07-06,1946.4996337890625,2263.199951171875,2269.89990234375,2205.0,2205.0,5190366,0.028891070392952134,1724.1331713867187
2020-07-07,1952.2613525390625,2269.89990234375,2302.699951171875,2232.14990234375,2275.0,5630055,0.0029600410141275013,1731.98865234375
2020-07-08,1908.398681640625,2218.89990234375,2274.39990234375,2207.60009765625,2270.0,2793358,-0.022467622401780796,1738.6573095703125
2020-07-09,1895.884765625,2204.35009765625,2244.5,2191.050048828125,2229.0,3443998,-0.00655728603043626,1744.6906469726562
2020-07-10,1911.3656005859373,2222.35009765625,2249.85009765625,2176.0,2205.25,9610320,0.008165493621567155,1750.2343701171876
2020-07-13,1909.3448486328125,2220.0,2244.949951171875,2210.0,2220.0,2963503,-0.0010572294240857039,1753.8716625976563
2020-07-14,1868.0181884765625,2171.949951171875,2239.0,2165.0,2210.0,2976738,-0.02164441912410009,1758.1230932617189
2020-07-15,1921.29931640625,2233.89990234375,2260.0,2181.10009765625,2185.0,5569321,0.028522810033846824,1763.400703125
2020-07-16,1926.3421630859373,2234.75,2333.0,2220.10009765625,2244.0,8582118,0.0026247064351845317,1769.2791137695312
2020-07-17,1897.0341796875,2200.75,2243.89990234375,2190.050048828125,2237.0,4509135,-0.015214318598252952,1774.776318359375
2020-07-20,1903.1976318359373,2207.89990234375,2226.89990234375,2190.800048828125,2201.0,2952646,0.0032489937263295854,1780.3667797851563
2020-07-21,1917.98095703125,2225.050048828125,2238.64990234375,2201.14990234375,2230.0,2665286,0.007767624837285991,1785.5342846679687
2020-07-22,1888.586669921875,2190.949951171875,2231.0,2184.199951171875,2231.0,2861534,-0.015325640748213187,1789.8703662109374
2020-07-23,1871.5628662109373,2171.199951171875,2190.949951171875,2163.0,2190.949951171875,2265766,-0.00901404419615115,1793.8633984375
2020-07-24,1859.6666259765625,2157.39990234375,2163.0,2125.10009765625,2154.5,3665100,-0.0063563134582057534,1798.4297387695312
2020-07-27,1902.249755859375,2206.800048828125,2215.0,2163.5,2165.0,4248480,0.02289825998272721,1804.0098193359374
2020-07-28,1990.9918212890625,2309.75,2320.0,2215.0,2215.0,8092319,0.04665111148330614,1810.4608862304688
2020-07-29,1961.942626953125,2276.050048828125,2342.0,2246.050048828125,2292.0,6090431,-0.014590313242537456,1816.2786669921875
2020-07-30,1964.91650390625,2279.5,2358.0,2272.25,2285.89990234375,7098496,0.0015157818135300705,1822.071025390625
2020-07-31,1966.5538330078125,2281.39990234375,2334.800048828125,2257.449951171875,2303.14990234375,4723290,0.0008332817696363737,1827.2512548828124
2020-08-03,1943.064697265625,2254.14990234375,2303.85009765625,2230.699951171875,2290.449951171875,4012337,-0.011944313625150693,1831.4617553710937
2020-08-04,1939.2286376953125,2249.699951171875,2269.64990234375,2225.050048828125,2259.949951171875,2927928,-0.00197423151977949,1836.9221508789062
2020-08-05,1947.676513671875,2259.5,2300.0,2253.0,2260.0,3800641,0.004356307354558497,1841.4830004882813
2020-08-06,1989.5693359375,2308.10009765625,2319.5,2265.35009765625,2275.0,4748047,0.02150912739952182,1846.8988623046876
2020-08-07,1978.579345703125,2295.35009765625,2328.0,2287.0,2308.0,3165491,-0.005523803586968912,1852.6428930664063
2020-08-10,1967.7611083984373,2282.800048828125,2325.0,2276.050048828125,2318.0,2929353,-0.005467679286242255,1856.9202661132813
2020-08-11,1965.2611083984373,2279.89990234375,2312.0,2275.60009765625,2283.0,2774423,-0.0012704794242197615,1861.1150463867189
2020-08-12,1945.8236083984373,2257.35009765625,2296.39990234375,2246.550048828125,2288.35009765625,3415751,-0.009890543255008155,1864.8350756835937
2020-08-13,1943.323486328125,2254.449951171875,2300.0,2250.5,2273.0,2695682,-0.0012848657296177235,1867.72416015625
2020-08-14,1932.7210693359373,2242.14990234375,2281.300048828125,2233.10009765625,2277.0,2270405,-0.005455816834808447,1871.1460107421874
2020-08-17,1942.4180908203125,2253.39990234375,2270.0,2238.25,2263.0,2625630,0.005017289684593251,1874.3575732421875
2020-08-18,1956.5118408203125,2269.75,2289.0,2248.300048828125,2262.800048828125,3493374,0.007255775708950418,1877.8458520507813
2020-08-19,1945.177001953125,2256.60009765625,2284.60009765625,2252.5,2276.35009765625,2843005,-0.00579339139723023,1880.47615234375
2020-08-20,1941.9442138671875,2252.85009765625,2276.550048828125,2240.050048828125,2257.0,2895164,-0.0016619506002237827,1883.7487646484376
2020-08-21,1938.2811279296875,2248.60009765625,2271.0,2241.050048828125,2260.0,1975294,-0.0018862982321233845,1887.4323291015626
2020-08-24,1937.8499755859373,2248.10009765625,2259.949951171875,2230.0,2250.60009765625,2167966,-0.0002224405621751302,1891.2724072265626
2020-08-25,1933.152099609375,2242.64990234375,2250.0,2233.550048828125,2245.0,1663419,-0.0024242722789424853,1894.745029296875
2020-08-26,1942.5045166015625,2253.5,2259.89990234375,2216.449951171875,2242.0,2618149,0.004837910578312732,1898.3702905273437
2020-08-27,1938.10791015625,2248.39990234375,2287.35009765625,2241.75,2266.0,3579393,-0.0022633699987500977,1902.07447265625
2020-08-28,1929.6175537109373,2238.550048828125,2279.949951171875,2235.10009765625,2268.39990234375,2941136,-0.004380744952755644,1905.497041015625
2020-08-31,1945.7371826171875,2257.25,2276.199951171875,2228.0,2240.0,6018154,0.008353794706754014,1909.528408203125
2020-09-01,1936.3411865234373,2246.35009765625,2278.0,2241.300048828125,2269.0,3610908,-0.004829016055041824,1913.2454223632812
2020-09-02,1952.546875,2265.14990234375,2268.75,2241.64990234375,2247.0,2084137,0.008369231925319465,1917.1678686523437
2020-09-03,1982.1561279296875,2299.5,2324.0,2268.0,2268.0,4654146,0.015164426170146461,1922.1314428710937
2020-09-04,1972.93359375,2288.800048828125,2324.25,2262.949951171875,2275.0,5231303,-0.004652778885445463,1925.1431323242186
2020-09-07,2005.904296875,2327.050048828125,2343.5,2283.35009765625,2289.0,4620401,0.01671151184684927,1929.1101049804688
2020-09-08,2024.135986328125,2348.199951171875,2390.449951171875,2327.050048828125,2335.949951171875,7453998,0.00908901261218098,1933.7771362304688
2020-09-09,2006.4208984375,2327.64990234375,2359.0,2320.0,2325.0,3866535,-0.00875192576500805,1937.9195751953125
2020-09-10,2009.4381103515625,2331.14990234375,2348.5,2324.300048828125,2335.0,2308813,0.0015037781536326733,1941.0025561523437
2020-09-11,2046.460693359375,2374.10009765625,2383.0,2330.14990234375,2330.949951171875,4145424,0.018424345998561353,1944.0949243164061
2020-09-14,2147.572509765625,2491.39990234375,2505.75,2381.85009765625,2384.10009765625,7512131,0.04940813998253235,1948.1163818359375
2020-09-15,2147.572509765625,2491.39990234375,2538.0,2464.60009765625,2491.39990234375,7318770,0.0,1952.0226049804687
2020-09-16,2157.572021484375,2503.0,2507.60009765625,2477.300048828125,2488.949951171875,3074003,0.004656192828544459,1957.0060717773438
2020-09-17,2121.32470703125,2460.949951171875,2495.75,2450.60009765625,2480.0,4828176,-0.016800048430451686,1961.5148706054688
2020-09-18,2111.800048828125,2449.89990234375,2500.39990234375,2436.39990234375,2485.0,4183256,-0.004489957700278047,1965.5235595703125
2020-09-21,2125.0751953125,2465.300048828125,2504.89990234375,2452.14990234375,2465.0,4598809,0.00628617585824065,1969.8381665039062
2020-09-22,2174.769287109375,2522.949951171875,2555.0,2458.0,2485.0,7499613,0.023384627474119624,1975.9731884765624
2020-09-23,2126.927734375,2467.449951171875,2519.85009765625,2409.0,2510.0,7502280,-0.021998449682892218,1980.0857568359374
2020-09-24,2010.3863525390625,2332.25,2450.0,2302.60009765625,2450.0,8424708,-0.054793296430535876,1981.766640625
2020-09-25,2088.009033203125,2422.300048828125,2440.0,2352.10009765625,2368.0,8228267,0.03861082749891698,1985.5861376953126
2020-09-28,2091.45751953125,2426.300048828125,2444.0,2366.0,2440.0,4347166,0.001651566766851964,1989.3513354492188
2020-09-29,2144.987060546875,2488.39990234375,2511.050048828125,2426.300048828125,2434.85009765625,6995811,0.025594371635921265,1993.8914575195313
2020-09-30,2148.348876953125,2492.300048828125,2505.0,2460.0,2489.0,3917166,0.0015672898303604743,1999.0867016601562
2020-10-01,2175.2001953125,2523.449951171875,2540.0,2492.300048828125,2510.0,2610337,0.01249858374839774,2005.1594482421874
2020-10-05,2332.38427734375,2705.800048828125,2728.10009765625,2603.050048828125,2620.0,17412105,0.07226189220191204,2014.6138012695312
2020-10-06,2339.711181640625,2714.300048828125,2736.0,2650.10009765625,2736.0,9846367,0.003141379560841262,2023.3630297851562
2020-10-07,2358.373779296875,2735.949951171875,2770.0,2703.0,2742.0,9656101,0.007976453590807564,2030.7106689453126
2020-10-08,2435.737548828125,2825.699951171875,2885.0,2800.0,2800.0,19839329,0.03280386264908142,2040.1865673828124
2020-10-09,2424.74755859375,2812.949951171875,2829.85009765625,2780.0,2810.0,7739245,-0.004511976357905456,2049.3831884765623
2020-10-12,2439.4443359375,2830.0,2854.0,2800.75,2815.5,4623203,0.0060611577034739295,2058.8409985351564
2020-10-13,2436.470458984375,2826.550048828125,2854.89990234375,2812.199951171875,2845.0,4209878,-0.001219079652408639,2068.709113769531
2020-10-14,2432.185791015625,2809.60009765625,2842.0,2787.550048828125,2842.0,4395936,-0.0017585552711917307,2078.5682568359375
2020-10-15,2372.4541015625,2740.60009765625,2827.75,2727.0,2811.0,6629355,-0.02455885141413572,2087.06380859375
2020-10-16,2392.105224609375,2763.300048828125,2771.64990234375,2731.300048828125,2750.10009765625,5273773,0.00828303613289405,2095.1145263671874
2020-10-19,2347.30712890625,2711.550048828125,2774.0,2706.60009765625,2774.0,3331194,-0.018727477053372743,2102.48908203125
2020-10-20,2371.06884765625,2739.0,2759.89990234375,2717.949951171875,2725.0,3406273,0.010122969617986088,2110.5552368164062
2020-10-21,2316.012451171875,2675.39990234375,2749.0,2663.050048828125,2739.0,4570143,-0.023220075004906304,2117.570263671875
2020-10-22,2312.333984375,2671.14990234375,2686.64990234375,2638.10009765625,2661.0,5262294,-0.001588275915793913,2124.9004711914063
2020-10-23,2325.881103515625,2686.800048828125,2702.0,2670.10009765625,2687.800048828125,3499091,0.005858634276953989,2132.551623535156
2020-10-26,2327.09326171875,2688.199951171875,2709.949951171875,2670.5,2689.949951171875,2672752,0.0005211608629920317,2140.4390673828125
2020-10-27,2276.8408203125,2630.14990234375,2718.14990234375,2624.10009765625,2699.75,3537502,-0.021594511158153806,2147.1275219726563
2020-10-28,2269.95849609375,2622.199951171875,2655.949951171875,2606.0,2650.0,3569445,-0.003022751593941164,2153.396455078125
2020-10-29,2279.0048828125,2632.64990234375,2655.0,2600.25,2608.0,3105968,0.003985265252345993,2160.0730126953126
2020-10-30,2306.880126953125,2664.85009765625,2674.35009765625,2621.60009765625,2636.10009765625,3427003,0.012231322693009972,2167.371730957031
2020-11-02,2254.723388671875,2604.60009765625,2664.85009765625,2600.050048828125,2660.0,2571196,-0.02260921045348696,2173.700576171875
2020-11-03,2279.82763671875,2633.60009765625,2665.0,2601.050048828125,2604.0,2879269,0.011134070003000485,2180.540129394531
2020-11-04,2296.75146484375,2653.14990234375,2721.85009765625,2610.0,2610.0,4893928,0.007423292819345617,2187.8121166992187
2020-11-05,2324.9287109375,2685.699951171875,2710.0,2667.0,2685.0,2816502,0.01226830439647375,2195.4606005859373
2020-11-06,2343.75732421875,2707.449951171875,2713.25,2681.300048828125,2699.0,3884421,0.00809857661126201,2203.5735888671875
2020-11-09,2360.3349609375,2726.60009765625,2744.0,2695.10009765625,2731.10009765625,3646592,0.007073102896553385,2212.1879370117185
2020-11-10,2293.677978515625,2649.60009765625,2713.14990234375,2638.35009765625,2697.199951171875,4760020,-0.02824047583288758,2219.1467529296874
2020-11-11,2326.74658203125,2687.800048828125,2692.800048828125,2643.39990234375,2667.949951171875,3242441,0.014417282559004096,2226.9548608398436
2020-11-12,2312.24755859375,2671.050048828125,2713.0,2661.75,2686.0,2437505,-0.006231457929054884,2234.1488745117185
2020-11-13,2299.954345703125,2656.85009765625,2664.89990234375,2636.0,2655.75,2548093,-0.0053165643293408005,2240.5048388671876
2020-11-14,2311.640380859375,2670.35009765625,2689.0,2660.050048828125,2677.949951171875,298819,0.005080985706556573,2247.278974609375
2020-11-17,2307.91845703125,2666.050048828125,2695.0,2650.050048828125,2695.0,2827273,-0.0016100790845076096,2253.3192578125
2020-11-18,2273.810791015625,2626.64990234375,2664.199951171875,2607.050048828125,2661.0,2893762,-0.014778540338681978,2258.31275390625
2020-11-19,2282.684326171875,2636.89990234375,2676.14990234375,2630.85009765625,2637.0,4167501,0.0039024949618988725,2263.8380224609373
2020-11-20,2302.897705078125,2660.25,2676.0,2627.550048828125,2655.0,2711471,0.008855091645610269,2269.7072143554688
2020-11-23,2358.30078125,2724.25,2730.0,2665.0,2690.0,3706418,0.024057984012796352,2275.944016113281
2020-11-24,2356.396240234375,2722.050048828125,2743.0,2705.0,2734.39990234375,3120516,-0.0008075903764130921,2280.120490722656
2020-11-25,2338.43310546875,2701.300048828125,2732.949951171875,2688.199951171875,2729.0,3302249,-0.007623138442895416,2283.9377026367188
2020-11-26,2355.14013671875,2720.60009765625,2730.949951171875,2680.0,2686.0,2341099,0.007144541022331641,2287.889064941406
2020-11-27,2319.69189453125,2679.64990234375,2717.699951171875,2669.050048828125,2705.0,6086808,-0.015051436487719005,2291.856408691406
2020-12-01,2360.508056640625,2726.800048828125,2735.89990234375,2624.449951171875,2679.0,3605017,0.01759551007855853,2296.830568847656
2020-12-02,2380.20166015625,2749.550048828125,2754.699951171875,2702.449951171875,2719.0,2509032,0.008342951196553816,2301.9330981445314
2020-12-03,2345.48876953125,2709.449951171875,2773.89990234375,2700.800048828125,2773.89990234375,2852548,-0.014584012441500982,2305.347487792969
2020-12-04,2361.1572265625,2727.550048828125,2738.85009765625,2699.0,2710.800048828125,2686527,0.006680252421068511,2310.032077636719
2020-12-07,2369.943359375,2737.699951171875,2744.0,2706.14990234375,2715.0,1996400,0.003721112983776642,2317.2232177734377
2020-12-08,2421.53759765625,2797.300048828125,2805.550048828125,2732.449951171875,2740.0,4277818,0.02177024108072212,2323.8937890625
2020-12-09,2433.22412109375,2810.800048828125,2840.0,2793.14990234375,2815.0,3659996,0.004826075568189037,2330.72912109375
2020-12-10,2410.283935546875,2784.300048828125,2827.300048828125,2780.25,2818.0,2127801,-0.009427896652842382,2336.03505859375
2020-12-11,2409.67822265625,2783.60009765625,2807.699951171875,2764.550048828125,2792.699951171875,1795408,-0.000251303542164405,2341.2616455078123
2020-12-14,2421.884033203125,2797.699951171875,2804.0,2756.25,2802.0,2483658,0.005065327989485668,2346.195322265625
2020-12-15,2390.590087890625,2761.550048828125,2794.699951171875,2755.0,2786.0,2365509,-0.012921322773292054,2347.3594384765624
2020-12-16,2436.16748046875,2814.199951171875,2819.800048828125,2760.449951171875,2779.0,2565149,0.019065331530066176,2349.288564453125
2020-12-17,2456.943603515625,2838.199951171875,2853.699951171875,2805.0,2811.0,2863460,0.008528199811154824,2351.2599609375
2020-12-18,2476.680908203125,2861.0,2898.0,2846.199951171875,2868.0,6076692,0.008033275431824416,2352.078828125
2020-12-21,2441.31787109375,2820.14990234375,2886.5,2785.0,2861.0,2705195,-0.014278398558428496,2352.410234375
2020-12-22,2486.6357421875,2872.5,2883.64990234375,2818.64990234375,2834.0,2881737,0.018562871975965622,2353.3540625
2020-12-23,2518.016845703125,2908.75,2919.0,2865.449951171875,2876.050048828125,2790988,0.012619903664707666,2354.984990234375
2020-12-24,2518.535888671875,2909.35009765625,2921.35009765625,2883.199951171875,2909.0,1807144,0.0002061316506423161,2356.7119921875
2020-12-28,2535.892822265625,2929.39990234375,2949.699951171875,2902.0,2910.0,2108994,0.006891676101110855,2359.9807666015627
2020-12-29,2536.8447265625,2930.5,2952.0,2920.0,2920.0,1994151,0.0003753724481243559,2362.875556640625
2020-12-30,2518.492431640625,2909.300048828125,2947.699951171875,2902.0,2934.39990234375,2637968,-0.007234299651734277,2366.2992626953123
2020-12-31,2478.19580078125,2862.75,2905.0,2845.0,2900.0,4040956,-0.016000298572715788,2368.4418017578123
2021-01-01,2534.897216796875,2928.25,2940.0,2879.0,2880.0,2681440,0.022880119479562477,2372.8194970703125
2021-01-04,2631.159423828125,3039.449951171875,3050.75,2940.949951171875,2950.0,5113293,0.037974796924069354,2379.196005859375
2021-01-05,2677.51611328125,3093.0,3114.25,3039.60009765625,3039.60009765625,5801309,0.01761835069107276,2386.2287060546873
2021-01-06,2641.591064453125,3051.5,3113.5,3037.199951171875,3100.0,3726716,-0.01341730443746969,2392.518662109375
2021-01-07,2625.403076171875,3032.800048828125,3080.85009765625,3000.25,3075.0,3717827,-0.0061281204721977955,2399.4899072265625
2021-01-08,2701.66796875,3120.89990234375,3128.0,3060.0,3090.0,5879039,0.029048831880446935,2408.1240966796877
2021-01-11,2749.755615234375,3176.449951171875,3230.0,3146.550048828125,3230.0,9508039,0.0177992436674681,2417.539111328125
2021-01-12,2748.37060546875,3174.85009765625,3210.0,3150.0,3176.449951171875,3611458,-0.0005036846758132985,2426.3689208984374
2021-01-13,2734.607177734375,3158.949951171875,3177.0,3126.25,3175.0,3572801,-0.0050078499991916825,2435.9665966796874
2021-01-14,2819.387451171875,3250.699951171875,3266.5,3120.39990234375,3155.0,6931542,0.031002724679359828,2446.75779296875
2021-01-15,2804.339111328125,3233.35009765625,3274.0,3210.0,3235.0,4131692,-0.005337450103743313,2456.9095458984375
2021-01-18,2794.278076171875,3221.75,3256.75,3187.39990234375,3250.0,4160906,-0.003587667096182634,2466.296533203125
2021-01-19,2828.06005859375,3260.699951171875,3279.0,3232.0,3233.0,2975735,0.01208969955780348,2475.982587890625
2021-01-20,2869.77783203125,3308.800048828125,3327.949951171875,3267.10009765625,3270.0,3453446,0.014751374643098725,2486.1714453125
2021-01-21,2839.466064453125,3273.85009765625,3309.14990234375,3262.10009765625,3305.0,2778546,-0.010562409131396056,2497.08720703125
2021-01-22,2864.834716796875,3303.10009765625,3325.0,3241.89990234375,3241.89990234375,3052459,0.008934303762716755,2507.8489697265627
2021-01-25,2854.600341796875,3291.300048828125,3339.800048828125,3278.64990234375,3308.949951171875,2272887,-0.003572413773120897,2518.696025390625
2021-01-27,2828.3642578125,3261.050048828125,3306.449951171875,3227.0,3300.0,2786662,-0.009190808114266646,2529.2642236328124
2021-01-28,2772.42236328125,3196.550048828125,3275.0,3183.800048828125,3230.0,3083938,-0.019778886109427907,2538.47986328125
2021-01-29,2698.52685546875,3111.35009765625,3216.85009765625,3100.0,3210.050048828125,5445659,-0.02665376992740831,2546.29203125
2021-02-01,2722.811767578125,3139.35009765625,3165.0,3044.10009765625,3100.0,3985846,0.008999322004211274,2555.27205078125
2021-02-02,2778.40625,3203.449951171875,3224.0,3150.0,3174.0,2881837,0.020418041042669977,2565.1864892578124
2021-02-03,2775.458251953125,3200.050048828125,3236.0,3162.64990234375,3213.0,2505866,-0.0010610392367477184,2574.6377001953124
2021-02-04,2765.397216796875,3188.449951171875,3237.85009765625,3176.0,3216.050048828125,2057261,-0.0036249996371481297,2582.77962890625
2021-02-05,2738.943115234375,3157.949951171875,3205.85009765625,3129.0,3198.949951171875,2366135,-0.009566112745691413,2590.43056640625
2021-02-08,2787.643798828125,3214.10009765625,3226.0,3155.14990234375,3189.5,2526592,0.01778083061414093,2599.4147802734374
2021-02-09,2755.37841796875,3176.89990234375,3245.800048828125,3164.0,3195.0,2658751,-0.011574427433282075,2607.4195458984377
2021-02-10,2786.949462890625,3213.300048828125,3219.39990234375,3157.300048828125,3185.0,2127983,0.011457970606138845,2616.764697265625
2021-02-11,2780.617919921875,3206.0,3219.300048828125,3185.050048828125,3215.0,1165882,-0.002271854245316285,2625.16689453125
2021-02-12,2767.43505859375,3190.800048828125,3245.5,3182.0,3184.199951171875,2777404,-0.004740982654853676,2632.9115625
2021-02-15,2723.24560546875,3139.85009765625,3209.0,3131.550048828125,3209.0,2630853,-0.015967656761367466,2640.46669921875
2021-02-16,2696.31494140625,3108.800048828125,3167.64990234375,3100.0,3150.0,3435770,-0.009889179297092654,2647.169853515625
2021-02-17,2665.351806640625,3073.10009765625,3132.85009765625,3045.550048828125,3105.10009765625,3678426,-0.011483500792187296,2653.0780224609375
2021-02-18,2651.6923828125,3057.35009765625,3097.89990234375,3031.0,3065.0,4189909,-0.005124810838889271,2657.6811181640624
2021-02-19,2664.26708984375,3071.85009765625,3087.14990234375,3016.14990234375,3058.0,3725028,0.0047421439653994035,2662.3019775390626
2021-02-22,2565.913818359375,2958.449951171875,3096.0,2943.14990234375,3096.0,5366696,-0.03691569507400372,2665.4145751953124
2021-02-23,2584.778076171875,2980.199951171875,3028.0,2968.0,2970.0,3832829,0.007351867267530343,2668.916572265625
2021-02-24,2556.937255859375,2948.10009765625,3003.35009765625,2921.14990234375,2972.0,3774549,-0.010771067957111802,2671.61763671875
2021-02-25,2597.874755859375,2995.300048828125,3029.89990234375,2968.449951171875,2974.0,4224073,0.016010365489489198,2675.763330078125
2021-02-26,2510.275634765625,2894.300048828125,2972.35009765625,2880.0,2960.0,5553153,-0.03371953205064049,2677.2454931640623
2021-03-01,2536.207763671875,2924.199951171875,2965.0,2901.800048828125,2926.0,3265871,0.010330391032405961,2678.8307763671874
2021-03-02,2607.458251953125,3006.35009765625,3025.0,2948.0,2960.0,3306469,0.028093316841714344,2681.4463232421876
2021-03-03,2653.20947265625,3059.10009765625,3064.0,2996.89990234375,3035.0,3509857,0.01754629078676717,2685.6841552734377
2021-03-04,2645.056884765625,3049.699951171875,3081.449951171875,3016.050048828125,3023.0,3916760,-0.003072726814314808,2688.852578125
2021-03-05,2608.933349609375,3008.050048828125,3063.199951171875,2996.60009765625,3016.10009765625,3203686,-0.013656997459792208,2690.670908203125
2021-03-08,2607.978271484375,3006.949951171875,3033.0,2996.0,3016.0,2003125,-0.0003660799250172486,2692.459755859375
2021-03-09,2646.140869140625,3050.949951171875,3066.89990234375,2992.10009765625,3006.949951171875,1942397,0.014633019789129342,2694.664716796875
2021-03-10,2663.487060546875,3070.949951171875,3093.199951171875,3060.0,3075.0,3053778,0.006555278900130412,2697.1975634765627
2021-03-12,2652.211669921875,3057.949951171875,3117.0,3041.35009765625,3075.0,2938317,-0.004233319092109666,2699.8719482421875
2021-03-15,2659.32421875,3066.14990234375,3099.0,3041.0,3041.0,3097083,0.002681742527863351,2703.4945166015623
2021-03-16,2697.3994140625,3110.050048828125,3141.0,3060.0,3060.0,4894756,0.014317620636116635,2706.744560546875
2021-03-17,2699.914794921875,3112.949951171875,3155.0,3085.300048828125,3105.0,3838390,0.000932520725800412,2708.11966796875
2021-03-18,2633.60791015625,3036.5,3146.449951171875,2987.050048828125,3125.949951171875,3656306,-0.02455888048405752,2707.24150390625
2021-03-19,2645.490234375,3050.199951171875,3099.0,3005.0,3030.0,5776626,0.004511804575360934,2707.3194873046873
2021-03-22,2714.398681640625,3129.64990234375,3139.449951171875,3018.64990234375,3048.699951171875,2821646,0.026047515265882115,2709.0993994140626
2021-03-23,2725.630615234375,3142.60009765625,3169.0,3122.85009765625,3140.0,3305973,0.00413790857979679,2709.57865234375
2021-03-24,2706.9833984375,3121.10009765625,3152.300048828125,3111.14990234375,3111.199951171875,2207104,-0.006841432104794376,2708.7232080078124
2021-03-25,2658.1962890625,3064.85009765625,3130.85009765625,3050.0,3112.199951171875,3179786,-0.01802268510518401,2706.9197216796874
2021-03-26,2659.88720703125,3066.800048828125,3118.0,3043.050048828125,3090.64990234375,3697370,0.0006361147879512252,2705.425322265625
2021-03-30,2739.46435546875,3158.550048828125,3188.449951171875,3060.89990234375,3083.0,4694008,0.029917489819546672,2703.8268603515626
2021-03-31,2756.203125,3177.85009765625,3205.0,3132.0,3155.0,3530069,0.0061102344689518695,2702.864140625
2021-04-01,2745.0576171875,3165.0,3215.0,3145.0,3191.10009765625,4285076,-0.004043790427274874,2701.8797314453127
2021-04-05,2809.152587890625,3238.89990234375,3263.0,3151.0,3171.0,5317862,0.02334922600597178,2701.50158203125
2021-04-06,2831.530029296875,3264.699951171875,3275.0,3230.0,3275.0,2291562,0.007965904558802528,2700.7366259765627
2021-04-07,2837.34130859375,3271.39990234375,3277.550048828125,3234.800048828125,3259.0,2491268,0.002052345988475368,2700.694130859375
2021-04-08,2877.1943359375,3317.35009765625,3335.0,3266.050048828125,3270.0,2578118,0.014045905306860007,2700.9413232421875
2021-04-09,2881.44384765625,3322.25,3354.35009765625,3308.0,3354.0,2911129,0.0014769637440446015,2701.478193359375
2021-04-12,2815.787841796875,3246.550048828125,3338.10009765625,3213.199951171875,3322.25,3791828,-0.022785800914628007,2701.2266650390625
2021-04-13,2692.196044921875,3104.050048828125,3214.0,3073.050048828125,3214.0,8654596,-0.04389243928126729,2699.622138671875
2021-04-15,2791.850341796875,3218.949951171875,3237.25,3087.449951171875,3160.300048828125,6062760,0.0370159881420864,2701.4886083984375
2021-04-16,2771.207763671875,3195.14990234375,3247.0,3182.60009765625,3229.0,3224657,-0.00739386987044377,2702.4565283203124
2021-04-19,2742.283447265625,3161.800048828125,3189.0,3135.10009765625,3169.0,2679106,-0.010437440593744962,2701.734072265625
2021-04-20,2727.321533203125,3144.550048828125,3225.35009765625,3126.35009765625,3225.0,3141893,-0.0054560056792885,2700.771337890625
2021-04-22,2704.988037109375,3118.800048828125,3148.0,3105.25,3148.0,1988980,-0.008188802024937769,2699.563154296875
2021-04-23,2696.923095703125,3109.5,3119.0,3091.050048828125,3105.0,1615309,-0.002981507236116454,2698.72275390625
2021-04-26,2689.376708984375,3100.800048828125,3153.0,3088.050048828125,3102.050048828125,2490260,-0.0027981467957960415,2696.757412109375
2021-04-27,2716.43701171875,3132.0,3136.10009765625,3103.0,3106.0,1471417,0.010061923509627757,2695.978583984375
2021-04-28,2709.585205078125,3124.10009765625,3151.0,3112.0,3149.949951171875,1639037,-0.0025223506420601893,2694.431298828125
2021-04-29,2701.908935546875,3115.25,3157.35009765625,3105.5,3145.60009765625,1621395,-0.0028330054049836573,2692.857119140625
2021-04-30,2632.87060546875,3035.64990234375,3132.050048828125,3020.0,3099.0,3072305,-0.025551686502029103,2690.165830078125
2021-05-03,2634.0419921875,3037.0,3055.0,3004.0,3024.89990234375,1545831,0.0004449085786126794,2688.3817578125
2021-05-04,2645.099853515625,3049.75,3090.0,3035.0,3062.800048828125,1990777,0.004198058102688584,2687.3574560546876
2021-05-05,2684.953369140625,3095.699951171875,3099.39990234375,3052.39990234375,3070.0,1939289,0.015066922926191273,2687.7494873046876
2021-05-06,2698.61328125,3111.449951171875,3134.0,3074.0,3105.5,1791671,0.005087578900391465,2688.6879052734375
2021-05-07,2717.217529296875,3132.89990234375,3159.85009765625,3111.800048828125,3133.0,1912540,0.006894002996330473,2689.7469140625
2021-05-10,2728.145751953125,3145.5,3164.199951171875,3125.0,3145.949951171875,2137153,0.0040218431312262215,2692.991552734375
2021-05-11,2708.28466796875,3122.60009765625,3128.10009765625,3091.14990234375,3125.0,2415625,-0.007280067045595362,2695.4616845703126
2021-05-12,2677.92822265625,3087.60009765625,3120.0,3070.60009765625,3120.0,1978558,-0.011208735060804331,2697.88150390625
2021-05-14,2646.617431640625,3051.5,3098.5,3040.0,3098.5,2043935,-0.011692169622293913,2698.856357421875
2021-05-17,2662.4462890625,3069.75,3075.199951171875,3036.0,3055.0,2890462,0.005980787866292747,2701.8997705078127
2021-05-18,2678.968505859375,3088.800048828125,3124.0,3078.0,3100.0,2098538,0.0062056526228337905,2704.7549853515625
2021-05-19,2673.070556640625,3082.0,3118.0,3067.10009765625,3084.0,1986041,-0.0022015746754208143,2706.0672314453127
2021-05-20,2653.989990234375,3060.0,3088.800048828125,3052.10009765625,3067.10009765625,2329027,-0.007138070620264281,2706.082841796875
2021-05-21,2671.770263671875,3080.5,3088.199951171875,3055.10009765625,3061.0,1685566,0.006699450074387769,2706.617109375
2021-05-24,2672.63720703125,3081.5,3105.0,3072.0,3081.5,1652260,0.00032448274882113104,2707.8911865234377
2021-05-25,2714.035888671875,3114.0,3128.25,3082.10009765625,3092.0,1841613,0.015489824631533367,2710.0123388671873
2021-05-26,2752.81982421875,3158.5,3165.0,3103.800048828125,3120.0,1923753,0.014290133637788527,2712.14591796875
2021-05-27,2771.5595703125,3180.0,3217.75,3161.800048828125,3161.949951171875,5959785,0.00680747280620464,2714.3073681640626
2021-05-28,2739.833740234375,3143.60009765625,3198.0,3135.64990234375,3189.5,1763701,-0.011446923392141928,2716.0598095703126
2021-05-31,2753.38720703125,3159.14990234375,3170.35009765625,3128.60009765625,3150.0,1652799,0.004946820895677995,2717.9410693359373
2021-06-01,2748.02685546875,3153.0,3169.949951171875,3132.0,3168.60009765625,1377441,-0.0019468208281099297,2718.9536181640624
2021-06-02,2727.501708984375,3129.449951171875,3159.449951171875,3115.0,3150.85009765625,2240078,-0.007469048726190031,2719.5053564453124
2021-06-03,2737.786376953125,3141.25,3154.550048828125,3122.64990234375,3154.550048828125,1281706,0.003770728331671469,2721.58892578125
2021-06-04,2739.96533203125,3143.75,3156.85009765625,3125.0,3128.0,1836060,0.0007958820660616261,2723.478427734375
2021-06-07,2774.34814453125,3183.199951171875,3190.449951171875,3133.60009765625,3145.0,2559821,0.01254863048741961,2724.6774169921873
2021-06-08,2789.12109375,3200.14990234375,3231.0,3187.199951171875,3198.0,2574057,0.00532483612335044,2725.9472265625
2021-06-09,2789.2080078125,3200.25,3220.0,3186.199951171875,3202.0,1710925,3.116181032614129e-05,2727.59171875
2021-06-10,2803.6328125,3216.800048828125,3224.0,3193.0,3210.0,1874324,0.005171648958089969,2730.50044921875
2021-06-11,2853.3115234375,3273.800048828125,3309.0,3211.0,3211.550048828125,3452954,0.017719407019352706,2734.368935546875
2021-06-14,2855.534423828125,3276.35009765625,3308.699951171875,3270.35009765625,3279.0,1847360,0.0007790598300836393,2736.6903369140623
2021-06-15,2843.6806640625,3262.75,3298.0,3251.550048828125,3298.0,1304985,-0.004151152816338266,2738.4398876953123
2021-06-16,2853.791015625,3274.35009765625,3294.699951171875,3253.0,3262.10009765625,1635552,0.0035553751482264584,2740.6145556640627
2021-06-17,2891.6162109375,3317.75,3336.050048828125,3260.0,3265.5,2273413,0.013254367648296794,2742.263828125
2021-06-18,2873.79345703125,3297.300048828125,3358.0,3275.0,3350.89990234375,3380431,-0.006163595929098653,2743.1090966796874
2021-06-21,2852.701416015625,3273.10009765625,3286.0,3251.699951171875,3265.0,1130569,-0.007339442214964853,2743.416298828125
2021-06-22,2877.1923828125,3301.199951171875,3327.050048828125,3285.0,3304.0,1708688,0.008585184085294628,2743.416259765625
2021-06-23,2842.50390625,3261.39990234375,3329.0,3256.39990234375,3329.0,1467104,-0.01205636326917825,2742.6374609375
2021-06-24,2940.293212890625,3373.60009765625,3383.0,3278.5,3284.0,4155204,0.03440252322102677,2745.127568359375
2021-06-25,2946.568115234375,3380.800048828125,3399.64990234375,3350.0,3375.25,2722861,0.0021341076856689067,2750.215009765625
2021-06-28,2908.176513671875,3336.75,3391.5,3333.0,3391.5,1355238,-0.013029259823999051,2752.541533203125
2021-06-29,2911.74951171875,3340.85009765625,3366.300048828125,3326.5,3342.0,1497322,0.0012286042577118739,2755.3523681640627
2021-06-30,2916.02001953125,3345.75,3382.0,3338.5,3346.0,1693146,0.0014666466999695427,2758.827099609375
2021-07-01,2912.31591796875,3341.5,3362.0,3332.35009765625,3358.0,990310,-0.0012702593046995947,2762.5269873046873
2021-07-02,2898.327880859375,3325.449951171875,3339.699951171875,3295.199951171875,3331.0,1682274,-0.004803063095960791,2766.3937841796874
2021-07-05,2894.44873046875,3321.0,3374.0,3302.0,3342.0,1972858,-0.001338409783186667,2770.344296875
2021-07-06,2843.288818359375,3262.300048828125,3328.0,3256.10009765625,3313.0,2159420,-0.017675183384951443,2773.4225390625
2021-07-07,2854.3134765625,3274.949951171875,3282.699951171875,3241.60009765625,3275.0,2640710,0.003877431702308254,2776.180068359375
2021-07-08,2839.976806640625,3258.5,3298.0,3231.89990234375,3298.0,2485811,-0.005022808475522056,2778.787900390625
2021-07-09,2796.09375,3208.14990234375,3282.0,3201.0,3250.0,6365067,-0.01545190669797536,2780.6715966796874
2021-07-12,2782.9765625,3193.10009765625,3236.0,3188.35009765625,3235.0,1892226,-0.0046912545403744454,2783.6737158203123
2021-07-13,2778.13916015625,3187.550048828125,3214.0,3175.0,3214.0,1809339,-0.0017382116719676377,2786.5556591796876
2021-07-14,2801.671875,3214.550048828125,3222.0,3185.0,3187.0,2044279,0.008470675328742905,2789.687099609375
2021-07-15,2797.65380859375,3202.949951171875,3231.85009765625,3194.0,3227.60009765625,2232968,-0.0014341673777376052,2791.9411083984373
2021-07-16,2790.53515625,3194.800048828125,3219.85009765625,3192.0,3213.0,1256526,-0.0025445079451514863,2793.7795458984374
2021-07-19,2781.625732421875,3184.60009765625,3199.800048828125,3176.0,3180.0,1597058,-0.003192729469173816,2795.0677099609375
2021-07-20,2800.143310546875,3205.800048828125,3215.0,3156.14990234375,3184.60009765625,1811945,0.0066571062775140355,2796.5076611328127
2021-07-22,2809.3583984375,3216.35009765625,3224.949951171875,3190.0,3190.0,2859334,0.0032909343803639857,2798.5291357421875
2021-07-23,2806.301025390625,3212.85009765625,3241.550048828125,3206.64990234375,3230.0,1776193,-0.0010882815978821014,2801.096591796875
2021-07-26,2792.936767578125,3197.550048828125,3224.25,3190.85009765625,3200.0,1259611,-0.004762232451752002,2804.022978515625
2021-07-27,2780.184326171875,3182.949951171875,3210.0,3161.14990234375,3200.0,1121367,-0.004565961375956329,2806.3777392578127
2021-07-28,2793.155029296875,3197.800048828125,3204.449951171875,3132.39990234375,3188.0,1660654,0.0046654112113708734,2808.6614697265627
2021-07-29,2791.40869140625,3195.800048828125,3225.449951171875,3190.300048828125,3200.25,1731997,-0.0006252205381755971,2811.028232421875
2021-07-30,2766.645751953125,3167.449951171875,3223.5,3162.35009765625,3219.0,2999943,-0.00887112644212984,2813.28134765625
2021-08-02,2812.021240234375,3219.39990234375,3224.89990234375,3167.0,3180.0,2608669,0.016400902880036927,2816.0863671875
2021-08-03,2869.2333984375,3284.89990234375,3290.0,3218.949951171875,3229.0,3804735,0.020345564032210772,2820.018291015625
2021-08-04,2859.66943359375,3273.949951171875,3305.199951171875,3261.199951171875,3300.0,2929598,-0.0033332822798446404,2822.9309619140627
2021-08-05,2868.40380859375,3283.949951171875,3315.0,3262.5,3275.0,2534521,0.0030543303003465194,2825.2426416015624
2021-08-06,2890.983154296875,3309.800048828125,3324.0,3265.0,3272.550048828125,2292362,0.00787174582444683,2827.63111328125
2021-08-09,2902.25048828125,3322.699951171875,3337.0,3310.0,3323.89990234375,1510489,0.0038974056170573146,2830.8794482421877
2021-08-10,2912.03369140625,3333.89990234375,3349.89990234375,3315.60009765625,3315.60009765625,2040777,0.0033709023960897255,2834.0523779296873
2021-08-11,2921.0302734375,3344.199951171875,3360.0,3327.10009765625,3350.0,1929707,0.0030894498431799367,2837.5124462890626
2021-08-12,2927.624755859375,3351.75,3368.0,3326.0,3326.0,1310205,0.0022575878387300907,2841.5149072265626
2021-08-13,3025.146728515625,3463.39990234375,3480.0,3357.5,3360.75,4363584,0.03331095368730863,2847.2621142578123
2021-08-16,3033.48779296875,3472.949951171875,3494.35009765625,3436.5,3460.0,2083489,0.002757242937838411,2853.1325634765626
2021-08-17,3103.45263671875,3553.050048828125,3560.800048828125,3463.0,3482.10009765625,4336019,0.0230641586599325,2859.7146533203127
2021-08-18,3110.00390625,3560.550048828125,3595.0,3536.60009765625,3573.85009765625,2631309,0.002110961660486854,2866.1323095703124
2021-08-20,3109.086181640625,3559.5,3575.0,3500.0,3506.0,2836148,-0.0002950879281954366,2872.529873046875
2021-08-23,3177.128662109375,3637.39990234375,3673.0,3561.89990234375,3580.0,3744176,0.021885041614653655,2879.9997900390626
2021-08-24,3155.9912109375,3613.199951171875,3667.35009765625,3594.39990234375,3657.0,2511141,-0.0066530044640500385,2886.0533837890625
2021-08-25,3195.995849609375,3659.0,3697.75,3607.050048828125,3610.0,2123263,0.012675776324482024,2892.8626123046874
2021-08-26,3207.2197265625,3671.85009765625,3687.60009765625,3647.89990234375,3660.0,1902533,0.0035118559226217094,2900.1333935546877
2021-08-27,3249.408447265625,3720.14990234375,3729.5,3651.10009765625,3666.0,3944728,0.01315429696123216,2908.0457421875
2021-08-30,3232.943115234375,3701.300048828125,3740.35009765625,3687.60009765625,3715.0,2033114,-0.005067178318289178,2914.8722802734374
2021-08-31,3307.318359375,3786.449951171875,3804.10009765625,3703.449951171875,3709.39990234375,3207480,0.023005429260462895,2923.5427783203127
2021-09-01,3244.865966796875,3714.949951171875,3816.699951171875,3707.0,3796.0,2643336,-0.018883090707338734,2931.3860693359375
2021-09-02,3351.253662109375,3836.75,3859.14990234375,3722.0,3734.0,3403717,0.03278646834757226,2940.867294921875
2021-09-03,3355.8828125,3842.050048828125,3856.89990234375,3804.550048828125,3825.0,1746812,0.0013813190099467576,2951.134873046875
2021-09-06,3364.5732421875,3852.0,3877.60009765625,3814.0,3849.699951171875,1723693,0.0025896105952001314,2959.6204736328127
2021-09-07,3333.041748046875,3815.89990234375,3869.949951171875,3808.25,3864.0,1585039,-0.009371617697382817,2967.3499462890627
2021-09-08,3296.57470703125,3774.14990234375,3815.0,3756.0,3810.0,4147175,-0.010941069381142365,2975.11791015625
2021-09-09,3311.6416015625,3791.39990234375,3808.699951171875,3765.0,3789.699951171875,1441148,0.004570469614753048,2983.115751953125
2021-09-13,3358.765380859375,3845.35009765625,3852.39990234375,3767.0,3767.0,1691473,0.014229734061391497,2991.9706591796876
2021-09-14,3394.18408203125,3885.89990234375,3896.5,3825.0,3849.949951171875,1991188,0.0105451548874822,3001.6080224609377
2021-09-15,3454.14697265625,3954.550048828125,3980.0,3866.0,3882.10009765625,2461369,0.01766636374922692,3012.724404296875
2021-09-16,3409.382568359375,3903.300048828125,3981.75,3892.10009765625,3930.0,2946666,-0.012959611924807879,3023.0230810546873
2021-09-17,3343.480224609375,3827.85009765625,3945.0,3805.0,3920.0,6477148,-0.019329700445354425,3033.0269091796877
2021-09-20,3339.6796875,3823.5,3871.0,3807.85009765625,3809.0,2002008,-0.0011367009385614413,3042.7342333984375
2021-09-21,3374.13818359375,3862.949951171875,3871.550048828125,3821.64990234375,3858.0,1568129,0.010317904505250608,3053.4174609375
2021-09-22,3373.439453125,3862.14990234375,3896.85009765625,3852.449951171875,3862.5,1744067,-0.0002070841295556125,3064.964375
2021-09-23,3379.640869140625,3869.25,3879.0,3835.0,3870.0,2003869,0.0018383066012583882,3076.8976611328126
2021-09-24,3381.431396484375,3871.300048828125,3944.39990234375,3855.0,3890.0,2320754,0.000529798109645041,3088.963505859375
2021-09-27,3351.428466796875,3836.949951171875,3904.0,3802.89990234375,3900.0,1673362,-0.00887284885291284,3099.9586376953125
2021-09-28,3300.9423828125,3779.14990234375,3850.0,3751.25,3850.0,2253075,-0.015064049399994173,3110.0244091796876
2021-09-29,3312.078369140625,3791.89990234375,3806.0,3722.14990234375,3759.800048828125,2489161,0.0033735779170542823,3120.4552734375
2021-09-30,3297.7978515625,3775.550048828125,3805.0,3750.10009765625,3805.0,2252412,-0.00431164845348464,3130.7787158203123
2021-10-01,3258.18603515625,3730.199951171875,3810.0,3725.0,3781.75,1578374,-0.012011596280069758,3139.9395703125
2021-10-04,3295.832275390625,3773.300048828125,3783.64990234375,3707.449951171875,3724.800048828125,1356860,0.011554355653166315,3149.6690478515625
2021-10-05,3348.239990234375,3833.300048828125,3840.0,3741.60009765625,3754.0,1877966,0.015901208090917995,3160.5078271484376
2021-10-06,3328.67431640625,3810.89990234375,3857.449951171875,3795.0,3836.0,1678154,-0.005843569721761588,3171.222578125
2021-10-07,3400.2978515625,3892.89990234375,3899.0,3820.050048828125,3830.0,1647233,0.021517135155949108,3183.6248486328127
2021-10-08,3437.63916015625,3935.64990234375,3989.89990234375,3900.0,3925.0,2934339,0.010981775780786629,3196.51453125
2021-10-11,3219.230224609375,3685.60009765625,3757.5,3660.0,3755.0,11845402,-0.0635345728191401,3205.0709619140625
2021-10-12,3190.6240234375,3652.85009765625,3707.0,3630.60009765625,3706.0,5752877,-0.008886037709634809,3213.55052734375
2021-10-13,3192.676513671875,3655.199951171875,3675.449951171875,3645.0,3650.0,3545655,0.00064328802745095,3221.1636328125
2021-10-14,3160.515380859375,3611.449951171875,3670.0,3608.199951171875,3625.0,6442299,-0.010073407899227393,3226.9892724609376
2021-10-18,3191.757568359375,3647.14990234375,3652.699951171875,3601.449951171875,3603.449951171875,3590107,0.009885155974626247,3233.63103515625
2021-10-19,3180.381103515625,3634.14990234375,3690.10009765625,3625.199951171875,3669.0,3135441,-0.003564326111897609,3239.8705810546876
2021-10-20,3158.239990234375,3608.85009765625,3630.0,3578.300048828125,3612.0,2933693,-0.0069617799127201785,3245.2157177734375
2021-10-21,3091.423095703125,3532.5,3607.449951171875,3511.25,3604.10009765625,4871211,-0.02115637023717487,3248.999169921875
2021-10-22,3061.974853515625,3498.85009765625,3561.60009765625,3485.0,3560.0,2691670,-0.009525788375079114,3251.9979931640623
2021-10-25,3056.8115234375,3492.949951171875,3514.550048828125,3450.0,3503.0,2595594,-0.0016862744879163616,3254.7136181640626
2021-10-26,3047.754150390625,3482.60009765625,3529.0,3475.0,3494.5,3878763,-0.0029630132500578776,3257.1162060546876
2021-10-27,3054.01123046875,3489.75,3511.25,3483.0,3483.0,2510813,0.0020530133893257307,3257.69349609375
2021-10-28,2994.4140625,3421.64990234375,3518.0,3415.0,3518.0,2424942,-0.019514390574000173,3256.912021484375
2021-10-29,2973.498046875,3397.75,3461.0,3385.949951171875,3400.050048828125,3960501,-0.0069850111535801895,3254.3129296875
2021-11-01,3042.328125,3476.39990234375,3487.0,3412.949951171875,3437.949951171875,2020718,0.02314784709454809,3252.9594140625
2021-11-02,3049.154052734375,3484.199951171875,3513.60009765625,3469.75,3494.0,3087414,0.002243652707373478,3251.760771484375
2021-11-03,3056.198974609375,3492.25,3519.89990234375,3466.050048828125,3504.199951171875,1537639,0.002310451277029557,3249.342177734375
2021-11-04,3070.55126953125,3508.64990234375,3513.25,3505.0,3512.949951171875,328991,0.00469612582201373,3247.63337890625
2021-11-08,3065.387939453125,3502.75,3548.0,3481.199951171875,3548.0,2526082,-0.0016815645220974451,3245.021220703125
2021-11-09,3067.969482421875,3505.699951171875,3535.0,3496.0,3508.0,1782692,0.0008421586499784972,3242.2362158203123
2021-11-10,3049.241943359375,3484.300048828125,3519.699951171875,3480.199951171875,3498.0,1516489,-0.006104212955767907,3238.2328857421876
2021-11-11,3052.654296875,3488.199951171875,3510.050048828125,3436.0,3480.0,1284514,0.0011190825716720365,3234.627109375
2021-11-12,3085.7783203125,3526.050048828125,3534.14990234375,3485.699951171875,3506.0,1747259,0.010850892441836235,3230.19630859375
2021-11-15,3109.62646484375,3553.300048828125,3569.60009765625,3528.0,3528.0,1809157,0.007728404977851655,3227.4915185546874
2021-11-16,3112.339111328125,3556.39990234375,3575.550048828125,3542.0,3569.0,2013204,0.0008723383708761911,3222.7132275390627
2021-11-17,3082.1474609375,3521.89990234375,3562.85009765625,3506.39990234375,3550.60009765625,1632914,-0.009700630076181271,3217.2385205078126
2021-11-18,3041.715576171875,3475.699951171875,3520.85009765625,3451.60009765625,3515.14990234375,2136598,-0.013118089020090817,3210.7813671875
2021-11-22,3026.57568359375,3458.39990234375,3515.949951171875,3440.300048828125,3478.39990234375,3167936,-0.004977418893708396,3204.6520458984373
2021-11-23,3031.694580078125,3464.25,3480.949951171875,3407.800048828125,3445.0,2153461,0.0016913162000617987,3199.354443359375
2021-11-24,3013.360595703125,3443.300048828125,3493.050048828125,3424.0,3472.199951171875,2161746,-0.006047437791219523,3193.3888232421873
2021-11-25,3015.63671875,3445.89990234375,3463.0,3434.050048828125,3443.89990234375,1849619,0.0007553437348721825,3186.52625
2021-11-26,3016.4677734375,3446.85009765625,3490.0,3411.89990234375,3425.0,1941251,0.00027558183064058106,3178.971923828125
2021-11-29,3064.731689453125,3502.0,3529.35009765625,3406.449951171875,3447.14990234375,2981745,0.016000143094724528,3171.1836181640624
2021-11-30,3088.49169921875,3529.14990234375,3563.75,3491.0,3491.0,5588446,0.007752721012215247,3164.76580078125
2021-12-01,3131.06689453125,3577.800048828125,3590.0,3535.0,3535.0,2102118,0.013785109192059553,3160.5175341796876
2021-12-02,3188.0380859375,3642.89990234375,3648.0,3574.10009765625,3589.199951171875,3152938,0.01819545647707388,3157.4847021484375
2021-12-03,3185.894287109375,3640.449951171875,3665.949951171875,3630.85009765625,3646.449951171875,2486263,-0.0006724508209551283,3153.71982421875
2021-12-06,3094.835205078125,3536.39990234375,3658.0,3522.0,3640.449951171875,1849642,-0.028581953393648107,3148.1477392578126
2021-12-07,3136.93017578125,3584.5,3598.0,3524.300048828125,3562.5,1484458,0.013601684068364595,3143.293525390625
2021-12-08,3174.0361328125,3626.89990234375,3646.449951171875,3601.0,3601.0,1428660,0.011828748155673807,3139.1456201171877
2021-12-09,3152.026123046875,3601.75,3634.75,3566.0,3610.0,1567957,-0.006934391684483399,3135.1575732421875
2021-12-10,3182.7001953125,3636.800048828125,3642.0,3575.10009765625,3585.0,1510718,0.009731541258920284,3132.7927294921874
2021-12-13,3158.939697265625,3609.64990234375,3662.0,3601.699951171875,3650.0,1883864,-0.007465515627852581,3129.7299560546876
2021-12-14,3171.322998046875,3623.800048828125,3635.0,3576.699951171875,3605.0,1747007,0.003920081409584775,3127.200458984375
2021-12-15,3124.54736328125,3570.35009765625,3623.0,3558.14990234375,3620.0,1603233,-0.014749565022053157,3124.527685546875
2021-12-16,3134.392333984375,3581.60009765625,3608.449951171875,3570.0,3582.0,2072320,0.003150847005495949,3121.29888671875
2021-12-17,3136.79931640625,3584.35009765625,3651.35009765625,3573.699951171875,3602.5,4333992,0.0007679263363993272,3117.0700732421874
2021-12-20,3112.7763671875,3556.89990234375,3606.0,3510.14990234375,3589.0,2312310,-0.0076584272041581025,3112.7521142578125
2021-12-21,3157.7587890625,3608.300048828125,3641.199951171875,3566.39990234375,3582.64990234375,2340989,0.014450900600881722,3107.9013330078124
2021-12-22,3177.405517578125,3630.75,3636.800048828125,3606.25,3624.0,1224328,0.006221731876315362,3102.69666015625
2021-12-23,3205.36572265625,3662.699951171875,3670.5,3630.0,3648.0,1792861,0.008799696772553212,3102.4193701171876
2021-12-24,3212.541748046875,3670.89990234375,3705.0,3644.800048828125,3685.0,2209923,0.0022387540179591436,3102.857724609375
2021-12-27,3234.595703125,3696.10009765625,3700.0,3653.10009765625,3671.0,1534135,0.006864955168764064,3103.6961083984374
2021-12-28,3243.7412109375,3706.550048828125,3725.0,3693.85009765625,3710.0,1456218,0.0028274036856181795,3105.360625
2021-12-29,3233.37060546875,3694.699951171875,3719.949951171875,3685.0,3692.25,1456923,-0.00319711246809129,3106.1928857421876
2021-12-30,3267.54443359375,3733.75,3740.0,3680.0,3681.35009765625,1966475,0.010569103358334608,3107.93615234375
2021-12-31,3271.570556640625,3738.35009765625,3760.0,3731.300048828125,3742.800048828125,1207141,0.001232155561675663,3110.202763671875
2022-01-03,3341.055908203125,3817.75,3830.0,3745.0,3750.0,2346158,0.02123914198379695,3115.195419921875
2022-01-04,3399.690185546875,3884.75,3889.14990234375,3811.699951171875,3831.10009765625,2488606,0.017549624715883505,3121.9497265625
2022-01-05,3378.8623046875,3860.949951171875,3870.0,3812.39990234375,3865.0,1733031,-0.00612640556128341,3128.3907421875
2022-01-06,3332.0419921875,3807.449951171875,3835.0,3772.0,3812.0,1810293,-0.01385682761770024,3134.0764990234375
2022-01-07,3372.342529296875,3853.5,3864.89990234375,3796.39990234375,3820.0,2460591,0.012094846704773232,3140.443125
2022-01-10,3395.402099609375,3879.85009765625,3978.0,3861.0,3978.0,3937092,0.006837849391683193,3148.4628857421876
2022-01-11,3426.950927734375,3915.89990234375,3925.0,3856.0,3856.0,1906106,0.00929163238976316,3157.531943359375
2022-01-12,3377.94287109375,3859.89990234375,3929.0,3836.550048828125,3925.0,3203744,-0.01430077572573385,3164.24423828125
2022-01-13,3411.197998046875,3897.89990234375,3923.0,3857.0,3918.0,6684507,0.009844786671113104,3171.4851171875
2022-01-14,3472.67626953125,3968.14990234375,3977.0,3860.050048828125,3877.85009765625,3348123,0.018022486973660046,3179.8146630859374
2022-01-17,3517.308837890625,4019.14990234375,4043.0,3962.300048828125,3992.699951171875,3442604,0.012852499022432573,3188.749814453125
2022-01-18,3492.32421875,3990.60009765625,4041.699951171875,3980.0,4033.949951171875,2389041,-0.007103333910140397,3197.2885400390624
2022-01-19,3431.876708984375,3914.64990234375,4012.0,3910.5,4012.0,3102539,-0.01730867639410094,3204.5666845703126
2022-01-20,3354.641845703125,3826.550048828125,3920.0,3811.0,3910.0,6176776,-0.022505139266528862,3210.6746826171875
2022-01-21,3360.73486328125,3833.5,3851.550048828125,3771.10009765625,3807.0,3112358,0.001816294513206973,3216.8362939453127
2022-01-24,3306.249755859375,3771.35009765625,3849.64990234375,3740.10009765625,3840.0,3258414,-0.016212260008121704,3221.24572265625
2022-01-25,3304.97802734375,3769.89990234375,3809.39990234375,3722.199951171875,3769.5,3330501,-0.00038464381384717417,3225.15275390625
2022-01-27,3199.207275390625,3649.25,3733.39990234375,3625.10009765625,3731.0,5718297,-0.03200346600734716,3226.8901171875
2022-01-28,3234.975830078125,3690.050048828125,3729.800048828125,3646.0,3646.0,3143862,0.011180443031198362,3229.9466845703123
2022-01-31,3275.477783203125,3736.25,3758.0,3721.39990234375,3749.0,2739393,0.012520017228079938,3234.6219287109375
2022-02-01,3331.935791015625,3800.64990234375,3808.0,3736.39990234375,3770.0,2105169,0.0172365717459666,3240.729130859375
2022-02-02,3380.63525390625,3856.199951171875,3864.0,3800.64990234375,3827.89990234375,1984212,0.014615966796821311,3247.7079443359376
2022-02-03,3352.932373046875,3824.60009765625,3882.5,3816.050048828125,3851.0,1960538,-0.008194578467867863,3254.4993798828127
2022-02-04,3344.428466796875,3814.89990234375,3824.699951171875,3769.0,3815.300048828125,2307366,-0.002536259400386376,3261.07521484375
2022-02-07,3312.9560546875,3779.0,3831.800048828125,3756.14990234375,3791.0,1919149,-0.00941040073717514,3267.00498046875
2022-02-08,3281.7900390625,3743.449951171875,3799.699951171875,3721.0,3791.550048828125,2946443,-0.009407313320954902,3271.3461474609376
2022-02-09,3296.781494140625,3760.550048828125,3777.949951171875,3746.10009765625,3750.0,1638721,0.004568072576150328,3275.511943359375
2022-02-10,3305.372802734375,3770.35009765625,3789.800048828125,3758.0,3789.800048828125,2112459,0.00260596846015404,3278.9980615234376
2022-02-11,3239.271240234375,3694.949951171875,3752.5,3690.0,3752.5,3851488,-0.01999821697731563,3280.022724609375
2022-02-14,3273.2861328125,3733.75,3793.25,3710.0,3724.0,5951745,0.010500785533373191,3281.7705615234377
2022-02-15,3346.970703125,3817.800048828125,3835.0,3748.0,3786.0,3931683,0.02251088579573346,3286.813271484375
2022-02-16,3342.8505859375,3813.10009765625,3854.10009765625,3806.0,3844.0,3256906,-0.001230998880167422,3290.9316796875
2022-02-17,3317.514892578125,3784.199951171875,3835.0,3779.0,3825.0,3134372,-0.007579068435171976,3293.8012548828124
2022-02-18,3326.01904296875,3793.89990234375,3815.949951171875,3757.60009765625,3769.0,3688883,0.002563409861294108,3297.28111328125
2022-02-21,3260.705810546875,3719.39990234375,3827.800048828125,3705.550048828125,3810.0,7465922,-0.01963705907215052,3298.8412255859375
2022-02-22,3144.108642578125,3586.39990234375,3667.89990234375,3570.0,3650.0,5408531,-0.03575826055561715,3298.5446044921873
2022-02-23,3124.295166015625,3563.800048828125,3622.89990234375,3555.64990234375,3611.0,2426203,-0.0063017786008352505,3297.6040478515624
2022-02-24,2982.14208984375,3401.64990234375,3483.85009765625,3391.10009765625,3474.0,5039136,-0.045499246587882736,3294.7559423828125
2022-02-25,3086.554443359375,3520.75,3530.0,3462.0,3468.0,2549723,0.035012534738442236,3293.7991845703127
2022-02-28,3115.879638671875,3554.199951171875,3563.75,3455.89990234375,3490.0,3288942,0.009500948663190512,3293.380791015625
2022-03-02,3108.822021484375,3546.14990234375,3571.949951171875,3506.0,3552.5,2761341,-0.002265048078207599,3293.3017041015623
2022-03-03,3107.287841796875,3544.39990234375,3578.60009765625,3530.10009765625,3562.85009765625,1928039,-0.0004934922864344715,3292.29228515625
2022-03-04,3089.710693359375,3524.35009765625,3561.199951171875,3487.050048828125,3501.5,2370257,-0.005656749336532485,3290.538388671875
2022-03-07,3055.12548828125,3484.89990234375,3548.0,3431.550048828125,3450.0,3054130,-0.011193671029607444,3287.533583984375
2022-03-08,3155.987548828125,3599.949951171875,3609.0,3460.0,3460.0,3300992,0.03301404833737864,3286.4025
2022-03-09,3184.611083984375,3632.60009765625,3654.0,3597.050048828125,3605.0,2719654,0.009069596984588424,3285.4028076171876
2022-03-10,3174.397705078125,3620.949951171875,3684.0,3615.0,3684.0,2005441,-0.0032071039875524177,3284.0159375
2022-03-11,3155.2861328125,3599.14990234375,3639.85009765625,3592.85009765625,3603.25,1623423,-0.00602053493015442,3282.454248046875
2022-03-14,3193.728271484375,3643.0,3648.35009765625,3580.0,3580.0,1765688,0.012183408113802141,3280.9779248046875
2022-03-15,3150.683349609375,3593.89990234375,3659.0,3585.39990234375,3659.0,3651133,-0.013477953731797498,3278.5601806640625
2022-03-16,3205.037353515625,3655.89990234375,3668.0,3616.25,3640.5,3090475,0.017251496857971782,3275.8398095703124
2022-03-17,3219.809326171875,3672.75,3710.0,3660.300048828125,3696.60009765625,3600452,0.004608986113702196,3272.2421923828124
2022-03-21,3179.438232421875,3626.699951171875,3713.949951171875,3615.0,3696.0,2413831,-0.0125383492189578,3268.2537109375
2022-03-22,3244.531494140625,3700.949951171875,3711.0,3625.0,3640.0,2907611,0.020473195879376016,3266.5035009765625
2022-03-23,3254.56884765625,3712.39990234375,3729.800048828125,3690.0,3708.0,1596195,0.003093621847638506,3264.14802734375
2022-03-24,3287.4013671875,3749.85009765625,3758.199951171875,3695.0,3700.0,1879046,0.01008813181349466,3261.9880126953126
2022-03-25,3250.229248046875,3707.449951171875,3779.5,3672.0,3759.89990234375,1690133,-0.011307447734143605,3258.4535791015624
2022-03-28,3250.448974609375,3707.699951171875,3713.0,3661.199951171875,3695.0,1760990,6.760340447731217e-05,3255.903701171875
2022-03-29,3248.388671875,3705.35009765625,3722.0,3691.0,3694.75,2689063,-0.0006338517387809439,3252.6475146484377
2022-03-30,3271.35791015625,3731.550048828125,3738.0,3706.199951171875,3738.0,1583455,0.007070963668886376,3248.6211474609377
2022-03-31,3278.7216796875,3739.949951171875,3754.64990234375,3720.199951171875,3740.0,2168110,0.002250982537981727,3243.849404296875
2022-04-01,3295.203125,3758.75,3763.0,3728.050048828125,3748.0,1387014,0.005026789987880642,3239.906982421875
2022-04-04,3305.372802734375,3770.35009765625,3780.0,3737.10009765625,3762.0,1472994,0.0030862066308507963,3237.376904296875
2022-04-05,3344.341064453125,3814.800048828125,3835.60009765625,3772.0,3772.0,2314947,0.011789369624664925,3237.170888671875
2022-04-06,3292.22265625,3755.35009765625,3809.300048828125,3731.14990234375,3809.300048828125,2051729,-0.01558405892182757,3235.80064453125
2022-04-07,3229.80322265625,3684.14990234375,3745.5,3679.0,3745.5,2494829,-0.018959663458743337,3234.2717138671874
2022-04-08,3231.118408203125,3685.64990234375,3705.0,3642.5,3690.0,2296773,0.0004072029954176326,3232.794521484375
2022-04-11,3240.54248046875,3696.39990234375,3712.35009765625,3656.10009765625,3690.0,2291660,0.0029166595200285084,3233.6212255859373
2022-04-12,3235.896484375,3691.10009765625,3739.0,3648.35009765625,3683.0,4483476,-0.001433709362476221,3233.639638671875
2022-04-13,3210.3408203125,3661.949951171875,3709.85009765625,3655.550048828125,3707.0,1621672,-0.007897553023064607,3232.3368994140624
2022-04-18,3092.954345703125,3528.050048828125,3610.0,3522.5,3610.0,3820792,-0.036565112920922904,3227.5572705078125
2022-04-19,3043.728759765625,3471.89990234375,3563.550048828125,3439.14990234375,3550.0,3170014,-0.015915393644877596,3220.819140625
2022-04-20,3118.15869140625,3556.800048828125,3569.14990234375,3480.0,3500.0,2640370,0.02445353627580027,3216.1236669921873
2022-04-21,3181.147705078125,3628.64990234375,3644.0,3567.39990234375,3580.0,2280996,0.020200708144032298,3212.8580517578125
2022-04-22,3167.033935546875,3612.550048828125,3617.0,3571.5,3581.10009765625,1581465,-0.004436691043524954,3209.939609375
2022-04-25,3110.619140625,3548.199951171875,3584.0,3533.10009765625,3558.0,1960694,-0.017813132435580803,3206.51619140625
2022-04-26,3108.953857421875,3546.300048828125,3587.89990234375,3518.14990234375,3575.14990234375,1943469,-0.000535354258377807,3202.759638671875
2022-04-27,3122.015869140625,3561.199951171875,3568.449951171875,3506.300048828125,3546.0,1727648,0.0042014170418025465,3199.0925
2022-04-28,3142.26708984375,3584.300048828125,3604.39990234375,3538.050048828125,3588.0,1703660,0.006486584806725926,3197.1524169921877
2022-04-29,3109.3046875,3546.699951171875,3623.25,3536.85009765625,3597.0,2051115,-0.01049000654663923,3193.8727880859374
2022-05-02,3105.534423828125,3542.39990234375,3547.949951171875,3492.75,3519.89990234375,1324161,-0.0012125745305798796,3189.0440625
2022-05-04,3050.61083984375,3479.75,3545.449951171875,3465.300048828125,3538.5,2305825,-0.017685710891805817,3183.199267578125
2022-05-05,3080.11083984375,3513.39990234375,3533.0,3485.35009765625,3512.10009765625,1612262,0.009670194445880576,3178.4511865234376
2022-05-06,3009.275634765625,3432.60009765625,3474.5,3424.5,3459.0,2010812,-0.022997615592859066,3172.116318359375
2022-05-09,3020.234130859375,3445.10009765625,3456.0,3346.85009765625,3398.0,2481830,0.0036415727317060664,3167.306884765625
2022-05-10,3014.667236328125,3438.75,3464.800048828125,3422.0,3434.0,1622685,-0.0018431996626917524,3164.718056640625
2022-05-11,2991.216064453125,3412.0,3448.449951171875,3382.14990234375,3435.0,1841769,-0.007779025025516084,3162.056474609375
2022-05-12,2988.2783203125,3408.64990234375,3449.699951171875,3350.10009765625,3378.0,2807195,-0.0009821236839212544,3162.17919921875
2022-05-13,2993.758544921875,3414.89990234375,3439.89990234375,3382.14990234375,3435.0,2187823,0.0018339070267061608,3160.32328125
2022-05-16,2960.356689453125,3376.800048828125,3430.0,3366.60009765625,3415.0,1195813,-0.011157164135834341,3157.212822265625
2022-05-17,3025.932373046875,3451.60009765625,3467.0,3350.39990234375,3370.0,1754076,0.02215127786032567,3155.555029296875
2022-05-18,3023.4775390625,3448.800048828125,3495.0,3443.050048828125,3465.0,1866781,-0.0008112653165156525,3153.8788232421875
2022-05-19,2859.67138671875,3261.949951171875,3405.0,3230.0,3397.0,4642963,-0.05417806159543748,3149.278037109375
2022-05-20,2886.89208984375,3293.0,3313.89990234375,3270.050048828125,3310.0,3065125,0.009518822075649025,3145.913369140625
2022-05-23,2912.09619140625,3321.75,3338.89990234375,3267.0,3304.800048828125,2293690,0.008730531235015437,3141.0355419921875
2022-05-24,2882.50830078125,3288.0,3324.85009765625,3275.60009765625,3315.14990234375,1711510,-0.010160341101477122,3134.993486328125
2022-05-25,2795.7060546875,3167.64990234375,3292.85009765625,3154.050048828125,3292.85009765625,3548046,-0.0301134418486233,3127.4196533203126
2022-05-26,2848.043701171875,3226.949951171875,3241.5,3180.550048828125,3191.0,2813186,0.018720725806141703,3121.2748046875
2022-05-27,2878.3603515625,3261.300048828125,3278.89990234375,3229.199951171875,3253.199951171875,3103153,0.010644727950680943,3114.9674462890625
2022-05-30,2978.930419921875,3375.25,3386.60009765625,3286.35009765625,3297.0,2094624,0.03494005477972251,3111.5323876953125
2022-05-31,2969.310302734375,3364.35009765625,3383.39990234375,3325.0,3354.14990234375,4840965,-0.0032293863338211937,3106.8178466796876
2022-06-01,2961.234130859375,3355.199951171875,3388.0,3340.050048828125,3388.0,1493835,-0.0027198814039619545,3101.6463427734375
2022-06-02,3021.0732421875,3423.0,3432.0,3346.300048828125,3355.0,2657939,0.02020749075682149,3098.47904296875
2022-06-03,3036.20947265625,3440.14990234375,3477.300048828125,3431.199951171875,3459.39990234375,1913622,0.005010216322259842,3094.3126025390625
2022-06-06,3028.09033203125,3430.949951171875,3453.0,3377.14990234375,3418.0,1084210,-0.002674104240211417,3089.7830322265627
2022-06-07,2967.853759765625,3362.699951171875,3418.85009765625,3356.0,3401.050048828125,2308256,-0.019892594229584337,3083.392080078125
2022-06-08,3004.436767578125,3404.14990234375,3413.949951171875,3346.5,3380.14990234375,2185707,0.012326418608775702,3078.47623046875
2022-06-09,3024.692626953125,3427.10009765625,3437.0,3353.10009765625,3385.0,1279197,0.006741982255572099,3073.961103515625
2022-06-10,2965.3828125,3359.89990234375,3393.0,3352.0,3382.0,1527582,-0.019608542674589002,3068.300986328125
2022-06-13,2841.556640625,3219.60009765625,3293.0,3192.449951171875,3290.0,3030921,-0.041757229910767246,3059.7049609375
2022-06-14,2833.5693359375,3210.550048828125,3238.89990234375,3174.699951171875,3190.0,2611493,-0.0028108905426369457,3050.8019140625
2022-06-15,2829.818359375,3206.300048828125,3234.0,3201.0,3218.5,1404536,-0.0013237638179264266,3041.49421875
2022-06-16,2773.068115234375,3142.0,3244.85009765625,3133.050048828125,3240.0,2032028,-0.020054376971799348,3030.848125
2022-06-17,2726.203125,3088.89990234375,3118.75,3023.85009765625,3092.0,5240434,-0.016900050156328006,3018.4853662109376
2022-06-20,2746.94384765625,3112.39990234375,3138.75,3069.0,3094.0,1502769,0.007607915369934215,3007.5797900390626
2022-06-21,2834.8046875,3211.949951171875,3237.75,3125.39990234375,3130.0,2964461,0.031984942072519784,2999.6798193359373
2022-06-22,2844.513427734375,3222.949951171875,3250.550048828125,3183.0,3199.89990234375,3336315,0.0034248356781634293,2991.9477197265624
2022-06-23,2920.282958984375,3308.800048828125,3318.0,3222.949951171875,3222.949951171875,3692578,0.026637079829273214,2985.542529296875
2022-06-24,2906.426025390625,3293.10009765625,3345.0,3277.5,3339.0,2132118,-0.004745065388653047,2978.9531201171876
2022-06-27,2925.48974609375,3314.699951171875,3362.89990234375,3306.5,3350.0,2037686,0.0065591625372825035,2973.2560986328126
2022-06-28,2928.534423828125,3318.14990234375,3330.0,3272.60009765625,3307.0,1400046,0.0010407412086952395,2969.9677001953123
2022-06-29,2904.131591796875,3290.5,3333.0,3271.0,3271.0,2133994,-0.008332779643187904,2967.1757568359376
2022-06-30,2883.4794921875,3267.10009765625,3310.89990234375,3255.0,3272.0,2719603,-0.007111282308181144,2962.4821728515626
2022-07-01,2925.843017578125,3315.10009765625,3333.0,3252.050048828125,3260.0,1502879,0.014691807417186231,2957.3760791015625
2022-07-04,2855.1923828125,3235.050048828125,3317.949951171875,3225.050048828125,3312.0,2622535,-0.024147103703501593,2951.139248046875
2022-07-05,2838.643798828125,3216.300048828125,3272.0,3206.949951171875,3255.0,2170627,-0.005795961100202196,2945.6997412109376
2022-07-06,2877.874755859375,3260.75,3268.5,3202.25,3218.5,2182144,0.013820316958205847,2941.0781591796876
2022-07-07,2901.792724609375,3287.85009765625,3319.39990234375,3265.050048828125,3271.0,1989921,0.008310983200816136,2936.6736962890627
2022-07-08,2882.023193359375,3265.449951171875,3305.0,3250.0,3300.0,2136916,-0.006812868156412244,2931.468818359375
2022-07-11,2748.179931640625,3113.800048828125,3225.0,3106.0,3206.14990234375,6974600,-0.046440730257530705,2924.2463232421874
2022-07-12,2722.496337890625,3084.699951171875,3136.199951171875,3080.25,3114.89990234375,3734815,-0.009345674005656224,2916.5855615234377
2022-07-13,2681.942138671875,3038.75,3110.0,3035.0,3104.0,3863530,-0.014895960980491618,2909.2121875
2022-07-14,2653.62451171875,2998.75,3057.0,2967.0,3056.0,4764908,-0.010558627102651874,2900.6824609375
2022-07-15,2649.9521484375,2994.60009765625,3028.89990234375,2953.0,3018.550048828125,4574806,-0.0013839046425115908,2893.4959912109375
2022-07-18,2710.923095703125,3063.5,3076.949951171875,3014.300048828125,3023.0,3202795,0.02300832009422349,2887.3097705078126
2022-07-19,2720.43505859375,3074.25,3078.949951171875,3030.050048828125,3030.050048828125,1865074,0.003508754234194944,2881.425126953125
2022-07-20,2800.564208984375,3164.800048828125,3171.949951171875,3098.050048828125,3107.800048828125,3402251,0.0294545352727682,2877.61208984375
2022-07-21,2811.625732421875,3177.300048828125,3184.0,3144.050048828125,3167.0,2420640,0.0039497481978860716,2874.0790380859376
2022-07-22,2806.05029296875,3171.0,3197.0,3143.5,3185.0,2075886,-0.001982994887560152,2870.324873046875
2022-07-25,2802.28955078125,3166.75,3186.449951171875,3149.10009765625,3165.0,1797504,-0.0013402262236437146,2867.1635302734376
2022-07-26,2757.2919921875,3115.89990234375,3168.89990234375,3096.5,3164.699951171875,2639367,-0.016057426535814323,2861.79072265625
2022-07-27,2821.846435546875,3188.85009765625,3194.10009765625,3110.0,3115.0,1389808,0.023412262300214648,2857.7581005859374
2022-07-28,2885.25,3260.5,3264.0,3201.64990234375,3216.0,2106333,0.02246882170993736,2858.2696728515625
2022-07-29,2921.885498046875,3301.89990234375,3317.300048828125,3275.0,3290.0,2430257,0.012697512536825162,2858.969541015625
2022-08-01,2919.141845703125,3298.800048828125,3327.0,3271.0,3327.0,1306913,-0.0009390006369461856,2859.1104541015625
2022-08-02,2912.947509765625,3291.800048828125,3312.89990234375,3271.64990234375,3290.0,1269114,-0.0021219715467467593,2859.71923828125
2022-08-03,2955.157958984375,3339.5,3349.0,3277.050048828125,3280.0,2895824,0.014490631594712866,2862.9082763671877
2022-08-04,2968.829833984375,3354.949951171875,3387.89990234375,3307.35009765625,3350.0,2150567,0.004626444741619995,2865.3239990234374
2022-08-05,2977.767333984375,3365.050048828125,3377.0,3355.0,3361.199951171875,1106933,0.003010445360556613,2867.312138671875
2022-08-08,2986.08544921875,3374.449951171875,3378.89990234375,3336.0,3365.0,1068836,0.002793406704225232,2867.4552392578125
2022-08-10,2968.210693359375,3354.25,3385.0,3335.0,3385.0,1878359,-0.0059860161952336455,2867.4332470703125
2022-08-11,3028.605712890625,3422.5,3428.699951171875,3375.050048828125,3400.0,1449248,0.020347281837629794,2868.7806787109375
2022-08-12,3010.06689453125,3401.550048828125,3419.0,3381.25,3419.0,1472354,-0.006121238654628547,2868.5605517578124
2022-08-16,3002.234619140625,3392.699951171875,3414.85009765625,3387.5,3411.0,839942,-0.002602027019683484,2867.8810546875
2022-08-17,3009.668212890625,3401.10009765625,3417.949951171875,3371.10009765625,3385.10009765625,1622326,0.0024760202625762062,2867.5126123046875
2022-08-18,2992.10302734375,3381.25,3392.0,3362.0,3390.0,1430659,-0.005836253136356384,2867.99759765625
2022-08-19,2996.0849609375,3385.75,3421.5,3371.25,3387.0,1398410,0.0013308143327153132,2867.8305615234376
2022-08-22,2968.4755859375,3354.550048828125,3384.10009765625,3347.39990234375,3365.0,1536532,-0.009215150891902835,2866.706220703125
2022-08-23,2906.576416015625,3284.60009765625,3341.89990234375,3270.0,3319.949951171875,1849256,-0.02085217416478302,2865.5300927734374
2022-08-24,2880.692626953125,3255.35009765625,3308.0,3250.199951171875,3292.0,1691923,-0.008905249805192361,2866.3128125
2022-08-25,2847.818359375,3218.199951171875,3278.14990234375,3214.75,3276.0,1946930,-0.011411931724522706,2866.59779296875
2022-08-26,2851.358154296875,3222.199951171875,3257.0,3216.800048828125,3234.300048828125,1457962,0.001242984795789992,2867.0285888671874
2022-08-29,2772.02587890625,3132.550048828125,3142.699951171875,3081.0,3125.0,2539173,-0.0278226273577995,2867.007744140625
2022-08-30,2841.579833984375,3211.14990234375,3226.5,3142.10009765625,3155.0,3431525,0.02509138013731982,2869.3152783203127
2022-09-01,2771.2734375,3131.699951171875,3190.0,3121.0,3190.0,3546935,-0.02474200993529485,2869.8018701171877
2022-09-02,2770.123291015625,3130.39990234375,3163.0,3120.300048828125,3163.0,2052900,-0.0004150245402750885,2868.5082421875
2022-09-05,2772.77783203125,3133.39990234375,3147.949951171875,3112.25,3123.64990234375,2147912,0.0009582754039267893,2867.0735302734374
2022-09-06,2767.158935546875,3127.050048828125,3140.85009765625,3106.35009765625,3135.5,1936453,-0.0020264503053455396,2864.0110498046874
2022-09-07,2787.11376953125,3149.60009765625,3161.89990234375,3102.0,3102.0,1291534,0.007211307499556785,2861.6248046875
2022-09-08,2804.85595703125,3169.64990234375,3183.5,3160.10009765625,3170.0,1346113,0.006365792345456978,2859.21212890625
2022-09-09,2847.33154296875,3217.64990234375,3233.5,3168.5,3195.0,1561185,0.015143589042789118,2857.5880712890626
2022-09-12,2869.7197265625,3242.949951171875,3269.800048828125,3225.0,3239.89990234375,1785928,0.007862865021474486,2856.899833984375
2022-09-13,2857.6845703125,3229.35009765625,3263.449951171875,3225.0,3263.449951171875,1972678,-0.004193843788506957,2856.383935546875
2022-09-14,2761.2734375,3120.39990234375,3141.39990234375,3113.800048828125,3135.0,5090269,-0.03373749986757879,2853.0925439453126
2022-09-15,2747.07080078125,3104.35009765625,3137.75,3100.0,3130.0,2138023,-0.005143509703120497,2850.9301123046876
2022-09-16,2662.429443359375,3008.699951171875,3094.35009765625,3000.0,3076.0,5322221,-0.030811494701120767,2847.4058251953124
2022-09-19,2680.2158203125,3028.800048828125,3042.0,2987.800048828125,3036.0,2072220,0.006680506406465669,2843.452646484375
2022-09-20,2690.39306640625,3040.300048828125,3079.949951171875,3030.0,3050.0,1544295,0.0037971740994213743,2839.2246533203124
2022-09-21,2655.792724609375,3001.199951171875,3041.39990234375,2998.14990234375,3028.0,2253818,-0.012860701370708272,2834.7000439453127
2022-09-22,2661.279296875,3007.39990234375,3029.949951171875,2979.300048828125,2990.0,2017983,0.0020658887324995767,2832.96203125
2022-09-23,2638.8466796875,2982.050048828125,3022.5,2979.0,3004.0,2652374,-0.008429260774636238,2831.2890380859376
2022-09-26,2649.77490234375,2994.39990234375,3025.85009765625,2926.10009765625,2959.85009765625,2925489,0.004141287457270604,2830.645693359375
2022-09-27,2670.172607421875,3017.449951171875,3025.0,2976.0,3009.39990234375,2227447,0.007697901078345559,2830.9766552734377
2022-09-28,2686.277587890625,3035.64990234375,3049.949951171875,2980.0,2980.0,2739767,0.006031437976700582,2831.7031640625
2022-09-29,2652.341552734375,2997.300048828125,3055.85009765625,2990.0,3054.0,2493902,-0.012633108100677748,2830.531533203125
2022-09-30,2658.75732421875,3004.550048828125,3019.699951171875,2950.10009765625,2990.85009765625,2817353,0.0024189084840000596,2829.297978515625
2022-10-03,2641.41259765625,2984.949951171875,3020.699951171875,2974.0,2995.0,1763331,-0.006523621544736735,2826.1149462890626
2022-10-04,2735.390380859375,3091.14990234375,3098.0,3023.0,3029.949951171875,2145875,0.035578607933691275,2824.5902392578123
2022-10-06,2744.947265625,3101.949951171875,3124.0,3092.449951171875,3111.0,1790816,0.0034937919035245013,2823.3681787109376
2022-10-07,2712.161376953125,3064.89990234375,3105.0,3058.10009765625,3097.39990234375,1939879,-0.011944086898299622,2821.565615234375
2022-10-10,2759.63720703125,3118.550048828125,3127.0,3005.0,3010.0,3064063,0.01750479543052119,2821.61251953125
2022-10-11,2716.276611328125,3069.550048828125,3145.0,3053.35009765625,3100.0,4730645,-0.01571242610899981,2819.501123046875
2022-10-12,2743.885498046875,3100.75,3109.89990234375,3062.050048828125,3084.89990234375,1665247,0.010164239755114934,2816.6738330078124
2022-10-13,2746.142578125,3103.300048828125,3110.0,3052.35009765625,3100.75,2054781,0.0008225853738181854,2813.158974609375
2022-10-14,2742.4697265625,3099.14990234375,3150.0,3071.0,3145.0,2245977,-0.0013374584377945364,2809.6255322265624
2022-10-17,2760.745849609375,3111.75,3128.39990234375,3071.449951171875,3072.64990234375,1517005,0.006664111136709838,2806.5814990234376
2022-10-18,2789.979248046875,3144.699951171875,3155.35009765625,3128.550048828125,3150.0,1793722,0.010588949519433788,2803.2779248046877
2022-10-19,2769.70654296875,3121.85009765625,3159.0,3112.0,3159.0,1194289,-0.007266256583204678,2799.295458984375
2022-10-20,2801.158447265625,3157.300048828125,3160.0,3105.0,3105.0,1587601,0.011355681119618932,2795.76328125
2022-10-21,2783.502685546875,3137.39990234375,3160.39990234375,3127.0,3157.800048828125,1021913,-0.0063030214288609665,2791.7116259765626
2022-10-24,2805.061767578125,3161.699951171875,3178.0,3155.0,3170.10009765625,260949,0.0077453067112864815,2788.4486474609375
2022-10-25,2805.41650390625,3162.10009765625,3184.25,3151.14990234375,3180.5,2069643,0.00012646292934626047,2783.98486328125
2022-10-27,2801.246826171875,3157.39990234375,3174.0,3134.35009765625,3160.699951171875,2438421,-0.00148629543191503,2779.8084619140627
2022-10-28,2806.436767578125,3163.25,3178.5,3145.0,3150.0,1355739,0.0018527254927200865,2775.8925048828123
2022-10-31,2832.963623046875,3193.14990234375,3199.0,3177.800048828125,3199.0,1919414,0.009452147924801535,2772.3584130859376
2022-11-01,2892.00732421875,3259.699951171875,3262.60009765625,3203.449951171875,3214.5,2991060,0.020841672900964836,2770.3564990234377
2022-11-02,2876.03759765625,3241.699951171875,3270.0,3222.050048828125,3270.0,1405955,-0.005522021479255401,2767.9555517578124
2022-11-03,2845.030029296875,3206.75,3228.050048828125,3195.0,3228.050048828125,1422652,-0.010781350141126023,2765.486640625
2022-11-04,2854.478515625,3217.39990234375,3220.050048828125,3166.14990234375,3217.0,1464013,0.0033210497712954368,2764.4446826171875
2022-11-07,2868.939453125,3233.699951171875,3242.800048828125,3195.10009765625,3229.0,1474498,0.0050660523177326056,2764.209619140625
2022-11-09,2853.28125,3216.050048828125,3249.800048828125,3201.64990234375,3249.800048828125,1162267,-0.005457836730553556,2764.318876953125
2022-11-10,2844.05419921875,3205.64990234375,3225.0,3170.0,3170.0,1573092,-0.003233838508296394,2764.1727978515623
2022-11-11,2941.912109375,3315.949951171875,3341.60009765625,3255.050048828125,3269.60009765625,3265394,0.03440789215027307,2767.5705224609374
2022-11-14,2959.257080078125,3335.5,3349.0,3309.0,3324.0,1342074,0.005895815394298065,2769.9240673828126
2022-11-15,2956.684326171875,3332.60009765625,3339.949951171875,3292.0,3321.0,1400708,-0.0008693918225523012,2773.63228515625
2022-11-16,2976.867919921875,3355.35009765625,3367.89990234375,3321.449951171875,3338.89990234375,1748235,0.006826428364820503,2777.767177734375
2022-11-17,2971.234375,3349.0,3360.0,3317.75,3340.0,1417986,-0.0018924403344112717,2781.73630859375
2022-11-18,2966.310302734375,3343.449951171875,3362.75,3321.0,3350.0,1164540,-0.0016572480135045309,2785.7193359375
2022-11-21,2913.12255859375,3283.5,3333.699951171875,3273.0,3322.5,1304194,-0.017930606953559747,2788.23951171875
2022-11-22,2941.025634765625,3314.949951171875,3318.949951171875,3255.25,3280.0,1149739,0.009578407914751397,2790.9629052734376
2022-11-23,2935.125244140625,3308.300048828125,3330.0,3291.0,3330.0,1150011,-0.0020062357006521703,2792.718779296875
2022-11-24,2998.870849609375,3380.14990234375,3392.949951171875,3308.300048828125,3316.25,1296591,0.02171818923093838,2795.3018017578124
2022-11-25,3007.299072265625,3389.64990234375,3403.35009765625,3348.0,3383.0,1588981,0.002810465364771586,2798.294091796875
2022-11-28,3012.26708984375,3395.25,3417.0,3365.550048828125,3366.0,2195437,0.0016519865363382458,2803.31396484375
2022-11-29,3014.130859375,3397.35009765625,3429.0,3383.0,3383.0,1576028,0.0006187265191501812,2808.655166015625
2022-11-30,3008.319580078125,3390.800048828125,3414.89990234375,3375.0,3383.0,3410702,-0.0019280116119709811,2815.57296875
2022-12-01,3083.59814453125,3475.64990234375,3480.0,3420.0,3425.0,2180856,0.02502345992481625,2823.640615234375
2022-12-02,3051.215576171875,3439.14990234375,3468.89990234375,3413.0,3458.10009765625,2411749,-0.010501552680204251,2830.8570654296873
2022-12-05,3039.460205078125,3425.89990234375,3439.14990234375,3407.0,3433.0,1475065,-0.0038526845449899927,2838.5304150390625
2022-12-06,3003.484619140625,3385.35009765625,3407.949951171875,3368.0,3400.050048828125,1166999,-0.011836176001710608,2845.374521484375
2022-12-07,2999.27001953125,3380.60009765625,3393.699951171875,3354.0,3368.300048828125,1167505,-0.0014032366213950764,2852.58298828125
2022-12-08,2972.60986328125,3350.550048828125,3380.60009765625,3339.449951171875,3360.0,1285619,-0.008888881653332015,2859.0396875
2022-12-09,2921.32958984375,3292.75,3374.10009765625,3276.35009765625,3374.10009765625,1797896,-0.017250926221746288,2864.0628271484375
2022-12-12,2915.73974609375,3286.449951171875,3296.0,3236.10009765625,3255.5,1527610,-0.001913458778986632,2868.6520703125
2022-12-13,2956.24072265625,3332.10009765625,3336.449951171875,3267.800048828125,3277.199951171875,1378016,0.013890463515051188,2874.7300537109377
2022-12-14,2985.739990234375,3365.35009765625,3377.0,3340.89990234375,3348.800048828125,1213311,0.009978641912360642,2881.26970703125
2022-12-15,2932.285888671875,3305.10009765625,3364.75,3298.949951171875,3358.800048828125,1415694,-0.0179031334735561,2887.0871728515626
2022-12-16,2874.751220703125,3240.25,3292.0,3225.199951171875,3275.0,2703680,-0.019621097721412628,2889.8743896484375
2022-12-19,2840.860595703125,3202.050048828125,3245.5,3194.5,3227.0,2120965,-0.01178906360868015,2891.79265625
2022-12-20,2878.033935546875,3243.949951171875,3249.0,3163.64990234375,3198.89990234375,1529971,0.01308523899411873,2895.110107421875
2022-12-21,2899.859619140625,3268.550048828125,3283.050048828125,3240.0,3249.0,1432566,0.0075835393475311985,2897.9145556640624
2022-12-22,2892.00732421875,3259.699951171875,3294.0,3245.10009765625,3294.0,1384101,-0.002707818982010557,2901.429169921875
2022-12-23,2864.193603515625,3228.35009765625,3266.85009765625,3217.0,3217.0,1360281,-0.00961744476585602,2903.83533203125
2022-12-26,2885.973876953125,3252.89990234375,3272.0,3225.050048828125,3228.35009765625,870157,0.007604330032287665,2906.6319580078125
2022-12-27,2891.829833984375,3259.5,3273.800048828125,3231.5,3269.199951171875,835883,0.0020291095071978127,2909.61916015625
2022-12-28,2889.700927734375,3257.10009765625,3266.10009765625,3226.0,3249.800048828125,910795,-0.0007361796413403177,2912.19826171875
2022-12-29,2900.036376953125,3268.75,3271.5,3228.0,3231.10009765625,1037927,0.0035766501368892367,2914.399404296875
2022-12-30,2889.345703125,3256.699951171875,3299.0,3246.199951171875,3286.050048828125,1163131,-0.0036863930097859043,2916.7921875
2023-01-02,2893.56005859375,3261.449951171875,3266.85009765625,3235.199951171875,3261.0,709547,0.0014585847114769734,2918.6402197265625
2023-01-03,2937.83154296875,3311.35009765625,3320.0,3245.300048828125,3252.0,1245178,0.015300005349298207,2921.726796875
2023-01-04,2940.758544921875,3314.64990234375,3327.35009765625,3286.199951171875,3306.699951171875,1231668,0.0009963137471684647,2924.440732421875
2023-01-05,2937.609130859375,3311.10009765625,3337.300048828125,3281.949951171875,3330.199951171875,1826057,-0.0010709529580177346,2927.0845849609377
2023-01-06,2849.2890625,3211.550048828125,3301.550048828125,3200.0,3300.0,2488376,-0.030065289296516307,2928.0454296875
2023-01-09,2945.4609375,3319.949951171875,3327.0,3221.14990234375,3229.0,2885060,0.033752937273278105,2930.8259130859374
2023-01-10,2915.695556640625,3286.39990234375,3298.0,3230.10009765625,3285.0,3864655,-0.010105508608319491,2932.4805517578125
2023-01-11,2953.22412109375,3328.699951171875,3349.5,3271.14990234375,3290.10009765625,2720512,0.01287122188311196,2933.7048876953127
2023-01-12,2958.23681640625,3334.35009765625,3350.0,3315.550048828125,3329.0,2250391,0.0016973636632235944,2935.3488720703126
2023-01-13,2993.90185546875,3374.550048828125,3379.0,3305.0,3342.89990234375,1742837,0.012056181190330362,2938.32630859375
2023-01-16,3025.206787109375,3334.050048828125,3353.0,3298.050048828125,3317.0,1843607,0.01045623175103172,2941.7408740234373
2023-01-17,3065.4482421875,3378.39990234375,3381.800048828125,3321.0,3330.0,1688475,0.013302051036509832,2945.6710498046873
2023-01-18,3075.9736328125,3390.0,3408.949951171875,3372.25,3380.0,2421189,0.0034335567895575902,2950.1248974609375
2023-01-19,3060.63916015625,3373.10009765625,3387.0,3361.0,3380.0,1585044,-0.0049852419060656405,2954.4565966796877
2023-01-20,3051.5654296875,3363.10009765625,3394.64990234375,3355.60009765625,3365.0,1529349,-0.0029646521507248336,2956.6496630859374
2023-01-23,3098.567138671875,3414.89990234375,3419.0,3355.60009765625,3388.0,1067916,0.015402490973031036,2959.4358642578127
2023-01-24,3117.984619140625,3436.300048828125,3451.949951171875,3417.300048828125,3425.0,1387863,0.006266599883026247,2962.6618701171874
2023-01-25,3112.04150390625,3429.75,3435.0,3405.0,3425.300048828125,874110,-0.001906075866407897,2965.365341796875
2023-01-27,3095.07421875,3411.050048828125,3446.0,3382.300048828125,3426.0,1785879,-0.005452139740087847,2967.842138671875
2023-01-30,3115.580322265625,3433.64990234375,3458.449951171875,3385.550048828125,3420.0,1953798,0.00662539960799613,2970.8275390625
2023-01-31,3047.573486328125,3358.699951171875,3449.0,3351.0,3449.0,2820375,-0.021827983522519467,2973.5165576171876
2023-02-01,3092.62451171875,3408.35009765625,3419.0,3355.0,3363.0,2205161,0.014782588703022403,2976.54853515625
2023-02-02,3139.8525390625,3460.39990234375,3469.0,3420.10009765625,3427.0,1813847,0.015271180566793996,2980.6430810546876
2023-02-03,3159.723876953125,3482.300048828125,3504.0,3452.89990234375,3504.0,1804469,0.006328748768742454,2983.8601416015626
2023-02-06,3139.443359375,3459.949951171875,3473.14990234375,3436.85009765625,3473.14990234375,1138714,-0.0064184461579223084,2986.50302734375
2023-02-07,3150.877197265625,3472.550048828125,3493.0,3461.39990234375,3468.89990234375,1455647,0.0036419952780741838,2989.2752294921875
2023-02-08,3194.0224609375,3520.10009765625,3539.89990234375,3478.050048828125,3478.050048828125,1986946,0.013693095912883368,2992.8730615234376
2023-02-09,3212.85009765625,3540.85009765625,3547.60009765625,3505.300048828125,3515.0,1655427,0.0058946475640073714,2996.963671875
2023-02-10,3209.85595703125,3537.550048828125,3542.35009765625,3508.14990234375,3520.0,1187821,-0.0009319266489227207,2999.488828125
2023-02-13,3159.814453125,3482.39990234375,3549.0,3473.39990234375,3549.0,1087939,-0.015589953124417688,3001.6608056640625
2023-02-14,3175.875,3500.10009765625,3524.85009765625,3495.0,3505.0,1579818,0.005082749988410296,3004.3891015625
2023-02-15,3194.520751953125,3520.64990234375,3526.0,3460.14990234375,3487.0,1429449,0.005871059771913156,3008.20982421875
2023-02-16,3228.456298828125,3558.050048828125,3575.0,3527.0,3527.199951171875,1618931,0.010623047871657132,3012.7935498046877
2023-02-17,3176.8271484375,3501.14990234375,3538.89990234375,3490.0,3526.14990234375,1061369,-0.015991900032645834,3016.8778955078124
2023-02-20,3164.2607421875,3487.300048828125,3522.0,3475.050048828125,3502.0,1296082,-0.0039556468334075445,3021.7365185546873
2023-02-21,3131.3232421875,3451.0,3508.89990234375,3444.75,3494.0,1139541,-0.010409224360325542,3026.0481884765627
2023-02-22,3086.453857421875,3401.550048828125,3447.0,3395.0,3414.949951171875,1218430,-0.014329208866434295,3028.652451171875
2023-02-23,3097.5693359375,3413.800048828125,3452.39990234375,3408.0,3421.0,1441570,0.0036013752445693825,3030.8890380859375
2023-02-24,3085.45556640625,3400.449951171875,3433.949951171875,3382.300048828125,3422.5,977592,-0.003910733939256228,3033.952431640625
2023-02-27,3023.21044921875,3331.85009765625,3390.0,3316.0,3390.0,1128022,-0.020173720168007225,3036.9216162109374
2023-02-28,3005.970947265625,3312.85009765625,3392.0,3299.89990234375,3328.5,4116217,-0.005702382365600722,3040.2238232421873
2023-03-01,3072.072265625,3385.699951171875,3389.0,3315.0,3323.0,1669307,0.021990005731593598,3044.10458984375
2023-03-02,3013.773193359375,3321.449951171875,3369.89990234375,3318.0,3361.0,1556538,-0.018977116169421993,3046.382861328125
2023-03-03,3032.555908203125,3342.14990234375,3358.0,3331.10009765625,3354.0,1043190,0.006232292093226066,3049.1938330078124
2023-03-06,3059.505126953125,3371.85009765625,3404.949951171875,3359.0,3361.89990234375,1334132,0.008886635420999767,3053.1000634765624
2023-03-08,3076.336669921875,3390.39990234375,3396.0,3330.85009765625,3364.0,1844590,0.0055013939412849044,3056.9073193359377
2023-03-09,3027.747314453125,3336.85009765625,3385.0,3330.85009765625,3385.0,1648500,-0.015794550688752795,3059.6256689453126
2023-03-10,3022.43896484375,3331.0,3337.25,3290.0,3312.89990234375,1024404,-0.0017532340245288713,3062.2804296875
2023-03-13,2977.932861328125,3281.949951171875,3369.800048828125,3272.0,3333.0,1901233,-0.01472522821248301,3063.838359375
2023-03-14,2917.138916015625,3214.949951171875,3304.39990234375,3209.39990234375,3280.0,2670334,-0.02041481394761413,3064.3942236328126
2023-03-15,2902.576171875,3198.89990234375,3260.35009765625,3192.0,3250.0,1780522,-0.0049921325517523485,3064.5745458984375
2023-03-16,2889.963623046875,3185.0,3219.800048828125,3172.0,3208.0,1901060,-0.004345294690398238,3063.6171875
2023-03-17,2884.791748046875,3179.300048828125,3221.39990234375,3144.0,3150.5,6739966,-0.0017895986505696015,3062.4978515625
2023-03-20,2852.12646484375,3143.300048828125,3169.64990234375,3095.050048828125,3169.64990234375,2289468,-0.011323272546533314,3060.7881982421877
2023-03-21,2818.37255859375,3106.10009765625,3156.75,3097.449951171875,3143.300048828125,1815297,-0.011834645716472192,3060.1698681640623
2023-03-22,2840.7841796875,3130.800048828125,3143.5,3106.10009765625,3130.050048828125,1123939,0.007951972504633087,3058.0763330078125
2023-03-23,2835.203857421875,3124.64990234375,3146.35009765625,3101.0,3114.89990234375,1372218,-0.001964359807945293,3056.4664990234373
2023-03-24,2831.438232421875,3120.5,3170.0,3106.0,3148.89990234375,1329577,-0.0013281672815669276,3054.03078125
2023-03-27,2833.071533203125,3122.300048828125,3152.75,3106.0,3135.0,1524217,0.0005768449272696152,3051.5274755859373
2023-03-28,2827.26416015625,3115.89990234375,3149.550048828125,3110.14990234375,3127.0,1303530,-0.002049850481646409,3048.1947216796875
2023-03-29,2848.1337890625,3138.89990234375,3150.0,3104.10009765625,3129.0,1740616,0.007381563138089131,3044.65326171875
2023-03-31,2908.927734375,3205.89990234375,3213.0,3152.0,3189.949951171875,2382581,0.021345185941040734,3041.5228515625
2023-04-03,2903.57421875,3200.0,3224.949951171875,3173.75,3224.949951171875,1521830,-0.0018403742250923116,3038.07486328125
2023-04-05,2939.6875,3239.800048828125,3264.35009765625,3185.5,3185.5,2655065,0.012437526486079209,3035.655830078125
2023-04-06,2922.356201171875,3220.699951171875,3257.35009765625,3215.0,3225.0,1703464,-0.005895626262357845,3033.0716455078127
2023-04-10,2961.100830078125,3263.39990234375,3272.0,3215.0,3220.0,2203187,0.0132580103995239,3030.3223193359377
2023-04-11,2916.095947265625,3213.800048828125,3272.949951171875,3192.14990234375,3264.0,2348779,-0.015198699873827826,3026.2845458984375
2023-04-12,2941.36572265625,3241.64990234375,3260.949951171875,3199.0,3227.949951171875,2417727,0.008665618637932804,3022.8710302734376
2023-04-13,2893.45703125,3188.85009765625,3230.0,3180.0,3210.0,4174070,-0.016287907021295234,3018.8386865234374
2023-04-17,2848.67822265625,3139.5,3163.39990234375,3070.25,3134.10009765625,5505048,-0.015475885112558596,3013.50064453125
2023-04-18,2840.7392578125,3130.75,3156.85009765625,3110.60009765625,3154.949951171875,2617302,-0.0027868942096055394,3009.3639599609373
2023-04-19,2803.401123046875,3089.60009765625,3140.0,3071.5,3130.75,3298034,-0.013143809190843236,3003.5794921875
2023-04-20,2817.19287109375,3104.800048828125,3113.0,3078.0,3090.0,2419999,0.004919648470385729,2997.126298828125
2023-04-21,2868.05078125,3160.85009765625,3164.449951171875,3100.800048828125,3110.0,1929184,0.018052690207364108,2991.2928369140627
2023-04-24,2880.70849609375,3174.800048828125,3180.949951171875,3126.14990234375,3151.10009765625,1640676,0.004413351021014034,2986.1181396484376
2023-04-25,2881.797119140625,3176.0,3191.199951171875,3147.5,3183.0,2024090,0.000377901147704085,2980.7365380859374
2023-04-26,2901.89501953125,3198.14990234375,3208.39990234375,3181.0,3181.0,2000029,0.006974085808170383,2974.8939892578123
2023-04-27,2892.640380859375,3187.949951171875,3199.199951171875,3170.64990234375,3185.0,2434446,-0.0031891707348427056,2968.489794921875
2023-04-28,2921.040771484375,3219.25,3227.25,3196.25,3200.39990234375,2931312,0.009818154656529687,2962.7134912109377
2023-05-02,2921.177001953125,3219.39990234375,3235.0,3210.0,3235.0,2321159,4.663764712908858e-05,2957.9407421875
2023-05-03,2885.3359375,3179.89990234375,3216.0,3173.14990234375,3216.0,2468285,-0.012269391560032594,2952.1299609375
2023-05-04,2922.356201171875,3220.699951171875,3224.449951171875,3178.0,3180.14990234375,1953253,0.012830486457653612,2946.686669921875
2023-05-05,2931.43017578125,3230.699951171875,3244.0,3210.050048828125,3220.0,1710027,0.003105020053933316,2940.7461474609377
2023-05-08,2949.487060546875,3250.60009765625,3254.85009765625,3231.300048828125,3245.0,928235,0.006159752640471083,2936.199345703125
2023-05-09,2979.112060546875,3283.25,3298.0,3246.0,3252.60009765625,1107375,0.010044119330534507,2932.4963720703126
2023-05-10,2982.33349609375,3286.800048828125,3306.5,3266.050048828125,3290.0,1559987,0.0010813408429770632,2929.5165771484376
2023-05-11,2978.1142578125,3282.14990234375,3309.699951171875,3272.0,3309.0,1719623,-0.001414743953610964,2927.34978515625
2023-05-12,2970.991943359375,3274.300048828125,3290.0,3260.0,3279.14990234375,1027479,-0.002391551779600487,2924.8182373046875
2023-05-15,2953.5244140625,3255.050048828125,3292.0,3248.35009765625,3284.0,1150390,-0.0058793593620870555,2922.1796142578123
2023-05-16,2956.337158203125,3258.14990234375,3285.0,3250.449951171875,3256.199951171875,986306,0.0009523348197946202,2920.8421484375
2023-05-17,2911.4677734375,3208.699951171875,3280.0,3198.25,3255.949951171875,1588815,-0.01517735710256296,2918.9520849609376
2023-05-18,2903.437744140625,3199.85009765625,3228.949951171875,3195.0,3225.949951171875,1369364,-0.002758069098389604,2915.57939453125
2023-05-19,2924.30712890625,3222.85009765625,3234.5,3203.050048828125,3210.0,1152449,0.00718781892525211,2913.7900732421876
2023-05-22,2993.130615234375,3298.699951171875,3308.449951171875,3217.050048828125,3230.0,1333243,0.023534971976034047,2913.0015673828125
2023-05-23,2991.634033203125,3297.050048828125,3327.949951171875,3290.10009765625,3306.0,1687418,-0.0005000055873380926,2911.6441455078125
2023-05-24,2997.35009765625,3303.35009765625,3317.199951171875,3276.0,3276.0,1016555,0.0019106830547066522,2910.0644140625
2023-05-25,2988.412841796875,3293.5,3306.0,3267.10009765625,3294.0,1374917,-0.0029817190412169126,2909.277724609375
2023-05-26,3020.53369140625,3328.89990234375,3338.64990234375,3291.0,3293.5,1791115,0.010748464589672047,2909.239619140625
2023-05-29,3012.77587890625,3320.35009765625,3372.0,3312.0,3360.800048828125,1210372,-0.002568358208376198,2909.9364794921876
2023-05-30,3009.01025390625,3316.199951171875,3326.949951171875,3301.35009765625,3315.0,1344224,-0.0012498855379070584,2911.77390625
2023-05-31,2984.783447265625,3289.5,3327.699951171875,3265.14990234375,3309.0,5815424,-0.008051420432739986,2913.4180517578125
2023-06-01,3016.087158203125,3324.0,3340.0,3297.5,3314.0,1177314,0.010487766194957171,2915.9405224609377
2023-06-02,2999.39208984375,3305.60009765625,3335.89990234375,3297.449951171875,3326.25,2030661,-0.005535340155528257,2918.232529296875
2023-06-05,2984.239013671875,3288.89990234375,3327.0,3285.050048828125,3315.0,1861468,-0.005052049121281876,2920.8747802734374
2023-06-06,2932.88232421875,3232.300048828125,3288.85009765625,3220.60009765625,3280.0,2022849,-0.017209308375717103,2923.1649755859376
2023-06-07,2971.535888671875,3274.89990234375,3278.85009765625,3241.0,3253.0,1567196,0.013179377888412613,2925.780009765625
2023-06-08,2936.64794921875,3236.449951171875,3270.0,3233.0,3261.0,1759366,-0.011740709437878638,2927.8088916015627
2023-06-09,2912.0126953125,3209.300048828125,3250.0,3205.35009765625,3245.0,1775689,-0.008388902698671763,2929.420380859375
2023-06-12,2946.12890625,3246.89990234375,3254.39990234375,3211.0,3215.0,2324605,0.01171568070167317,2931.6815283203123
2023-06-13,2943.225341796875,3243.699951171875,3265.0,3239.0,3260.0,1371928,-0.000985552413190538,2934.000751953125
2023-06-14,2949.89501953125,3251.050048828125,3255.85009765625,3225.85009765625,3243.699951171875,1658544,0.0022661118194582386,2936.0359765625
2023-06-15,2940.068359375,3216.300048828125,3247.449951171875,3210.0,3245.300048828125,2273810,-0.0033311897851238115,2936.6587890625
2023-06-16,2902.22412109375,3174.89990234375,3199.39990234375,3156.0,3197.0,4156189,-0.012871890600970604,2936.631787109375
2023-06-19,2934.674560546875,3210.39990234375,3214.89990234375,3175.0,3190.0,1468186,0.011181231393285973,2936.5315283203126
2023-06-20,2950.489501953125,3227.699951171875,3232.5,3201.050048828125,3214.0,1528452,0.005388993252901875,2937.0941943359376
2023-06-21,2978.36962890625,3258.199951171875,3261.39990234375,3223.949951171875,3250.0,1645987,0.009449322539418992,2937.4395703125
2023-06-22,2960.361572265625,3238.5,3267.64990234375,3230.10009765625,3260.0,1529603,-0.006046279973395463,2938.3248828125
2023-06-23,2940.114013671875,3216.35009765625,3249.39990234375,3209.14990234375,3237.300048828125,1119505,-0.006839555945949538,2938.2998486328124
2023-06-26,2915.707275390625,3189.64990234375,3213.89990234375,3173.0,3205.0,1978803,-0.00830128973494082,2938.744853515625
2023-06-27,2922.745849609375,3197.35009765625,3209.64990234375,3182.300048828125,3202.0,863542,0.0024140194998851783,2940.2262060546873
2023-06-28,2939.291259765625,3215.449951171875,3230.949951171875,3193.39990234375,3208.0,1575872,0.005660913061757089,2942.19724609375
2023-06-30,3018.63623046875,3302.25,3310.0,3214.10009765625,3220.0,2672406,0.026994592808557538,2946.5019482421876
2023-07-03,2991.259033203125,3272.300048828125,3318.800048828125,3268.75,3314.300048828125,1687264,-0.009069392657946596,2949.983271484375
2023-07-04,3024.669189453125,3308.85009765625,3315.0,3277.300048828125,3290.0,1656681,0.011169262133150504,2953.1156396484375
2023-07-05,3034.816162109375,3319.949951171875,3329.0,3305.0,3320.0,1453008,0.003354737996350776,2956.19779296875
2023-07-06,3037.5126953125,3322.89990234375,3328.449951171875,3302.0,3306.550048828125,1848238,0.000888532635614725,2959.3121044921877
2023-07-07,3043.31787109375,3329.25,3356.89990234375,3302.0,3302.0,1789326,0.0019111609937330076,2962.1405615234376
2023-07-10,2990.93896484375,3271.949951171875,3324.75,3265.199951171875,3324.75,1407431,-0.017211119070902448,2964.106533203125
2023-07-11,2991.35009765625,3272.39990234375,3295.0,3260.800048828125,3295.0,1110172,0.00013745944579035552,2965.5127197265624
2023-07-12,2979.923583984375,3259.89990234375,3289.14990234375,3250.10009765625,3280.949951171875,1515240,-0.003819851671934993,2966.6876513671873
2023-07-13,3053.647216796875,3340.550048828125,3367.449951171875,3272.75,3284.0,4585146,0.024740108507724345,2970.053876953125
2023-07-14,3212.79443359375,3514.64990234375,3524.85009765625,3352.0,3365.0,6306101,0.05211709326521774,2975.8626416015627
2023-07-17,3191.815673828125,3491.699951171875,3549.89990234375,3477.050048828125,3510.0,2743228,-0.006529754766214091,2981.0703515625
2023-07-18,3196.5234375,3496.85009765625,3524.0,3465.0,3476.0,2600090,0.0014749484785343547,2986.0110791015627
2023-07-19,3172.025146484375,3470.050048828125,3516.85009765625,3445.64990234375,3500.0,2405370,-0.007664042355586487,2989.8693408203126
2023-07-20,3174.087158203125,3463.300048828125,3478.89990234375,3436.050048828125,3453.10009765625,1715404,0.0006500615926816611,2993.7044140625
2023-07-21,3087.020751953125,3368.300048828125,3434.89990234375,3359.050048828125,3404.050048828125,3770223,-0.027430376643875487,2995.8825439453126
2023-07-24,3111.261474609375,3394.75,3413.449951171875,3372.10009765625,3381.0,1680132,0.007852465080098181,2998.6879345703123
2023-07-25,3115.294189453125,3399.14990234375,3406.800048828125,3380.199951171875,3397.5,1272980,0.001296167125990788,3001.923330078125
2023-07-26,3105.3505859375,3388.300048828125,3420.85009765625,3385.0,3400.35009765625,1066803,-0.003191866613846406,3004.9035986328126
2023-07-27,3113.232421875,3396.89990234375,3411.64990234375,3385.050048828125,3394.949951171875,1701769,0.0025381468917526906,3008.9388916015623
2023-07-28,3075.197998046875,3355.39990234375,3393.699951171875,3331.0,3385.0,2599831,-0.01221702034222616,3012.3740966796877
2023-07-31,3135.732177734375,3421.449951171875,3426.64990234375,3360.89990234375,3364.39990234375,2743678,0.019684644606931423,3016.60259765625
2023-08-01,3163.777099609375,3452.050048828125,3460.0,3415.0,3415.0,1956167,0.008943659817039373,3020.01552734375
2023-08-02,3153.328369140625,3440.64990234375,3446.39990234375,3413.60009765625,3434.949951171875,1914899,-0.003302612712520081,3023.2494140625
2023-08-03,3116.027587890625,3399.949951171875,3433.25,3368.0,3420.0,2026351,-0.011829019018455567,3025.6229638671875
2023-08-04,3155.986328125,3443.550048828125,3471.0,3401.25,3401.25,2248493,0.012823615679675271,3028.97443359375
2023-08-07,3193.104736328125,3484.050048828125,3488.0,3441.25,3453.949951171875,1853889,0.011761270279385894,3032.4258544921877
2023-08-08,3180.77783203125,3470.60009765625,3489.949951171875,3456.60009765625,3484.050048828125,1634225,-0.0038604760303134755,3035.7858935546874
2023-08-09,3173.35400390625,3462.5,3467.0,3425.050048828125,3464.89990234375,1794589,-0.002333966255121722,3039.0727685546876
2023-08-10,3154.65771484375,3442.10009765625,3464.89990234375,3430.050048828125,3450.0,1096701,-0.005891649352541717,3042.47025390625
2023-08-11,3160.7978515625,3448.800048828125,3466.64990234375,3414.0,3438.10009765625,1679974,0.0019463717695451521,3045.3644677734374
2023-08-14,3161.760498046875,3449.85009765625,3455.0,3411.0,3440.699951171875,1190425,0.00030455806716611633,3048.6118359375
2023-08-16,3169.596435546875,3458.39990234375,3466.0,3435.199951171875,3450.0,1328445,0.0024783463215636292,3052.318984375
2023-08-17,3148.837890625,3435.75,3460.800048828125,3413.199951171875,3455.0,1843241,-0.006549270654481076,3056.638095703125
2023-08-18,3085.9208984375,3367.10009765625,3410.0,3356.5,3410.0,2526749,-0.019981019783464227,3058.9257958984376
2023-08-21,3117.58544921875,3401.64990234375,3409.75,3372.0,3375.0,1375579,0.010260972922955691,3062.5445458984377
2023-08-22,3099.713623046875,3382.14990234375,3411.0,3365.050048828125,3400.0,1222012,-0.005732585830599657,3066.298564453125
2023-08-23,3114.468994140625,3398.25,3402.0,3376.0,3388.0,1330046,0.004760236876091284,3069.6653662109375
2023-08-24,3104.84619140625,3387.75,3413.050048828125,3378.10009765625,3408.0,1152881,-0.0030897089527873733,3072.897783203125
2023-08-25,3098.934814453125,3381.300048828125,3385.800048828125,3350.25,3375.0,1158046,-0.0019039194178077645,3075.8785791015625
2023-08-28,3093.6650390625,3375.550048828125,3394.0,3360.10009765625,3394.0,1037485,-0.0017005118552501086,3078.9505126953127
2023-08-29,3094.215087890625,3376.14990234375,3389.550048828125,3365.0,3381.050048828125,944517,0.0001777984433284363,3082.79033203125
2023-08-30,3107.77880859375,3390.949951171875,3408.10009765625,3383.050048828125,3398.0,1188200,0.004383573965561549,3086.2524169921876
2023-08-31,3076.48095703125,3356.800048828125,3417.39990234375,3343.64990234375,3401.0,3417652,-0.010070810533862273,3088.77224609375
2023-09-01,3097.010009765625,3379.199951171875,3389.0,3356.800048828125,3366.0,1277950,0.0066729009609034495,3091.1450537109376
2023-09-04,3133.0283203125,3418.5,3432.85009765625,3370.050048828125,3378.0,1828332,0.011630027165976387,3094.598388671875
2023-09-05,3142.972412109375,3429.35009765625,3447.0,3405.14990234375,3420.0,1501842,0.0031739552854992414,3098.655556640625
2023-09-06,3143.476318359375,3429.89990234375,3443.89990234375,3398.10009765625,3434.0,1314818,0.00016032792653808414,3103.2109375
2023-09-07,3166.709228515625,3455.25,3460.0,3422.300048828125,3430.800048828125,1885092,0.007390833524197005,3108.090205078125
2023-09-08,3154.474365234375,3441.89990234375,3465.0,3435.050048828125,3455.25,1518917,-0.003863589107290677,3112.3938671875
2023-09-11,3189.98828125,3480.64990234375,3485.699951171875,3445.0,3462.0,1783604,0.011258267433403635,3115.820908203125
2023-09-12,3281.775146484375,3580.800048828125,3589.89990234375,3483.0,3492.0,4476016,0.028773417687417924,3121.63123046875
2023-09-13,3269.90625,3567.85009765625,3588.85009765625,3545.0,3571.10009765625,1754929,-0.00361660868115532,3126.5359716796875
2023-09-14,3262.7578125,3560.050048828125,3597.699951171875,3545.60009765625,3570.050048828125,2604721,-0.0021861291894836876,3131.0948046875
2023-09-15,3297.813232421875,3598.300048828125,3607.35009765625,3562.449951171875,3567.85009765625,2952897,0.010744107266427605,3136.3008154296876
2023-09-18,3305.0078125,3606.14990234375,3619.300048828125,3575.25,3580.050048828125,1395753,0.002181621447628679,3141.5346142578123
2023-09-20,3304.91650390625,3606.050048828125,3625.0,3580.0,3580.0,1649396,-2.7627345812852866e-05,3147.8141650390626
2023-09-21,3285.899169921875,3585.300048828125,3605.0,3528.0,3588.550048828125,2004073,-0.005754255504457517,3153.705146484375
2023-09-22,3302.716552734375,3603.64990234375,3633.75,3565.050048828125,3584.0,1989083,0.005118045911585156,3160.161005859375
2023-09-25,3278.4296875,3577.14990234375,3620.0,3558.64990234375,3602.5,1238778,-0.007353602662107828,3164.6566552734375
2023-09-26,3286.265869140625,3585.699951171875,3594.949951171875,3536.0,3567.60009765625,1726062,0.00239022409737899,3166.126083984375
2023-09-27,3289.56494140625,3589.300048828125,3614.0,3555.699951171875,3590.0,1541134,0.001003896944737459,3168.0810693359376
2023-09-28,3241.403564453125,3536.75,3602.800048828125,3527.35009765625,3600.0,1755753,-0.014640652430025214,3168.978671875
2023-09-29,3233.93408203125,3528.60009765625,3568.449951171875,3505.550048828125,3537.199951171875,2243791,-0.002304397546726067,3170.2168505859377
2023-10-03,3220.416015625,3513.85009765625,3534.199951171875,3480.10009765625,3534.199951171875,1948148,-0.004180068629524802,3171.143427734375
2023-10-04,3242.31982421875,3537.75,3548.0,3477.300048828125,3486.300048828125,1788138,0.0068015462870250065,3174.2494091796875
2023-10-05,3289.611572265625,3589.35009765625,3624.0,3551.199951171875,3554.0,2990768,0.01458577518899462,3177.8164111328124
2023-10-06,3318.98486328125,3621.39990234375,3634.949951171875,3575.050048828125,3591.0,2075691,0.008929106178756196,3181.890224609375
2023-10-09,3334.519287109375,3638.35009765625,3679.0,3631.0,3645.050048828125,4233074,0.004680474442648519,3186.4735986328124
2023-10-10,3325.858642578125,3628.89990234375,3648.0,3601.35009765625,3640.050048828125,1848148,-0.0025972692869795644,3190.726123046875
2023-10-11,3308.44482421875,3609.89990234375,3650.0,3605.0,3650.0,2426417,-0.0052358864975320385,3195.3910595703123
2023-10-12,3246.71923828125,3542.550048828125,3588.64990234375,3538.10009765625,3575.0,4241281,-0.01865697909956099,3197.61080078125
2023-10-13,3272.656005859375,3570.85009765625,3577.0,3525.0,3530.0,2890357,0.007988608091611615,3199.78837890625
2023-10-16,3229.76416015625,3524.050048828125,3574.64990234375,3519.10009765625,3566.0,1671104,-0.013106127141481183,3201.3170947265626
2023-10-17,3214.183349609375,3507.050048828125,3534.14990234375,3503.35009765625,3530.0,1672065,-0.004824132591192409,3203.2802099609376
2023-10-18,3196.037109375,3487.25,3522.699951171875,3484.0,3511.0,1408245,-0.005645676758477491,3204.0812255859373
2023-10-19,3175.271240234375,3455.64990234375,3476.85009765625,3451.89990234375,3469.5,1514545,-0.006497380484010051,3203.7245556640623
2023-10-20,3211.014892578125,3494.550048828125,3499.5,3444.050048828125,3450.39990234375,1481211,0.011256881582535794,3204.329296875
2023-10-23,3133.46240234375,3410.14990234375,3478.949951171875,3401.300048828125,3473.0,1106272,-0.024152018233745465,3203.53146484375
2023-10-25,3115.039306640625,3390.10009765625,3425.0,3377.199951171875,3390.5,1518537,-0.005879469206123256,3202.7390966796875
2023-10-26,3066.01806640625,3336.75,3373.699951171875,3330.0,3368.050048828125,1984471,-0.015736957196614387,3200.8435009765626
2023-10-27,3079.065673828125,3350.949951171875,3362.0,3337.0,3350.0,1108851,0.004255554644258419,3199.1896044921873
2023-10-30,3104.426513671875,3378.550048828125,3382.85009765625,3333.75,3350.0,910972,0.008236537485807993,3197.8862060546876
2023-10-31,3095.421630859375,3368.75,3399.0,3350.050048828125,3399.0,999811,-0.0029006590340736604,3196.817880859375
2023-11-01,3060.412841796875,3330.64990234375,3371.60009765625,3311.0,3355.0,1563475,-0.011309861220030526,3196.3077197265625
2023-11-02,3087.4736328125,3360.10009765625,3375.949951171875,3343.199951171875,3343.199951171875,1245384,0.008842202805467547,3195.7054833984375
2023-11-03,3079.020263671875,3350.89990234375,3387.89990234375,3344.300048828125,3382.0,1402598,-0.002737956706993616,3195.2916162109377
2023-11-06,3105.98876953125,3380.25,3392.300048828125,3359.0,3375.0,1099852,0.008758794535250525,3195.12201171875
2023-11-07,3096.984130859375,3370.449951171875,3404.14990234375,3366.0,3378.0,1191144,-0.002899121452146769,3194.9647705078123
2023-11-08,3107.183349609375,3381.550048828125,3401.949951171875,3369.550048828125,3371.449951171875,992899,0.0032932744628464405,3195.1297412109375
2023-11-09,3075.849853515625,3347.449951171875,3391.5,3342.050048828125,3390.10009765625,2112352,-0.01008421215236277,3194.7734375
2023-11-10,3062.98583984375,3333.449951171875,3347.449951171875,3322.35009765625,3338.0,1338557,-0.004182263206759518,3194.1488525390623
2023-11-13,3061.23974609375,3331.550048828125,3356.0,3327.0,3356.0,1030990,-0.0005700626255878971,3193.2180712890627
2023-11-15,3128.08740234375,3404.300048828125,3413.0,3356.050048828125,3383.10009765625,2059802,0.02183679221312218,3194.2502001953126
2023-11-16,3214.046875,3497.85009765625,3529.35009765625,3414.199951171875,3430.050048828125,3951984,0.02747988198534479,3196.5909375
2023-11-17,3218.273681640625,3502.449951171875,3524.5,3492.550048828125,3497.85009765625,2021292,0.0013151042299670568,3198.2958447265623
2023-11-20,3234.03271484375,3519.60009765625,3533.89990234375,3491.25,3491.25,1475621,0.004896734946137737,3200.11705078125
2023-11-21,3225.394775390625,3510.199951171875,3539.050048828125,3501.0,3519.60009765625,1807236,-0.0026709499299367723,3201.755419921875
2023-11-22,3243.725830078125,3530.14990234375,3532.64990234375,3481.10009765625,3500.0,1798051,0.0056833522604313735,3203.295751953125
2023-11-23,3223.603515625,3508.25,3544.0,3500.0,3530.0,2729804,-0.006203457230119946,3204.6783349609377
2023-11-24,3176.603271484375,3457.10009765625,3504.550048828125,3453.0,3494.25,1989733,-0.014580032535891019,3204.410634765625
2023-11-28,3188.59423828125,3470.14990234375,3481.25,3433.0,3457.10009765625,1689195,0.003774776316739059,3202.5470166015625
2023-11-29,3228.65673828125,3513.75,3518.0,3475.800048828125,3481.0,1441634,0.012564314242001107,3201.7220263671875
2023-11-30,3204.629150390625,3487.60009765625,3516.64990234375,3481.0,3499.449951171875,3266235,-0.007441976598421496,3200.559453125
2023-12-01,3226.726806640625,3511.64990234375,3516.949951171875,3490.050048828125,3500.0,1172141,0.006895542420971346,3199.137724609375
2023-12-04,3227.46240234375,3512.449951171875,3547.800048828125,3498.0,3544.64990234375,1625213,0.00022796962594151537,3197.58681640625
2023-12-05,3245.058349609375,3531.60009765625,3538.0,3502.800048828125,3538.0,1377656,0.005451944925166874,3196.3896533203124
2023-12-06,3311.676513671875,3604.10009765625,3612.85009765625,3525.14990234375,3532.60009765625,1896572,0.02052911130874402,3196.9052001953123
2023-12-07,3321.599853515625,3614.89990234375,3630.550048828125,3591.699951171875,3605.0,1967653,0.0029964701572700037,3197.2828662109373
2023-12-08,3332.4423828125,3626.699951171875,3645.0,3602.050048828125,3633.0,1641155,0.0032642490893053377,3198.3631201171875
2023-12-11,3347.327880859375,3642.89990234375,3653.0,3615.0,3622.89990234375,1102503,0.004466843334981263,3199.5843603515623
2023-12-12,3374.15869140625,3672.10009765625,3698.39990234375,3631.0,3638.949951171875,2236866,0.008015590794167027,3201.2762353515627
2023-12-13,3301.982421875,3593.550048828125,3650.0,3563.0,3643.550048828125,3850968,-0.02139089359225399,3202.4878125
2023-12-14,3369.702392578125,3667.25,3678.0,3627.60009765625,3630.0,3290396,0.0205088828621538,3205.2031787109377
2023-12-15,3547.732421875,3861.0,3895.949951171875,3666.699951171875,3666.699951171875,8531230,0.05283256755522148,3211.7495068359376
2023-12-18,3546.078125,3859.199951171875,3929.0,3830.14990234375,3858.10009765625,2521612,-0.0004662969689596119,3217.8246728515624
2023-12-19,3506.567138671875,3816.199951171875,3855.10009765625,3790.0,3845.0,2004435,-0.011142164649326491,3222.1637841796874
2023-12-20,3473.350341796875,3780.050048828125,3898.800048828125,3766.550048828125,3827.25,2586083,-0.009472739451833467,3225.25109375
2023-12-21,3480.195556640625,3787.5,3806.699951171875,3743.35009765625,3756.25,1517562,0.00197078157114694,3228.164619140625
2023-12-22,3513.734375,3824.0,3845.949951171875,3762.0,3800.0,2413058,0.009637049933983954,3231.9221337890626
2023-12-26,3487.592529296875,3795.550048828125,3834.0,3790.14990234375,3819.85009765625,1285231,-0.007439903792706315,3235.505087890625
2023-12-27,3501.97265625,3811.199951171875,3818.199951171875,3768.0,3799.0,1293976,0.0041232244972218,3240.61015625
2023-12-28,3491.589599609375,3799.89990234375,3838.0,3792.10009765625,3824.0,1682889,-0.002964916536996487,3244.988828125
2023-12-29,3485.6171875,3793.39990234375,3822.60009765625,3765.39990234375,3792.0,1574996,-0.001710513775743605,3250.105888671875
2024-01-01,3501.880859375,3811.10009765625,3832.0,3773.0,3790.0,825907,0.004665937479687798,3255.8598388671876
2024-01-02,3476.243896484375,3783.199951171875,3811.10009765625,3767.25,3811.10009765625,1344068,-0.00732091236684751,3261.463974609375
2024-01-03,3392.21484375,3691.75,3771.85009765625,3687.050048828125,3767.0,1803075,-0.024172369729107857,3265.8028466796877
2024-01-04,3369.2890625,3666.800048828125,3719.0,3651.0,3701.75,3598144,-0.006758351786662287,3268.968330078125
2024-01-05,3434.6201171875,3737.89990234375,3747.75,3674.85009765625,3675.0,1963127,0.01939016020163753,3274.991484375
2024-01-08,3379.855712890625,3678.300048828125,3739.75,3672.39990234375,3737.89990234375,1067805,-0.015944821385871277,3280.2878125
2024-01-09,3390.5146484375,3689.89990234375,3752.35009765625,3682.75,3709.949951171875,1370944,0.003153665852131615,3286.777744140625
2024-01-10,3411.786376953125,3713.050048828125,3729.25,3688.0,3690.0,1292227,0.006273893706794098,3293.432158203125
2024-01-11,3432.460693359375,3735.550048828125,3773.0,3707.0,3724.0,1777909,0.006059674939177473,3299.992841796875
2024-01-12,3567.763671875,3882.800048828125,3905.25,3821.60009765625,3848.0,6813450,0.03941865343932105,3309.4396826171874
2024-01-15,3587.059326171875,3903.800048828125,3965.0,3885.0,3960.0,2801505,0.005408333082424832,3319.9726123046876
2024-01-16,3548.0078125,3861.300048828125,3899.0,3855.550048828125,3899.0,1432672,-0.01088677663816362,3329.1832958984373
2024-01-17,3569.41748046875,3884.60009765625,3909.949951171875,3812.550048828125,3819.0,3458696,0.006034278699534212,3338.991240234375
2024-01-18,3585.95703125,3902.60009765625,3908.800048828125,3862.0,3898.0,2239110,0.004633683471253036,3348.59060546875
2024-01-19,3648.36572265625,3943.050048828125,3963.550048828125,3915.050048828125,3945.0,2941975,0.01740363614577256,3359.6182373046877
2024-01-23,3569.903564453125,3858.25,3933.89990234375,3842.75,3900.0,2618854,-0.02150611100084543,3368.8726416015625
2024-01-24,3554.68310546875,3841.800048828125,3883.64990234375,3805.60009765625,3880.0,2657709,-0.004263549059400629,3378.449306640625
2024-01-25,3525.537353515625,3810.300048828125,3861.0,3778.699951171875,3839.89990234375,2205154,-0.008199254641935716,3387.7003369140625
2024-01-29,3516.93212890625,3801.0,3820.0,3780.85009765625,3800.800048828125,1646747,-0.002440826389427997,3396.8141845703126
2024-01-30,3516.515869140625,3800.550048828125,3847.800048828125,3787.0,3807.449951171875,1411621,-0.00011835877132904127,3404.58275390625
2024-01-31,3530.76513671875,3815.949951171875,3834.0,3796.449951171875,3811.199951171875,2459358,0.004052098187063535,3410.917119140625
2024-02-01,3566.110107421875,3854.14990234375,3904.89990234375,3805.050048828125,3820.0,2363107,0.010010569758817756,3417.87384765625
2024-02-02,3669.87841796875,3966.300048828125,3984.39990234375,3872.0,3875.050048828125,2826510,0.029098459503790863,3426.59076171875
2024-02-05,3676.355712890625,3973.300048828125,4022.0,3962.10009765625,3983.0,1691523,0.0017649889680706465,3435.60998046875
2024-02-06,3826.896240234375,4136.0,4149.89990234375,3990.0,3997.0,4474396,0.04094830291201168,3447.273388671875
2024-02-07,3778.226806640625,4083.39990234375,4155.0,4073.949951171875,4153.0,2124267,-0.01271773012345101,3458.3658544921873
2024-02-08,3825.13818359375,4134.10009765625,4158.0,4086.050048828125,4090.0,2345173,0.012416241627070557,3471.336552734375
2024-02-09,3824.76806640625,4133.7001953125,4184.75,4100.0,4136.5498046875,2100596,-9.675916783546956e-05,3484.060029296875
2024-02-12,3812.73974609375,4120.7001953125,4159.60009765625,4105.5498046875,4130.0,1013716,-0.003144849597063737,3495.741689453125
2024-02-13,3839.387451171875,4149.5,4170.0,4081.5,4125.4501953125,1257415,0.006989122482179866,3508.43685546875
2024-02-14,3793.67919921875,4100.10009765625,4114.89990234375,4049.5,4107.0,1391283,-0.011905089687984871,3519.7759033203124
2024-02-15,3796.547119140625,4103.2001953125,4146.2998046875,4083.0,4128.0,1091582,0.0007559732310695733,3531.15759765625
2024-02-16,3819.771240234375,4128.2998046875,4147.9501953125,4100.10009765625,4113.25,1307556,0.006117169197417116,3542.65185546875
2024-02-19,3797.102294921875,4103.7998046875,4128.2998046875,4055.0,4123.0498046875,772291,-0.0059346342717395695,3552.36037109375
2024-02-20,3729.419189453125,4030.64990234375,4098.0,4010.0,4082.10009765625,1193648,-0.017824936020098048,3560.5167578125
2024-02-21,3693.195556640625,3991.5,4063.35009765625,3980.60009765625,4013.0,1885939,-0.009712942142557024,3567.7318212890623
2024-02-22,3781.65087890625,4087.10009765625,4094.949951171875,3971.0,3971.0,2982052,0.023950890471146735,3576.41828125
2024-02-23,3749.266357421875,4052.10009765625,4130.0,4046.39990234375,4130.0,2538072,-0.008563593658265312,3583.9204345703124
2024-02-26,3702.031494140625,4001.050048828125,4050.0,3982.75,4036.0,1379284,-0.012598428273239648,3591.921416015625
2024-02-27,3797.657470703125,4104.39990234375,4124.0,3999.0,3999.0,2960475,0.02583067613386092,3600.480517578125
2024-02-28,3811.12060546875,4118.9501953125,4154.89990234375,4089.0,4095.60009765625,1939225,0.003545115605998017,3605.74828125
2024-02-29,3789.052978515625,4095.10009765625,4138.10009765625,4064.550048828125,4099.0,3772719,-0.005790325008728225,3610.6077783203127
2024-03-01,3788.359130859375,4094.35009765625,4140.0,4086.800048828125,4107.2001953125,2043265,-0.0001831190168583019,3616.2436181640624
2024-03-04,3775.72900390625,4080.699951171875,4117.89990234375,4075.89990234375,4105.0,1749271,-0.003333930738044888,3622.29119140625
2024-03-05,3712.255615234375,4012.10009765625,4064.0,3980.0,4062.0,2070859,-0.0168108962815412,3626.932392578125
2024-03-06,3760.554443359375,4064.300048828125,4072.0,3958.449951171875,3994.050048828125,1744204,0.013010641812161605,3631.8687939453125
2024-03-07,3801.5439453125,4108.60009765625,4124.0,4037.699951171875,4065.0,2688905,0.01089985601072918,3638.147822265625
2024-03-11,3814.266357421875,4122.35009765625,4153.0,4089.0,4089.0,2304068,0.0033466434407689594,3644.3936962890625
2024-03-12,3878.9423828125,4192.25,4229.9501953125,4121.0498046875,4122.35009765625,4039801,0.016956347389001092,3652.140751953125
2024-03-13,3838.92431640625,4149.0,4241.0,4131.89990234375,4205.0,2837260,-0.010316746797675802,3659.20689453125
2024-03-14,3893.145263671875,4207.60009765625,4225.0,4086.0,4153.4501953125,2919608,0.014123994847698107,3667.0321826171876
2024-03-15,3903.9248046875,4219.25,4239.0,4177.0,4192.60009765625,3373143,0.0027688514775474626,3675.58580078125
2024-03-18,3842.1630859375,4152.5,4254.75,4117.85009765625,4215.25,1526904,-0.01582041710328075,3684.584765625
2024-03-19,3680.056640625,3977.300048828125,4058.0,3966.60009765625,4051.25,8931209,-0.042191453534551226,3690.8001171875
2024-03-20,3674.13427734375,3970.89990234375,4018.0,3960.199951171875,3986.0,1817913,-0.0016093130784650134,3695.590400390625
2024-03-21,3676.03173828125,3972.949951171875,4008.39990234375,3948.0,3990.050048828125,3829582,0.0005164375589647996,3701.5139208984374
2024-03-22,3618.619140625,3910.89990234375,3938.0,3855.0,3897.0,5852485,-0.015618090850078925,3706.0760107421875
2024-03-26,3587.715087890625,3877.5,3946.699951171875,3871.449951171875,3875.0,3440925,-0.008540288859754774,3709.5945849609375
2024-03-27,3553.850341796875,3840.89990234375,3895.0,3829.39990234375,3888.5,1968575,-0.009439084560546984,3712.0223779296875
2024-03-28,3586.604736328125,3876.300048828125,3915.0,3840.5,3850.10009765625,4311783,0.009216593660691164,3712.39919921875
2024-04-01,3624.031982421875,3916.75,3933.300048828125,3888.050048828125,3897.699951171875,1569676,0.010435285972456132,3713.13865234375
2024-04-02,3593.544189453125,3883.800048828125,3909.85009765625,3873.0,3890.0,2142666,-0.008412672160905021,3714.0493798828124
2024-04-03,3652.298583984375,3947.300048828125,3981.0,3851.0,3851.0,3973090,0.016349985260704747,3715.707001953125
2024-04-04,3704.113037109375,4003.300048828125,4028.64990234375,3935.25,3975.89990234375,3394637,0.014186806454491663,3718.0701220703127
2024-04-05,3681.860595703125,3979.25,4002.0,3960.5,3978.0,1636819,-0.006007495231197257,3718.74001953125
2024-04-08,3675.66162109375,3972.550048828125,4032.64990234375,3960.0,3983.0,2302538,-0.001683652720749218,3720.8551806640626
2024-04-09,3651.604736328125,3946.550048828125,4015.85009765625,3925.050048828125,3984.0,1876992,-0.006544912792725066,3722.79361328125
2024-04-10,3686.857421875,3984.64990234375,3990.199951171875,3918.0,3956.39990234375,2101965,0.009654025583919923,3726.0200146484376
2024-04-12,3702.355224609375,4001.39990234375,4013.35009765625,3945.5,3971.0,4354821,0.004203526461973528,3729.7284765625
2024-04-15,3646.654541015625,3941.199951171875,4064.199951171875,3919.050048828125,4001.39990234375,4200329,-0.015044662171665779,3732.33125
2024-04-16,3583.365966796875,3872.800048828125,3928.699951171875,3862.85009765625,3902.0,3051420,-0.017355242594798592,3733.3832666015624
2024-04-18,3573.373779296875,3862.0,3936.0,3850.0,3876.800048828125,3476284,-0.0027884920470269137,3733.5285400390626
2024-04-19,3540.248779296875,3826.199951171875,3852.550048828125,3800.89990234375,3838.0,2957749,-0.009269951045120739,3730.935947265625
2024-04-22,3575.779541015625,3864.60009765625,3878.0,3812.0,3837.0,1728883,0.010036233025919383,3728.924423828125
2024-04-23,3585.124267578125,3874.699951171875,3895.0,3860.60009765625,3877.050048828125,1807586,0.00261333968028854,3724.088984375
2024-04-24,3544.736328125,3831.050048828125,3898.0,3824.449951171875,3890.0,1317312,-0.011265422462024888,3719.4191748046874
2024-04-25,3564.3056640625,3852.199951171875,3873.64990234375,3811.0,3811.199951171875,2856271,0.005520674635862477,3714.2025244140623
2024-04-26,3535.761474609375,3821.35009765625,3876.800048828125,3802.550048828125,3855.14990234375,2039178,-0.008008345002765815,3708.422392578125
2024-04-29,3580.960693359375,3870.199951171875,3877.800048828125,3819.199951171875,3838.0,1110693,0.012783446811833743,3703.7868115234373
2024-04-30,3535.11376953125,3820.64990234375,3881.75,3810.0,3872.0,2203078,-0.012802967626297845,3697.701337890625
2024-05-02,3574.576416015625,3863.300048828125,3871.10009765625,3778.050048828125,3778.050048828125,2491044,0.011163048506245943,3693.3192822265623
2024-05-03,3556.163330078125,3843.39990234375,3893.60009765625,3797.60009765625,3890.14990234375,2962234,-0.005151123880021591,3688.5116064453123
2024-05-06,3628.010498046875,3921.050048828125,3939.949951171875,3853.0,3853.0,2053831,0.02020356246324928,3684.6763916015625
2024-05-07,3681.583251953125,3978.949951171875,3988.0,3913.5,3930.800048828125,2062112,0.01476642747728829,3682.3660107421874
2024-05-08,3679.732421875,3976.949951171875,3984.300048828125,3938.60009765625,3961.0,1247685,-0.0005027266671595587,3681.372275390625
2024-05-09,3664.234375,3960.199951171875,3971.0,3910.050048828125,3962.0,1726486,-0.004211732022379788,3680.7930517578125
2024-05-10,3602.889404296875,3893.89990234375,3973.60009765625,3885.050048828125,3962.60009765625,1672489,-0.01674155210203354,3677.217822265625
2024-05-13,3652.760986328125,3947.800048828125,3955.0,3870.0,3884.5,931326,0.013842107385192648,3675.28771484375
2024-05-14,3609.643798828125,3901.199951171875,3945.800048828125,3892.89990234375,3936.0,1058317,-0.011803999128709108,3673.4399609375
2024-05-15,3590.3984375,3880.39990234375,3926.949951171875,3875.5,3904.5,1115021,-0.005331651099306001,3669.2947802734375
2024-05-16,3635.646240234375,3900.949951171875,3909.5,3843.5,3891.10009765625,2599399,0.01260244608558847,3665.78529296875
2024-05-17,3573.342529296875,3834.10009765625,3920.0,3830.0,3919.0,2765804,-0.0171369013431526,3661.471083984375
2024-05-21,3560.38818359375,3820.199951171875,3844.75,3810.050048828125,3830.60009765625,1908117,-0.0036252739828089853,3656.9116650390624
2024-05-22,3571.3857421875,3832.0,3841.25,3817.550048828125,3835.0,1311168,0.0030888650412970176,3652.8247998046877
2024-05-23,3628.65625,3893.449951171875,3905.0,3825.5,3840.949951171875,2095742,0.0160359344934331,3651.1528125
2024-05-24,3587.695556640625,3849.5,3883.800048828125,3844.300048828125,3878.25,1309452,-0.011288116188844066,3647.695634765625
2024-05-27,3585.412353515625,3847.050048828125,3908.35009765625,3841.35009765625,3855.0,1841538,-0.0006363982364038234,3643.3730029296876
2024-05-28,3578.748046875,3839.89990234375,3870.0,3830.0,3858.0,1801993,-0.0018587280857920163,3638.66263671875
2024-05-29,3544.96337890625,3803.64990234375,3848.89990234375,3800.0,3848.89990234375,1568095,-0.009440359457059566,3631.983056640625
2024-05-30,3482.007568359375,3736.10009765625,3794.39990234375,3715.449951171875,3777.0,2919230,-0.017759227336870076,3624.8447216796876
2024-05-31,3421.288330078125,3670.949951171875,3749.800048828125,3653.75,3740.0,10956800,-0.01743799721545669,3615.4075830078127
2024-06-03,3451.01953125,3702.85009765625,3751.550048828125,3696.0,3732.800048828125,2156773,0.008690060089497464,3606.3494775390627
2024-06-04,3462.343017578125,3715.0,3745.0,3591.5,3700.0,3395997,0.0032812003019941915,3598.753076171875
2024-06-05,3491.653564453125,3746.449951171875,3783.800048828125,3700.0,3716.0,2799670,0.008465523700624589,3594.9850146484373
2024-06-06,3569.89453125,3830.39990234375,3839.89990234375,3741.5,3781.0,4328036,0.022407998202745416,3592.9002197265627
2024-06-07,3629.1220703125,3893.949951171875,3915.0,3837.300048828125,3837.300048828125,4552445,0.01659083722054988,3591.9620263671877
2024-06-10,3596.269775390625,3858.699951171875,3905.89990234375,3841.89990234375,3895.0,1734661,-0.009052408347081653,3591.5150390625
2024-06-11,3590.11865234375,3852.10009765625,3879.949951171875,3841.0,3845.0,1419898,-0.00171041758017354,3591.5631103515625
2024-06-12,3571.059326171875,3831.64990234375,3893.5,3827.449951171875,3874.39990234375,2177001,-0.00530882904369534,3591.9072900390624
2024-06-13,3614.396728515625,3878.14990234375,3890.0,3852.0,3856.800048828125,1932323,0.012135727352983183,3592.4631298828126
2024-06-14,3571.43212890625,3832.050048828125,3889.0,3828.0,3889.0,1860730,-0.011887073510887025,3591.4111328125
2024-06-18,3555.63525390625,3815.10009765625,3842.0,3795.050048828125,3826.050048828125,1774045,-0.0044231205941571705,3590.6529541015625
2024-06-19,3543.14599609375,3801.699951171875,3833.85009765625,3792.949951171875,3827.64990234375,1509050,-0.0035125250259512297,3588.46990234375
2024-06-20,3529.67919921875,3787.25,3809.949951171875,3780.050048828125,3796.0,2846526,-0.003800802137379322,3584.9812255859374
2024-06-21,3551.5810546875,3810.75,3877.800048828125,3798.050048828125,3827.0,4642195,0.006205055539777682,3582.375634765625
2024-06-24,3557.2197265625,3816.800048828125,3857.0,3791.300048828125,3808.75,1702154,0.0015876511863801568,3580.006796875
2024-06-25,3577.397216796875,3838.449951171875,3847.64990234375,3792.89990234375,3817.0,1338808,0.0056722642359439135,3578.522646484375
2024-06-26,3593.613525390625,3855.85009765625,3866.949951171875,3841.0,3844.5,1639845,0.004532990778214341,3576.6577685546877
2024-06-27,3666.587890625,3934.14990234375,3942.0,3818.10009765625,3831.0,4526556,0.020306681483352573,3575.942421875
2024-06-28,3638.628662109375,3904.14990234375,3960.0,3897.85009765625,3917.800048828125,2731571,-0.007625407967749354,3575.781904296875
2024-07-01,3707.642578125,3978.199951171875,4001.699951171875,3884.0,3884.0,2658723,0.018967012691978535,3578.2674365234375
2024-07-02,3744.17626953125,4017.39990234375,4023.39990234375,3982.550048828125,3993.60009765625,2307449,0.009853617396077485,3581.683486328125
2024-07-03,3695.5732421875,3965.25,4026.10009765625,3955.0,4020.0,1821198,-0.012980966665288696,3584.7899755859376
2024-07-04,3747.485107421875,4020.949951171875,4047.35009765625,3982.10009765625,3999.85009765625,2518001,0.0140470400212247,3588.2240869140624
2024-07-05,3738.95751953125,4011.800048828125,4026.75,3988.0,4010.0,1668616,-0.002275549507518071,3591.300751953125
2024-07-08,3721.622314453125,3993.199951171875,4031.25,3978.050048828125,4022.0,1758882,-0.004636373905713254,3594.8384716796877
2024-07-09,3714.4462890625,3985.5,4006.949951171875,3975.10009765625,3985.0,1305801,-0.001928198184634855,3597.8412841796876
2024-07-10,3643.288330078125,3909.14990234375,4003.300048828125,3902.0,3983.699951171875,2669716,-0.019157083841515155,3599.9918212890625
2024-07-11,3656.84912109375,3923.699951171875,3980.0,3895.60009765625,3931.0,4872189,0.003722129512416128,3601.50958984375
2024-07-12,3899.399658203125,4183.9501953125,4199.9501953125,3971.300048828125,3980.0,13509164,0.06632773983216156,3608.7953076171875
2024-07-15,3885.653076171875,4169.2001953125,4240.0,4157.0498046875,4235.7001953125,4848030,-0.003525307287323476,3615.0168408203126
2024-07-16,3894.274169921875,4178.4501953125,4194.5498046875,4144.89990234375,4172.0,2029521,0.0022186987826751103,3621.7790576171874
2024-07-18,4022.048583984375,4315.5498046875,4325.0,4160.0,4160.0,5613364,0.03281084188919947,3629.6598193359373
2024-07-19,4019.106689453125,4302.39990234375,4358.75,4285.25,4317.39990234375,3903354,-0.0007314418187200911,3636.4102880859373
2024-07-22,4005.047607421875,4287.35009765625,4319.9501953125,4265.0,4299.9501953125,1896386,-0.003498061414528686,3642.916591796875
2024-07-23,4019.060302734375,4302.35009765625,4361.7001953125,4266.2998046875,4283.0,2365208,0.0034987587379817775,3650.0131103515623
2024-07-24,4022.70361328125,4306.25,4339.10009765625,4268.10009765625,4287.5,1809793,0.0009065080572183692,3658.40939453125
2024-07-25,4037.883056640625,4322.5,4343.0,4274.2001953125,4295.0,2810342,0.0037734431413884995,3666.1118359375
2024-07-26,4098.9306640625,4387.85009765625,4422.4501953125,4337.0498046875,4350.0,3552210,0.01511871606124826,3675.8975732421877
2024-07-29,4092.625,4381.10009765625,4431.0,4371.0,4415.0,1746803,-0.0015383680718937809,3685.9421044921874
2024-07-30,4077.911865234375,4365.35009765625,4398.0,4327.2998046875,4391.10009765625,1797906,-0.0035950361358846328,3694.7874169921874
2024-07-31,4096.595703125,4385.35009765625,4414.0,4345.0,4350.0,2330091,0.004581716944378034,3705.25248046875
2024-08-01,4107.5712890625,4397.10009765625,4419.2998046875,4365.0498046875,4399.39990234375,2202244,0.002679196760648761,3716.196142578125
2024-08-02,4001.0302734375,4283.0498046875,4398.0,4270.0,4365.0,2811282,-0.02593771553245927,3724.789033203125
2024-08-05,3881.458984375,4155.0498046875,4239.0,4110.5,4239.0,2787771,-0.029885124803059715,3729.845087890625
2024-08-06,3896.54638671875,4171.2001953125,4258.25,4160.7998046875,4170.9501953125,2203067,0.003887044125542749,3736.0221044921873
2024-08-07,3923.8701171875,4200.4501953125,4244.9501953125,4180.2998046875,4228.0,1237666,0.007012294415865705,3742.791259765625
2024-08-08,3897.806640625,4172.5498046875,4232.0,4160.0,4181.0,2441283,-0.006642288298059573,3749.172431640625
2024-08-09,3950.305908203125,4228.75,4253.64990234375,4205.5498046875,4217.0,1302536,0.013468925582646785,3757.2792822265624
2024-08-12,3919.3857421875,4195.64990234375,4239.0,4186.35009765625,4230.0,936912,-0.007827283945634922,3766.026845703125
2024-08-13,3920.600341796875,4196.9501953125,4234.0,4183.0,4213.0,1495593,0.00030989539924619613,3776.0130859375
2024-08-14,4012.427490234375,4295.25,4306.2001953125,4188.14990234375,4209.0,3226545,0.023421705971543583,3787.2412451171876
2024-08-16,4125.2734375,4416.0498046875,4427.0,4325.10009765625,4350.0,3457058,0.028124108794557623,3800.499853515625
2024-08-19,4194.35400390625,4490.0,4494.25,4390.35009765625,4421.0,2055210,0.016745693940742656,3814.5538623046873
2024-08-20,4225.4619140625,4523.2998046875,4565.0,4500.0,4505.0,2212298,0.0074166153184205275,3827.6652099609373
2024-08-21,4251.80419921875,4551.5,4560.0,4492.5498046875,4518.0,1896990,0.006234178816896252,3840.1188525390626
2024-08-22,4205.56396484375,4502.0,4560.9501953125,4497.2001953125,4560.0,1829872,-0.010875438333565857,3852.304736328125
2024-08-23,4169.97265625,4463.89990234375,4506.0,4455.0,4500.0,1809253,-0.008462909824050735,3863.90181640625
2024-08-26,4205.984375,4502.4501953125,4552.14990234375,4485.0,4489.0,1844164,0.00863596040516601,3876.6003173828126
2024-08-27,4201.03369140625,4497.14990234375,4510.0,4486.7998046875,4505.0,930697,-0.0011770570578379935,3888.333056640625
2024-08-28,4209.34716796875,4506.0498046875,4562.5,4457.2998046875,4498.75,1848058,0.001978912137626132,3901.091357421875
2024-08-29,4214.71826171875,4511.7998046875,4556.0,4460.0,4460.0,2133641,0.0012759921041609612,3914.273017578125
2024-08-30,4253.90673828125,4553.75,4592.25,4487.7998046875,4500.0,3637222,0.00929800620801613,3928.488232421875
2024-09-02,4223.35986328125,4521.0498046875,4588.0,4512.0,4576.0,1216500,-0.007180899083918835,3942.361845703125
2024-09-03,4215.23193359375,4512.35009765625,4555.89990234375,4495.89990234375,4521.0498046875,1717263,-0.0019245174341324667,3955.63486328125
2024-09-04,4184.3115234375,4479.25,4487.0,4436.7001953125,4476.9501953125,1265505,-0.0073353994853346816,3968.17669921875
2024-09-05,4181.2294921875,4475.9501953125,4499.0,4454.14990234375,4481.0,1688793,-0.0007365683058578876,3980.2533447265623
2024-09-06,4163.29345703125,4456.75,4518.9501953125,4440.0,4473.9501953125,1649179,-0.004289655755505106,3991.646943359375
2024-09-09,4156.56787109375,4449.5498046875,4490.25,4430.5,4455.0,1184938,-0.0016154484441016637,4001.44654296875
2024-09-10,4211.02880859375,4507.85009765625,4539.9501953125,4440.4501953125,4442.4501953125,1385591,0.01310238138507036,4012.8945458984376
2024-09-11,4184.40576171875,4479.35009765625,4549.35009765625,4471.25,4521.4501953125,1325919,-0.006322219126278172,4022.4298095703125
2024-09-12,4220.23046875,4517.7001953125,4532.60009765625,4431.2998046875,4510.25,2742216,0.008561480188894244,4031.9508935546874
2024-09-13,4224.8076171875,4522.60009765625,4547.0,4505.0,4530.0,1458786,0.0010845730988846558,4042.5355810546876
2024-09-16,4216.0732421875,4513.25,4546.0498046875,4494.4501953125,4527.0,1155120,-0.0020674018301961583,4051.90734375
2024-09-17,4208.9736328125,4505.64990234375,4535.7998046875,4466.0,4513.25,1699364,-0.0016839388139557876,4061.307666015625
2024-09-18,4059.97607421875,4346.14990234375,4497.0498046875,4321.0,4497.0498046875,2961779,-0.035399974338681583,4068.0747412109376
2024-09-19,4013.268310546875,4296.14990234375,4422.2001953125,4281.7998046875,4390.0498046875,2927551,-0.011504443084892513,4074.051181640625
2024-09-20,4002.758544921875,4284.89990234375,4330.7001953125,4227.5,4316.89990234375,5447908,-0.002618754793289102,4081.2405859375
2024-09-23,3987.438720703125,4268.5,4309.39990234375,4253.0,4300.0,1702319,-0.003827316598495667,4087.8523779296875
2024-09-24,3990.0546875,4271.2998046875,4291.0,4240.0,4251.64990234375,3012026,0.0006560519120437647,4089.665478515625
2024-09-25,3993.277587890625,4274.75,4289.60009765625,4240.0,4252.35009765625,2713073,0.0008077333878959703,4091.81796875
2024-09-26,4009.8583984375,4292.5,4316.7998046875,4260.0,4260.0,3964251,0.0041521808043485375,4094.1296533203126
2024-09-27,4024.9921875,4308.7001953125,4378.0,4300.0498046875,4335.0,3012477,0.0037741455080799735,4094.188525390625
2024-09-30,3987.438720703125,4268.5,4298.75,4260.0498046875,4286.89990234375,2503416,-0.00933007197218938,4093.555166015625
2024-10-01,4005.561767578125,4287.89990234375,4295.75,4242.9501953125,4255.5498046875,1823365,0.00454503458094635,4093.56544921875
2024-10-03,3954.042724609375,4232.75,4279.0,4210.0,4262.60009765625,3350119,-0.012861877049495596,4092.26509765625
2024-10-04,3972.2587890625,4252.25,4298.0,4224.0498046875,4225.0,2965463,0.004606946793910716,4091.256201171875
2024-10-07,3991.501953125,4272.85009765625,4297.25,4229.39990234375,4273.89990234375,1472619,0.004844388315153436,4090.3285791015624
2024-10-08,3973.193359375,4253.25,4279.39990234375,4203.9501953125,4272.60009765625,1541867,-0.004586893346166576,4087.8138330078127
2024-10-09,3972.913330078125,4252.9501953125,4295.0,4246.7001953125,4260.0,1082504,-7.047965491391306e-05,4085.419599609375
2024-10-10,3949.045166015625,4227.39990234375,4293.85009765625,4198.60009765625,4253.25,2378875,-0.0060077233202644464,4082.842265625
2024-10-11,3875.994384765625,4149.2001953125,4241.9501953125,4112.4501953125,4143.0,5759183,-0.018498340276949632,4078.4302392578124
2024-10-14,3864.270751953125,4136.64990234375,4165.39990234375,4122.2001953125,4140.0,2137590,-0.0030246774501477836,4073.564228515625
2024-10-15,3845.7275390625,4116.7998046875,4169.9501953125,4095.0,4131.0498046875,2759474,-0.00479863189742924,4070.458173828125
2024-10-16,3825.31640625,4094.949951171875,4115.0,4067.199951171875,4085.0,2359151,-0.005307482811815589,4069.335322265625
2024-10-17,3838.44091796875,4109.0,4129.9501953125,4092.949951171875,4112.7998046875,2522659,0.003430961082671935,4068.173212890625
2024-10-18,3860.9619140625,4123.0498046875,4146.14990234375,4080.0,4090.0,2361000,0.005867224890273359,4066.915048828125
2024-10-21,3820.508544921875,4079.85009765625,4139.9501953125,4070.0,4132.60009765625,1595450,-0.010477536438079027,4065.3690869140623
2024-10-22,3760.2490234375,4015.5,4089.800048828125,4006.35009765625,4066.0,1928049,-0.015772644080189413,4061.56794921875
2024-10-23,3807.77294921875,4066.25,4113.5498046875,3995.14990234375,3999.60009765625,1966476,0.012638504919497473,4059.335693359375
2024-10-24,3790.58935546875,4047.89990234375,4079.0,4004.0,4004.0,2676744,-0.0045127674310322385,4056.7354736328125
2024-10-25,3799.6259765625,4057.550048828125,4092.0,4032.699951171875,4057.050048828125,1759676,0.002383962029733677,4052.479443359375
2024-10-28,3830.809326171875,4090.85009765625,4134.0,4051.0,4068.949951171875,1532534,0.008206952421560887,4046.5901611328127
2024-10-29,3816.200927734375,4075.25,4103.5,4060.10009765625,4095.85009765625,1445885,-0.0038133974295447848,4039.027099609375
2024-10-30,3825.0029296875,4084.64990234375,4107.0,4060.050048828125,4075.0,1935002,0.0023064828398200454,4031.017919921875
2024-10-31,3716.18994140625,3968.449951171875,4078.300048828125,3960.0,4070.0,3740372,-0.028447818284452864,4020.305634765625
2024-11-01,3730.938720703125,3984.199951171875,3998.949951171875,3976.050048828125,3989.85009765625,154895,0.003968790489566221,4010.8131298828125
2024-11-04,3712.162841796875,3964.14990234375,3991.89990234375,3913.25,3966.300048828125,2269192,-0.00503248118283528,4001.65693359375
2024-11-05,3718.905517578125,3971.35009765625,3986.0,3941.10009765625,3941.10009765625,967590,0.0018163739223213682,3991.9153564453127
2024-11-06,3876.50732421875,4139.64990234375,4149.7998046875,3975.25,4003.60009765625,3792017,0.042378545487560704,3985.4248291015624
2024-11-07,3887.041748046875,4150.89990234375,4205.7998046875,4085.050048828125,4169.7001953125,3724349,0.0027175039144928803,3978.978720703125
2024-11-08,3883.39013671875,4147.0,4169.75,4117.64990234375,4155.0,1648039,-0.0009394319806211859,3972.352158203125
2024-11-11,3931.803955078125,4198.7001953125,4234.2998046875,4117.64990234375,4128.2001953125,1406487,0.01246689532983214,3965.9101025390623
2024-11-12,3930.586181640625,4197.39990234375,4218.0,4164.35009765625,4216.0,1587640,-0.00030972384468130887,3960.05462890625
2024-11-13,3886.527099609375,4150.35009765625,4196.75,4131.0498046875,4178.10009765625,1098813,-0.011209290420102103,3953.4805322265624
2024-11-14,3882.359619140625,4145.89990234375,4160.0,4116.4501953125,4135.0,1825432,-0.001072289054454001,3947.441494140625
2024-11-18,3763.994873046875,4019.5,4213.0,3990.199951171875,4213.0,3313944,-0.030487836703790627,3939.0968017578125
2024-11-19,3782.7705078125,4039.550048828125,4132.14990234375,4014.10009765625,4019.89990234375,1776233,0.0049882200690742895,3931.4863427734376
2024-11-21,3813.953369140625,4072.85009765625,4092.449951171875,4024.0,4044.89990234375,2384347,0.008243392313576292,3924.634052734375
2024-11-22,3974.786376953125,4244.60009765625,4254.9501953125,4054.0,4071.0,3096553,0.04216963141548313,3919.9092041015624
2024-11-25,4040.804443359375,4315.10009765625,4328.10009765625,4252.2001953125,4280.0,4052167,0.016609211199132723,3917.037177734375
2024-11-26,4076.014404296875,4352.7001953125,4366.60009765625,4310.0,4321.0498046875,2060669,0.008713601816431327,3914.1528564453124
2024-11-27,4057.144287109375,4332.5498046875,4377.39990234375,4324.0498046875,4358.9501953125,1558993,-0.0046295511535993095,3910.79958984375
2024-11-28,3975.066650390625,4244.89990234375,4339.9501953125,4233.0,4319.0,2558544,-0.02023039628625789,3905.9794580078124
2024-11-29,3999.366943359375,4270.85009765625,4298.7001953125,4195.64990234375,4220.0,2017425,0.006113178747924053,3901.78732421875
2024-12-02,4004.798583984375,4276.64990234375,4288.2001953125,4230.0498046875,4270.0,1670944,0.0013581250987781956,3900.6837744140626
2024-12-03,4029.239501953125,4302.75,4325.0,4265.4501953125,4314.35009765625,2010905,0.006102908162845422,3901.0031982421874
2024-12-04,4077.60595703125,4354.39990234375,4386.9501953125,4289.0498046875,4313.5498046875,3302642,0.01200386699640954,3902.500146484375
2024-12-05,4180.2861328125,4464.0498046875,4489.0,4360.0,4400.7998046875,3746747,0.025181485622511657,3906.3570947265625
2024-12-06,4162.91552734375,4445.5,4465.0,4412.75,4453.0,1842087,-0.004155362795001505,3909.8143115234375
2024-12-09,4169.14208984375,4452.14990234375,4469.39990234375,4415.5498046875,4430.4501953125,2066639,0.0014957215583888406,3913.3316015625
2024-12-10,4150.78857421875,4432.5498046875,4493.7998046875,4412.10009765625,4426.14990234375,2087828,-0.004402228379241424,3916.150205078125
2024-12-11,4146.01318359375,4427.4501953125,4448.64990234375,4407.0,4431.85009765625,1635256,-0.0011504779247636376,3918.570625
2024-12-12,4171.7646484375,4454.9501953125,4485.0,4426.0,4430.0498046875,1914642,0.006211139160302581,3922.2571435546874
2024-12-13,4189.51025390625,4473.89990234375,4494.89990234375,4394.39990234375,4434.9501953125,1967048,0.004253740794173622,3925.93611328125
2024-12-16,4134.54150390625,4415.2001953125,4475.0,4397.0,4459.0,1646224,-0.013120567003923167,3929.5460888671873
2024-12-17,4053.352294921875,4328.5,4432.9501953125,4318.0,4410.0,3225027,-0.01963681073407264,3931.167958984375
2024-12-18,4071.472412109375,4347.85009765625,4362.0,4289.60009765625,4311.7001953125,1575404,0.004470402735582857,3932.7673681640626
2024-12-19,4000.3505859375,4271.89990234375,4364.0,4262.0,4282.0,3015763,-0.017468330611880023,3933.3105126953124
2024-12-20,3905.20849609375,4170.2998046875,4382.0,4152.5,4329.0,4116989,-0.023783437926216955,3931.956416015625
2024-12-23,3893.971435546875,4158.2998046875,4217.0,4114.89990234375,4200.0498046875,2195338,-0.002877454701359805,3930.85494140625
2024-12-24,3913.823974609375,4179.5,4218.0,4158.2998046875,4158.2998046875,1181886,0.005098275473022884,3931.611533203125
2024-12-26,3904.0849609375,4169.10009765625,4199.9501953125,4143.14990234375,4179.5,1208464,-0.002488362720208137,3932.4078173828125
2024-12-27,3900.105224609375,4164.85009765625,4180.9501953125,4147.25,4163.0,858100,-0.0010193774899738273,3933.49537109375
2024-12-30,3894.439453125,4158.7998046875,4199.2998046875,4112.0,4151.0,1527169,-0.001452722723639499,3934.87783203125
2024-12-31,3834.50830078125,4094.800048828125,4139.9501953125,4032.050048828125,4135.0,1555429,-0.015388903349276561,3934.7991796875
