Date,Adj Close,Close,High,Low,Open,Volume,Returns,MA50,SMA20,SMA50,SMA200,Signal,Position
2020-01-01,672.2161254882812,690.1383056640625,698.1387329101562,688.2639770507812,693.978515625,14004468,,,,,,0,0
2020-01-02,683.6602783203125,701.8875122070312,704.4705200195312,691.2355346679688,691.2355346679688,17710316,0.0170245139890365,,,,,0,0
2020-01-03,684.4839477539062,702.7332763671875,704.79052734375,696.2643432617188,700.8359985351562,20984698,0.0012047934620649,,,,,0,0
2020-01-06,668.609375,686.435302734375,698.5044555664062,684.835205078125,694.8928833007812,24519177,-0.0231920307349758,,,,,0,0
2020-01-07,678.8956909179688,696.995849609375,701.5217895507812,691.9212646484375,694.4356689453125,16683622,0.0153846420684256,,,,,0,0
2020-01-08,673.7970581054688,691.7612915039062,701.4989013671875,690.3212280273438,692.6070556640625,16047902,-0.0075101858513874,,,,,0,0
2020-01-09,689.3154907226562,707.6935424804688,708.6078491210938,700.0360107421875,703.3961791992188,14982742,0.0230313154836576,,,,,0,0
2020-01-10,689.1595458984375,707.5335083007812,712.2423095703125,703.8761596679688,709.4764404296875,12478359,-0.0002262314227919,,,,,0,0
2020-01-13,687.400634765625,705.7277221679688,712.585205078125,703.3047485351562,706.3449096679688,18282382,-0.0025522553424395,,,,,0,0
2020-01-14,681.032958984375,699.1902465820312,708.6078491210938,695.7386474609375,704.0361938476562,15816535,-0.0092634127162555,,,,,0,0
2020-01-15,678.5617065429688,696.6529541015625,703.990478515625,694.0928344726562,702.1389770507812,15817859,-0.0036286825898875,,,,,0,0
2020-01-16,684.8179321289062,703.0761108398438,705.5676879882812,698.5501708984375,699.0073852539062,12847975,0.009219832957876,,,,,0,0
2020-01-17,704.0101318359375,722.780029296875,724.5858154296875,710.07080078125,710.2079467773438,29463471,0.0280252586952098,,,,,0,0
2020-01-20,682.3467407226562,700.5388793945312,735.5806884765625,697.8187255859375,735.5806884765625,32545850,-0.0307714195203225,,,,,0,0
2020-01-21,683.0369262695312,701.2474975585938,706.7106323242188,695.8071899414062,698.8245239257812,18922720,0.001011488009958,,,,,0,0
2020-01-22,682.7919921875,700.9960327148438,707.1220703125,699.9674072265625,705.8648681640625,10322817,-0.0003585956668096,,,,,0,0
2020-01-23,679.8975219726562,698.0244750976562,704.9276733398438,695.212890625,702.4360961914062,11247739,-0.0042391683674709,,,,,0,0
2020-01-24,677.5374755859375,695.6015014648438,702.3675537109375,694.22998046875,698.093017578125,14628445,-0.0034711795681668,,,,,0,0
2020-01-27,670.8580932617188,688.7439575195312,696.92724609375,688.0353393554688,692.5613403320312,13387750,-0.0098583215909089,,,,,0,0
2020-01-28,655.36181640625,672.8345947265625,690.3212280273438,669.1087036132812,689.68115234375,24532236,-0.0230991874602357,,680.3895721435547,,,0,0
2020-01-29,658.96875,676.5376586914062,683.1893920898438,669.3143920898438,673.8860473632812,24746565,0.0055037286327253,,679.7272033691406,,,0,0
2020-01-30,642.8935546875,660.033935546875,676.4690551757812,658.319580078125,676.1490478515625,22402689,-0.024394472897994,,677.6888671875,,,0,0
2020-01-31,628.5996704101562,645.35888671875,664.3770141601562,643.3245239257812,664.2626953125,34750310,-0.0222336717690252,,674.8946533203125,,,0,0
2020-02-03,616.9552001953125,633.4039916992188,640.0100708007812,623.140625,626.272216796875,30712290,-0.0185244612159052,,672.3119445800781,,,0,0
2020-02-04,635.167724609375,652.1021118164062,654.8908081054688,639.0271606445312,640.0328979492188,25383901,0.0295200111909208,,670.1255462646484,,,0,0
2020-02-05,645.0086669921875,662.2054443359375,664.1712646484375,653.8850708007812,655.9879760742188,18472100,0.0154934547231042,,668.6861267089844,,,0,0
2020-02-06,649.1499633789062,666.4570922851562,670.6630249023438,658.3652954101562,664.765625,15538577,0.0064205282791478,,666.6778503417969,,,0,0
2020-02-07,638.3961181640625,655.4165649414062,663.965576171875,652.970703125,663.348388671875,12209212,-0.0165660414719407,,664.1396789550781,,,0,0
2020-02-10,639.2643432617188,656.3080444335938,660.833984375,644.810302734375,652.8335571289062,15142476,0.0013600099890223,,661.7328643798828,,,0,0
2020-02-11,646.9011840820312,664.1484375,670.2973022460938,660.6282348632812,661.7025756835938,13999816,0.0119462956143416,,660.0262756347656,,,0,0
2020-02-12,654.7161865234375,672.1716918945312,674.2518310546875,665.1770629882812,665.7028198242188,13533565,0.0120806741952341,,658.8339996337891,,,0,0
2020-02-13,656.4304809570312,673.9317626953125,675.5775756835938,668.6514892578125,675.5775756835938,13565659,0.0026183779611386,,657.4146270751953,,,0,0
2020-02-14,662.419677734375,680.0806884765625,686.4124145507812,664.3084106445312,675.3489990234375,21227841,0.0091238858509614,,655.3351043701172,,,0,0
2020-02-17,658.2561645507812,675.80615234375,688.5610961914062,674.0003662109375,680.720703125,13149130,-0.006285310239928,,654.1305755615234,,,0,0
2020-02-18,653.4247436523438,670.8458862304688,674.7318115234375,666.2742309570312,674.7318115234375,11127161,-0.0073397275386469,,652.6499664306641,,,0,0
2020-02-19,669.6334228515625,687.4867553710938,688.6982421875,674.3660888671875,676.3090209960938,14084409,0.0248057321928454,,651.9920379638672,,,0,0
2020-02-20,661.6849975585938,679.3263549804688,689.4068603515625,678.3434448242188,684.3780517578125,16892268,-0.0118698156658926,,651.081411743164,,,0,0
2020-02-24,643.427978515625,660.58251953125,675.2346801757812,658.1138305664062,671.9202270507812,21370214,-0.0275917077012949,,649.3759368896484,,,0,0
2020-02-25,630.7147216796875,647.5304565429688,663.53125,644.6045532226562,663.53125,27745062,-0.0197586322952053,,647.3687683105469,,,0,0
2020-02-26,619.8495483398438,636.3755493164062,645.6788940429688,634.249755859375,644.6045532226562,29362748,-0.0172267634896933,,645.5931549072266,,,0,0
2020-02-27,617.2891845703125,633.7468872070312,637.198486328125,625.8607177734375,634.546875,25054993,-0.0041306213360786,,643.5091766357422,,,0,0
2020-02-28,591.64013671875,607.4140625,620.374755859375,605.7454223632812,619.4146728515625,39315769,-0.0415511052075479,,640.9465057373047,,,0,0
2020-03-02,586.0740356445312,601.6995239257812,625.8607177734375,594.8191528320312,619.506103515625,29500495,-0.0094079166181801,,638.8202239990235,,,0,0
2020-03-03,597.9634399414062,613.9058227539062,618.95751953125,604.3739013671875,607.8941040039062,27398798,0.0202865228175477,,637.8706359863281,,,0,0
2020-03-04,596.5606689453125,612.4657592773438,618.9118041992188,597.9278564453125,618.0889282226562,22105261,-0.0023459143191617,,635.940283203125,,,0,0
2020-03-05,583.8475952148438,599.4136962890625,620.80908203125,597.0592651367188,618.1803588867188,30510390,-0.0213106133076872,,632.8822296142578,,,0,0
2020-03-06,565.968994140625,581.0584106445312,588.8988647460938,567.38916015625,580.6012573242188,33734039,-0.0306220342787226,,628.7231811523437,,,0,0
2020-03-09,496.1245727539063,509.3518981933594,567.3434448242188,500.59716796875,566.9091186523438,88187018,-0.1234067980928379,,621.6096038818359,,,0,0
2020-03-11,513.669189453125,527.3642578125,538.7476806640625,506.5403137207031,506.5403137207031,59578576,0.0353633294191242,,615.3298461914062,,,0,0
2020-03-12,473.3477783203125,485.96783447265625,503.3401489257813,479.4303588867188,496.0255126953125,55970485,-0.0784968457534711,642.842802734375,606.6521759033203,642.842802734375,,0,0
2020-03-13,492.1837463378906,505.3059692382813,521.1696166992188,430.8335876464844,456.25201416015625,73297403,0.039793084240129,639.2421551513672,598.525553894043,639.2421551513672,,0,0
2020-03-16,452.2853088378906,464.3438720703125,493.6025085449219,459.4521789550781,484.8477783203125,38482258,-0.0810641102979642,634.6146557617187,588.3182952880859,634.6146557617187,,0,0
2020-03-17,448.8565979003906,460.8236999511719,484.5963439941406,458.6293029785156,478.7674560546875,45445979,-0.0075808585211617,629.9021087646485,577.6401412963867,629.9021087646485,,0,0
2020-03-18,431.2674865722656,442.765625,473.5786437988281,439.3368835449219,468.732666015625,44730415,-0.0391864827439349,625.1552709960938,566.2907073974609,625.1552709960938,,0,0
2020-03-19,408.64654541015625,419.5415649414063,442.0798645019531,407.8838195800781,420.6387634277344,61404010,-0.0524522294548603,619.7502880859375,554.0517974853516,619.7502880859375,,0,0
2020-03-20,453.2872619628906,465.37249755859375,473.1214599609375,425.1647033691406,429.5077819824219,63360475,0.1092404109471394,615.340092163086,543.234489440918,615.340092163086,,0,0
2020-03-23,393.6624145507813,404.1579284667969,434.30804443359375,400.3177185058594,418.8558044433594,40670949,-0.1315387667279973,609.4270306396485,529.8333602905274,609.4270306396485,,0,0
2020-03-24,420.090576171875,431.2907409667969,443.4513549804688,409.5296325683594,425.1647033691406,45734887,0.06713407387711,604.0456512451171,518.6664901733399,604.0456512451171,,0,0
2020-03-25,481.9197082519531,494.7682800292969,526.4498901367188,440.3655090332031,440.616943359375,73130298,0.1471804786565398,599.9360327148438,511.22673950195315,599.9360327148438,,0,0
2020-03-26,474.7726745605469,487.4307556152344,510.6091003417969,476.52734375,500.962890625,45744488,-0.0148303411730771,595.8108270263672,503.97289581298827,595.8108270263672,,0,0
2020-03-27,474.5055236816406,487.1564636230469,506.2203063964844,478.2874450683594,500.59716796875,41657940,-0.00056269219612,591.7297033691407,496.8337127685547,591.7297033691407,,0,0
2020-03-30,458.8534240722656,471.0870666503906,491.3623962402344,466.3096923828125,475.7273254394531,30229866,-0.0329861273013892,587.2104132080078,490.19437713623046,587.2104132080078,,0,0
2020-03-31,495.9464721679688,509.1690368652344,516.5065307617188,479.1103515625,490.9738159179688,44292810,0.0808385557342192,583.0491400146484,485.68799896240233,583.0491400146484,,0,0
2020-04-01,481.1181335449219,493.9454040527344,514.1292724609375,477.8302917480469,513.054931640625,41597459,-0.0298990706763709,579.0245678710937,479.8457336425781,579.0245678710937,,0,0
2020-04-03,479.78228759765625,492.5738830566406,518.6323852539062,482.9048156738281,518.6323852539062,41367807,-0.0027765445825601,574.9594750976562,474.00681457519534,574.9594750976562,,0,0
2020-04-07,537.0693359375,551.3883666992188,554.9999389648438,502.8829956054688,503.8430480957031,54373624,0.1194021743209587,572.0450219726563,471.66790161132815,572.0450219726563,,0,0
2020-04-08,530.8574829101562,545.0108642578125,561.8574829101562,530.31298828125,539.456298828125,49880330,-0.0115662031169596,569.0642211914062,469.9123260498047,569.0642211914062,,0,0
2020-04-09,543.2366943359375,557.7200927734375,563.5946655273438,545.3994750976562,554.9999389648438,33032857,0.0233192746157,566.3782055664062,472.26793212890624,566.3782055664062,,0,0
2020-04-13,529.5216064453125,543.639404296875,555.4571533203125,539.456298828125,550.4054565429688,23673784,-0.0252469835591474,563.5514758300782,473.0605529785156,563.5514758300782,,0,0
2020-04-15,512.021484375,525.6727294921875,565.0576171875,522.5411376953125,547.2509765625,35321842,-0.0330489291792852,560.6846691894531,474.99423828125,560.6846691894531,,0,0
2020-04-16,520.1259155273438,533.9931640625,542.8621826171875,523.4555053710938,525.6727294921875,37455706,0.0158283029123991,557.9078125,476.39134674072267,557.9078125,,0,0
2020-04-17,545.0401611328125,559.5715942382812,562.3146362304688,545.2394409179688,555.914306640625,33269335,0.0479004119227721,555.9507446289062,481.0290893554687,555.9507446289062,,0,0
2020-04-20,553.8569946289062,568.62353515625,574.6580810546875,549.5139770507812,560.4859619140625,36030932,0.0161764840920508,554.4558911132813,486.2791091918945,554.4558911132813,,0,0
2020-04-21,550.98486328125,565.6748046875,572.3722534179688,532.1416625976562,553.1712646484375,61371628,-0.0051856912082163,553.136484375,492.2649780273438,553.136484375,,0,0
2020-04-22,607.2031860351562,623.3920288085938,633.1296997070312,594.3162841796875,603.4595947265625,142683366,0.1020324268422046,552.5771936035156,502.19281005859375,552.5771936035156,,0,0
2020-04-23,610.453857421875,626.7293701171875,633.5640258789062,618.6832275390625,625.1064453125,65464502,0.0053535150366132,551.8860974121094,510.05113983154297,551.8860974121094,,0,0
2020-04-24,630.9819946289062,647.8047485351562,683.4408569335938,615.89453125,617.2431640625,134986308,0.0336276640035129,551.5227380371093,521.9171188354492,551.5227380371093,,0,0
2020-04-27,636.659423828125,653.6336059570312,674.3203735351562,650.5477294921875,655.5765380859375,58482901,0.00899776736507,551.4880041503907,532.7455612182617,551.4880041503907,,0,0
2020-04-28,635.9469604492188,652.9021606445312,665.3827514648438,636.4441528320312,662.8912353515625,78453401,-0.001119065158295,551.4216564941406,540.446923828125,551.4216564941406,,0,0
2020-04-29,635.4126586914062,652.353515625,664.5598754882812,649.1762084960938,660.5596923828125,37494672,-0.0008401671696568,551.1918859863281,548.478923034668,551.1918859863281,,0,0
2020-04-30,652.8013305664062,670.2058715820312,683.4408569335938,657.4281005859375,664.697021484375,71345899,0.0273659513029074,551.1535888671875,557.3937133789062,551.1535888671875,,1,1
2020-05-04,639.0863037109375,656.1251831054688,669.7487182617188,648.0104370117188,658.319580078125,53456868,-0.0210094958654095,550.8067053222657,566.4053573608398,550.8067053222657,,0,1
2020-05-05,650.4190673828125,667.760009765625,676.1490478515625,661.6111450195312,664.582763671875,44903763,0.0177327594192988,550.5666931152343,574.128987121582,550.5666931152343,,0,1
2020-05-06,650.4635009765625,667.8057861328125,678.8692016601562,660.833984375,669.2915649414062,40489094,6.831533080475793e-05,550.41083984375,582.5962554931641,550.41083984375,,0,1
2020-05-07,671.0360717773438,688.9268188476562,691.9898681640625,660.6054077148438,665.1770629882812,50026966,0.0316275559964471,550.76306640625,592.1589447021485,550.76306640625,,0,1
2020-05-08,695.4605712890625,714.00244140625,722.277099609375,702.7103881835938,706.322021484375,84262770,0.036398191600977,551.279609375,600.0785064697266,551.279609375,,0,1
2020-05-11,702.1400146484375,720.8599243164062,738.3236694335938,718.8026733398438,722.3228149414062,67085063,0.0096043451420897,552.0887097167969,608.6426330566406,552.0887097167969,,0,1
2020-05-12,658.7014770507812,676.2633056640625,716.9968872070312,669.7487182617188,715.3739013671875,100683202,-0.0618659194625248,552.3941796875,614.4158721923828,552.3941796875,,0,1
2020-05-13,672.6770629882812,690.6114501953125,704.7102661132812,671.020751953125,704.7102661132812,66430125,0.0212168735374227,553.2334265136719,621.5736450195312,553.2334265136719,,0,1
2020-05-14,645.4812622070312,662.690673828125,690.726806640625,659.9678344726562,677.9432373046875,49266771,-0.0404292078288446,553.7460607910157,628.2466339111328,553.7460607910157,,0,1
2020-05-15,656.0224609375,673.5128784179688,676.8818359375,653.0684204101562,666.40576171875,62152260,0.0163307586875973,554.5207263183594,635.0414611816407,554.5207263183594,,0,1
2020-05-18,647.6390380859375,664.9058837890625,683.9427490234375,659.0217895507812,678.40478515625,62796089,-0.0127791704564231,555.6407043457032,640.1714050292969,555.6407043457032,,0,1
2020-05-19,633.3218994140625,650.2070922851562,674.5743408203125,647.5996704101562,672.4052734375,42315854,-0.0221066640982429,556.5856616210938,644.1446502685546,556.5856616210938,,0,1
2020-05-20,644.4699096679688,661.65234375,667.7210693359375,642.8692626953125,650.7147827148438,55320985,0.0176024392401719,557.515791015625,648.8189025878906,557.515791015625,,0,1
2020-05-21,647.86376953125,665.1366577148438,674.4589233398438,657.6372680664062,662.2522583007812,39167981,0.0052661261796222,558.5418530273438,650.8519317626954,558.5418530273438,,0,1
2020-05-22,643.5035400390625,660.6600952148438,672.8667602539062,658.3295288085938,670.0054931640625,37828973,-0.0067301641135794,559.7349719238281,652.5044158935547,559.7349719238281,,0,1
2020-05-26,640.1320190429688,657.1988525390625,669.0363159179688,653.6221923828125,668.3209838867188,33216635,-0.0052393200445938,561.218232421875,652.9619171142579,561.218232421875,,0,1
2020-05-27,649.796630859375,667.12109375,671.020751953125,651.6377563476562,660.40625,35667956,0.0150978415840772,564.2916735839843,653.6187774658204,564.2916735839843,,0,1
2020-05-28,661.7986450195312,679.443115234375,682.9043579101562,668.7132568359375,671.4822387695312,40126278,0.0184704161120121,567.2542626953125,654.9113616943359,567.2542626953125,,0,1
2020-05-29,658.2699584960938,675.8203735351562,679.3277587890625,670.3977661132812,677.4817504882812,40022527,-0.0053319639591183,570.9527062988282,656.0542266845703,570.9527062988282,,0,1
2020-06-01,683.4204711914062,701.6412963867188,709.9483032226562,681.1506958007812,683.019775390625,39943702,0.0382069884409919,574.7774407958984,657.5851837158203,574.7774407958984,,0,1
2020-06-02,690.3203735351562,708.7252807617188,710.7097778320312,701.8489379882812,704.248779296875,22153960,0.0100961306173947,579.5381420898437,660.1468872070312,579.5381420898437,,0,1
2020-06-03,692.9951171875,711.4712524414062,719.9397583007812,707.6407470703125,713.0172729492188,25381289,0.0038746410433263,584.420912475586,662.2756896972656,584.420912475586,,0,1
2020-06-04,710.1441040039062,729.0774536132812,733.5540161132812,711.1712646484375,712.5557250976562,34202350,0.0247461870813821,589.9984448242187,665.2597198486328,589.9984448242187,,0,1
2020-06-05,710.9981689453125,729.9542846679688,746.7067260742188,726.2622680664062,736.0922241210938,33076685,0.0012026642713653,596.0454772949219,667.2578247070312,596.0454772949219,,0,1
2020-06-08,705.5140991210938,724.323974609375,746.891357421875,722.2472534179688,746.891357421875,31414953,-0.0077131982384057,601.0900140380859,667.7605010986329,601.0900140380859,,0,1
2020-06-09,690.9722290039062,709.3944702148438,730.5542602539062,707.479248046875,720.0781860351562,25857161,-0.0206117356624102,607.0362103271484,667.2021118164063,607.0362103271484,,0,1
2020-06-10,706.7052612304688,725.5469970703125,728.9620971679688,710.7328491210938,712.140380859375,22132647,0.0227694132501432,612.7685040283203,669.6023010253906,612.7685040283203,,0,1
2020-06-11,691.2195434570312,709.6483154296875,723.608642578125,706.5562744140625,722.708740234375,20385805,-0.0219125548131264,616.9545007324218,670.5294250488281,616.9545007324218,,0,1
2020-06-12,714.189697265625,733.23095703125,735.1692504882812,690.865234375,692.249755859375,38548899,0.0332313431036859,621.7428411865235,673.9648468017579,621.7428411865235,,0,1
2020-06-15,725.7647094726562,745.1145629882812,750.837158203125,720.4473876953125,722.2472534179688,53107403,0.016207195723136,626.7680249023438,677.4519592285156,626.7680249023438,,0,1
2020-06-16,727.1807250976562,746.5682983398438,760.8055419921875,731.6156616210938,758.2442626953125,51187003,0.0019510670696964,632.1345709228516,681.4290435791015,632.1345709228516,,0,1
2020-06-17,726.1243896484375,745.4837646484375,754.7598876953125,739.368896484375,742.2070922851562,41782053,-0.0014526450066135,636.7381292724609,686.0691680908203,636.7381292724609,,0,1
2020-06-18,744.3522338867188,764.1975708007812,768.397216796875,740.984130859375,741.6302490234375,40471557,0.0251029224443299,642.0028112792969,691.0632843017578,642.0028112792969,,0,1
2020-06-19,790.8770751953125,811.9628295898438,825.5308837890625,767.0127563476562,770.7047119140625,105804173,0.062503797517553,648.22470703125,698.2139495849609,648.22470703125,,0,1
2020-06-22,784.9210205078125,805.8479614257812,832.6380004882812,800.7022094726562,818.423828125,60198705,-0.0075309487078369,653.1817407226563,705.2848236083985,653.1817407226563,,0,1
2020-06-23,773.5706787109375,794.195068359375,813.9703369140625,791.9798583984375,807.6246948242188,37962078,-0.0144604890177763,658.0360046386719,711.9567565917969,658.0360046386719,,0,1
2020-06-24,776.6947631835938,797.4024658203125,818.1007690429688,789.9492797851562,801.1175537109375,51586221,0.0040385249320231,662.705166015625,718.3016632080078,662.705166015625,,0,1
2020-06-25,772.2220458984375,792.810546875,807.1632080078125,790.572265625,797.0101928710938,39679374,-0.0057586551334826,667.5591748046875,723.8228332519532,667.5591748046875,,0,1
2020-06-26,782.8980712890625,803.7711791992188,808.5477294921875,792.3952026367188,797.8409423828125,30921913,0.0138250720078887,672.9767065429687,730.0542388916016,672.9767065429687,,0,1
2020-06-29,774.5820922851562,795.2334594726562,802.8943481445312,791.72607421875,797.4948120117188,25621946,-0.0106220455878933,678.065830078125,734.6123199462891,678.065830078125,,0,1
2020-06-30,766.0188598632812,786.44189453125,803.47119140625,782.4960327148438,801.625244140625,30276420,-0.0110552935668987,682.4854040527343,738.3972442626953,682.4854040527343,,0,1
2020-07-01,781.0775756835938,801.902099609375,807.1632080078125,788.2647705078125,793.7797241210938,28464103,0.0196584139233859,687.0298156738281,742.8013671875,687.0298156738281,,0,1
2020-07-02,794.5241088867188,812.4012451171875,815.7471313476562,800.7252807617188,804.3942260742188,28789533,0.0172153619841879,691.9006005859375,747.0203674316406,691.9006005859375,,0,1
2020-07-03,806.9586791992188,825.1155395507812,827.46923828125,815.9317016601562,821.3773803710938,29434266,0.0156503373194341,695.8957104492188,751.818392944336,695.8957104492188,,0,1
2020-07-06,835.7996215820312,854.6054077148438,857.4666748046875,827.0538330078125,833.0072021484375,47016185,0.0357402964070385,700.4026257324218,758.3326690673828,700.4026257324218,,0,1
2020-07-07,823.0039672851562,841.5218505859375,860.397216796875,833.607177734375,858.3897094726562,35189589,-0.0153094760591718,704.2430651855469,764.9342559814453,704.2430651855469,,0,1
2020-07-08,811.5172729492188,829.7767333984375,846.8291015625,826.084716796875,841.7987670898438,26204095,-0.0139570339786193,707.7402221679688,770.1748565673828,707.7402221679688,,0,1
2020-07-09,823.3650512695312,841.8910522460938,846.8521728515625,824.3540649414062,834.8532104492188,36418942,0.0145995393015545,711.488583984375,776.7821319580078,711.488583984375,,0,1
2020-07-10,847.6474609375,866.7197875976562,869.7426147460938,841.8910522460938,843.8524780273438,43759967,0.0294916691333062,715.7332800292969,783.4550201416016,715.7332800292969,,0,1
2020-07-13,873.3514404296875,893.002197265625,898.8632202148438,876.8496704101562,878.3956909179688,69608392,0.0303239031280277,720.1442822265625,790.8343566894531,720.1442822265625,,0,1
2020-07-14,865.2272338867188,884.6951904296875,896.09423828125,870.9886474609375,892.5407104492188,67331128,-0.00930233370769,724.6671008300781,797.7366821289063,724.6671008300781,,0,1
2020-07-15,832.2791137695312,851.0056762695312,913.2158813476562,829.7767333984375,894.3635864257812,139669773,-0.0380803086481456,728.3043017578125,803.0444183349609,728.3043017578125,,0,1
2020-07-16,832.0083618164062,850.7288208007812,862.543212890625,836.4453735351562,852.3901977539062,60961724,-0.0003253138864661,731.9351989746094,807.4272247314453,731.9351989746094,,0,1
2020-07-17,862.8351440429688,882.249267578125,886.0797119140625,848.2366943359375,851.4672241210938,49726765,0.0370510485727122,735.7711804199218,811.0251281738281,735.7711804199218,,0,1
2020-07-20,866.5361328125,886.0335083007812,891.61767578125,876.6881713867188,885.0643920898438,36592938,0.0042893347530903,739.1926916503907,815.1058837890625,739.1926916503907,,0,1
2020-07-21,889.84814453125,909.8699951171876,912.3851928710938,893.6944580078125,894.8482055664062,42173371,0.0269025270107163,742.9468542480469,820.9197570800782,742.9468542480469,,0,1
2020-07-22,904.4942016601562,924.845703125,927.6146850585938,904.8627319335938,915.1541748046876,59771457,0.0164590522764098,747.8627087402343,827.3097290039062,747.8627087402343,,0,1
2020-07-23,928.7765502929688,949.6743774414062,959.7811889648438,919.0076904296876,924.8225708007812,58333751,0.0268463286865117,752.9846984863282,835.1374542236329,752.9846984863282,,0,1
2020-07-24,968.65283203125,990.4478759765624,998.22412109375,949.6743774414062,949.7666625976562,120597372,0.0429342038466655,759.4481298828125,844.4251922607422,759.4481298828125,,0,1
2020-07-27,973.1888427734376,995.0859375,1014.745849609375,982.0255126953124,1005.515869140625,80304827,0.0046828033658619,765.7914575195313,854.3555297851562,765.7914575195313,,0,1
2020-07-28,982.8927001953124,1005.0081787109376,1012.5306396484376,992.5245971679688,995.0859375,55114422,0.0099711967455569,772.4965307617188,865.1992218017579,772.4965307617188,,0,1
2020-07-29,946.311279296875,967.6036376953124,1007.36181640625,955.5123291015624,1005.1005249023438,72663399,-0.0372181224778332,778.756318359375,873.4609069824219,778.756318359375,,0,1
2020-07-30,951.8177490234376,973.2339477539062,987.47119140625,956.2276611328124,968.6881713867188,72857444,0.0058188778333636,784.9032751464844,881.3255889892578,784.9032751464844,,0,1
2020-07-31,932.9739990234376,953.96630859375,982.5331420898438,947.3668823242188,975.8414306640624,74958061,-0.0197976451052038,790.6054797363281,887.6263549804687,790.6054797363281,,0,1
2020-08-03,906.7509765625,927.1531982421876,949.30517578125,924.4302978515624,946.6746215820312,46715383,-0.0281069166861946,795.8704284667969,891.1739227294922,795.8704284667969,,0,1
2020-08-04,970.661376953125,992.5015258789062,1000.0701293945312,923.1150512695312,932.506591796875,92041055,0.0704828580752234,802.481015625,898.5567932128906,802.481015625,,0,1
2020-08-05,959.7613525390624,981.3563232421876,1013.45361328125,977.5950927734376,1000.9931640625,74549993,-0.0112294819520659,808.6803100585937,905.9689971923829,808.6803100585937,,0,1
2020-08-06,963.2141723632812,984.8867797851562,1000.3931884765624,972.7493286132812,995.4551391601562,49322975,0.0035975816436912,814.7086206054687,912.9614532470703,814.7086206054687,,0,1
2020-08-07,968.7881469726562,990.5863037109376,995.8243408203124,978.4719848632812,982.90234375,32984416,0.0057868486254712,820.918984375,919.0184875488281,820.918984375,,0,1
2020-08-10,956.7825317382812,978.3104248046876,999.1471557617188,972.8878173828124,996.42431640625,26958997,-0.0123924051629771,826.3862255859375,923.1900421142578,826.3862255859375,,0,1
2020-08-11,963.0787963867188,984.7483520507812,996.8396606445312,969.3111572265624,985.2098388671876,46828306,0.006580664298917,831.8413940429688,928.0826202392578,831.8413940429688,,0,1
2020-08-12,960.2803955078124,981.8870239257812,989.9171752929688,972.287841796875,978.8411254882812,30264617,-0.0029056821616314,837.187099609375,934.4826843261719,837.187099609375,,0,1
2020-08-13,957.7754516601562,979.3257446289062,987.1019897460938,973.7646484375,982.0716552734376,24830322,-0.0026085546048573,842.1397265625,940.7710388183593,842.1397265625,,0,1
2020-08-14,954.0518798828124,975.5183715820312,995.4551391601562,964.1885375976562,979.5564575195312,33224635,-0.0038877293951203,847.00080078125,945.3318756103515,847.00080078125,,0,1
2020-08-17,943.9192504882812,965.15771484375,971.4571533203124,955.350830078125,971.4571533203124,30979066,-0.0106206272511886,851.7689038085938,949.2010314941406,851.7689038085938,,0,1
2020-08-18,956.19580078125,977.7105102539062,984.9791259765624,961.0042114257812,962.2271728515624,30547672,0.0130059327496692,857.0733752441406,952.5184143066406,857.0733752441406,,0,1
2020-08-19,962.0631713867188,983.7099609375,994.0706787109376,979.002685546875,988.0711669921876,34087543,0.0061361601888179,862.1805334472656,955.3968627929687,862.1805334472656,,0,1
2020-08-20,946.4917602539062,967.7882080078124,980.1795043945312,963.6116333007812,978.379638671875,22537845,-0.0161854352145793,867.2859777832032,956.2826232910156,867.2859777832032,,0,1
2020-08-21,939.63134765625,960.7734375,979.3026733398438,958.53515625,977.4566650390624,25280895,-0.007248253905365,871.7948107910156,954.8315490722656,871.7948107910156,,0,1
2020-08-24,945.9051513671876,967.1882934570312,971.2263793945312,955.535400390625,965.1807861328124,32717218,0.0066768778272314,876.1976196289063,953.4673645019532,876.1976196289063,,0,1
2020-08-25,939.7442016601562,960.8887939453124,974.3646240234376,958.9966430664062,971.9186401367188,19388008,-0.0065132848659577,880.4488891601562,951.3099395751954,880.4488891601562,,0,1
2020-08-26,964.658447265625,986.3635864257812,991.278564453125,944.690185546875,962.2271728515624,59870421,0.026511731130083,885.2195703125,952.2272979736329,885.2195703125,,0,1
2020-08-27,952.6076049804688,974.0415649414062,992.2246704101562,970.6495361328124,991.3016357421876,28085062,-0.0124923410138738,889.384677734375,952.2667907714844,889.384677734375,,0,1
2020-08-28,955.112548828125,976.6029052734376,984.3330078125,972.0340576171876,978.379638671875,27166900,0.0026295652423513,892.6693872070313,953.3737182617188,892.6693872070313,,0,1
2020-08-31,939.1123046875,960.2427368164062,1003.3006591796876,950.8511962890624,1003.3006591796876,62076132,-0.0167522080620304,895.753212890625,954.9917846679688,895.753212890625,,0,1
2020-09-01,942.0687866210938,963.2655639648438,979.4872436523438,951.7972412109376,969.149658203125,38616258,0.0031481665385884,899.1231750488281,953.5621551513672,899.1231750488281,,0,1
2020-09-02,960.5512084960938,982.1639404296876,986.6866455078124,962.2271728515624,965.4576416015624,26949439,0.0196189727729867,902.800303955078,953.6016479492188,902.8003039550781,,0,1
2020-09-03,953.2845458984376,974.7338256835938,987.0327758789062,970.5341796875,982.0716552734376,18586429,-0.0075650965126922,906.421553955078,953.1051666259766,906.4215539550781,,0,1
2020-09-04,937.5552368164062,958.6505126953124,967.7420654296876,956.3199462890624,961.5579833984376,28475945,-0.0165001196649076,909.514697265625,951.5435211181641,909.514697265625,,0,1
2020-09-07,939.992431640625,961.1426391601562,971.8032836914062,943.4210205078124,961.7656860351562,21926473,0.002599521317266,912.8229040527344,950.7040161132812,912.8229040527344,,0,1
2020-09-08,951.0277709960938,972.4263305664062,978.8411254882812,960.150390625,965.4576416015624,27397082,0.01173981724109,916.5230822753906,950.10146484375,916.5230822753906,,0,1
2020-09-09,975.5132446289062,997.462646484375,1000.4393310546876,960.5888061523438,962.2271728515624,55310877,0.0257463287398713,920.4117956542968,950.8631072998047,920.4117956542968,,0,1
2020-09-10,1044.410888671875,1067.91064453125,1082.194091796875,1003.9236450195312,1007.5003051757812,140304404,0.0706270718745372,925.40953125,955.1948791503906,925.40953125,,0,1
2020-09-11,1047.006103515625,1070.564208984375,1078.9173583984375,1055.496337890625,1066.9876708984375,59470807,0.0024848600028004,930.210479736328,959.8425903320312,930.2104797363281,,0,1
2020-09-14,1039.2431640625,1062.62646484375,1089.1396484375,1053.142578125,1072.9871826171875,44063445,-0.007414416618068,934.2793505859376,964.6087860107422,934.2793505859376,,0,1
2020-09-15,1046.5999755859375,1070.14892578125,1073.333251953125,1055.9808349609375,1066.964599609375,27178393,0.0070790088189554,938.7512707519531,969.1289947509765,938.7512707519531,,0,1
2020-09-16,1049.1724853515625,1072.7794189453125,1093.45458984375,1066.3184814453125,1070.6795654296875,33952295,0.0024579684938219,943.504375,973.4844604492188,943.504375,,0,1
2020-09-17,1037.528076171875,1060.872802734375,1077.002197265625,1057.6883544921875,1070.6795654296875,25828669,-0.0110986604607589,947.7876354980468,978.0362762451172,947.7876354980468,,0,1
2020-09-18,1040.664794921875,1064.0802001953125,1070.42578125,1050.62744140625,1068.0260009765625,33074915,0.0030232615598928,951.6479821777344,983.0879486083984,951.6479821777343,,0,1
2020-09-21,1018.1654052734376,1041.074462890625,1078.0635986328125,1037.151611328125,1061.4495849609375,33627381,-0.0216202083112905,954.5442614746094,986.700961303711,954.5442614746094,,0,1
2020-09-22,997.990234375,1020.4453735351562,1050.8350830078125,1016.0149536132812,1050.8350830078125,34792254,-0.0198152194073215,957.199521484375,989.6132629394531,957.199521484375,,0,1
2020-09-23,1006.8590698242188,1029.5137939453125,1050.7197265625,1017.74560546875,1042.9896240234375,42988708,0.0088866956246049,960.6911206054688,991.7232940673828,960.6911206054688,,0,1
2020-09-24,984.4724731445312,1006.6234741210938,1027.298583984375,1004.2467041015624,1018.9454956054688,29826318,-0.0222340914936544,963.7404028320312,993.316537475586,963.7404028320312,,0,1
2020-09-25,993.72509765625,1016.0841674804688,1021.2068481445312,1000.2086181640624,1010.22314453125,28374935,0.0093985609187878,966.3582019042968,995.2471649169922,966.3582019042968,,0,1
2020-09-28,1000.2920532226562,1022.7990112304688,1032.836669921875,1018.55322265625,1027.7601318359375,19666849,0.0066084227739591,969.0333203125,998.30615234375,969.0333203125,,0,1
2020-09-29,1013.2908325195312,1036.0902099609375,1044.8355712890625,1022.7990112304688,1026.837158203125,25842539,0.012994984069899,971.5021740722656,1001.8672546386719,971.5021740722656,,0,1
2020-09-30,1008.4614868164062,1031.1522216796875,1046.2200927734375,1026.837158203125,1042.9896240234375,24465159,-0.0047660015744116,973.5815197753906,1004.2627685546875,973.5815197753906,,0,1
2020-10-01,1004.354248046875,1026.9525146484375,1044.7432861328125,1021.7606201171876,1044.7432861328125,20783227,-0.0040727770204663,975.0930737304687,1006.8162536621094,975.0930737304687,,0,1
2020-10-05,998.4640502929688,1020.929931640625,1037.9822998046875,1018.0686645507812,1035.6055908203125,18922799,-0.005864661562751,975.6892980957032,1009.8616943359375,975.6892980957032,,0,1
2020-10-06,997.629150390625,1020.076171875,1030.9444580078125,1016.0610961914062,1026.9525146484375,18412175,-0.0008361842392811,976.1781042480468,1012.7435302734375,976.1781042480469,,0,1
2020-10-07,1018.9102172851562,1041.8359375,1065.6031494140625,1024.5296630859375,1031.4521484375,53170865,0.0213316410072808,976.8984545898436,1016.1376525878907,976.8984545898437,,0,1
2020-10-08,1010.673095703125,1033.4134521484375,1046.681640625,1025.498779296875,1042.528076171875,21077808,-0.0080842467199697,978.1856909179688,1017.8956451416016,978.1856909179687,,0,1
2020-10-09,1008.0552368164062,1030.73681640625,1039.7591552734375,1023.1912841796876,1031.4521484375,18545499,-0.0025902132923578,979.310440673828,1016.0778625488281,979.3104406738281,,0,1
2020-10-12,1009.679931640625,1032.398193359375,1041.0281982421875,1027.4140625,1031.4521484375,14226473,0.0016117121015608,980.844559326172,1014.2115539550781,980.8445593261719,,0,1
2020-10-13,1029.38134765625,1052.542724609375,1054.873291015625,1027.2293701171875,1029.4215087890625,23112012,0.019512536001,983.2971667480468,1013.7184631347657,983.2971667480468,,0,1
2020-10-14,1032.4503173828125,1055.680908203125,1063.295654296875,1046.912353515625,1051.7120361328125,26742011,0.0029813729708141,984.5329455566406,1013.0109802246094,984.5329455566406,,0,1
2020-10-15,995.8915405273438,1018.2993774414062,1056.8345947265625,1012.9921264648438,1056.8345947265625,20036197,-0.0354097201966508,985.2555493164062,1010.3469329833985,985.2555493164062,,0,1
2020-10-16,982.0352172851562,1004.13134765625,1030.29833984375,1002.6776123046876,1022.22216796875,21583600,-0.0139134862365135,985.6319702148436,1007.5722900390625,985.6319702148437,,0,1
2020-10-19,982.2156982421876,1004.31591796875,1028.544677734375,994.6013793945312,1010.7077026367188,31200385,0.0001837825709858,985.9005212402344,1004.6498352050781,985.9005212402344,755.1537536621094,0,1
2020-10-20,973.053466796875,994.947509765625,1012.0691528320312,993.2630004882812,1005.608154296875,18482288,-0.0093281256466474,986.2259399414064,1002.39423828125,986.2259399414063,756.6579403686524,0,1
2020-10-21,958.9263916015624,980.5025634765624,1011.607666015625,968.1112670898438,1000.5316772460938,34082321,-0.0145182928558041,986.1428918457032,1000.4410461425781,986.1428918457032,758.0342709350585,0,1
2020-10-22,950.9600219726562,972.3570556640624,984.1483764648438,964.9961547851562,981.7947387695312,30802210,-0.0083075924269859,985.956484375,997.64609375,985.956484375,759.3666513061523,0,1
2020-10-23,953.71337890625,975.1722412109376,985.3021240234376,967.48828125,971.9186401367188,23422125,0.002895344567569,985.875242919922,996.1081390380859,985.8752429199219,760.7921713256836,0,1
2020-10-26,915.8229370117188,936.4293212890624,970.049560546875,931.5374145507812,970.049560546875,37324416,-0.0397293806845671,985.1106640625,992.2130310058594,985.1106640625,761.9768075561524,0,1
2020-10-27,918.2603149414062,938.9214477539062,950.6204223632812,925.3071899414062,939.1060180664062,36478896,0.002661407386935,984.5974853515625,988.1114440917969,984.5974853515625,763.199123840332,0,1
2020-10-28,907.8568115234376,928.2838745117188,949.6282348632812,926.414794921875,942.2903442382812,29924017,-0.0113295796940026,983.6307055664064,982.8397430419922,983.6307055664063,764.2918304443359,-1,0
2020-10-29,914.8300170898438,935.4140014648438,942.3826904296876,918.84619140625,921.6151733398438,30655304,0.0076809530731005,982.6860424804688,978.158169555664,982.6860424804687,765.420182800293,0,0
2020-10-30,927.287109375,948.1514282226562,953.0433349609376,933.0603637695312,938.4598999023438,34021563,0.0136168381583972,982.3019494628908,974.3048126220704,982.3019494628907,766.6196151733399,0,0
2020-11-02,847.3766479492188,866.44287109375,935.4601440429688,857.9974365234375,935.4601440429688,99366895,-0.086176611987674,980.45685546875,966.7504425048828,980.45685546875,767.4513336181641,0,0
2020-11-03,835.1677856445312,853.9592895507812,881.003173828125,846.8983764648438,872.2346801757812,88691623,-0.0144078342661847,978.2421081542968,958.6273742675781,978.2421081542968,768.2343640136719,0,0
2020-11-04,863.5121459960938,882.9414672851562,890.2332153320312,847.7752075195312,847.7752075195312,80180117,0.0339385221015056,976.7174670410157,950.857470703125,976.7174670410157,769.1278350830078,0,0
2020-11-05,882.3783569335938,902.232177734375,904.9780883789062,891.61767578125,902.2091064453124,37205373,0.0218482288002297,975.071865234375,944.4427337646484,975.071865234375,770.0196762084961,0,0
2020-11-06,915.8455810546876,936.452392578125,941.4596557617188,912.9158935546876,918.3847045898438,66674086,0.0379284281602256,974.3366247558594,939.8322509765625,974.3366247558594,771.1871704101562,0,0
2020-11-09,925.5719604492188,946.397705078125,954.8431396484376,939.6136474609376,951.6588134765624,35838510,0.0106201084503025,973.7458129882812,935.6268524169922,973.7458129882813,772.3998455810547,0,0
2020-11-10,940.8500366210938,962.0194702148438,964.53466796875,942.0134887695312,958.53515625,36934242,0.0165066324658968,973.7805676269531,931.2002868652344,973.7805676269531,773.6901358032227,0,0
2020-11-11,901.425048828125,921.7074584960938,966.8421630859376,912.892822265625,964.0731811523438,56724780,-0.0419035832049887,972.9676928710936,924.6490234375,972.9676928710937,774.7977734375,0,0
2020-11-12,893.661865234375,913.7696533203124,926.8993530273438,906.84716796875,914.231201171875,40046527,-0.0086121232196091,971.6299060058594,919.5375396728516,971.6299060058594,775.8783953857422,0,0
2020-11-13,901.0640258789062,921.3382568359376,939.9136352539062,914.5773315429688,914.6926879882812,45388670,0.0082829545855018,970.5854956054689,915.488980102539,970.5854956054687,777.0294250488281,0,0
2020-11-14,903.7269897460938,924.0610961914062,930.0606079101562,920.8536987304688,929.8760375976562,5226220,0.0029553547702563,969.9089306640624,911.5645446777344,969.9089306640625,778.2712509155274,0,0
2020-11-17,899.6422729492188,919.884521484375,962.2271728515624,916.0771484375,962.2271728515624,46542562,-0.0045198570400366,969.1019274902344,907.8939849853516,969.1019274902344,779.4746185302735,0,0
2020-11-18,896.9117431640625,917.0924682617188,925.9994506835938,904.5858154296876,919.884521484375,30402290,-0.0030351283696407,968.0196069335938,904.7932525634766,968.0196069335938,780.7447094726563,0,0
2020-11-19,890.5703125,910.6083984375,927.8223266601562,908.323974609375,917.0924682617188,27796343,-0.0070702950567819,966.3207482910155,901.7737670898438,966.3207482910157,782.0545626831055,0,0
2020-11-20,857.3287963867188,876.6189575195312,915.5233764648438,874.5421752929688,911.462158203125,57471248,-0.0373260995192686,962.5791064453124,896.9545379638672,962.5791064453125,783.2564306640625,0,0
2020-11-23,880.4376220703125,900.2477416992188,909.1546630859376,888.9640502929688,900.3861694335938,45327567,0.0269544494259235,959.2477368164062,895.1852722167969,959.2477368164062,784.4827801513671,0,0
2020-11-24,886.4630126953125,906.4087524414062,911.0006713867188,891.61767578125,906.3856811523438,30936268,0.0068436314782092,956.1921337890624,893.5954071044922,956.1921337890625,785.6900518798828,0,0
2020-11-25,879.1286010742188,898.9093627929688,919.74609375,896.3250122070312,913.7696533203124,32637879,-0.008273793171351,952.842706298828,892.1589965820312,952.8427062988281,786.8399450683594,0,0
2020-11-26,881.2951049804688,901.1245727539062,906.84716796875,890.7177734375,901.332275390625,25838637,0.0024643765469609,949.4851586914062,890.4822509765625,949.4851586914062,788.0544400024414,0,0
2020-11-27,871.00439453125,890.6023559570312,902.7398071289062,886.7257690429688,895.5404052734375,47336811,-0.0116768042748255,946.1546850585936,887.668115234375,946.1546850585937,789.213140258789,0,0
2020-12-01,882.333251953125,902.18603515625,907.424072265625,890.7177734375,895.47119140625,19750687,0.0130066593153894,942.9880541992188,889.4159454345703,942.9880541992187,790.3903005981446,0,0
2020-12-02,883.8001098632812,903.6859130859376,905.4627075195312,893.002197265625,903.847412109375,22188887,0.0016624760620878,940.3007482910156,891.8475616455078,940.3007482910157,791.5357202148438,0,0
2020-12-03,886.4630126953125,906.4087524414062,914.27734375,903.9166259765624,910.0776977539062,27785372,0.0030130148235025,938.070203857422,892.9951049804688,938.0702038574219,792.6858828735352,0,0
2020-12-04,878.6547241210938,898.4248046875,908.6931762695312,895.3096923828125,908.6931762695312,18464552,-0.0088083636456274,935.5061169433594,892.8089233398438,935.5061169433594,793.7670581054688,0,0
2020-12-07,883.8225708007812,903.708984375,906.84716796875,895.5866088867188,895.5866088867188,18242188,0.0058815442947248,933.4931188964844,891.2077728271485,933.4931188964844,794.8948901367188,0,0
2020-12-08,899.8678588867188,920.1152954101562,929.5760498046876,899.9246826171875,905.0704345703124,43403061,0.0181544221838549,931.6159741210936,889.9225677490234,931.6159741210937,796.1271057128906,0,0
2020-12-09,914.8525390625,935.4370727539062,938.598388671875,922.653564453125,927.5916137695312,29175254,0.0166520895571486,929.9071838378908,888.6226928710937,929.9071838378907,797.3532012939453,0,0
2020-12-10,905.8483276367188,926.2301635742188,936.1524047851562,923.461181640625,932.9680786132812,16065507,-0.0098422543976413,927.7583337402344,888.8438568115234,927.7583337402343,798.574017944336,0,0
2020-12-11,905.306640625,925.6763916015624,940.5366821289062,911.1160278320312,928.9991455078124,26944202,-0.0005979886424606,925.6952368164062,889.4260955810547,925.6952368164062,799.8834112548828,0,0
2020-12-14,898.7621459960938,918.984619140625,929.9221801757812,916.7001953125,926.6685791015624,17312747,-0.0072290363675981,923.5833947753906,889.311001586914,923.5833947753906,801.2236483764649,0,0
2020-12-15,891.1118774414062,911.1622314453124,918.2462158203124,905.0473022460938,918.2462158203124,18551265,-0.0085120057500961,921.4363513183594,888.6802459716797,921.4363513183594,802.5799600219726,0,0
2020-12-16,892.1048583984375,912.177490234375,920.6691284179688,907.1702270507812,917.461669921875,18561011,0.0011143168239238,919.3258654785157,888.3033752441406,919.3258654785157,803.9540383911133,0,0
2020-12-17,896.1895141601562,916.3540649414062,925.3071899414062,912.4544067382812,915.846435546875,20252358,0.0045786722527796,916.8714514160156,888.2672637939453,916.8714514160156,805.4767852783203,0,0
2020-12-18,898.875,919.0999755859376,925.2610473632812,906.84716796875,913.8158569335938,18466344,0.0029965602112187,914.6354895019532,888.6824981689454,914.6354895019531,807.0407901000976,0,0
2020-12-21,875.4727172851562,895.1712036132812,933.1526489257812,856.1975708007812,927.6146850585938,44135540,-0.0260350802000765,911.9838391113282,889.5896942138672,911.9838391113282,808.4283364868164,0,0
2020-12-22,874.1187744140625,893.7867431640625,904.0320434570312,871.5193481445312,899.4631958007812,28140001,-0.00154652777221,909.2726159667968,889.2737518310547,909.2726159667968,809.8161270141602,0,0
2020-12-23,877.345947265625,897.0864868164062,900.5938720703125,886.379638671875,890.6947021484375,19501410,0.0036919157281867,906.2319079589844,888.8178985595703,906.2319079589844,811.2836187744141,0,0
2020-12-24,900.0485229492188,920.2999267578124,922.4458618164062,898.0325317382812,898.5401611328125,20776988,0.0258764239515205,903.5838720703124,889.8638946533204,903.5838720703125,812.9540164184571,0,0
2020-12-28,904.1782836914062,924.5226440429688,931.3067016601562,920.8306274414062,926.0917358398438,17221499,0.0045883756674087,901.7496069335938,891.0080535888671,901.7496069335938,814.9942849731445,0,0
2020-12-29,898.1979370117188,918.4077758789062,928.6761474609376,914.9464721679688,927.1531982421876,18611939,-0.0066141233289436,900.072861328125,892.3677307128906,900.072861328125,816.9169287109376,0,0
2020-12-30,900.6578369140625,920.9229125976562,926.3224487304688,911.7160034179688,920.8075561523438,22043630,0.0027387058030079,898.4417041015626,893.2839599609375,898.4417041015626,819.0534790039062,0,0
2020-12-31,896.0541381835938,916.2156372070312,928.4915161132812,913.1235961914062,919.9999389648438,18781189,-0.0051114846746267,896.9017175292969,893.8966613769531,896.9017175292969,821.0728309631347,0,0
2021-01-01,897.047119140625,917.23095703125,921.6151733398438,914.6926879882812,917.461669921875,10015175,0.0011081707172784,895.6641320800782,894.4258666992188,895.6641320800782,823.2966400146485,0,0
2021-01-04,898.55908203125,918.7769775390624,922.4920043945312,908.231689453125,920.7383422851562,24513534,0.0016854888203348,894.61611328125,895.4210845947266,894.61611328125,825.5451524353027,1,1
2021-01-05,887.3882446289062,907.3548583984376,915.4310913085938,902.6936645507812,908.6931762695312,24123091,-0.0124319453508736,893.2896105957032,895.5993682861329,893.2896105957032,827.8257562255859,0,1
2021-01-06,863.9860229492188,883.4260864257812,907.3086547851562,879.2264404296875,907.2625122070312,46401468,-0.0263720212898177,892.2528723144532,893.8052764892578,892.2528723144532,830.1024536132812,0,1
2021-01-07,862.5869750976562,881.9954223632812,897.6171875,879.2264404296875,886.3104248046875,32325918,-0.0016192945422738,891.1394055175781,891.1919982910156,891.1394055175781,832.148952178955,0,1
2021-01-08,872.7646484375,892.4022216796875,894.5712890625,882.433837890625,885.1566772460938,27540187,0.0117990111532713,890.4375622558593,889.5378143310547,890.4375622558593,834.5444633483887,-1,0
2021-01-11,856.313232421875,875.58056640625,894.755859375,873.388427734375,894.755859375,33307825,-0.0188497735845256,889.2672265625,887.0881439208985,889.2672265625,836.7255766296387,0,0
2021-01-12,883.3035888671875,903.1782836914062,904.5396728515624,876.8035278320312,878.2341918945312,41161546,0.0315192565330058,888.3875561523438,886.3152160644531,888.3875561523438,838.7324960327148,0,0
2021-01-13,875.0665893554688,894.755859375,911.4390869140624,885.3643798828125,906.177978515625,26619458,-0.0093252191155279,888.9413549804688,885.5129516601562,888.9413549804688,840.7339656066895,0,0
2021-01-14,884.9058837890625,904.8165893554688,907.7240600585938,894.8712768554688,897.6171875,21553242,0.0112440522278891,889.9361169433594,885.1530029296875,889.9361169433594,842.7859674072265,0,0
2021-01-15,874.457275390625,894.1328735351562,910.9083862304688,886.102783203125,904.8165893554688,20593268,-0.0118075928636588,890.15501953125,884.0663909912109,890.15501953125,844.8639866638183,0,0
2021-01-18,895.44482421875,915.5925903320312,921.6151733398438,887.625732421875,899.5093383789062,35100458,0.0240006566572961,890.4163488769532,883.8948822021484,890.4163488769532,846.8614784240723,0,0
2021-01-19,910.0909423828124,930.5682983398438,937.30615234375,920.5306396484376,920.5306396484376,32006615,0.0163562486129067,890.3012561035156,885.6257934570312,890.3012561035156,849.0063424682617,0,0
2021-01-20,927.3773803710938,948.2437133789062,949.7666625976562,923.645751953125,932.8757934570312,30924537,0.0189941874852876,890.3373645019532,888.2887237548828,890.3373645019532,851.2443179321289,0,0
2021-01-21,947.5524291992188,968.8727416992188,978.379638671875,957.6121826171876,960.8426513671876,39087742,0.0217549503094973,890.4714123535156,891.7990478515625,890.4714123535156,853.2967333984375,1,1
2021-01-22,925.0756225585938,945.8900756835938,976.2337036132812,939.2213745117188,974.2261352539062,30532660,-0.0237209107886728,890.944423828125,893.0504028320313,890.944423828125,855.2678240966796,0,1
2021-01-25,876.0595092773438,895.7711791992188,939.1290893554688,891.61767578125,939.1290893554688,54207104,-0.0529860609078425,890.5923767089844,891.6444641113281,890.5923767089844,856.9319381713867,0,1
2021-01-27,855.2976684570312,874.5421752929688,888.38720703125,871.3117065429688,888.38720703125,42370131,-0.0236991215784402,889.6770495605468,889.4994506835938,889.6770495605468,858.5608184814453,-1,0
2021-01-28,846.9703979492188,866.0275268554688,887.6026611328125,863.0046997070312,867.6889038085938,34067814,-0.0097361080415839,888.5419177246093,886.8150787353516,888.5419177246093,860.2355630493164,0,0
2021-01-29,831.3538208007812,850.0596313476562,882.8953247070312,844.544677734375,874.2191162109375,43712383,-0.0184381616952022,887.1761486816406,883.5800628662109,887.1761486816406,861.7917025756836,0,0
2021-02-01,855.4331665039062,874.6806640625,879.1571655273438,852.8516845703125,858.11279296875,34180952,0.0289640164039075,886.3465771484375,881.499365234375,886.3465771484375,863.3436676025391,0,0
2021-02-02,869.1991577148438,888.7564086914062,895.3096923828125,856.0591430664062,883.4260864257812,41470034,0.0160924216525273,885.9191540527344,880.0313690185546,885.9191540527344,864.9203784179688,0,0
2021-02-03,871.38818359375,890.9946899414062,900.84765625,876.8496704101562,889.91015625,30301696,0.0025184399449502,886.200341796875,879.2313659667968,886.200341796875,866.5223950195312,0,0
2021-02-04,868.5220336914062,888.0641479492188,895.3096923828125,879.1571655273438,887.9256591796875,25626981,-0.0032891769205811,885.9620300292969,879.4581665039062,885.9620300292969,867.8289892578125,0,0
2021-02-05,868.2738647460938,887.810302734375,897.4556884765625,886.0797119140625,890.7177734375,20248046,-0.000285737074807,885.5982470703125,879.7425109863282,885.5982470703125,869.1180892944336,0,0
2021-02-08,880.776123046875,900.5938720703125,908.6931762695312,890.2562866210938,892.1022338867188,21183400,0.0143989803314386,885.6311975097656,880.1430847167969,885.6311975097656,870.3670599365234,0,0
2021-02-09,882.8973999023438,902.7628784179688,918.2000732421876,900.9861450195312,905.4396362304688,19604141,0.0024084177578866,885.6632434082031,881.4722930908204,885.6632434082031,871.5982498168945,0,0
2021-02-10,891.08935546875,911.1390991210938,915.9617919921876,889.4486083984375,901.6553344726562,21234156,0.0092784909858294,886.0649426269531,881.8615814208985,886.0649426269531,872.8739617919922,0,0
2021-02-11,927.8287963867188,948.7052001953124,952.6279907226562,910.1930541992188,913.7696533203124,42539278,0.0412298056221782,886.974853515625,884.4996917724609,886.974853515625,874.3360424804688,0,0
2021-02-12,921.46484375,942.1980590820312,958.9966430664062,930.1067504882812,948.6129150390624,30497029,-0.0068589729716324,887.7281481933594,886.3276397705079,887.7281481933594,875.6793600463867,0,0
2021-02-15,917.4027099609376,938.0445556640624,951.2896118164062,934.5371704101562,945.1747436523438,15791099,-0.0044083437546365,888.3469421386719,888.4749114990234,888.3469421386719,877.0709420776367,1,1
2021-02-16,929.5437622070312,950.4589233398438,959.6427612304688,939.1521606445312,941.3442993164062,21421660,0.0132341578177925,889.3647229003906,890.1798583984375,889.3647229003906,878.4665655517579,0,1
2021-02-17,940.2633056640624,961.4195556640624,967.2805786132812,946.3515625,950.6896362304688,23742994,0.0115320481862839,890.4935375976562,891.6884765625,890.4935375976562,879.9155645751953,0,1
2021-02-18,933.2449340820312,954.2432250976562,973.0262451171876,950.2742919921876,962.2271728515624,18646877,-0.0074642619144584,891.1610791015624,891.9818542480468,891.1610791015624,881.2266088867187,0,1
2021-02-19,938.9318237304688,960.05810546875,971.43408203125,947.5975952148438,949.30517578125,23403483,0.0060936732049141,891.6426647949219,891.5508239746093,891.6426647949219,882.4439651489258,-1,0
2021-02-22,906.3447265625,926.73779296875,964.488525390625,920.6691284179688,959.919677734375,23804335,-0.0347065637188619,891.6525927734375,890.6142791748047,891.6525927734375,883.4649887084961,0,0
2021-02-23,913.27294921875,933.8218383789062,947.4130249023438,929.2760620117188,945.1516723632812,25644108,0.0076441363348873,891.8119189453125,892.474951171875,891.8119189453125,884.7378460693359,1,1
2021-02-24,930.2208862304688,951.1511840820312,953.112548828125,935.06787109375,936.8446655273438,10807663,0.0185573623156327,892.44109375,896.2211120605468,892.44109375,886.0255651855468,0,1
2021-02-25,967.84033203125,989.6171875,993.1476440429688,956.6891479492188,958.0736694335938,34855693,0.0404414116664553,893.9756628417969,902.2646087646484,893.9756628417969,887.637360534668,0,1
2021-02-26,941.4141845703124,962.5963745117188,984.7944946289062,955.627685546875,976.9951782226562,37481215,-0.02730424284497,894.9618493652343,907.767626953125,894.9618493652343,889.064319152832,0,1
2021-03-01,948.590576171875,969.9342041015624,974.6876831054688,951.8433837890624,973.85693359375,17680764,0.0076229907294609,896.0098706054688,912.4254974365234,896.0098706054688,890.5690768432618,0,1
2021-03-02,950.5313720703124,971.9186401367188,982.99462890625,964.1193237304688,979.3026733398438,17150760,0.0020459784728936,897.042998046875,916.4921081542968,897.042998046875,892.155124206543,0,1
2021-03-03,993.9056396484376,1016.268798828125,1024.4835205078125,972.4724731445312,978.8642578125,31924461,0.0456316002318297,899.4116564941406,922.6179809570312,899.4116564941406,893.9023028564453,0,1
2021-03-04,982.0578002929688,1004.1544189453124,1010.6615600585938,995.7781982421876,1006.0696411132812,21435754,-0.0119204870994188,901.5704370117188,928.2947692871094,901.5704370117187,895.573273010254,0,1
2021-03-05,983.3440551757812,1005.4696655273438,1020.8145751953124,993.6322021484376,994.99365234375,25511666,0.0013097547643619,903.690399169922,934.0482788085938,903.6903991699219,897.2724755859375,0,1
2021-03-08,988.94091796875,1011.1923217773438,1030.021484375,1000.5316772460938,1000.7623901367188,19506841,0.0056916628147696,905.4682470703124,939.4565185546875,905.4682470703125,899.0165200805664,0,1
2021-03-09,988.9181518554688,1011.169189453125,1021.6683349609376,990.6555786132812,1015.2996215820312,15154484,-2.3020701103160235e-05,907.1630444335938,944.7575561523438,907.1630444335938,900.7121276855469,0,1
2021-03-10,984.8109130859376,1006.9695434570312,1022.268310546875,1001.5700073242188,1018.5301513671876,11519358,-0.0041532646173243,908.895303955078,949.4436340332031,908.8953039550781,902.3271890258789,0,1
2021-03-12,964.7939453125,986.5020751953124,1018.2532348632812,980.1795043945312,1012.9921264648438,16864952,-0.0203256965448461,910.1780261230468,951.2918914794922,910.1780261230468,903.8598089599609,0,1
2021-03-15,951.8402099609376,973.2570190429688,991.7169799804688,960.150390625,987.6327514648438,16698099,-0.0134264268702127,911.2937475585936,952.810659790039,911.2937475585937,905.2019076538086,0,1
2021-03-16,948.0941162109376,969.4265747070312,981.148681640625,967.0729370117188,975.6106567382812,13873801,-0.0039356330094036,912.3146875,954.3452301025391,912.3146875,906.4907763671876,0,1
2021-03-17,927.6708374023438,948.543701171875,970.5341796875,939.1983032226562,968.249755859375,19210236,-0.0215414044443347,912.896922607422,954.2515838623046,912.8969226074219,907.6641549682618,0,1
2021-03-18,906.796142578125,927.1993408203124,962.1348876953124,923.461181640625,956.6430053710938,20647480,-0.0225022647932664,913.2850805664062,952.5782257080078,913.2850805664062,908.6474151611328,0,1
2021-03-19,939.6990966796876,960.8426513671876,967.2344360351562,915.0618896484376,918.84619140625,41787429,0.0362848412742644,914.7993420410156,952.9009338378906,914.7993420410156,909.7909197998047,0,1
2021-03-22,930.852783203125,951.7972412109376,957.150634765625,938.3214721679688,955.7661743164062,18572478,-0.0094139852936114,916.164658203125,952.4969818115235,916.164658203125,910.9176132202149,0,1
2021-03-23,942.1814575195312,963.3809204101562,973.626220703125,948.8436889648438,951.589599609375,17421165,0.0121702105003367,917.5529943847656,954.288818359375,917.5529943847656,912.1736593627929,0,1
2021-03-24,924.0374755859376,944.82861328125,959.8042602539062,941.644287109375,959.8042602539062,16822814,-0.0192574177604397,918.9074792480468,954.8270446777344,918.9074792480469,913.2603204345703,0,1
2021-03-25,898.829833984375,919.0538330078124,947.920654296875,916.0771484375,947.920654296875,22001648,-0.0272798909866488,919.2180041503906,953.2574920654297,919.2180041503906,914.298371887207,0,1
2021-03-26,900.2741088867188,920.5306396484376,929.3222045898438,910.8622436523438,928.5376586914062,20180202,0.0016068390786958,919.7221545410156,949.8791809082031,919.7221545410156,915.2287939453125,0,1
2021-03-30,915.9132080078124,936.5216064453124,945.5670166015624,919.0999755859376,926.691650390625,20441701,0.0173714860471028,920.3423010253906,948.6041320800781,920.3423010253906,916.1795364379883,0,1
2021-03-31,904.0880126953124,924.4302978515624,946.0285034179688,922.5381469726562,931.3067016601562,16250796,-0.0129108251842123,920.9349157714844,946.37900390625,920.9349157714844,917.0640728759765,0,1
2021-04-01,912.5507202148438,933.0834350585938,936.8446655273438,924.453369140625,931.3067016601562,11723312,0.0093604907937026,921.2770336914062,944.4799713134765,921.2770336914062,917.9962045288086,0,1
2021-04-05,899.3489379882812,919.5845947265624,934.5371704101562,905.5088500976562,934.5140991210938,14875099,-0.0144669024242887,921.0621936035157,939.7521362304688,921.0621936035157,918.7711880493164,0,1
2021-04-06,895.6027221679688,915.754150390625,925.2841186523438,908.6931762695312,924.845703125,14009194,-0.0041654753367389,920.4267004394532,935.4293823242188,920.4267004394532,919.2948162841797,0,1
2021-04-07,903.9751586914062,924.31494140625,944.64404296875,919.9076538085938,922.9996948242188,24266353,0.0093483821745992,919.5551550292968,931.4609375,919.5551550292969,919.8900869750977,0,1
2021-04-08,905.1035766601562,925.4686889648438,933.1526489257812,919.7691650390624,928.076171875,15369188,0.0012482842674388,919.1557141113282,927.2690704345703,919.1557141113282,920.5477514648437,0,1
2021-04-09,894.5872802734375,914.7157592773438,925.93017578125,913.7696533203124,922.2843627929688,14037885,-0.0116188872278286,919.52626953125,922.5525268554687,919.52626953125,921.137214050293,0,1
2021-04-12,862.5869750976562,881.9954223632812,905.185791015625,876.965087890625,904.0781860351562,20901482,-0.035771026350833,919.6720556640626,916.4413299560547,919.6720556640626,921.5890386962891,-1,0
2021-04-13,871.9072265625,891.525390625,895.5866088867188,885.0874633789062,887.9256591796875,19411189,0.0108049990712977,920.170792236328,911.7969940185546,920.1707922363281,922.0340844726562,0,0
2021-04-15,877.5490112304688,897.2941284179688,905.0011596679688,882.8491821289062,888.9871215820312,19723716,0.0064706249656991,921.094696044922,908.0824340820312,921.0946960449219,922.5489190673828,0,0
2021-04-16,872.0425415039062,891.663818359375,899.8785400390625,889.0563354492188,893.7406005859375,15656948,-0.0062748287059676,921.426883544922,904.2798553466797,921.4268835449219,923.0790374755859,0,0
2021-04-19,858.3216552734375,877.6342163085938,884.4182739257812,872.2346801757812,878.6956787109375,18478808,-0.015734193663082,921.2093334960938,900.8123962402344,921.2093334960938,923.4652578735352,0,0
2021-04-20,858.073486328125,877.3804321289062,885.6181640625,872.4423828125,881.6954345703125,17203668,-0.0002891328021235,920.9430395507812,898.3762634277343,920.9430395507812,923.7830047607422,0,0
2021-04-22,860.4430541992188,879.8032836914062,883.5183715820312,866.0967407226562,873.2730712890625,14490954,0.0027614975976399,920.7814599609376,894.413461303711,920.7814599609375,924.0504266357422,0,0
2021-04-23,859.5178833007812,878.8572387695312,885.572021484375,874.7037353515625,879.6187133789062,11828857,-0.0010752261801898,920.6063403320312,890.8467163085937,920.6063403320312,924.1690179443359,0,0
2021-04-26,874.6378173828125,894.3174438476562,905.4627075195312,882.1569213867188,886.0797119140625,20846778,0.0175911803300317,920.48357421875,887.4695343017578,920.48357421875,924.4271871948242,0,0
2021-04-27,897.5661010742188,917.7616577148438,921.7074584960938,894.5020751953125,895.3096923828125,19992524,0.0262146036173176,920.7769482421876,886.1459655761719,920.7769482421875,924.8574313354492,0,0
2021-04-28,901.47021484375,921.7536010742188,926.691650390625,913.8389282226562,922.0074462890624,17122437,0.004349667132993,920.9845654296874,886.2779846191406,920.9845654296874,925.2479571533203,0,0
2021-04-29,913.543701171875,934.0987548828124,943.5364379882812,926.36865234375,933.5679931640624,17412606,0.0133931062050871,920.6988635253906,886.9414642333984,920.6988635253906,925.5774383544922,0,0
2021-04-30,900.2064208984375,920.46142578125,939.6136474609376,917.2540283203124,926.9224243164062,19828769,-0.0145994989143143,920.2736950683594,886.1561248779296,920.2736950683594,925.711713256836,0,0
2021-05-03,884.206298828125,904.1012573242188,913.3081665039062,896.7403564453125,907.3086547851562,23640186,-0.0177738368654867,919.6097668457032,885.1620391845703,919.6097668457031,925.806608581543,0,0
2021-05-04,865.0467529296875,884.5105590820312,908.139404296875,881.9262084960938,899.9246826171875,21849830,-0.0216686376514513,918.3198266601562,882.7868408203125,918.3198266601562,925.9704467773438,0,0
2021-05-05,866.6264038085938,886.1258544921875,894.617431640625,880.5647583007812,887.625732421875,12393609,0.001826087287833,916.8470886230468,881.1507141113282,916.8470886230468,926.1435369873047,0,0
2021-05-06,871.5460205078125,891.1561889648438,893.002197265625,879.8955688476562,886.9334716796875,14624666,0.0056767445321286,915.6131103515625,879.9478790283204,915.6131103515625,926.1870913696289,0,0
2021-05-07,871.884521484375,891.5023193359375,902.5321655273438,888.8486938476562,894.2713012695312,12288548,0.0003883913971236,914.2721643066408,878.3433471679688,914.2721643066407,926.2138333129883,0,0
2021-05-10,869.379638671875,888.9409790039062,898.4478759765625,886.5181274414062,894.8482055664062,13941237,-0.0028729524963184,913.532862548828,876.5571502685547,913.5328625488281,926.1114907836914,0,0
2021-05-11,872.5164794921875,892.1484375,894.6405029296875,881.4646606445312,883.772216796875,13478264,0.0036081369758147,912.7177331542968,875.4536102294921,912.7177331542969,925.9516021728516,0,0
2021-05-12,863.4895629882812,882.9183959960938,892.0330200195312,880.0802001953125,890.7408447265625,13177961,-0.0103458406988026,911.3831066894531,875.4987396240234,911.3831066894531,925.6251672363281,0,0
2021-05-14,874.3895874023438,894.0636596679688,896.232666015625,879.6187133789062,889.7947387695312,13291616,0.0126232265927346,909.514091796875,875.6228576660156,909.514091796875,925.1538510131836,0,0
2021-05-17,884.7930908203125,904.7012329101562,906.1318359375,890.8792724609375,894.0636596679688,11873078,0.0118980184209143,908.381669921875,875.9850616455078,908.381669921875,924.7118722534179,0,0
2021-05-18,897.2501220703125,917.4385986328124,924.1995849609376,910.3084106445312,914.231201171875,12064918,0.014079033142597,907.3548608398436,877.2454406738282,907.3548608398437,924.283659362793,0,0
2021-05-19,901.3573608398438,921.6382446289062,930.5913696289062,910.0776977539062,913.7696533203124,16317002,0.0045775850774523,906.3713806152344,879.3972259521485,906.3713806152343,924.0588897705078,0,0
2021-05-20,896.0991821289062,916.2617797851562,928.030029296875,914.231201171875,922.030517578125,11422532,-0.0058336226444505,904.4152514648438,881.2985107421875,904.4152514648438,923.7802969360351,0,0
2021-05-21,903.8397827148438,924.176513671875,927.4300537109376,916.5386962890624,919.3076782226562,10785605,0.0086381069643961,902.8508911132812,883.4683471679688,902.8508911132812,923.6346258544922,0,0
2021-05-24,896.2119750976562,916.3771362304688,927.5223999023438,914.6926879882812,926.691650390625,8551760,-0.0084393360007632,901.1082495117188,885.3030517578125,901.1082495117188,923.581930847168,0,0
2021-05-25,886.0568237304688,905.993408203125,921.6151733398438,904.5396728515624,921.3382568359376,14780102,-0.0113311935673264,899.0505676269531,885.8740020751953,899.0505676269531,923.1589080810547,0,0
2021-05-26,889.1710815429688,909.177734375,913.5389404296876,906.9856567382812,911.462158203125,7480204,0.0035147382527775,897.0556262207032,885.4542510986328,897.0556262207032,922.8059567260742,0,0
2021-05-27,891.9016723632812,911.9698486328124,919.7691650390624,905.5780639648438,909.2931518554688,26819294,0.0030709397516326,895.19744140625,884.9758239746094,895.19744140625,922.4493942260742,0,0
2021-05-28,945.476318359375,966.7498779296876,971.4571533203124,918.3847045898438,918.3847045898438,56469931,0.060067883777072,894.8110888671876,886.5724548339844,894.8110888671876,922.3328350830078,0,0
2021-05-31,975.039306640625,996.9780883789062,1011.4691772460938,962.250244140625,970.0726318359376,59124142,0.0312678252296669,895.2750708007812,890.3140991210937,895.2750708007812,922.4241189575196,0,0
2021-06-01,978.9210205078124,1000.947021484375,1016.22265625,990.609375,999.608642578125,28013832,0.0039810844965433,895.8916088867187,895.0498352050781,895.8916088867187,922.503330078125,0,0
2021-06-02,993.5219116210938,1015.8765258789062,1019.6838989257812,995.4551391601562,995.4551391601562,24630162,0.0149152902097322,897.2086303710937,901.4735931396484,897.2086303710937,922.6695376586914,1,1
2021-06-03,997.313232421875,1019.7531127929688,1038.3746337890625,1013.4998168945312,1024.9910888671875,23974257,0.0038160414545815,899.0189721679687,908.0079345703125,899.0189721679687,922.8672265625,0,1
2021-06-04,988.669921875,1010.9154052734376,1022.8912963867188,1008.031005859375,1022.1298217773438,14468646,-0.0086665956751477,899.998388671875,913.8641296386719,899.998388671875,923.040316772461,0,1
2021-06-07,1005.324462890625,1027.9447021484375,1034.6826171875,1008.3771362304688,1016.22265625,16336573,0.0168454007218505,901.487822265625,920.5361267089844,901.487822265625,923.3473428344727,0,1
2021-06-08,999.54736328125,1022.0375366210938,1027.829345703125,1014.4458618164062,1027.5755615234375,9674735,-0.0057465025696917,902.6351403808594,927.0445129394532,902.6351403808594,923.5641006469726,0,1
2021-06-09,981.674072265625,1003.7621459960938,1024.9910888671875,995.8935546875,1024.068115234375,11409161,-0.0178813847869616,903.7878723144532,932.502392578125,903.7878723144531,923.6621551513672,0,1
2021-06-10,985.2849731445312,1007.4541625976562,1029.1446533203125,1004.93896484375,1012.2537231445312,14155653,0.0036783093094967,905.5169750976562,938.5921630859375,905.5169750976562,923.8561212158203,0,1
2021-06-11,1002.375244140625,1021.3683471679688,1028.2216796875,1006.1157836914062,1007.4080200195312,13762778,0.0173455106511473,907.5589978027344,944.9914459228515,907.5589978027343,924.1698406982422,0,1
2021-06-14,1016.75537109375,1036.02099609375,1042.1820068359375,1013.0151977539062,1022.22216796875,20332436,0.0143460515781728,909.5758410644532,951.5895599365234,909.5758410644531,924.524091796875,0,1
2021-06-15,1019.065185546875,1038.3746337890625,1049.865966796875,1033.8980712890625,1043.451171875,15174215,0.0022717504316109,911.8753845214844,957.6803131103516,911.8753845214844,924.9206967163086,0,1
2021-06-16,1001.6732177734376,1020.6530151367188,1037.01318359375,1017.9993896484376,1036.02099609375,10797349,-0.0170665900671546,913.6578344726564,962.6961059570312,913.6578344726563,925.1057705688477,0,1
2021-06-17,1003.5075073242188,1022.5220947265624,1031.4521484375,1006.0234985351562,1015.2996215820312,15745975,0.0018312255117076,915.741005859375,968.0665222167969,915.741005859375,925.3602700805664,0,1
2021-06-18,1008.0367431640624,1027.1370849609375,1031.4521484375,1008.0771484375,1027.06787109375,29369026,0.0045134050386135,917.9896862792968,973.2763702392579,917.9896862792968,925.6248910522461,0,1
2021-06-21,1013.2905883789062,1032.490478515625,1037.2208251953125,1015.368896484375,1016.9149169921876,12186448,0.0052119580466412,920.1759948730468,979.1303009033203,920.1759948730469,925.9957824707031,0,1
2021-06-22,1008.08203125,1027.1832275390625,1043.451171875,1024.2296142578125,1040.2205810546875,12871913,-0.0051402403107672,922.2355639648438,985.2315612792969,922.2355639648438,926.3258486938477,0,1
2021-06-23,998.8425903320312,1017.7686767578124,1038.6514892578125,1016.0841674804688,1038.3746337890625,16653951,-0.0091653661423882,924.3206701660156,990.71513671875,924.3206701660156,926.5173056030274,0,1
2021-06-24,975.3587036132812,993.8399047851562,1022.0375366210938,987.6096801757812,1018.4609375,91461975,-0.0235110986916803,926.576104736328,994.88798828125,926.5761047363281,926.6276763916015,0,1
2021-06-25,953.14306640625,971.2033081054688,993.8399047851562,960.4273071289062,993.8399047851562,55355022,-0.0227768892867126,928.2008215332032,995.2713256835938,928.2008215332031,926.7056155395508,0,1
2021-06-28,944.7868041992188,962.6886596679688,981.37939453125,960.3811645507812,979.3026733398438,20277042,-0.0087670597432323,929.545577392578,993.7587005615235,929.5455773925781,926.7295874023438,0,1
2021-06-29,945.60205078125,963.5193481445312,973.3031616210938,961.8118286132812,964.3038940429688,27144063,0.0008628894671345,931.016767578125,992.0927520751953,931.016767578125,926.7024588012696,0,1
2021-06-30,955.951171875,974.0646362304688,979.6026000976562,965.0192260742188,967.4190063476562,19762858,0.0109444782667291,932.9693579101564,990.2142150878906,932.9693579101563,926.6046484375,0,1
2021-07-01,950.1991577148438,968.20361328125,979.8333740234376,966.8421630859376,977.4566650390624,12534407,-0.0060170585374923,934.8118713378906,987.858511352539,934.8118713378906,926.1335897827148,0,1
2021-07-02,964.2848510742188,982.5562133789062,984.3330078125,965.8960571289062,967.76513671875,14086620,0.0148239379555439,936.8887072753906,986.6392578125,936.8887072753906,925.7199835205079,0,1
2021-07-05,973.8640747070312,992.3169555664062,993.8629760742188,983.6868896484376,985.9713134765624,11702287,0.0099340185860445,939.1756311035156,985.0662384033203,939.1756311035156,925.3930880737305,0,1
2021-07-06,962.3599853515624,980.5948486328124,991.7169799804688,978.4719848632812,989.8941040039062,10070124,-0.0118128285602173,940.9300744628906,983.2068695068359,940.9300744628906,924.9718881225585,0,1
2021-07-07,955.679443359375,973.7877197265624,981.956298828125,968.2266845703124,981.956298828125,10454892,-0.0069418326757911,942.0923413085936,981.9071380615235,942.0923413085937,924.5044229125976,0,1
2021-07-08,947.7759399414062,965.7345581054688,976.9721069335938,960.3811645507812,976.9721069335938,11185460,-0.0082700360177117,943.0184558105468,980.0316864013672,943.0184558105469,924.0556622314454,0,1
2021-07-09,938.0836181640624,955.8584594726562,965.3192138671876,953.5048217773438,963.6116333007812,9037675,-0.0102263851284757,943.5092541503906,976.817105102539,943.5092541503906,923.5427563476562,0,1
2021-07-12,943.92626953125,961.8118286132812,969.8419189453124,957.3814086914062,959.8042602539062,8585292,0.0062282841892307,944.3836511230468,973.175650024414,944.3836511230469,923.1715606689453,0,1
2021-07-13,950.9917602539062,969.01123046875,970.5572509765624,963.6347045898438,969.149658203125,6717133,0.0074852146303385,945.7193603515624,969.7719787597656,945.7193603515625,922.9365682983398,0,1
2021-07-14,944.7868041992188,962.6886596679688,972.3109130859376,960.4965209960938,969.3111572265624,8532544,-0.0065247211532419,947.3141613769532,966.9276580810547,947.3141613769532,922.6262069702149,0,1
2021-07-15,943.1336669921876,961.0042114257812,966.8421630859376,959.2274169921876,966.8421630859376,9448356,-0.0017497462916327,948.844306640625,963.9089660644531,948.844306640625,922.4195129394532,0,1
2021-07-16,956.7437744140624,974.8722534179688,975.956787109375,963.4270629882812,963.4962768554688,8828185,0.0144307301268118,950.54826171875,961.3443176269532,950.54826171875,922.2346063232421,0,1
2021-07-19,950.652099609375,968.6651000976562,980.2256469726562,965.5730590820312,969.149658203125,8354449,-0.0063670911351558,952.12361328125,958.2123931884765,952.12361328125,921.9864065551758,0,1
2021-07-20,948.3195190429688,966.288330078125,972.8416748046876,961.7656860351562,968.9188842773438,6741464,-0.002453663719214,953.702410888672,955.224267578125,953.7024108886719,921.661549987793,0,1
2021-07-22,960.5029296875,978.7026977539062,980.1795043945312,968.2958984375,977.9181518554688,7972397,0.012847368845499,955.462139892578,953.3072845458985,955.4621398925781,921.4217572021485,-1,0
2021-07-23,953.7092895507812,971.7802124023438,985.04833984375,970.095703125,985.04833984375,9937030,-0.007073003034909,957.266534423828,952.2248138427734,957.2665344238281,921.1685324096679,0,0
2021-07-26,940.642578125,958.4659423828124,978.8411254882812,955.8123168945312,972.8416748046876,12389668,-0.0137009375592178,958.5915942382812,951.5997894287109,958.5915942382812,920.8794250488281,0,0
2021-07-27,930.746337890625,948.3821411132812,961.627197265625,942.3826904296876,958.44287109375,10824523,-0.0105207232422982,959.5106591796877,950.8977661132812,959.5106591796875,920.5450109863282,0,0
2021-07-28,922.7523193359376,940.2366943359376,949.7666625976562,930.4990234375,949.7666625976562,12897848,-0.0085888262239145,960.020703125,949.7552795410156,960.020703125,920.064221496582,0,0
2021-07-29,929.9536743164062,947.5745239257812,957.3352661132812,943.0287475585938,947.920654296875,13765738,0.0078042122783836,960.5926293945312,948.4554046630859,960.5926293945313,919.6606243896484,0,0
2021-07-30,921.8237915039062,939.2906494140624,954.3585815429688,937.352294921875,949.7666625976562,11350608,-0.0087422449494337,961.1071215820313,947.0366363525391,961.1071215820313,919.2294671630859,0,0
2021-08-02,938.6724243164062,956.4584350585938,959.6427612304688,941.9904174804688,948.0591430664062,10925104,0.0182774983329647,961.8037744140624,945.7560150146485,961.8037744140624,918.8744296264648,0,0
2021-08-03,945.5794067382812,963.4962768554688,964.9961547851562,952.6279907226562,964.53466796875,11817299,0.007358245797947,962.791123046875,944.3417816162109,962.791123046875,918.455419921875,0,0
2021-08-04,952.8261108398438,970.8803100585938,975.6106567382812,963.150146484375,966.5652465820312,13169800,0.007663771069803,964.1265087890624,943.865087890625,964.1265087890625,918.0572988891602,0,0
2021-08-05,966.64013671875,984.9560546875,994.4398193359376,971.1110229492188,975.7490844726562,21252078,0.0144979505932412,965.675889892578,944.4131225585937,965.6758898925781,917.9110418701172,0,0
2021-08-06,946.168212890625,964.0962524414062,990.8170776367188,959.3427734375,982.9715576171876,16620987,-0.0211784334733055,966.761220703125,944.3327362060547,966.761220703125,917.7317068481445,0,0
2021-08-09,940.7783813476562,958.6043701171876,964.4423828125,953.6893920898438,960.3811645507812,7494143,-0.0056964834260309,966.6672619628906,944.4674743652344,966.6672619628906,917.5245202636719,0,0
2021-08-10,945.7151489257812,963.6347045898438,975.149169921875,957.0352783203124,960.8426513671876,11919198,0.0052475351007248,966.0807788085938,944.556918334961,966.0807788085938,917.3878286743164,0,0
2021-08-11,958.963134765625,977.1336059570312,978.379638671875,961.48876953125,967.7420654296876,9184963,0.0140084314551711,965.68162109375,944.9554870605468,965.68162109375,917.3880123901367,0,0
2021-08-12,955.88330078125,973.9954223632812,981.240966796875,971.4571533203124,980.6409912109376,8137612,-0.0032116291781412,964.9288488769532,945.5103118896484,964.9288488769531,917.4126287841797,0,0
2021-08-13,971.8032836914062,990.2171020507812,992.1785278320312,973.2800903320312,977.1336059570312,12780901,0.0166547348375525,964.4186499023438,946.9437927246094,964.4186499023438,917.5030783081055,0,0
2021-08-16,984.4171752929688,1003.0698852539062,1016.6841430664062,982.140869140625,991.9246826171876,21935444,0.0129798816419393,964.3335949707032,948.3274627685547,964.3335949707031,917.8460494995118,0,0
2021-08-17,980.2275390625,998.801025390625,1008.4694213867188,991.232421875,1000.9239501953124,12658169,-0.004255956047518,963.8316564941406,949.8062347412109,963.8316564941406,918.1558856201171,0,0
2021-08-18,984.0321044921876,1002.6776123046876,1009.2078247070312,993.424560546875,1003.3006591796876,10075860,0.0038813084493896,963.5213513183594,951.5918640136719,963.5213513183594,918.536762084961,0,0
2021-08-20,972.9808959960938,991.4170532226562,1002.3776245117188,986.2251586914062,988.994140625,9426282,-0.0112305365299,963.3474877929688,952.2157623291016,963.3474877929688,918.8275164794921,0,0
2021-08-23,979.3671264648438,997.9241943359376,1003.3006591796876,984.0560913085938,1003.3006591796876,9854395,0.0065635723116763,963.229130859375,953.4986541748046,963.229130859375,919.0879165649415,0,0
2021-08-24,989.036865234375,1007.7772216796876,1011.607666015625,994.8090209960938,999.1702270507812,11864472,0.0098734565498797,962.96236328125,955.9183685302735,962.96236328125,919.7962176513672,0,0
2021-08-25,997.5969848632812,1016.49951171875,1024.5296630859375,1006.1157836914062,1008.561767578125,13380559,0.0086550056219367,962.5791955566406,959.2609008789062,962.5791955566406,920.6083636474609,0,0
2021-08-26,1010.2108154296876,1029.352294921875,1036.02099609375,1017.6071166992188,1018.9916381835938,18589616,0.0126442148059771,962.4021081542968,963.6338256835937,962.4021081542969,921.3418569946289,1,1
2021-08-27,1008.8292846679688,1027.9447021484375,1035.02880859375,1022.7067260742188,1032.3751220703125,10480636,-0.001367566789642,962.5452294921874,967.5776062011719,962.5452294921874,921.9741116333008,0,1
2021-08-30,1028.2366943359375,1047.719970703125,1050.304443359375,1032.2828369140625,1038.3746337890625,14027062,0.0192375558113939,963.039813232422,972.8982513427734,963.0398132324219,922.5360671997071,0,1
2021-08-31,1022.7566528320312,1042.1358642578125,1053.9501953125,1034.7979736328125,1050.7889404296875,26485463,-0.0053295525573957,963.3342114257812,977.1024627685547,963.3342114257813,923.0219906616211,0,1
2021-09-01,1026.810302734375,1046.2662353515625,1058.1729736328125,1044.3741455078125,1048.9891357421875,11145486,0.0039634549343865,963.6046057128906,981.1640075683594,963.6046057128906,923.4517919921875,0,1
2021-09-02,1039.175048828125,1058.865234375,1065.04931640625,1040.68212890625,1040.68212890625,9956770,0.0120418991325106,964.2264660644532,985.4814544677735,964.2264660644531,924.1405419921875,0,1
2021-09-03,1081.7945556640625,1102.2923583984375,1105.2921142578125,1062.6033935546875,1066.0645751953125,30664428,0.0410128273229803,965.8855053710936,991.2391754150391,965.8855053710937,925.081205444336,0,1
2021-09-06,1098.597900390625,1119.4140625,1144.5196533203125,1113.1375732421875,1113.59912109375,33641710,0.015532842755201,968.3502893066408,998.8606597900391,968.3502893066407,926.0688748168945,0,1
2021-09-07,1105.52734375,1126.4749755859375,1134.3665771484375,1113.1375732421875,1121.444580078125,17349882,0.0063075337727398,971.3979748535156,1007.0981079101563,971.3979748535156,927.077876586914,0,1
2021-09-08,1101.2020263671875,1122.067626953125,1132.5206298828125,1110.6685791015625,1131.59765625,14301651,-0.0039124472201119,974.526279296875,1014.8724517822266,974.526279296875,928.0856753540039,0,1
2021-09-09,1098.597900390625,1119.4140625,1125.0673828125,1115.02978515625,1120.4754638671875,8963249,-0.0023648031098829,977.5861962890624,1021.8541900634766,977.5861962890625,929.0941061401368,0,1
2021-09-13,1074.1175537109375,1094.469970703125,1122.8291015625,1092.854736328125,1122.8291015625,16311160,-0.0222832636681565,979.9495239257812,1027.765902709961,979.9495239257812,930.0118423461914,0,1
2021-09-14,1072.71337890625,1093.039306640625,1104.83056640625,1091.9085693359375,1096.0621337890625,8908356,-0.0013072822428386,982.3998083496094,1032.8114074707032,982.3998083496094,931.0887652587891,0,1
2021-09-15,1077.1746826171875,1097.5850830078125,1105.63818359375,1093.0623779296875,1093.0623779296875,9071075,0.0041588963078713,984.6576049804688,1037.449282836914,984.6576049804687,932.0724505615234,0,1
2021-09-16,1099.775390625,1120.6138916015625,1124.5596923828125,1092.3701171875,1099.0849609375,13448882,0.0209814697398011,987.175831298828,1043.426675415039,987.1758312988281,933.1390124511719,0,1
2021-09-17,1082.72265625,1103.2384033203125,1133.3743896484375,1096.3389892578125,1128.82861328125,34882133,-0.015505651899802,989.5830847167967,1048.3612030029296,989.5830847167969,934.1569827270508,0,1
2021-09-20,1084.444091796875,1104.9921875,1116.068115234375,1093.754638671875,1094.7237548828125,11779819,0.0015899136652752,992.1583776855468,1053.9343627929688,992.1583776855468,935.1727276611329,0,1
2021-09-21,1089.1318359375,1109.7686767578125,1115.260498046875,1100.215576171875,1109.9071044921875,9915736,0.0043227162894654,994.9854956054688,1059.4225982666017,994.9854956054687,936.2633648681641,0,1
2021-09-22,1100.81689453125,1121.6754150390625,1126.9825439453125,1106.7919921875,1111.2916259765625,10995912,0.0107287825111563,998.2401611328124,1065.0115997314454,998.2401611328125,937.3557830810547,0,1
2021-09-23,1127.72021484375,1149.0885009765625,1152.3651123046875,1128.597900390625,1129.4747314453125,15748397,0.0244394144440851,1001.9160400390624,1071.5177612304688,1001.9160400390625,938.5753836059571,0,1
2021-09-24,1124.459228515625,1145.765625,1156.2647705078125,1140.82763671875,1155.387939453125,15192163,-0.0028916625641731,1005.3853894042968,1077.2301818847657,1005.3853894042969,939.7653646850586,0,1
2021-09-27,1143.3685302734375,1165.033203125,1167.5484619140625,1142.3505859375,1147.7501220703125,15373834,0.0168163516099861,1009.3570239257812,1083.9571441650392,1009.3570239257813,941.0889337158203,0,1
2021-09-28,1154.057373046875,1175.9246826171875,1183.700927734375,1159.65673828125,1169.4405517578125,18035258,0.0093485542853635,1013.575498046875,1090.2481781005858,1013.575498046875,942.4401077270508,0,1
2021-09-29,1144.90869140625,1166.6024169921875,1186.0545654296875,1163.002685546875,1186.0545654296875,9719875,-0.0079274062575166,1017.3387963867189,1096.355780029297,1017.3387963867187,943.6653118896485,0,1
2021-09-30,1141.0133056640625,1162.6334228515625,1169.717529296875,1153.9111328125,1165.287109375,13590654,-0.0034023549401157,1021.1460205078124,1102.0659301757812,1021.1460205078125,944.7961157226563,0,1
2021-10-01,1143.0289306640625,1164.6871337890625,1172.1173095703125,1151.442138671875,1154.6495361328125,8958928,0.0017665219064442,1025.0402087402344,1107.2586242675782,1025.0402087402344,945.9820187377929,0,1
2021-10-04,1157.7259521484375,1179.662841796875,1188.2928466796875,1170.84814453125,1178.2091064453125,10918552,0.0128579610630121,1028.9846691894531,1111.055194091797,1028.9846691894531,947.2441152954102,0,1
2021-10-05,1181.75341796875,1204.1453857421875,1205.4376220703125,1175.6015625,1179.17822265625,13533634,0.0207540184926526,1033.5455517578123,1115.2129699707032,1033.5455517578125,948.6590716552735,0,1
2021-10-06,1159.4019775390625,1181.370361328125,1209.1064453125,1177.332275390625,1209.1064453125,10258881,-0.0189137937659669,1037.9207397460937,1117.9067016601562,1037.9207397460937,950.0005221557617,0,1
2021-10-07,1165.0860595703125,1187.1622314453125,1199.32275390625,1184.9931640625,1197.592041015625,6336665,0.0049025981854153,1042.6075341796875,1121.1009033203125,1042.6075341796875,951.3654281616211,0,1
2021-10-08,1209.857177734375,1232.781494140625,1238.8502197265625,1191.36181640625,1193.0924072265625,15772493,0.0384273056881088,1048.3496313476562,1126.6638671875,1048.3496313476562,952.9337664794922,0,1
2021-10-11,1201.4326171875,1224.197509765625,1255.279541015625,1220.82861328125,1246.6956787109375,14768666,-0.0069632686418831,1053.779210205078,1133.0296203613282,1053.779210205078,954.4465545654297,0,1
2021-10-12,1208.2943115234375,1231.189208984375,1238.2041015625,1218.9364013671875,1220.6671142578125,6682011,0.0057112602386311,1059.5086206054686,1139.8086669921875,1059.5086206054686,956.1106625366211,0,1
2021-10-13,1220.59130859375,1243.718994140625,1255.048828125,1231.8814697265625,1236.3580322265625,9959762,0.0101771538217441,1065.1469982910155,1146.9794982910157,1065.1469982910157,957.8430252075195,0,1
2021-10-14,1223.0595703125,1246.234130859375,1254.102783203125,1240.142333984375,1246.2110595703125,8623469,0.0020221852321673,1070.6966015625,1153.1437072753906,1070.6966015625,959.5715933227539,0,1
2021-10-18,1226.320556640625,1249.5570068359375,1266.8170166015625,1228.6510009765625,1231.5584716796875,13594479,0.0026662530650831,1076.1664904785157,1160.3236022949218,1076.1664904785157,961.2029534912109,0,1
2021-10-19,1237.3037109375,1260.748291015625,1269.74755859375,1249.7415771484375,1257.033203125,8833409,0.008956185425907,1081.5797619628906,1167.9665832519531,1081.5797619628906,962.8685806274414,0,1
2021-10-20,1223.0595703125,1246.234130859375,1265.7786865234375,1242.1268310546875,1265.7786865234375,12710570,-0.0115122427089524,1087.117589111328,1174.6629699707032,1087.117589111328,964.4928887939453,0,1
2021-10-21,1187.7772216796875,1210.2833251953125,1258.9715576171875,1201.3763427734375,1258.6947021484375,20831669,-0.0288476125686973,1092.0575659179688,1179.010986328125,1092.0575659179688,965.9284857177735,0,1
2021-10-22,1189.9964599609375,1212.544677734375,1229.8509521484375,1205.206787109375,1209.1295166015625,11027475,0.0018683960600891,1096.943192138672,1182.1247985839843,1096.943192138672,967.3981973266601,0,1
2021-10-25,1178.40185546875,1200.730224609375,1236.819580078125,1186.0545654296875,1236.819580078125,17198417,-0.0097433941043556,1101.3319665527345,1184.8219299316406,1101.3319665527345,968.8049710083008,0,1
2021-10-26,1205.2371826171875,1228.0740966796875,1231.6968994140625,1201.353271484375,1207.791259765625,9750178,0.0227726450224934,1106.319044189453,1187.9153625488282,1106.319044189453,970.3383615112305,0,1
2021-10-27,1189.9964599609375,1212.544677734375,1235.3427734375,1209.1064453125,1223.8975830078125,9896298,-0.0126454135966453,1110.682907714844,1189.7123168945313,1110.6829077148439,971.8514025878907,0,1
2021-10-28,1176.9522705078125,1199.25341796875,1217.4134521484375,1195.515380859375,1209.1295166015625,9886181,-0.0109615363507494,1114.5336096191406,1191.3144958496093,1114.5336096191406,973.4162338256835,0,1
2021-10-29,1148.7130126953125,1170.47900390625,1198.122802734375,1154.5341796875,1198.122802734375,14233025,-0.0239935454649454,1117.903319091797,1191.699481201172,1117.903319091797,974.8468640136718,0,1
2021-11-01,1149.4151611328125,1171.1943359375,1179.5936279296875,1151.0267333984375,1170.47900390625,15481114,0.0006112479180961,1121.210980224609,1192.0187927246093,1121.2109802246093,976.2301165771485,0,1
2021-11-02,1132.6572265625,1154.1187744140625,1175.901611328125,1151.5574951171875,1174.51708984375,10569130,-0.0145795315191393,1124.4045068359376,1190.7653564453126,1124.4045068359376,977.6118365478516,0,1
2021-11-03,1124.8670654296875,1146.1810302734375,1162.9796142578125,1135.7510986328125,1156.5416259765625,11989430,-0.0068777746260048,1127.3145056152343,1187.9210388183594,1127.3145056152343,978.8196539306641,0,1
2021-11-04,1131.77392578125,1153.2188720703125,1156.010986328125,1149.1346435546875,1150.4959716796875,1705656,0.0061401569695029,1130.169246826172,1186.5396362304687,1130.169246826172,980.103190612793,0,1
2021-11-08,1133.1781005859375,1154.6495361328125,1162.9796142578125,1133.628173828125,1162.70263671875,20337183,0.0012406848865318,1132.880869140625,1184.94423828125,1132.880869140625,981.3445516967773,0,1
2021-11-09,1142.1231689453125,1163.76416015625,1167.0869140625,1147.773193359375,1156.05712890625,15682497,0.0078937885887044,1135.5191162109377,1181.5575378417968,1135.5191162109375,982.6828811645507,0,1
2021-11-10,1154.8953857421875,1176.7784423828125,1180.5166015625,1155.43408203125,1161.4566650390625,10253470,0.0111828716413042,1138.440438232422,1179.2306762695312,1138.440438232422,983.980133972168,0,1
2021-11-11,1157.0015869140625,1178.9244384765625,1186.2852783203125,1170.1558837890625,1172.232666015625,10722478,0.0018237159814449,1141.0157360839844,1176.6660400390624,1141.0157360839844,985.2146871948243,0,1
2021-11-12,1174.46142578125,1196.7152099609375,1199.32275390625,1180.0550537109375,1182.7779541015625,8712341,0.0150905919790103,1144.0498315429688,1174.3595458984375,1144.0498315429688,986.450107421875,0,1
2021-11-15,1167.53173828125,1189.654296875,1200.9149169921875,1186.0545654296875,1199.8995361328125,4803269,-0.0059003108555825,1146.8642602539062,1171.583154296875,1146.8642602539062,987.5500039672852,0,1
2021-11-16,1140.4019775390625,1162.010498046875,1188.362060546875,1151.442138671875,1187.0006103515625,11337581,-0.0232368507447393,1148.888798828125,1167.2872253417968,1148.888798828125,988.6266357421875,0,1
2021-11-17,1115.98974609375,1137.1356201171875,1153.2650146484375,1135.7510986328125,1153.2650146484375,10202029,-0.0214066898568459,1149.5727026367188,1161.2215270996094,1149.5727026367188,989.8262869262695,0,1
2021-11-18,1120.2017822265625,1141.427490234375,1148.673095703125,1130.6976318359375,1135.28955078125,8505625,0.0037742606036978,1150.0047802734375,1156.0786376953124,1150.0047802734375,991.1508074951172,0,1
2021-11-22,1070.5848388671875,1090.8702392578125,1130.213134765625,1084.986083984375,1124.259765625,24124307,-0.0442928623633808,1149.3059301757812,1150.2190185546874,1149.3059301757812,992.268879699707,0,1
2021-11-23,1080.5941162109375,1101.0693359375,1108.176513671875,1065.6031494140625,1076.7021484375,25326999,0.0093493546521179,1148.8937719726562,1144.7489013671875,1148.8937719726562,993.5150811767578,-1,0
2021-11-24,1064.9913330078125,1085.1707763671875,1112.16845703125,1081.5479736328125,1098.36962890625,16820296,-0.0144390784375502,1148.221640625,1139.0783752441407,1148.221640625,994.5628720092774,0,0
2021-11-25,1129.1016845703125,1150.4959716796875,1154.672607421875,1087.8243408203125,1095.13916015625,42401936,0.0601980030968287,1149.3213232421874,1135.2716003417968,1149.3213232421874,995.8623846435547,0,0
2021-11-26,1092.7098388671875,1113.41455078125,1143.4119873046875,1108.2918701171875,1138.8892822265625,15763138,-0.0322307956851327,1149.7212524414062,1130.4072692871093,1149.7212524414062,996.9689929199219,0,0
2021-11-29,1105.7989501953125,1126.7518310546875,1153.7496337890625,1107.1842041015625,1125.644287109375,24325354,0.0119785791822781,1150.2937377929688,1126.8496032714843,1150.2937377929688,998.1553775024414,0,0
2021-11-30,1089.4486083984375,1110.0916748046875,1142.62744140625,1102.453857421875,1138.9815673828125,32172299,-0.0147859986609565,1150.0872021484374,1123.8863830566406,1150.0872021484374,999.2612512207031,0,0
2021-12-01,1117.3486328125,1138.5201416015625,1141.7506103515625,1119.1832275390625,1122.8291015625,10104610,0.0256093074964567,1150.7797216796876,1122.283056640625,1150.7797216796876,1000.4441137695312,0,0
2021-12-02,1124.5272216796875,1145.8348388671875,1151.995849609375,1136.0279541015625,1139.76611328125,12720411,0.0064246634008207,1151.5813842773437,1121.8765563964844,1151.5813842773437,1001.652262878418,0,0
2021-12-03,1090.7396240234375,1111.406982421875,1153.057373046875,1107.599609375,1153.01123046875,19222481,-0.0300460469118586,1151.6135400390624,1120.170184326172,1151.6135400390624,1002.6505142211914,0,0
2021-12-06,1070.06396484375,1090.3394775390625,1119.1370849609375,1087.8243408203125,1114.983642578125,10332254,-0.0189556322373443,1150.9984814453126,1117.0846862792969,1150.9984814453126,1003.3616900634765,0,0
2021-12-07,1078.782470703125,1099.223388671875,1109.445556640625,1089.1396484375,1096.5928955078125,11235122,0.0081476492488448,1150.0197265625,1114.3649047851563,1150.0197265625,1004.1482781982422,0,0
2021-12-08,1095.20068359375,1115.9527587890625,1122.2752685546875,1110.507080078125,1118.7218017578125,8744178,0.0152192062222924,1149.4345556640626,1112.018780517578,1149.4345556640626,1005.0372680664062,0,0
2021-12-09,1112.5701904296875,1133.6512451171875,1142.1658935546875,1119.1370849609375,1123.7520751953125,13213547,0.0158596566785749,1148.8185888671876,1109.902520751953,1148.8185888671876,1005.9524002075195,0,0
2021-12-10,1113.7025146484375,1134.8050537109375,1138.05859375,1121.6060791015625,1126.1749267578125,8364414,0.0010177553097237,1148.0114916992188,1107.737567138672,1148.0114916992188,1006.8195962524414,0,0
2021-12-13,1091.3736572265625,1112.0531005859375,1141.7967529296875,1109.445556640625,1141.5198974609375,12901733,-0.0200492116415159,1146.940791015625,1103.5831787109375,1146.940791015625,1007.6102398681641,0,0
2021-12-14,1078.0125732421875,1098.4388427734375,1110.36865234375,1095.32373046875,1098.36962890625,12991523,-0.0122424468429342,1145.6807763671875,1099.1072204589843,1145.6807763671875,1008.3056436157226,0,0
2021-12-15,1074.8648681640625,1095.2314453125,1109.9071044921875,1089.647216796875,1100.215576171875,9366969,-0.0029199149956647,1144.3174951171875,1095.8303649902343,1144.3174951171875,1009.1482443237305,0,0
2021-12-16,1088.769287109375,1109.3994140625,1114.7528076171875,1093.131591796875,1110.2301025390625,9761279,0.0129359693084603,1142.9383618164063,1094.4693420410156,1142.9383618164063,1010.0257260131835,0,0
2021-12-17,1060.03173828125,1080.1173095703125,1111.2916259765625,1070.6795654296875,1106.69970703125,21049821,-0.0263945256064502,1140.5039282226562,1091.46083984375,1140.5039282226562,1010.6747802734375,0,0
2021-12-20,1031.4527587890625,1050.9967041015625,1069.6873779296875,1037.0362548828125,1069.6873779296875,14325846,-0.0269604941626803,1137.9449438476563,1089.5042358398437,1137.9449438476563,1010.9928424072266,0,0
2021-12-21,1046.8065185546875,1066.6414794921875,1082.6785888671875,1057.8499755859375,1066.6876220703125,12836561,0.0148855675985106,1135.5793530273438,1087.8148559570313,1135.5793530273438,1011.5198040771485,0,0
2021-12-22,1071.6490478515625,1091.9547119140625,1094.6314697265625,1071.6026611328125,1072.94091796875,17658543,0.0237317296525576,1132.8151904296874,1088.1477416992188,1132.8151904296874,1012.1350964355469,0,0
2021-12-23,1071.2640380859375,1091.5625,1098.36962890625,1088.23974609375,1095.6005859375,9072401,-0.0003592685183613,1130.2118188476563,1085.255859375,1130.2118188476563,1012.738759765625,0,0
2021-12-24,1074.68359375,1095.046875,1103.9075927734375,1078.7789306640625,1093.754638671875,7886494,0.003192075475783,1127.5396044921874,1084.3545471191405,1127.5396044921874,1013.1426495361328,0,0
2021-12-27,1073.528564453125,1093.8699951171875,1097.4466552734375,1083.6478271484375,1089.85498046875,4017223,-0.0010747621938143,1124.598349609375,1082.7410278320312,1124.598349609375,1013.6000033569336,0,0
2021-12-28,1086.2783203125,1106.8612060546875,1109.837890625,1095.1622314453125,1096.3389892578125,6374613,0.0118764942839411,1121.862724609375,1082.5825134277343,1121.862724609375,1014.1146746826172,0,0
2021-12-29,1088.1353759765625,1108.75341796875,1116.3681640625,1099.3387451171875,1103.4461669921875,15425312,0.0017095578815642,1119.0990209960937,1081.1218505859374,1119.0990209960937,1014.6106469726562,0,0
2021-12-30,1068.4786376953125,1088.7242431640625,1109.884033203125,1082.4940185546875,1107.599609375,29333171,-0.0180646073229709,1115.72251953125,1078.3194213867187,1115.72251953125,1015.0084494018555,0,0
2021-12-31,1072.5775146484375,1092.90087890625,1100.16943359375,1089.1396484375,1095.13916015625,9477290,0.0038361805360622,1112.7128784179688,1077.4113159179688,1112.7128784179688,1015.447282409668,0,0
2022-01-03,1088.74658203125,1109.3763427734375,1111.2685546875,1090.7779541015625,1091.4471435546875,5421611,0.0150749639648304,1110.732265625,1078.3454467773438,1110.732265625,1016.0670455932617,0,0
2022-01-04,1113.3175048828125,1134.4127197265625,1135.7510986328125,1109.445556640625,1114.9375,10847728,0.0225680826531009,1109.1986865234376,1080.072198486328,1109.1986865234376,1016.8744320678711,0,0
2022-01-05,1118.5260009765625,1139.719970703125,1143.1351318359375,1122.8060302734375,1136.212646484375,11643813,0.0046783564175596,1108.0011694335938,1081.2384643554688,1108.0011694335938,1017.7265914916992,0,0
2022-01-06,1094.476318359375,1115.21435546875,1132.5206298828125,1111.7530517578125,1131.2283935546875,14447422,-0.02150122804136,1105.7859521484374,1080.3337707519531,1105.7859521484374,1018.5606188964844,0,0
2022-01-07,1103.30810546875,1124.213623046875,1134.3896484375,1112.929931640625,1121.883056640625,13112115,0.008069418187699,1104.0521850585938,1079.8140502929687,1104.0521850585938,1019.5431787109375,0,0
2022-01-10,1104.2138671875,1125.1365966796875,1133.9051513671875,1115.0067138671875,1131.59765625,9246731,0.0008209508425256,1102.5974169921874,1080.4560607910157,1102.5974169921874,1020.3657525634766,0,0
2022-01-11,1112.16259765625,1133.2359619140625,1142.18896484375,1123.7520751953125,1124.213623046875,16205164,0.0071985425151341,1101.866408691406,1082.1635620117188,1101.8664086914061,1021.2723016357422,0,0
2022-01-12,1141.851318359375,1163.4871826171875,1165.2640380859375,1137.5970458984375,1140.5045166015625,14800442,0.0266945865341006,1101.7151318359374,1085.5128845214845,1101.7151318359374,1022.2706509399414,0,0
2022-01-13,1148.28271484375,1170.04052734375,1172.671142578125,1157.626220703125,1163.5565185546875,11856712,0.0056324290045184,1102.0276416015624,1088.4885559082031,1102.0276416015624,1023.3918771362305,0,0
2022-01-14,1149.958740234375,1171.748046875,1184.8084716796875,1165.6793212890625,1169.902099609375,19930176,0.0014595929808567,1102.5294750976564,1092.9849060058593,1102.5294750976564,1024.6475216674805,0,0
2022-01-17,1155.9595947265625,1177.8629150390625,1183.7470703125,1170.8250732421875,1171.28662109375,8036453,0.0052183215642713,1103.0131884765624,1099.2102478027343,1103.0131884765624,1025.9259490966797,0,0
2022-01-18,1142.1683349609375,1163.810302734375,1182.5240478515625,1161.0181884765625,1179.0167236328125,6215029,-0.0119305725118249,1103.1929931640625,1103.978338623047,1103.1929931640625,1027.0572247314453,1,1
2022-01-19,1142.07763671875,1163.718017578125,1173.132568359375,1157.903076171875,1167.5946044921875,9755485,-7.940882215984324e-05,1103.1920825195311,1107.4997680664062,1103.1920825195311,1028.2471728515625,0,1
2022-01-20,1122.08154296875,1143.3427734375,1158.341552734375,1132.9820556640625,1153.772705078125,16494486,-0.0175085240329631,1102.5358056640623,1110.0406433105468,1102.5358056640625,1029.294826965332,0,1
2022-01-21,1122.2626953125,1143.52734375,1154.7879638671875,1131.59765625,1131.59765625,13338594,0.0001614431187155,1101.8410278320312,1112.4195983886718,1101.8410278320312,1030.409395751953,0,1
2022-01-24,1076.9935302734375,1097.4005126953125,1155.9417724609375,1086.8782958984375,1142.2120361328125,21868937,-0.0403374051620392,1099.891669921875,1112.5928466796875,1099.891669921875,1031.3163497924804,0,1
2022-01-25,1074.887451171875,1095.2545166015625,1102.361572265625,1063.757080078125,1084.31689453125,24510205,-0.0019555169482102,1098.0387841796876,1112.0233032226563,1098.0387841796876,1032.1709112548829,0,1
2022-01-27,1058.9674072265625,1079.03271484375,1087.3397216796875,1066.5491943359375,1078.0635986328125,20020431,-0.0148108938549389,1096.4100927734376,1110.5649047851562,1096.4100927734376,1032.9402304077148,0,1
2022-01-28,1057.9482421875,1077.994384765625,1096.4774169921875,1074.5562744140625,1091.4471435546875,14667727,-0.0009624139818729,1095.2492626953126,1110.0383850097655,1095.2492626953126,1033.7570352172852,0,1
2022-01-31,1080.93408203125,1101.41552734375,1110.55322265625,1087.3858642578125,1089.23193359375,12143683,0.0217268094289968,1094.4639086914062,1110.4562133789063,1094.4639086914062,1034.8487707519532,0,1
2022-02-01,1077.3558349609375,1097.7696533203125,1117.1064453125,1083.186279296875,1111.2916259765625,13200509,-0.0033103286590689,1094.5993286132812,1109.8866760253907,1094.5993286132812,1035.8760137939453,0,1
2022-02-02,1079.552490234375,1100.0079345703125,1110.830078125,1096.1082763671875,1110.830078125,10017691,0.0020389319871434,1094.57849609375,1108.1984252929688,1094.57849609375,1036.8860311889648,0,1
2022-02-03,1065.6026611328125,1085.793701171875,1108.268798828125,1083.232421875,1103.9075927734375,9572839,-0.0129218627419718,1094.59072265625,1105.5522583007812,1094.59072265625,1037.8538317871094,0,1
2022-02-04,1055.887451171875,1075.89453125,1083.809326171875,1071.187255859375,1080.37109375,11061241,-0.0091171036966156,1093.1264379882812,1103.6228149414062,1093.1264379882812,1038.8416607666015,0,1
2022-02-07,1049.4561767578125,1069.34130859375,1087.662841796875,1063.757080078125,1080.8326416015625,10714467,-0.0060908711500688,1092.2613647460937,1100.9302185058593,1092.2613647460937,1039.79857421875,0,1
2022-02-08,1067.0972900390625,1087.316650390625,1089.1396484375,1066.0645751953125,1075.5946044921875,12060849,0.0168097664980642,1091.4873315429688,1099.0743896484375,1091.4873315429688,1040.831845397949,0,1
2022-02-09,1079.5299072265625,1099.98486328125,1101.6923828125,1088.2166748046875,1094.2852783203125,11486225,0.0116508750453718,1091.288957519531,1097.4427551269532,1091.2889575195313,1041.9319055175781,0,1
2022-02-10,1078.4202880859375,1098.854248046875,1105.6151123046875,1091.4932861328125,1105.6151123046875,12464491,-0.0010278725334027,1090.510390625,1094.2712036132812,1090.510390625,1042.9508178710937,0,1
2022-02-11,1076.3140869140625,1096.708251953125,1100.4464111328125,1081.8017578125,1095.2545166015625,15943370,-0.0019530429788309,1089.5461279296876,1090.6727722167968,1089.5461279296876,1043.844557800293,0,1
2022-02-14,1059.171142578125,1079.240478515625,1086.80908203125,1067.4490966796875,1080.0250244140625,10719633,-0.0159274551400592,1088.9147583007812,1086.1333923339844,1088.9147583007812,1044.6330624389648,-1,0
2022-02-15,1095.1328125,1115.883544921875,1118.6295166015625,1077.9251708984375,1085.078369140625,11212671,0.0339526526698421,1089.4161352539063,1083.0920532226562,1089.4161352539063,1045.5410079956055,0,0
2022-02-16,1092.8682861328125,1113.5760498046875,1122.8291015625,1105.7305908203125,1121.444580078125,10392840,-0.0020678098047468,1089.6978515625,1080.62705078125,1089.6978515625,1046.5043173217773,0,0
2022-02-17,1106.7049560546875,1127.6748046875,1132.9359130859375,1112.214599609375,1116.875732421875,12853252,0.0126608760611373,1089.9279370117188,1078.858416748047,1089.9279370117188,1047.61681060791,0,0
2022-02-18,1098.05419921875,1118.8602294921875,1133.628173828125,1116.8988037109375,1128.0902099609375,6775458,-0.0078166785000916,1089.6376171875,1077.657049560547,1089.6376171875,1048.7818478393556,0,0
2022-02-21,1086.9576416015625,1107.553466796875,1124.9058837890625,1100.4925537109375,1113.1375732421875,11107193,-0.0101056556453065,1089.1027197265626,1075.891796875,1089.1027197265626,1049.8835040283202,0,0
2022-02-22,1082.020751953125,1102.5230712890625,1105.70751953125,1083.2093505859375,1085.8629150390625,13494914,-0.0045419337971287,1088.9156616210937,1076.1431579589844,1088.9156616210937,1050.935877685547,0,0
2022-02-23,1075.2498779296875,1095.6236572265625,1110.6224365234375,1092.8316650390625,1108.1072998046875,7310110,-0.0062576193767223,1088.860407714844,1076.161279296875,1088.8604077148439,1051.9527044677734,0,0
2022-02-24,1021.66943359375,1041.0281982421875,1079.863525390625,1035.3287353515625,1063.757080078125,24846650,-0.0498306909265617,1087.7964990234375,1074.2963806152343,1087.7964990234375,1052.714153442383,0,0
2022-02-25,1034.4420166015625,1054.0426025390625,1065.1185302734375,1050.489013671875,1052.2657470703125,14570089,0.0125016787111704,1086.7099536132812,1073.1210693359376,1086.7099536132812,1053.5237811279296,0,0
2022-02-28,1068.682373046875,1088.931884765625,1092.5316162109375,1035.1441650390625,1035.1441650390625,21297446,0.0331003148516741,1086.8829663085935,1072.5084838867188,1086.8829663085937,1054.5497451782226,0,0
2022-03-02,1086.346435546875,1106.930419921875,1108.0611572265625,1074.9254150390625,1077.3482666015625,21471786,0.016528823666885,1087.98083984375,1072.9580139160157,1087.98083984375,1055.6095294189454,0,0
2022-03-03,1077.1746826171875,1097.5850830078125,1114.452880859375,1093.7777099609375,1107.599609375,10186748,-0.0084427514369026,1088.588203125,1072.8391235351562,1088.588203125,1056.5714373779297,0,0
2022-03-04,1053.2833251953125,1073.240966796875,1091.1240234375,1070.8411865234375,1085.9090576171875,10805667,-0.0221796499745302,1088.220888671875,1072.2231567382812,1088.220888671875,1057.3516033935548,0,0
2022-03-07,1014.3324584960938,1033.552001953125,1067.0338134765625,1025.45263671875,1051.61962890625,17983310,-0.0369804266026864,1087.082257080078,1070.1454071044923,1087.082257080078,1057.916478881836,0,0
2022-03-08,1012.4978637695312,1031.682861328125,1036.5286865234375,1006.0696411132812,1020.6068725585938,21289374,-0.0018086720100455,1085.8385424804687,1068.2974914550782,1085.8385424804687,1058.498472290039,0,0
2022-03-09,1066.214111328125,1086.416748046875,1092.3701171875,1031.059814453125,1031.9136962890625,20414228,0.0530531959431579,1085.6922534179687,1068.2533325195313,1085.6922534179687,1059.3103439331055,0,0
2022-03-10,1083.4927978515625,1104.02294921875,1109.9071044921875,1089.1396484375,1107.599609375,17980493,0.0162056441945928,1085.63654296875,1068.4514770507812,1085.63654296875,1060.246748046875,0,0
2022-03-11,1086.617919921875,1107.207275390625,1112.6761474609375,1096.546630859375,1096.546630859375,12257423,0.0028843035011485,1085.6061938476562,1068.8613586425781,1085.6061938476562,1061.249553527832,0,0
2022-03-14,1095.5404052734375,1116.298828125,1118.8602294921875,1095.6005859375,1101.553955078125,8340678,0.008211244438343,1086.1474291992188,1069.8226745605468,1086.1474291992188,1062.2814001464844,0,0
2022-03-15,1070.4488525390625,1090.7318115234375,1120.49853515625,1080.3018798828125,1120.49853515625,15925769,-0.022903356748501,1086.1048559570313,1070.3865600585937,1086.1048559570313,1063.1741360473634,0,0
2022-03-16,1088.520263671875,1109.1456298828125,1111.2454833984375,1097.03125,1099.2926025390625,11149828,0.0168820874439239,1086.1003295898438,1070.0559326171874,1086.1003295898438,1063.8893557739257,0,0
2022-03-17,1124.006591796875,1145.30419921875,1152.5496826171875,1114.5682373046875,1122.7137451171875,21422098,0.032600521376878,1086.314111328125,1071.6128479003905,1086.314111328125,1064.634192199707,0,0
2022-03-21,1117.5296630859375,1138.7047119140625,1146.3656005859375,1125.59814453125,1127.9056396484375,11999466,-0.0057623582977243,1086.2941845703126,1072.1540832519531,1086.2941845703126,1065.3272354125977,0,0
2022-03-22,1146.4033203125,1168.1253662109375,1169.8790283203125,1132.3360595703125,1135.335693359375,22557065,0.0258370387653343,1087.332724609375,1074.5715393066407,1087.332724609375,1066.0916424560546,0,0
2022-03-23,1150.049072265625,1171.84033203125,1183.6778564453125,1164.3641357421875,1164.3641357421875,15462187,0.0031801652075913,1088.2675439453126,1077.7261108398438,1088.2675439453126,1066.8553216552734,0,0
2022-03-24,1167.9168701171875,1190.0465087890625,1192.5848388671875,1158.3646240234375,1158.3646240234375,13168266,0.0155365525545465,1089.5416040039063,1082.0209167480468,1089.5416040039063,1067.7515563964844,0,0
2022-03-25,1175.70703125,1197.984375,1207.2835693359375,1189.2850341796875,1191.8233642578125,14222488,0.0066701332364784,1090.8124926757812,1087.0437744140625,1090.8124926757812,1068.6034692382811,0,0
2022-03-28,1187.5281982421875,1210.029541015625,1213.629150390625,1193.6693115234375,1204.5145263671875,9891424,0.0100545175609092,1091.7260302734376,1095.3367126464843,1091.7260302734376,1069.5433734130859,1,1
2022-03-29,1187.800048828125,1210.306396484375,1217.4365234375,1203.314697265625,1217.4365234375,8684065,0.0002289213732691,1092.516376953125,1103.0046142578126,1092.516376953125,1070.5740032958984,0,1
2022-03-30,1210.6270751953125,1233.5660400390625,1240.5115966796875,1207.791259765625,1218.3134765625,15811550,0.0192179032066115,1093.7297436523438,1110.1018493652343,1093.7297436523438,1071.7007138061524,0,1
2022-03-31,1193.3255615234375,1215.9366455078125,1232.066162109375,1213.0985107421875,1229.8740234375,13223718,-0.0142913652159015,1094.4770629882812,1115.4508056640625,1094.4770629882812,1072.6554653930664,0,1
2022-04-01,1202.882080078125,1225.67431640625,1229.96630859375,1210.0526123046875,1216.5135498046875,7922880,0.0080083079277102,1095.691337890625,1121.7361755371094,1095.691337890625,1073.5860989379883,0,1
2022-04-04,1206.4375,1229.297119140625,1234.5120849609375,1219.12109375,1225.48974609375,7929162,0.0029557510089801,1096.97853515625,1129.3938842773437,1096.97853515625,1074.5229605102538,0,1
2022-04-05,1189.385009765625,1211.921630859375,1232.158447265625,1209.45263671875,1223.482177734375,13149870,-0.0141345823835673,1098.3246044921875,1138.1465118408203,1098.3246044921875,1075.4615194702149,0,1
2022-04-06,1186.214599609375,1208.691162109375,1215.8212890625,1193.9462890625,1193.9462890625,12257215,-0.0026655877871495,1099.603642578125,1146.8323486328125,1099.603642578125,1076.3750549316405,0,1
2022-04-07,1165.2899169921875,1187.369873046875,1202.6685791015625,1184.6700439453125,1197.63818359375,15496499,-0.0176398795159645,1101.3695703125,1151.7861389160157,1101.3695703125,1077.1613208007811,0,1
2022-04-08,1184.6748046875,1207.1220703125,1211.4371337890625,1181.4395751953125,1181.4395751953125,15152495,0.01663524880173,1103.5653173828125,1156.8452392578124,1103.5653173828125,1078.0182418823242,0,1
2022-04-11,1182.206298828125,1204.60693359375,1217.6904296875,1192.0540771484375,1199.8995361328125,9254209,-0.0020836991295903,1106.0300952148436,1161.624658203125,1106.0300952148436,1078.888863220215,0,1
2022-04-12,1159.945556640625,1181.9241943359375,1201.0994873046875,1179.316650390625,1193.9000244140625,13217742,-0.0188298287782481,1108.0700415039062,1164.8449157714845,1108.0700415039062,1079.694378051758,0,1
2022-04-13,1155.68798828125,1177.5860595703125,1196.4844970703125,1174.747802734375,1188.13134765625,10354235,-0.0036704898216994,1109.5651196289064,1169.1068725585938,1109.5651196289064,1080.5960244750977,0,1
2022-04-18,1152.1552734375,1173.986328125,1181.3472900390625,1163.810302734375,1168.9791259765625,9974224,-0.0030568067502405,1111.0611083984377,1172.288623046875,1111.0611083984375,1081.5910855102538,0,1
2022-04-19,1196.065673828125,1218.728759765625,1231.2816162109375,1177.3092041015625,1180.5166015625,26141820,0.0381115301061953,1113.3913720703124,1175.8915771484376,1113.3913720703124,1082.8474798583984,0,1
2022-04-20,1231.234619140625,1254.564208984375,1261.7406005859375,1222.5592041015625,1226.251220703125,25072240,0.0294038580673738,1116.7040112304687,1181.5768249511718,1116.7040112304687,1084.2756427001952,0,1
2022-04-21,1260.06298828125,1283.938720703125,1287.123046875,1260.8175048828125,1269.5399169921875,21708633,0.0234141963623037,1120.7875219726564,1187.2598083496093,1120.7875219726564,1085.7962017822265,0,1
2022-04-22,1249.5098876953125,1273.185791015625,1293.12255859375,1266.4478759765625,1273.23193359375,15054154,-0.0083750579804999,1124.7885961914062,1192.2328491210938,1124.7885961914062,1087.2927554321288,0,1
2022-04-25,1220.6138916015625,1243.7420654296875,1273.0010986328125,1229.2740478515625,1265.6171875,17063215,-0.0231258642915166,1127.8589282226562,1194.8677001953124,1127.8589282226562,1088.5744006347657,0,1
2022-04-26,1257.1416015625,1280.9620361328125,1289.89208984375,1249.6031494140625,1250.66455078125,12227666,0.0299256875677611,1131.411162109375,1198.9394287109376,1131.411162109375,1089.990788269043,0,1
2022-04-27,1258.364501953125,1282.2081298828125,1305.12158203125,1271.455078125,1271.8243408203125,19338945,0.0009727626459143,1135.0100463867188,1202.4812438964843,1135.0100463867188,1091.4708108520508,0,1
2022-04-28,1277.16064453125,1301.3603515625,1315.736083984375,1285.78466796875,1296.79150390625,25614076,0.0149369618651442,1139.0269775390625,1206.9492736816405,1139.0269775390625,1093.07821685791,0,1
2022-04-29,1263.754150390625,1287.699951171875,1318.11279296875,1281.7235107421875,1318.11279296875,18214862,-0.0104971087216249,1143.1186376953126,1209.6056274414063,1143.1186376953126,1094.6581079101563,0,1
2022-05-02,1259.315673828125,1283.17724609375,1294.73779296875,1272.839599609375,1274.66259765625,9467006,-0.0035121360916029,1146.402294921875,1212.9051330566406,1146.402294921875,1096.2642681884765,0,1
2022-05-04,1220.0023193359375,1243.1190185546875,1287.5845947265625,1235.112060546875,1285.277099609375,19247660,-0.0312180300056783,1148.9449755859375,1213.7611450195313,1148.9449755859375,1097.6446484375,0,1
2022-05-05,1196.1109619140625,1218.77490234375,1259.89453125,1214.6676025390625,1256.894775390625,17210669,-0.0195830426247708,1150.733095703125,1213.2448181152345,1150.733095703125,1098.8702444458008,0,1
2022-05-06,1186.9393310546875,1209.4295654296875,1227.1280517578125,1196.9228515625,1205.5299072265625,19649948,-0.0076678762685179,1152.510798339844,1213.1225341796876,1152.5107983398439,1100.081007080078,0,1
2022-05-09,1140.583251953125,1162.195068359375,1198.561279296875,1156.9801025390625,1188.3389892578125,18083752,-0.0390551377721821,1153.583310546875,1210.840966796875,1153.583310546875,1101.0682550048828,0,1
2022-05-10,1120.8133544921875,1142.050537109375,1166.0255126953125,1134.3665771484375,1151.442138671875,19511677,-0.0173331472534632,1154.3591625976562,1208.617138671875,1154.3591625976562,1101.8886029052735,0,1
2022-05-11,1109.3319091796875,1130.3515625,1146.8040771484375,1117.7294921875,1141.1275634765625,16643899,-0.0102438512768273,1155.0408032226562,1204.8499938964844,1155.0408032226562,1102.682001953125,0,1
2022-05-12,1086.731201171875,1107.32275390625,1123.682861328125,1093.754638671875,1120.2908935546875,20490321,-0.0203732605370785,1156.3420385742188,1200.076239013672,1156.3420385742188,1103.3740603637696,0,1
2022-05-13,1099.050537109375,1119.87548828125,1143.5965576171875,1114.68359375,1119.5986328125,19308778,0.0113361389865456,1157.634208984375,1197.0314880371093,1157.634208984375,1104.066798400879,0,1
2022-05-16,1099.322265625,1120.1524658203125,1144.9810791015625,1115.2835693359375,1123.498291015625,13437911,0.0002472393274468,1158.2470068359376,1194.213201904297,1158.2470068359376,1104.79486328125,0,1
2022-05-17,1145.497314453125,1167.2022705078125,1172.1634521484375,1122.3675537109375,1123.7982177734375,16551828,0.0420031962164189,1159.4300244140625,1193.880303955078,1159.4300244140625,1105.8191369628905,0,1
2022-05-18,1149.6641845703125,1171.4481201171875,1186.0545654296875,1157.5570068359375,1172.048095703125,17276788,0.0036376079320419,1160.879814453125,1191.5602294921875,1160.879814453125,1106.913726196289,0,1
2022-05-19,1123.16845703125,1144.4503173828125,1159.518310546875,1138.0816650390625,1146.3656005859375,14699118,-0.0230464929626083,1162.2775170898435,1186.1569213867188,1162.2775170898437,1107.9158068847655,0,1
2022-05-20,1188.6602783203125,1211.1832275390625,1220.39013671875,1154.672607421875,1159.518310546875,21793091,0.0583098829735388,1165.764073486328,1182.5867858886718,1165.764073486328,1109.209339904785,0,1
2022-05-23,1180.7117919921875,1203.083984375,1224.6129150390625,1196.6690673828125,1214.436767578125,15252755,-0.0066869285304602,1169.1283520507814,1179.1468811035156,1169.1283520507814,1110.5037799072265,0,1
2022-05-24,1184.7652587890625,1207.21435546875,1217.4365234375,1198.838134765625,1203.130126953125,13527818,0.0034330704786438,1171.499375,1177.3544494628907,1171.499375,1111.7342440795899,0,1
2022-05-25,1183.021728515625,1205.4376220703125,1226.066650390625,1200.591796875,1216.0521240234375,12714544,-0.0014716250839592,1173.4899536132812,1173.648455810547,1173.4899536132812,1112.9214556884765,0,1
2022-05-26,1171.7440185546875,1193.9462890625,1216.0059814453125,1175.901611328125,1211.16015625,17882023,-0.009532969419833,1175.1924755859377,1169.317431640625,1175.1924755859375,1114.0160452270509,-1,0
2022-05-27,1166.3089599609375,1188.408203125,1202.2762451171875,1172.2557373046875,1196.692138671875,16521973,-0.004638435108424,1176.6078466796876,1163.7748474121095,1176.6078466796876,1115.0143893432617,0,0
2022-05-30,1206.9356689453125,1229.8048095703125,1234.050537109375,1197.222900390625,1206.822021484375,13853398,0.0348335735890563,1179.3375830078126,1160.9339233398437,1179.3375830078126,1116.318226623535,0,0
2022-05-31,1192.374267578125,1214.967529296875,1236.2657470703125,1207.1451416015625,1219.005615234375,70620653,-0.0120647700965802,1181.4146630859375,1157.5868530273438,1181.4146630859375,1117.5762060546874,0,0
2022-06-01,1192.7593994140625,1215.35986328125,1225.3743896484375,1207.3758544921875,1215.72900390625,9776989,0.0003229957626642,1182.7897192382814,1156.22470703125,1182.7897192382814,1118.811427307129,0,0
2022-06-02,1233.8843994140625,1257.2640380859375,1261.0252685546875,1215.590576171875,1215.590576171875,22126569,0.0344788731241207,1185.1168139648437,1158.11337890625,1185.1168139648437,1120.1860336303712,0,0
2022-06-03,1258.88525390625,1282.73876953125,1300.20654296875,1265.4324951171875,1266.3555908203125,23939791,0.0202619098710217,1187.3664526367188,1161.710675048828,1187.3664526367188,1121.701043395996,0,0
2022-06-06,1253.472900390625,1277.223876953125,1298.6605224609375,1269.9552001953125,1282.9696044921875,11093152,-0.0042993223558944,1189.4349291992187,1167.355157470703,1189.4349291992187,1123.1093914794922,0,0
2022-06-07,1255.8282470703125,1279.6236572265625,1288.0921630859375,1270.0706787109375,1278.308349609375,12358255,0.0018790567222901,1191.1931567382812,1174.1059020996095,1191.1931567382812,1124.466446838379,0,0
2022-06-08,1233.77099609375,1257.148681640625,1283.4310302734375,1253.572021484375,1279.6236572265625,12479250,-0.0175639073480146,1192.354436035156,1180.3278564453126,1192.3544360351561,1125.7341641235353,0,0
2022-06-09,1267.60400390625,1291.6226806640625,1293.583984375,1250.66455078125,1250.66455078125,17278305,0.0274224373239595,1193.9559521484375,1189.3714965820313,1193.9559521484375,1127.1520236206054,0,0
2022-06-10,1229.33251953125,1252.6259765625,1287.5384521484375,1246.7418212890625,1279.2314453125,18093057,-0.0301919876057999,1194.7866015625,1195.885595703125,1194.7866015625,1128.4337817382811,1,1
2022-06-13,1206.0751953125,1228.9278564453125,1233.4967041015625,1207.4219970703125,1222.974609375,17620803,-0.0189186602072628,1194.6955639648438,1201.2232421875,1194.6955639648438,1129.5673220825195,0,1
2022-06-14,1190.3134765625,1212.86767578125,1233.058349609375,1206.106689453125,1222.9976806640625,14714312,-0.0130686036917591,1194.635322265625,1203.4640502929688,1194.635322265625,1130.5737051391602,0,1
2022-06-15,1175.9107666015625,1198.1920166015625,1217.113525390625,1192.7001953125,1207.9989013671875,11195535,-0.0120999301818635,1194.0958959960938,1204.7763793945312,1194.0958959960938,1131.4652740478516,0,1
2022-06-16,1159.4697265625,1181.4395751953125,1227.151123046875,1178.6705322265625,1210.5140380859375,17111475,-0.0139815371251152,1193.156540527344,1206.5914428710937,1193.1565405273439,1132.2115686035156,0,1
2022-06-17,1173.057373046875,1195.2845458984375,1211.3677978515625,1179.6397705078125,1181.4395751953125,24457187,0.011718845411047,1192.8299877929687,1205.811297607422,1192.8299877929687,1133.0327090454102,0,1
2022-06-20,1151.79296875,1173.6171875,1207.791259765625,1163.4871826171875,1202.20703125,12066797,-0.0181273352740141,1192.1415551757811,1204.3653564453125,1192.1415551757811,1133.6504904174806,0,1
2022-06-21,1170.3851318359375,1192.561767578125,1196.8536376953125,1166.81005859375,1181.4395751953125,11720049,0.0161419313977189,1192.2434594726562,1203.6463500976563,1192.2434594726562,1134.3886328125,0,1
2022-06-22,1134.8311767578125,1156.333984375,1180.655029296875,1154.2110595703125,1180.562744140625,10617206,-0.0303779961920337,1191.2465869140624,1201.2368225097657,1191.2465869140624,1134.9287371826172,0,1
2022-06-23,1116.419921875,1137.573974609375,1165.287109375,1128.3670654296875,1160.6951904296875,19446323,-0.0162237831140779,1189.930859375,1198.4706176757813,1189.930859375,1135.3149615478515,0,1
2022-06-24,1132.3175048828125,1153.772705078125,1158.8260498046875,1138.9815673828125,1144.5196533203125,14240234,0.0142397880011966,1189.3782983398437,1196.771044921875,1189.3782983398437,1135.5675762939454,0,1
2022-06-27,1128.9656982421875,1150.3575439453125,1174.4940185546875,1145.23486328125,1174.4940185546875,15474529,-0.0029601296687291,1188.8438525390625,1192.8725463867188,1188.8438525390625,1135.719415283203,0,1
2022-06-28,1144.840576171875,1166.5330810546875,1169.41748046875,1145.48876953125,1145.48876953125,13572847,0.0140614351298757,1188.69755859375,1190.4958618164062,1188.69755859375,1135.9159814453126,0,1
2022-06-29,1168.5960693359375,1190.73876953125,1198.51513671875,1154.2110595703125,1157.0723876953125,19205146,0.0207500447298052,1188.1481665039062,1189.2876953125,1188.1481665039062,1136.2529516601562,0,1
2022-06-30,1175.616455078125,1197.89208984375,1207.2374267578125,1184.2086181640625,1190.6695556640625,23112959,0.0060075383842228,1187.0358032226563,1186.3742980957031,1187.0358032226563,1136.6380444335937,-1,0
2022-07-01,1090.943359375,1111.6146240234375,1196.20751953125,1091.4471435546875,1188.31591796875,81997149,-0.0720244220275889,1183.6534106445313,1177.9772033691406,1183.6534106445313,1136.722173461914,0,0
2022-07-04,1093.2078857421875,1113.922119140625,1126.9825439453125,1091.9547119140625,1097.885009765625,41857728,0.0020757506315312,1180.5273706054688,1169.9639526367187,1180.5273706054688,1136.8246459960938,0,0
2022-07-05,1102.0625,1122.9444580078125,1137.5509033203125,1115.4912109375,1118.214111328125,17647327,0.0080996618971522,1178.1563427734377,1162.2756652832031,1178.1563427734375,1136.9490850830077,0,0
2022-07-06,1092.3701171875,1113.068359375,1126.95947265625,1102.0616455078125,1116.875732421875,23943726,-0.0087947669143083,1174.8609130859377,1155.2056213378905,1174.8609130859375,1136.9120587158204,0,0
2022-07-07,1081.6134033203125,1102.1077880859375,1122.9444580078125,1096.0621337890625,1119.552490234375,23301033,-0.0098471330348018,1171.3258911132812,1145.9060913085937,1171.3258911132812,1136.906512451172,0,0
2022-07-08,1083.1080322265625,1103.6307373046875,1115.9066162109375,1099.54638671875,1115.9066162109375,19010108,0.0013818513173577,1167.4448388671874,1138.5948669433594,1167.4448388671874,1136.8998321533204,0,0
2022-07-11,1097.82763671875,1118.6295166015625,1120.8907470703125,1093.754638671875,1096.75439453125,13847467,0.0135901535712261,1164.12630859375,1133.1824890136718,1164.12630859375,1136.9433111572266,0,0
2022-07-12,1096.2650146484375,1117.0372314453125,1125.921142578125,1109.445556640625,1109.445556640625,10778989,-0.0014233765101623,1160.8652954101562,1128.4800659179687,1160.8652954101562,1136.9205517578125,0,0
2022-07-13,1076.8348388671875,1097.2388916015625,1123.2906494140625,1095.13916015625,1120.1986083984375,14224132,-0.0177239768866299,1158.0019458007812,1123.52626953125,1158.0019458007812,1136.6661248779296,0,0
2022-07-14,1085.712158203125,1106.2843017578125,1123.267578125,1096.9620361328125,1102.0616455078125,16970315,0.0082439005644321,1155.7939697265624,1119.8383911132812,1155.7939697265624,1136.4723895263671,0,0
2022-07-15,1087.8182373046875,1108.4302978515625,1114.5220947265625,1099.80029296875,1114.5220947265625,9603210,0.0019398134999686,1153.8115478515624,1115.576434326172,1153.8115478515624,1136.1946380615234,0,0
2022-07-18,1097.08056640625,1117.8680419921875,1119.1370849609375,1104.0460205078125,1117.2911376953125,15160908,0.0085145925890266,1152.941494140625,1112.8408142089843,1152.941494140625,1135.9097540283203,0,0
2022-07-19,1103.806396484375,1124.7213134765625,1129.2901611328125,1107.738037109375,1107.738037109375,16439888,0.0061306619441423,1152.6013549804688,1109.5118774414063,1152.6013549804688,1135.7042425537109,0,0
2022-07-20,1133.653564453125,1155.134033203125,1173.36328125,1147.4039306640625,1172.2095947265625,23924246,0.0270402201543795,1153.0877880859375,1109.4529968261718,1153.0877880859375,1135.6674438476562,0,0
2022-07-21,1126.0897216796875,1147.427001953125,1153.7496337890625,1138.6585693359375,1150.9805908203125,16523230,-0.0066720936718319,1153.8749584960938,1109.9364868164062,1153.8749584960938,1135.5827478027343,0,0
2022-07-22,1133.6988525390625,1155.1802978515625,1161.2720947265625,1151.442138671875,1153.7496337890625,10969995,0.0067571266417609,1154.5679248046874,1110.0055541992188,1154.5679248046874,1135.4626123046876,0,0
2022-07-25,1096.242431640625,1117.01416015625,1138.727783203125,1108.984130859375,1138.727783203125,23110452,-0.0330391274671832,1154.506328125,1108.3693908691407,1154.506328125,1135.0350573730468,0,0
2022-07-26,1096.74072265625,1117.5218505859375,1127.8594970703125,1112.837646484375,1117.3372802734375,11303288,0.0004545445434722,1153.5311962890626,1105.9643981933593,1153.5311962890626,1134.721751098633,0,0
2022-07-27,1095.6990966796875,1116.46044921875,1120.06005859375,1108.5225830078125,1116.8065185546875,8655086,-0.0009497467861316,1152.45189453125,1102.3195495605469,1152.45189453125,1134.3748162841796,0,0
2022-07-28,1112.864501953125,1133.9512939453125,1138.95849609375,1117.2911376953125,1124.213623046875,12496073,0.0156661672218714,1152.2458154296876,1099.181951904297,1152.2458154296876,1133.8898529052735,0,0
2022-07-29,1136.5748291015625,1158.1107177734375,1161.6412353515625,1137.1356201171875,1142.0736083984375,15130683,0.021305672978898,1151.2041064453124,1101.463525390625,1151.2041064453124,1133.5655639648437,0,0
2022-08-01,1166.195556640625,1188.2928466796875,1194.2462158203125,1157.2569580078125,1162.5872802734375,15700044,0.0260613967339722,1150.9137817382812,1105.1129089355468,1150.9137817382812,1133.3550701904296,0,0
2022-08-02,1170.6341552734375,1192.8155517578125,1203.499267578125,1182.1549072265625,1187.2083740234375,13917913,0.0038060500295493,1150.6311596679689,1108.5414916992188,1150.6311596679689,1133.1052844238282,0,0
2022-08-03,1180.462646484375,1202.830078125,1204.5145263671875,1184.8778076171875,1199.8995361328125,14250977,0.0083958691677177,1150.5799780273437,1112.9461181640625,1150.5799780273437,1132.8922998046876,0,0
2022-08-04,1164.859619140625,1186.931396484375,1208.0911865234375,1169.902099609375,1204.5145263671875,14467127,-0.013217722212743,1150.4422900390623,1117.1084289550781,1150.4422900390625,1132.5849951171874,0,0
2022-08-05,1147.6939697265625,1169.4405517578125,1190.11572265625,1166.18701171875,1188.8236083984375,13942438,-0.014736238712375,1150.069990234375,1120.3377258300782,1150.069990234375,1132.1369464111328,0,0
2022-08-08,1162.7081298828125,1184.7392578125,1192.307861328125,1168.0560302734375,1168.0560302734375,10165178,0.0130820240868103,1149.185439453125,1123.5817504882812,1149.185439453125,1131.8351892089843,0,0
2022-08-10,1169.6605224609375,1191.8233642578125,1195.2384033203125,1180.078125,1189.2388916015625,10724688,0.0059794822100587,1148.7311645507812,1127.2515258789062,1148.7311645507812,1131.7446057128907,0,0
2022-08-11,1173.5556640625,1195.792236328125,1204.4683837890625,1190.7618408203125,1201.3302001953125,8198226,0.0033301471040223,1148.34708984375,1132.0875671386718,1148.34708984375,1131.6624017333984,0,0
2022-08-12,1192.532958984375,1215.1290283203125,1218.9825439453125,1191.6849365234375,1195.4229736328125,12650587,0.0161707667586736,1147.5200610351562,1137.4286071777344,1147.5200610351562,1131.7330572509766,0,0
2022-08-16,1200.8211669921875,1223.574462890625,1226.343505859375,1212.49853515625,1221.2208251953125,6607378,0.006950087161424,1146.358779296875,1143.0787536621094,1146.358779296875,1131.7109771728515,0,0
2022-08-17,1207.09423828125,1229.96630859375,1235.388916015625,1225.535888671875,1229.8970947265625,6595965,0.0052239846044479,1145.4312060546874,1148.5794372558594,1145.4312060546874,1131.7964660644532,1,1
2022-08-18,1209.2833251953125,1228.1895751953125,1231.7430419921875,1218.451904296875,1227.589599609375,7410035,0.0018135178220877,1144.5003076171874,1153.8532836914062,1144.5003076171874,1131.9581213378906,0,1
2022-08-19,1187.72216796875,1206.2913818359375,1228.3741455078125,1202.1839599609375,1222.974609375,9460724,-0.0178296986134991,1143.5793310546876,1156.5567138671875,1143.5793310546876,1132.1531671142577,0,1
2022-08-22,1184.427734375,1202.9454345703125,1214.344482421875,1193.4385986328125,1207.7451171875,9471680,-0.0027737409325147,1141.9158056640624,1159.473614501953,1141.9158056640624,1132.3282299804687,0,1
2022-08-23,1202.6944580078125,1221.497802734375,1224.451416015625,1195.9075927734375,1197.130615234375,9678484,0.0154224045103532,1141.3830444335938,1162.9233947753905,1141.3830444335938,1132.6784161376954,0,1
2022-08-24,1199.490966796875,1218.244140625,1232.20458984375,1216.213623046875,1218.40576171875,10369622,-0.00266359522122,1141.251359863281,1168.0858215332032,1141.2513598632813,1133.0515356445312,0,1
2022-08-25,1195.9920654296875,1214.690673828125,1228.9278564453125,1210.3294677734375,1222.489990234375,7871946,-0.0029169885093265,1141.364931640625,1173.048388671875,1141.364931640625,1133.3726263427734,0,1
2022-08-26,1189.6077880859375,1208.20654296875,1222.974609375,1203.130126953125,1215.1290283203125,10742038,-0.0053380599489648,1141.6388720703126,1177.7438232421875,1141.6388720703126,1133.6547747802733,0,1
2022-08-29,1180.3609619140625,1198.8150634765625,1225.2821044921875,1189.7696533203125,1192.97705078125,19838975,-0.0077730040644345,1142.056696777344,1181.1186462402343,1142.0566967773439,1133.8459637451172,0,1
2022-08-30,1198.673095703125,1217.4134521484375,1220.782470703125,1189.1004638671875,1206.360595703125,23139054,0.0155140117133047,1142.5690112304687,1184.2235595703125,1142.5690112304687,1134.0648522949218,0,1
2022-09-01,1163.4346923828125,1181.6241455078125,1202.1839599609375,1177.1475830078125,1191.892578125,19909939,-0.0293978428702799,1142.801845703125,1184.085516357422,1142.801845703125,1134.0970178222656,0,1
2022-09-02,1149.8482666015625,1167.8253173828125,1188.5235595703125,1165.610107421875,1181.6241455078125,12999345,-0.0116778585598336,1142.3911083984376,1183.0462219238282,1142.3911083984376,1133.9739520263672,0,1
2022-09-05,1167.7060546875,1185.9622802734375,1191.36181640625,1168.0560302734375,1168.0560302734375,11327815,0.0155305605136206,1143.0486059570312,1182.4083923339845,1143.0486059570312,1133.9748236083985,0,1
2022-09-06,1179.9974365234375,1198.44580078125,1202.6685791015625,1186.9775390625,1187.4390869140625,10899618,0.0105260924070715,1144.32015625,1183.165283203125,1144.32015625,1134.1728009033204,0,1
2022-09-07,1173.135986328125,1191.4771728515625,1197.5458984375,1186.0545654296875,1188.362060546875,7488501,-0.0058148009334054,1145.1365258789062,1184.4373840332032,1145.1365258789062,1134.4585321044922,0,1
2022-09-08,1174.79443359375,1193.16162109375,1198.9765625,1186.51611328125,1194.4769287109375,7057077,0.0014136871470593,1146.0531005859375,1185.04169921875,1146.0531005859375,1134.7314953613281,0,1
2022-09-09,1167.478759765625,1185.7315673828125,1204.5145263671875,1183.2855224609375,1204.5145263671875,8314850,-0.0062271948342026,1146.5058642578124,1184.9326110839843,1146.5058642578124,1135.2159649658204,0,1
2022-09-12,1180.542724609375,1198.9996337890625,1205.4376220703125,1186.308349609375,1186.308349609375,7435419,0.011189895091858,1146.7447973632814,1185.281964111328,1146.7447973632814,1135.7157080078125,0,1
2022-09-13,1190.403076171875,1209.01416015625,1213.6060791015625,1200.361083984375,1208.20654296875,8888657,0.0083523885726055,1147.0405297851562,1185.175469970703,1147.0405297851562,1136.3427667236328,0,1
2022-09-14,1176.135009765625,1194.5230712890625,1204.5145263671875,1187.32373046875,1188.362060546875,8678219,-0.011985911908203,1148.7443627929688,1183.941162109375,1148.7443627929688,1136.5779333496093,0,1
2022-09-15,1164.479736328125,1182.6856689453125,1201.537841796875,1179.939697265625,1192.0540771484375,10365600,-0.0099098091126652,1150.1697998046875,1181.8104370117187,1150.1697998046875,1136.936782836914,0,1
2022-09-16,1135.625732421875,1153.38037109375,1178.2091064453125,1149.5960693359375,1173.940185546875,20217708,-0.0247784508446951,1150.841064453125,1178.1275573730468,1150.841064453125,1137.0859167480469,0,1
2022-09-19,1137.1025390625,1154.8802490234375,1164.2255859375,1145.142578125,1153.38037109375,7580254,0.0013004342878666,1151.735712890625,1175.5965759277344,1151.735712890625,1137.3241864013671,0,1
2022-09-20,1137.2841796875,1155.0648193359375,1171.148193359375,1151.3035888671875,1164.1102294921875,8411448,0.0001597398816379,1152.8491284179688,1173.2393981933594,1152.8491284179688,1137.4238641357422,0,1
2022-09-21,1140.4195556640625,1158.249267578125,1168.9791259765625,1151.442138671875,1152.249755859375,9207309,0.0027568975569711,1153.9953588867188,1170.1256530761718,1153.9953588867188,1137.503325805664,0,1
2022-09-22,1129.673095703125,1147.334716796875,1155.134033203125,1140.873779296875,1147.28857421875,10308170,-0.0094232512127344,1154.632268066406,1166.6347595214843,1154.6322680664061,1137.6979931640626,0,1
2022-09-23,1108.498291015625,1125.828857421875,1151.8804931640625,1124.259765625,1146.8271484375,9528051,-0.0187441878257005,1154.87693359375,1162.2600708007812,1154.87693359375,1137.890164794922,0,1
2022-09-26,1080.257568359375,1097.1466064453125,1115.8143310546875,1096.13134765625,1104.8536376953125,12479523,-0.0254765594905657,1154.9453881835936,1156.7925598144532,1154.9453881835936,1137.8975402832032,0,1
2022-09-27,1088.845703125,1105.8690185546875,1119.5986328125,1089.185791015625,1104.83056640625,16154822,0.0079500806262973,1155.0080590820312,1152.216796875,1155.0080590820312,1137.8657653808593,-1,0
2022-09-28,1059.855224609375,1076.42529296875,1097.4466552734375,1073.956298828125,1089.3011474609375,16997059,-0.0266249647975117,1154.448798828125,1145.2759033203124,1154.448798828125,1137.6021905517578,0,0
2022-09-29,1056.6063232421875,1073.1256103515625,1092.600830078125,1067.4490966796875,1089.1396484375,14671827,-0.0030654199665666,1153.6393139648435,1139.9344848632813,1153.6393139648437,1137.3167095947265,0,0
2022-09-30,1080.4393310546875,1097.331298828125,1108.5225830078125,1066.526123046875,1066.526123046875,18613024,0.0225561851072106,1153.17197265625,1136.4640380859375,1153.17197265625,1137.2620379638672,0,0
2022-10-03,1076.690673828125,1093.52392578125,1115.4219970703125,1090.524169921875,1103.6768798828125,11852723,-0.0034695675349981,1152.03271484375,1131.9132690429688,1152.03271484375,1137.255428466797,0,0
2022-10-04,1096.5477294921875,1113.69140625,1115.9066162109375,1103.0538330078125,1106.5843505859375,8948850,0.018442674527366,1151.441875,1127.7407836914062,1151.441875,1137.3638427734375,0,0
2022-10-06,1100.5916748046875,1117.7987060546875,1130.674560546875,1115.975830078125,1120.983154296875,13352162,0.0036878880907196,1150.7797314453126,1124.1135681152343,1150.7797314453126,1137.4229547119141,0,0
2022-10-07,1105.2493896484375,1122.5291748046875,1127.8594970703125,1114.360595703125,1114.360595703125,7714340,0.0042320098819361,1150.9598706054687,1120.6363159179687,1150.9598706054687,1137.64904296875,0,0
2022-10-10,1093.1851806640625,1110.2763671875,1115.7220458984375,1102.0616455078125,1109.9071044921875,6329527,-0.0109153726727797,1150.888759765625,1116.9216369628907,1150.888759765625,1137.957705078125,0,0
2022-10-11,1071.4195556640625,1088.17041015625,1114.060546875,1085.0322265625,1114.060546875,9215177,-0.0199102817939577,1150.4031689453125,1111.465478515625,1150.4031689453125,1138.0807702636719,0,0
2022-10-12,1079.3033447265625,1096.177490234375,1099.1541748046875,1081.3402099609375,1085.4476318359375,7417103,0.0073582650426924,1149.7319458007812,1105.9104919433594,1149.7319458007812,1138.1190417480468,0,0
2022-10-13,1082.7340087890625,1099.661865234375,1104.83056640625,1089.185791015625,1094.4007568359375,7328492,0.0031785911525819,1148.6551293945313,1101.2404418945312,1148.6551293945313,1138.1763916015625,0,0
2022-10-14,1077.2357177734375,1094.07763671875,1115.1451416015625,1093.3392333984375,1114.5220947265625,9106089,-0.005078154903229,1146.8759326171876,1096.878240966797,1146.8759326171876,1138.1891522216797,0,0
2022-10-17,1094.525634765625,1111.6376953125,1114.060546875,1081.571044921875,1086.8321533203125,16729355,0.0160502633796104,1145.3537622070312,1094.8232360839843,1145.3537622070312,1138.294137573242,0,0
2022-10-18,1113.8372802734375,1131.25146484375,1136.674072265625,1116.8988037109375,1117.7525634765625,12415820,0.0176438494398056,1144.0212548828124,1093.6599731445312,1144.0212548828124,1138.431932373047,0,0
2022-10-19,1133.21728515625,1150.9344482421875,1166.6024169921875,1126.8441162109375,1132.7513427734375,19247142,0.0173993142679287,1143.388408203125,1093.4566284179687,1143.388408203125,1138.6573419189453,0,0
2022-10-20,1136.261962890625,1154.0264892578125,1162.51806640625,1146.8271484375,1146.8271484375,8717053,0.0026867554653962,1143.1597680664063,1093.2487487792969,1143.1597680664063,1138.9962585449218,0,0
2022-10-21,1123.0843505859375,1140.6429443359375,1161.5028076171875,1138.5201416015625,1157.3031005859375,8243452,-0.0115973364726246,1142.367292480469,1092.9193115234375,1142.3672924804687,1139.2487927246093,0,0
2022-10-24,1126.8331298828125,1144.4503173828125,1154.9033203125,1133.12060546875,1135.28955078125,3370033,0.0033379320929181,1141.5107446289062,1093.8360534667968,1141.5107446289062,1139.4392254638672,0,0
2022-10-25,1109.4298095703125,1126.77490234375,1153.2880859375,1125.1365966796875,1153.2880859375,12233241,-0.0154444521118312,1140.2282275390626,1095.2946655273438,1140.2282275390626,1139.4197869873046,0,0
2022-10-27,1113.7919921875,1131.205322265625,1139.1893310546875,1122.73681640625,1134.3665771484375,12513059,0.0039319140152516,1138.653408203125,1096.5419799804688,1138.653408203125,1139.3961169433594,0,0
2022-10-28,1147.871826171875,1165.81787109375,1169.902099609375,1135.0357666015625,1137.5970458984375,17609592,0.0305980238890404,1137.5944213867188,1100.9428100585938,1137.5944213867188,1139.663094482422,0,0
2022-10-31,1158.5272216796875,1176.6400146484375,1181.8780517578125,1168.60986328125,1172.671142578125,12419943,0.0092827398189117,1136.6230810546874,1106.0388549804688,1136.6230810546874,1139.9391900634766,0,0
2022-11-01,1149.5528564453125,1167.525390625,1199.8995361328125,1157.441650390625,1199.8995361328125,13963166,-0.0077463568109893,1135.4284716796874,1109.49453125,1135.4284716796874,1140.1658850097656,0,0
2022-11-02,1156.7322998046875,1174.8170166015625,1176.9168701171875,1160.672119140625,1168.656005859375,8981896,0.0062454225737609,1134.8086743164065,1113.4966125488281,1134.8086743164063,1140.388733520508,0,0
2022-11-03,1161.0491943359375,1179.2012939453125,1181.23193359375,1165.3101806640625,1167.525390625,6693449,0.003731973709024,1134.341103515625,1116.7216857910157,1134.341103515625,1140.4847229003906,0,0
2022-11-04,1178.1343994140625,1196.5537109375,1199.8995361328125,1177.332275390625,1178.6243896484375,12575815,0.0147153153901431,1133.84990234375,1120.5988220214845,1133.84990234375,1140.633981323242,0,0
2022-11-07,1184.427734375,1202.9454345703125,1204.653076171875,1187.900634765625,1195.74609375,11789748,0.0053417801602835,1133.5486376953124,1124.5577392578125,1133.5486376953124,1140.8063262939454,0,0
2022-11-09,1183.246337890625,1201.74560546875,1210.029541015625,1195.3076171875,1204.653076171875,11254205,-0.0009974407471963,1133.2937231445312,1129.0607971191407,1133.2937231445312,1140.9427600097656,0,0
2022-11-10,1168.9329833984375,1187.2083740234375,1198.307373046875,1182.8240966796875,1195.2845458984375,5966242,-0.0120966818437012,1132.8802270507813,1133.9364685058595,1132.8802270507813,1141.076583251953,1,1
2022-11-11,1195.8785400390625,1214.5753173828125,1216.5135498046875,1194.361572265625,1199.8995361328125,12310132,0.0230514127185343,1133.190578613281,1139.7652282714844,1133.1905786132813,1141.3455877685547,0,1
2022-11-14,1190.0850830078125,1208.691162109375,1219.2825927734375,1202.2762451171875,1214.0906982421875,9043112,-0.0048445196040233,1133.018818359375,1145.1327819824219,1133.018818359375,1141.68560546875,0,1
2022-11-15,1184.745849609375,1203.2685546875,1212.0831298828125,1195.2845458984375,1210.1910400390625,7086433,-0.0044864299827565,1133.4450415039062,1150.5082885742188,1133.4450415039062,1141.9980212402343,0,1
2022-11-16,1177.9527587890625,1196.369140625,1207.260498046875,1191.2926025390625,1204.5145263671875,9716161,-0.0057337958369317,1134.0071313476562,1154.6796447753907,1134.0071313476562,1142.5028173828125,0,1
2022-11-17,1180.9970703125,1199.461181640625,1205.8990478515625,1190.6695556640625,1192.9539794921875,6661451,0.002584408840442,1134.2729516601562,1158.0376342773438,1134.2729516601562,1143.0333654785156,0,1
2022-11-18,1180.3609619140625,1198.8150634765625,1204.0531005859375,1186.562255859375,1203.0146484375,5303197,-0.0005386197937554,1134.2802221679688,1160.3948181152343,1134.2802221679688,1143.640333251953,0,1
2022-11-21,1159.117919921875,1177.239990234375,1194.361572265625,1173.6402587890625,1194.361572265625,6390268,-0.017997072656266,1133.9998608398437,1161.537615966797,1133.9998608398437,1144.146181640625,0,1
2022-11-22,1165.5477294921875,1183.7701416015625,1185.3623046875,1170.5943603515625,1174.51708984375,6611488,0.0055471574201404,1133.8149267578126,1163.6607849121094,1133.8149267578126,1144.5692498779297,0,1
2022-11-23,1161.912353515625,1180.078125,1189.700439453125,1177.8629150390625,1188.362060546875,6413408,-0.0031190279767834,1133.7035986328126,1165.41474609375,1133.7035986328126,1144.9920324707032,0,1
2022-11-24,1171.9320068359375,1190.2542724609375,1197.130615234375,1175.993896484375,1184.2086181640625,9389439,0.0086234157765823,1133.5313842773437,1168.5398559570312,1133.5313842773437,1145.453930053711,0,1
2022-11-25,1189.4261474609375,1208.02197265625,1211.390869140625,1191.638671875,1194.8231201171875,7349922,0.0149276071674429,1133.511845703125,1172.3215637207031,1133.511845703125,1146.0730474853515,0,1
2022-11-28,1230.2991943359375,1249.533935546875,1255.76416015625,1154.672607421875,1204.0069580078125,31527484,0.0343636693730431,1134.595129394531,1176.4429321289062,1134.5951293945313,1146.945106201172,0,1
2022-11-29,1232.4119873046875,1251.6798095703125,1260.656005859375,1243.280517578125,1247.8724365234375,11058913,0.0017173001319328,1135.9537744140623,1180.1371704101562,1135.9537744140625,1147.8598852539062,0,1
2022-11-30,1241.1136474609375,1260.517578125,1267.0247802734375,1245.2188720703125,1251.818359375,26164986,0.0070606747142087,1138.063532714844,1184.7152099609375,1138.0635327148439,1148.7299670410157,0,1
2022-12-01,1237.4556884765625,1256.802490234375,1271.4320068359375,1253.43359375,1265.3402099609375,9485801,-0.0029473199266307,1140.070595703125,1188.7513793945313,1140.070595703125,1149.5195959472655,0,1
2022-12-02,1236.93310546875,1256.271728515625,1268.2015380859375,1246.326416015625,1259.89453125,11589592,-0.00042230442082,1142.06357421875,1192.5455749511718,1142.06357421875,1150.3121600341797,0,1
2022-12-05,1218.8936767578125,1237.9501953125,1253.7796630859375,1235.8966064453125,1251.5875244140625,14828536,-0.0145839970093623,1143.633056640625,1194.5835388183593,1143.633056640625,1151.0250579833985,0,1
2022-12-06,1222.4151611328125,1241.52685546875,1244.6650390625,1228.051025390625,1229.9432373046875,8594245,0.0028890824869705,1145.487897949219,1196.48291015625,1145.4878979492187,1151.8412780761719,0,1
2022-12-07,1204.375732421875,1223.205322265625,1243.7420654296875,1219.351806640625,1239.1270751953125,8462111,-0.0147572030227606,1147.4054467773435,1197.5393798828125,1147.4054467773437,1152.3874926757812,0,1
2022-12-08,1203.8077392578125,1222.62841796875,1229.8970947265625,1218.40576171875,1227.589599609375,7757008,-0.0004716079449063,1149.8764501953126,1199.2831176757813,1149.8764501953126,1152.9421899414062,0,1
2022-12-09,1185.5638427734375,1204.0992431640625,1227.589599609375,1200.7532958984375,1221.1285400390625,12655763,-0.015155157995265,1151.8108129882812,1198.7673828125,1151.8108129882812,1153.336484375,0,1
2022-12-12,1187.38134765625,1205.9451904296875,1210.5140380859375,1192.97705078125,1193.2078857421875,9479842,0.0015330299535458,1154.3613354492188,1198.6321960449218,1154.3613354492188,1153.7831201171875,0,1
2022-12-13,1192.7886962890625,1211.4371337890625,1215.1290283203125,1202.9915771484375,1205.9451904296875,8333348,0.0045540117700904,1157.0849829101562,1199.0343383789063,1157.0849829101562,1154.312275390625,0,1
2022-12-14,1188.471923828125,1207.0528564453125,1217.875,1204.97607421875,1217.2750244140625,7268947,-0.0036190588277433,1159.245634765625,1199.5602966308593,1159.245634765625,1154.84453125,0,1
2022-12-15,1171.591064453125,1189.9080810546875,1206.822021484375,1186.51611328125,1201.0533447265625,8688551,-0.0142038352245006,1161.143642578125,1199.0899963378906,1161.143642578125,1155.3262371826172,0,1
2022-12-16,1165.7974853515625,1184.02392578125,1208.5758056640625,1180.5858154296875,1186.51611328125,15837349,-0.004945052311633,1162.5286376953125,1198.3618225097657,1162.5286376953125,1156.0468774414062,0,1
2022-12-19,1181.110595703125,1199.5765380859375,1201.74560546875,1184.5316162109375,1191.131103515625,7729933,0.0131353091287074,1164.1390161132813,1199.4614562988281,1164.1390161132813,1156.780220336914,0,1
2022-12-20,1191.334716796875,1209.9603271484375,1211.8985595703125,1184.2086181640625,1192.469482421875,7467588,0.0086563621822928,1165.86072265625,1200.7508056640625,1165.86072265625,1157.393482055664,0,1
2022-12-21,1174.3856201171875,1192.746337890625,1215.1290283203125,1188.8697509765625,1209.591064453125,8527550,-0.0142269812511284,1167.4847314453125,1201.3744689941407,1167.4847314453125,1157.8336779785157,0,1
2022-12-22,1171.3411865234375,1189.654296875,1202.0455322265625,1184.5546875,1198.9765625,7451122,-0.0025923627994067,1169.4831640625,1201.3449279785157,1169.4831640625,1158.304510498047,0,1
2022-12-23,1136.9888916015625,1154.764892578125,1195.515380859375,1150.1729736328125,1182.9625244140625,10257115,-0.0293273175374574,1170.636875,1198.7230651855468,1170.636875,1158.7230383300782,0,1
2022-12-26,1146.917236328125,1164.8486328125,1173.132568359375,1150.2421875,1160.5567626953125,5990242,0.0087321387217578,1171.9205395507813,1194.5539672851562,1171.9205395507813,1159.3859622192383,0,1
2022-12-27,1156.3006591796875,1174.378662109375,1176.270751953125,1160.7874755859375,1167.5946044921875,5763271,0.0081814297966291,1173.5018383789063,1190.7484008789063,1173.5018383789063,1160.104976196289,0,1
2022-12-28,1156.1871337890625,1174.2633056640625,1176.7322998046875,1163.671875,1171.28662109375,7459393,-9.817982003534896e-05,1174.735068359375,1186.5020751953125,1174.735068359375,1160.5548413085937,0,1
2022-12-29,1155.66455078125,1173.7325439453125,1176.31689453125,1165.517822265625,1166.2100830078125,6930648,-0.0004519882573852,1175.5716137695313,1182.4125183105468,1175.5716137695313,1160.915700073242,0,1
2022-12-30,1157.4365234375,1175.5323486328125,1189.2850341796875,1172.71728515625,1174.563232421875,7289476,0.0015332932511014,1176.0559985351565,1178.4376892089845,1176.0559985351563,1161.2697930908203,0,1
2023-01-02,1170.477783203125,1188.7774658203125,1190.2081298828125,1175.993896484375,1176.8245849609375,5316175,0.0112673649928494,1176.7403149414065,1176.01689453125,1176.7403149414063,1161.6444799804688,-1,0
2023-01-03,1161.912353515625,1180.078125,1187.4390869140625,1175.809326171875,1183.7701416015625,7658932,-0.0073178917279914,1177.516875,1172.9917541503905,1177.516875,1162.1017974853517,0,0
2023-01-04,1144.418212890625,1162.3104248046875,1181.9241943359375,1160.2105712890625,1180.0550537109375,9264891,-0.0150563341305973,1177.8685766601564,1169.993878173828,1177.8685766601564,1162.3812872314454,0,0
2023-01-05,1142.37353515625,1160.233642578125,1170.5482177734375,1155.5955810546875,1164.5948486328125,13637099,-0.0017866525640224,1178.527451171875,1166.92216796875,1178.527451171875,1162.4731219482421,0,0
2023-01-06,1152.75634765625,1170.7789306640625,1175.8785400390625,1162.195068359375,1166.048583984375,6349597,0.0090888069273942,1179.30673828125,1165.2817932128905,1179.30673828125,1162.6492553710937,0,0
2023-01-09,1179.974609375,1198.4227294921875,1200.8226318359375,1173.755615234375,1174.655517578125,10722753,0.0236114611505626,1179.9487939453124,1164.9114562988282,1179.9487939453124,1162.8171118164062,0,0
2023-01-10,1162.52587890625,1180.701171875,1202.6685791015625,1174.9786376953125,1202.6685791015625,8047142,-0.0147873779063705,1180.0287670898438,1163.3983154296875,1180.0287670898438,1162.8794958496094,0,0
2023-01-11,1147.871826171875,1165.81787109375,1180.5166015625,1163.4871826171875,1177.9783935546875,11509553,-0.0126053561475656,1179.995146484375,1161.368310546875,1179.995146484375,1162.7792706298828,0,0
2023-01-12,1123.0843505859375,1140.6429443359375,1168.748291015625,1137.5970458984375,1165.2178955078125,17688773,-0.0215942886834352,1179.3221875,1158.9429748535156,1179.3221875,1162.5161572265624,0,0
2023-01-13,1121.266845703125,1138.7969970703125,1141.242919921875,1123.5675048828125,1134.5511474609375,20618583,-0.0016183155627307,1178.5265405273435,1156.7164428710937,1178.5265405273437,1162.1848504638672,0,0
2023-01-16,1110.5885009765625,1127.9517822265625,1144.3580322265625,1120.06005859375,1141.150634765625,13623855,-0.0095234642560632,1177.1756225585937,1153.1903381347656,1177.1756225585937,1161.7987927246095,0,0
2023-01-17,1126.3560791015625,1143.9658203125,1145.904052734375,1130.9515380859375,1134.3665771484375,10751000,0.0141974980932499,1176.014189453125,1149.94140625,1176.014189453125,1161.3774377441407,0,0
2023-01-18,1124.492919921875,1142.0736083984375,1149.6422119140625,1135.451171875,1141.5198974609375,13448286,-0.0016541475775349,1174.83912109375,1147.4467712402343,1174.83912109375,1161.033274536133,0,0
2023-01-19,1123.2889404296875,1140.8507080078125,1145.05029296875,1133.7435302734375,1141.242919921875,11940054,-0.0010706865920251,1173.926240234375,1145.0441589355469,1173.926240234375,1160.6353088378905,0,0
2023-01-20,1109.9296875,1127.2825927734375,1142.2120361328125,1124.79052734375,1142.2120361328125,14930286,-0.0118929800239796,1172.2072631835938,1143.6911987304688,1172.2072631835938,1160.1527697753907,0,0
2023-01-23,1104.3177490234375,1121.5830078125,1138.15087890625,1119.1370849609375,1130.213134765625,10954118,-0.005056120707252,1170.4919165039062,1141.5612243652345,1170.4919165039062,1159.7274334716797,0,0
2023-01-24,1097.7972412109375,1114.9605712890625,1127.7440185546875,1101.7615966796875,1126.0595703125,16488755,-0.0059045576495226,1168.7529443359374,1138.636053466797,1168.7529443359374,1159.2853466796876,0,0
2023-01-25,1082.620361328125,1099.54638671875,1114.3836669921875,1098.36962890625,1113.3453369140625,12385018,-0.013824847898207,1166.846296386719,1134.95771484375,1166.8462963867187,1158.871998901367,0,0
2023-01-27,1062.0816650390625,1078.6866455078125,1101.7615966796875,1066.8260498046875,1100.4002685546875,25830975,-0.0189712821065606,1164.46798828125,1130.2785705566407,1164.46798828125,1158.259033203125,0,0
2023-01-30,1072.26025390625,1089.0242919921875,1094.6314697265625,1061.9111328125,1076.0792236328125,21772103,0.0095836216764113,1162.3059741210936,1126.019757080078,1162.3059741210936,1157.7093029785156,0,0
2023-01-31,1069.5791015625,1086.3013916015625,1101.900146484375,1080.37109375,1099.2926025390625,22691594,-0.0025004678985186,1160.5151977539062,1120.9748229980469,1160.5151977539062,1157.257470703125,0,0
2023-02-01,1063.240478515625,1079.863525390625,1098.3465576171875,1063.757080078125,1098.3465576171875,19347800,-0.0059262779514064,1158.469052734375,1116.0412292480469,1158.469052734375,1156.795233154297,0,0
2023-02-02,1057.35595703125,1073.8870849609375,1083.6015625,1066.526123046875,1069.756591796875,13662663,-0.0055345160415546,1156.3779248046876,1111.6881164550782,1156.3779248046876,1156.3212365722657,0,0
2023-02-03,1058.28759765625,1074.8331298828125,1084.0631103515625,1058.2191162109375,1084.0631103515625,24699575,0.0008811040584817,1154.105036621094,1107.483819580078,1154.1050366210939,1155.6323461914062,0,0
2023-02-06,1050.3128662109375,1066.7337646484375,1071.14111328125,1064.1263427734375,1068.3720703125,14837879,-0.0075355049638433,1151.3227709960938,1102.3616455078125,1151.3227709960938,1154.7277374267578,0,0
2023-02-07,1047.791015625,1064.1724853515625,1074.0947265625,1058.2191162109375,1066.9876708984375,15135435,-0.0024010470280491,1147.672607421875,1095.7524658203124,1147.672607421875,1153.6663775634765,0,0
2023-02-08,1068.7159423828125,1085.424560546875,1089.093505859375,1064.68017578125,1067.4490966796875,21160332,0.0199705155377105,1144.3986865234374,1091.0619689941407,1144.3986865234374,1152.762407836914,0,0
2023-02-09,1070.578857421875,1087.316650390625,1094.1468505859375,1077.140625,1086.1168212890625,13172763,0.0017431339471822,1140.987990722656,1087.1973205566405,1140.9879907226561,1152.0122326660157,0,0
2023-02-10,1061.763671875,1078.3636474609375,1086.7860107421875,1071.279541015625,1086.7860107421875,10790445,-0.0082340366482702,1137.474150390625,1084.1312866210938,1137.474150390625,1151.035343017578,0,0
2023-02-13,1055.72021484375,1072.2257080078125,1084.524658203125,1067.7030029296875,1080.001953125,10352493,-0.0056919041320915,1133.849892578125,1080.853955078125,1133.849892578125,1150.0221215820313,0,0
2023-02-14,1080.598388671875,1097.4927978515625,1099.2464599609375,1072.3641357421875,1075.2716064453125,14321920,0.0235651202641857,1131.0839868164062,1079.3544494628907,1131.0839868164062,1149.0393103027343,0,0
2023-02-15,1105.0675048828125,1122.344482421875,1124.7674560546875,1095.13916015625,1096.5235595703125,33503591,0.0226440428446423,1128.7370336914062,1078.290020751953,1128.7370336914062,1148.2458770751953,0,0
2023-02-16,1104.2042236328125,1121.4676513671875,1137.0433349609375,1119.16015625,1130.4207763671875,17264487,-0.0007812022760469,1126.733603515625,1077.2755859375,1126.733603515625,1147.4703198242187,0,0
2023-02-17,1108.8162841796875,1126.15185546875,1129.5208740234375,1112.491455078125,1116.82958984375,11809520,0.0041768184255819,1124.8337744140624,1076.551953125,1124.8337744140624,1146.9143896484375,0,0
2023-02-20,1097.093017578125,1114.2452392578125,1130.5592041015625,1112.2607421875,1128.3670654296875,8836937,-0.0105727763641525,1123.0643579101563,1075.9101196289062,1123.0643579101563,1146.4192999267577,0,0
2023-02-21,1106.0445556640625,1123.3367919921875,1129.19775390625,1113.299072265625,1118.6756591796875,13311592,0.0081593246356614,1121.4376220703125,1075.9964599609375,1121.4376220703125,1146.0148260498047,0,0
2023-02-22,1080.9617919921875,1097.8619384765625,1121.444580078125,1096.085205078125,1119.5755615234375,11024335,-0.0226778962415447,1119.201083984375,1075.1546875,1119.201083984375,1145.71671875,0,0
2023-02-23,1075.78173828125,1092.600830078125,1105.1767578125,1089.7626953125,1097.4466552734375,9851910,-0.0047920784520891,1116.9472802734374,1074.8127563476562,1116.9472802734374,1145.4915606689453,0,0
2023-02-24,1083.14306640625,1100.0771484375,1105.8228759765625,1092.8316650390625,1094.6776123046875,9434053,0.0068427710408627,1115.1783203125,1075.8658264160156,1115.1783203125,1145.3606164550781,0,0
2023-02-27,1075.940673828125,1092.7623291015625,1102.8231201171875,1085.3092041015625,1099.2926025390625,11199715,-0.0066495302435177,1113.3811840820313,1076.0498474121093,1113.3811840820313,1145.3066638183593,0,0
2023-02-28,1055.356689453125,1071.8564453125,1092.3701171875,1067.7491455078125,1087.3397216796875,21994038,-0.0191311518150564,1110.866105957031,1075.3387268066406,1110.8661059570313,1145.0881945800782,0,0
2023-03-01,1065.0579833984375,1081.70947265625,1082.4478759765625,1072.179443359375,1081.755615234375,11551145,0.0091924313762956,1108.3405712890626,1075.4296020507813,1108.3405712890626,1144.9168731689454,0,0
2023-03-02,1056.947021484375,1073.4716796875,1085.2861328125,1071.41796875,1078.525146484375,9333535,-0.0076155120570822,1105.9917993164063,1075.4091552734376,1105.9917993164063,1144.4741217041017,0,0
2023-03-03,1083.9154052734375,1100.8616943359375,1104.5767822265625,1080.625,1084.13232421875,14643807,0.0255153600330773,1104.2432836914063,1076.6905456542968,1104.2432836914063,1144.1453778076173,0,0
2023-03-06,1094.5029296875,1111.6146240234375,1118.9525146484375,1107.599609375,1107.599609375,10171916,0.0097678512202634,1103.393564453125,1078.900048828125,1103.393564453125,1144.0020501708984,0,0
2023-03-08,1098.433349609375,1115.606689453125,1116.3681640625,1100.6771240234375,1111.6146240234375,15782657,0.003591054729289,1102.42388671875,1081.4321655273438,1102.42388671875,1143.5509155273437,0,0
2023-03-09,1072.032958984375,1088.79345703125,1115.39892578125,1086.8782958984375,1114.983642578125,16235128,-0.024034585834806,1100.7385327148438,1081.5980163574218,1100.7385327148438,1143.0075213623047,0,0
2023-03-10,1055.4249267578125,1071.9256591796875,1081.755615234375,1068.3951416015625,1080.6019287109375,13334091,-0.015492091066208,1098.7232885742187,1080.8403198242188,1098.7232885742187,1142.3608197021485,0,0
2023-03-13,1038.06689453125,1054.29638671875,1081.755615234375,1049.912109375,1074.8331298828125,12771592,-0.0164464868949846,1096.3713354492188,1079.6554809570312,1096.3713354492188,1141.6360455322265,0,0
2023-03-14,1034.181884765625,1050.3505859375,1063.7340087890625,1047.166259765625,1052.2196044921875,16027522,-0.0037425427841808,1093.9062426757812,1078.578564453125,1093.9062426757812,1140.9482348632812,0,0
2023-03-15,1016.5057983398438,1032.398193359375,1060.6650390625,1027.9447021484375,1054.11181640625,21728555,-0.0170918546207055,1090.8268029785156,1075.3739349365235,1090.8268029785156,1140.1992190551757,0,0
2023-03-16,1011.439208984375,1027.25244140625,1040.2205810546875,1016.31494140625,1035.1441650390625,18363159,-0.0049843191880887,1087.817340087891,1070.6925201416016,1087.8173400878907,1139.221736755371,0,0
2023-03-17,1010.1671142578124,1025.9603271484375,1039.2745361328125,1021.1607055664062,1035.9517822265625,34014213,-0.0012577075470902,1085.1323181152345,1065.9906646728516,1085.1323181152343,1138.3107009887694,0,0
2023-03-20,1000.2384033203124,1015.8765258789062,1024.5296630859375,1006.0696411132812,1022.22216796875,19524589,-0.0098287806021034,1082.2896154785155,1060.5617706298829,1082.2896154785155,1137.3480960083007,0,0
2023-03-21,1031.341796875,1047.4661865234375,1049.45068359375,1023.1451416015624,1024.0450439453125,21400360,0.0310959801697667,1079.8613244628907,1057.2742095947265,1079.8613244628907,1136.3353829956054,0,0
2023-03-22,1034.477294921875,1050.6505126953125,1057.5037841796875,1047.6046142578125,1054.527099609375,10920094,0.0030402123295842,1076.951378173828,1053.6958465576172,1076.951378173828,1135.2133432006835,0,0
2023-03-23,1021.390625,1037.359375,1047.5584716796875,1035.167236328125,1046.681640625,16249370,-0.012650514405793,1074.128673095703,1050.7172882080079,1074.128673095703,1134.0529318237304,0,0
2023-03-24,1001.1699829101562,1016.8225708007812,1038.3746337890625,1014.3766479492188,1036.1824951171875,12375945,-0.0197971682869555,1071.1946362304689,1046.9867004394532,1071.1946362304689,1132.7796405029296,0,0
2023-03-27,1016.7329711914062,1032.62890625,1040.2205810546875,1015.3919677734376,1023.3759155273438,14054323,0.0155448011295866,1069.067608642578,1043.666195678711,1069.067608642578,1131.694450378418,0,0
2023-03-28,1021.4814453125,1037.45166015625,1041.3743896484375,1032.3751220703125,1036.067138671875,12576424,0.0046703256957718,1067.0719006347656,1040.9432342529296,1067.0719006347656,1130.4638375854493,0,0
2023-03-29,1015.43798828125,1031.313720703125,1035.974853515625,1020.4223022460938,1033.298095703125,18804065,-0.0059163649608937,1065.1688903808597,1038.947299194336,1065.1688903808595,1129.3943649291991,0,0
2023-03-31,1059.218994140625,1075.7791748046875,1081.5018310546875,1040.543701171875,1040.68212890625,28171201,0.0431153909590082,1063.8261486816407,1038.6553497314453,1063.8261486816407,1128.66008392334,0,0
2023-04-03,1059.4007568359375,1075.9637451171875,1084.0631103515625,1068.3720703125,1082.2171630859375,10293043,0.0001716006758922,1062.5243054199218,1038.7780364990235,1062.5243054199218,1128.005520324707,0,0
2023-04-05,1056.856201171875,1073.37939453125,1083.6015625,1065.3955078125,1083.6015625,16262928,-0.0024018820523238,1061.1956506347656,1037.4250762939453,1061.1956506347656,1127.4102474975587,0,0
2023-04-06,1063.9447021484375,1080.5787353515625,1086.37060546875,1069.8258056640625,1069.8258056640625,18435046,0.0067071574815027,1060.2759509277344,1035.897164916992,1060.2759509277344,1126.9326223754883,0,0
2023-04-10,1056.4017333984375,1072.9178466796875,1084.709228515625,1071.3948974609375,1084.524658203125,12961408,-0.0070896248035902,1059.3176306152343,1033.7955841064454,1059.3176306152343,1126.3493441772462,0,0
2023-04-11,1061.6273193359375,1078.22509765625,1080.37109375,1072.5487060546875,1077.140625,10542367,0.004946589703795,1058.5942321777345,1033.2753021240235,1058.5942321777343,1125.8985159301758,0,0
2023-04-12,1066.3076171875,1082.9786376953125,1092.7392578125,1075.3177490234375,1078.22509765625,18179087,0.0044086072073674,1058.2679772949218,1033.8194366455077,1058.2679772949218,1125.3781283569335,0,0
2023-04-13,1070.3291015625,1087.0628662109375,1091.8162841796875,1080.8326416015625,1085.9090576171875,12378208,0.0037714110920514,1058.4329260253903,1035.4325469970704,1058.4329260253905,1125.055617980957,0,0
2023-04-17,1075.7589111328125,1092.5777587890625,1119.114013671875,1084.086181640625,1119.114013671875,17929479,0.0050730280643456,1058.502899169922,1037.5113983154297,1058.5028991699219,1124.8523129272462,0,0
2023-04-18,1063.4449462890625,1080.0711669921875,1096.985107421875,1073.4486083984375,1096.985107421875,10405576,-0.0114467700116775,1058.3802160644532,1039.8583557128907,1058.3802160644532,1124.5079501342773,0,0
2023-04-19,1068.7386474609375,1085.4476318359375,1088.17041015625,1076.3099365234375,1079.47119140625,12273475,0.0049778798520296,1058.4901794433597,1042.7233276367188,1058.4901794433595,1124.206814880371,0,0
2023-04-20,1066.034912109375,1082.70166015625,1088.6781005859375,1076.2637939453125,1086.416748046875,7007330,-0.0025298377278542,1058.6637585449218,1045.5167175292968,1058.6637585449218,1123.8127865600586,0,0
2023-04-21,1067.37548828125,1084.0631103515625,1089.60107421875,1078.2481689453125,1084.8245849609375,7647317,0.0012575349612353,1058.845516357422,1048.8735717773438,1058.845516357422,1123.306683654785,0,0
2023-04-24,1071.465087890625,1088.2166748046875,1098.784912109375,1083.6015625,1096.0621337890625,12936186,0.0038314535552623,1059.2685607910155,1050.879736328125,1059.2685607910157,1122.7859268188477,0,0
2023-04-25,1079.666748046875,1096.546630859375,1098.646484375,1084.75537109375,1091.9085693359375,9236126,0.0076546219274362,1059.9060754394532,1053.139208984375,1059.9060754394532,1122.729543762207,0,0
2023-04-26,1073.328125,1090.1087646484375,1101.184814453125,1086.3936767578125,1097.9080810546875,8617834,-0.0058709069797153,1059.998319091797,1055.736083984375,1059.998319091797,1122.6301449584962,0,0
2023-04-27,1080.1212158203125,1097.0081787109375,1100.215576171875,1090.985595703125,1096.0621337890625,9167125,0.0063289973141367,1060.1891662597657,1059.683645629883,1060.1891662597657,1122.5204385375976,0,0
2023-04-28,1099.8648681640625,1117.060302734375,1118.6295166015625,1099.17724609375,1099.2926025390625,15565210,0.0182791079876674,1060.951190185547,1063.8402404785156,1060.951190185547,1122.5579122924805,1,1
2023-05-02,1109.20263671875,1126.544189453125,1128.736328125,1120.5677490234375,1124.305908203125,12981805,0.0084899234669386,1062.020838623047,1068.226300048828,1062.020838623047,1122.6958584594727,0,1
2023-05-03,1099.68310546875,1116.875732421875,1128.3670654296875,1113.6221923828125,1128.3670654296875,7061872,-0.0085823193480325,1062.4025329589845,1072.4385559082032,1062.4025329589845,1122.7787338256835,0,1
2023-05-04,1112.360595703125,1129.7515869140625,1131.9898681640625,1114.3375244140625,1117.3603515625,8635233,0.0115283122668061,1062.5483947753903,1075.095635986328,1062.5483947753905,1122.8513986206056,0,1
2023-05-05,1109.5206298828125,1126.8671875,1135.91259765625,1124.213623046875,1126.5211181640625,8746585,-0.0025530981871192,1062.6547229003909,1077.601629638672,1062.6547229003907,1122.9176766967773,0,1
2023-05-08,1123.2205810546875,1140.781494140625,1146.2041015625,1127.974853515625,1130.674560546875,9153782,0.0123476308622778,1062.9428088378909,1080.9198486328125,1062.9428088378907,1123.149605407715,0,1
2023-05-09,1126.69677734375,1144.3118896484375,1147.6578369140625,1136.7894287109375,1142.2120361328125,6464721,0.0030948473947995,1063.534884033203,1084.0574523925782,1063.534884033203,1123.354528503418,0,1
2023-05-10,1134.4443359375,1152.1805419921875,1153.680419921875,1145.0733642578125,1149.1346435546875,10872255,0.0068763475227251,1064.1028796386718,1087.9595825195313,1064.1028796386718,1123.587658996582,0,1
2023-05-11,1127.0377197265625,1144.6580810546875,1158.1337890625,1142.9273681640625,1153.2650146484375,10557860,-0.0065288493902317,1065.0243981933593,1091.2301025390625,1065.0243981933593,1123.7374447631837,0,1
2023-05-12,1128.8778076171875,1146.527099609375,1147.9346923828125,1133.67431640625,1139.812255859375,6955341,0.0016326764032985,1066.0863195800782,1094.3586120605469,1066.0863195800782,1123.8628018188476,0,1
2023-05-15,1131.1044921875,1148.7884521484375,1155.849365234375,1141.3582763671875,1149.0885009765625,6833343,0.0019724761664086,1067.0455480957032,1097.3973815917968,1067.0455480957032,1123.8500564575195,0,1
2023-05-16,1114.99609375,1132.4283447265625,1153.56494140625,1130.7437744140625,1150.9805908203125,8717229,-0.0142413000290956,1067.8266564941407,1099.3592407226563,1067.8266564941407,1123.794588317871,0,1
2023-05-17,1108.4073486328125,1125.736572265625,1137.5970458984375,1120.983154296875,1136.674072265625,8798967,-0.005909209148014,1068.8876696777345,1101.6073608398438,1068.8876696777343,1123.66813079834,0,1
2023-05-18,1106.021728515625,1123.313720703125,1133.9051513671875,1120.1292724609375,1130.4669189453125,10525531,-0.0021522954716333,1069.706944580078,1103.4715148925782,1069.706944580078,1123.7170272827148,0,1
2023-05-19,1109.6114501953125,1126.95947265625,1128.8055419921875,1116.298828125,1123.313720703125,8050447,0.0032456158745679,1070.7602331542969,1105.650341796875,1070.7602331542969,1123.7813809204101,0,1
2023-05-22,1115.541259765625,1132.9820556640625,1138.05859375,1122.5291748046875,1123.7520751953125,7434906,0.0053440414383509,1071.3927502441406,1108.0586303710938,1071.3927502441406,1123.8805917358397,0,1
2023-05-23,1115.3367919921875,1132.7744140625,1138.9815673828125,1131.34375,1135.589599609375,6092034,-0.0001832901935697,1071.8094274902344,1110.252215576172,1071.8094274902344,1123.8929531860351,0,1
2023-05-24,1108.8389892578125,1126.1749267578125,1137.1356201171875,1123.0367431640625,1128.782470703125,8112254,-0.0058258660352885,1072.017540283203,1111.7108276367187,1072.017540283203,1123.7542739868163,0,1
2023-05-25,1108.7027587890625,1126.0364990234375,1130.213134765625,1115.0067138671875,1123.2445068359375,11487863,-0.0001228586567298,1072.7509362792969,1113.479559326172,1072.7509362792969,1123.4668099975586,0,1
2023-05-26,1138.94287109375,1156.7493896484375,1157.903076171875,1131.020751953125,1134.3665771484375,12626260,0.0272752205809572,1074.4212951660156,1116.4206420898438,1074.4212951660156,1123.3083535766602,0,1
2023-05-29,1145.349609375,1163.2564697265625,1167.5946044921875,1157.0723876953125,1163.4410400390625,10010304,0.0056251621076459,1076.5669494628903,1118.6948791503905,1076.5669494628905,1123.1327883911133,0,1
2023-05-30,1145.054443359375,1162.95654296875,1171.148193359375,1160.3720703125,1163.2564697265625,11342504,-0.0002577082256884,1078.7844006347657,1120.4874694824218,1078.7844006347657,1123.033762512207,0,1
2023-05-31,1122.311767578125,1139.8583984375,1158.29541015625,1135.7510986328125,1153.7496337890625,27107927,-0.0198616545380385,1080.9005200195313,1121.6189025878907,1080.9005200195313,1122.9068515014649,0,1
2023-06-01,1119.2901611328125,1136.7894287109375,1146.781005859375,1134.3665771484375,1144.5888671875,14592692,-0.0026923057679711,1083.0575390625,1121.965380859375,1083.0575390625,1122.6897616577148,0,1
2023-06-02,1115.63232421875,1133.0743408203125,1145.8348388671875,1131.1361083984375,1140.3660888671875,15800644,-0.0032679970226491,1085.166843261719,1122.2709655761719,1085.1668432617187,1122.419620666504,0,1
2023-06-05,1125.6517333984375,1143.25048828125,1146.250244140625,1134.57421875,1138.6124267578125,10908682,0.0089809240573088,1087.6751098632812,1122.3925231933595,1087.6751098632812,1122.1801010131835,0,1
2023-06-06,1126.60595703125,1144.2196044921875,1148.0731201171875,1136.212646484375,1146.11181640625,7493309,0.0008477076919088,1089.5803930664065,1122.3879821777343,1089.5803930664063,1121.850466003418,0,1
2023-06-07,1135.1485595703125,1152.8958740234375,1153.7496337890625,1141.1044921875,1147.7501220703125,10312545,0.007582600185759,1091.593818359375,1122.423193359375,1091.593818359375,1121.5221029663087,0,1
2023-06-08,1135.830078125,1153.5880126953125,1161.52587890625,1149.5960693359375,1156.5185546875,12071109,0.0006003782931685,1093.882607421875,1122.862811279297,1093.882607421875,1121.1657821655274,0,1
2023-06-09,1127.7874755859375,1145.4195556640625,1157.6954345703125,1143.5965576171875,1156.9801025390625,5877018,-0.0070808148982451,1096.4149572753906,1122.8082946777345,1096.4149572753906,1120.7583029174805,0,1
2023-06-12,1128.7869873046875,1146.434814453125,1148.765380859375,1137.5970458984375,1142.44287109375,6391969,0.0008862589276679,1098.6560375976562,1122.6924194335938,1098.6560375976562,1120.4636270141602,0,1
2023-06-13,1145.46337890625,1163.371826171875,1164.57177734375,1147.4039306640625,1151.442138671875,11248016,0.0147737277175583,1101.1356762695314,1124.2157836914062,1101.1356762695314,1120.2688052368164,0,1
2023-06-14,1159.5496826171875,1177.6783447265625,1179.132080078125,1161.5950927734375,1163.4410400390625,13277380,0.0122974718968211,1104.01791015625,1126.772900390625,1104.01791015625,1120.0530813598632,0,1
2023-06-15,1159.86767578125,1178.00146484375,1182.616455078125,1170.1328125,1177.6552734375,11813494,0.0002742384986427,1106.0308837890625,1129.4651977539063,1106.0308837890625,1119.8549649047852,0,1
2023-06-16,1171.159423828125,1189.4697265625,1191.7772216796875,1181.5318603515625,1181.5318603515625,24171579,0.0097353760973373,1108.266057128906,1132.5425964355468,1108.2660571289061,1119.7308016967772,0,1
2023-06-19,1159.5269775390625,1177.6552734375,1192.515625,1173.4326171875,1192.515625,6798554,-0.0099324191501102,1110.31947265625,1134.7418823242188,1110.31947265625,1119.580397644043,0,1
2023-06-20,1161.9351806640625,1180.1011962890625,1183.2855224609375,1169.902099609375,1175.6939697265625,6921096,0.0020768840843281,1112.2792822265626,1137.0718017578124,1112.2792822265626,1119.488268737793,0,1
2023-06-21,1165.2069091796875,1183.424072265625,1185.9853515625,1175.901611328125,1180.0550537109375,6961603,0.0028157582024113,1114.4553857421874,1139.8901977539062,1114.4553857421874,1119.3209378051758,0,1
2023-06-22,1152.1201171875,1170.1328125,1187.5775146484375,1168.517578125,1179.5936279296875,7619166,-0.0112313031180021,1116.265241699219,1142.0610656738281,1116.2652416992187,1119.2643649291992,0,1
2023-06-23,1142.6915283203125,1160.5567626953125,1169.1636962890625,1159.28759765625,1167.0869140625,6628570,-0.0081836856474688,1117.792919921875,1142.2484985351562,1117.792919921875,1119.228581237793,0,1
2023-06-26,1133.9671630859375,1151.6959228515625,1160.856689453125,1148.53466796875,1156.9801025390625,12641159,-0.0076349259779665,1119.0656811523438,1141.679376220703,1119.0656811523438,1119.059886779785,0,1
2023-06-27,1134.3760986328125,1152.111328125,1158.1337890625,1147.588623046875,1152.157470703125,9689466,0.000360623799513,1120.2380249023438,1141.145458984375,1120.2380249023438,1118.8317800903321,0,1
2023-06-28,1149.3939208984375,1167.3638916015625,1171.2174072265625,1152.75732421875,1159.7491455078125,11354006,0.0132388387623161,1121.9570043945312,1142.4995666503905,1121.9570043945312,1118.7130697631835,0,1
2023-06-30,1158.8226318359375,1176.93994140625,1179.8935546875,1169.186767578125,1175.1632080078125,11151555,0.0082032023713245,1123.758684082031,1144.4761901855468,1123.7586840820313,1118.6332107543944,0,1
2023-07-03,1188.5628662109375,1207.1451416015625,1210.0526123046875,1179.2935791015625,1180.5396728515625,12154387,0.0256641815217935,1126.2092431640624,1148.1227172851563,1126.2092431640624,1118.738631286621,0,1
2023-07-04,1176.3167724609375,1194.707763671875,1211.4371337890625,1187.554443359375,1211.4371337890625,8061643,-0.0103032781000804,1128.3880688476563,1150.6559692382812,1128.3880688476563,1118.717501525879,0,1
2023-07-05,1174.3856201171875,1192.746337890625,1204.0531005859375,1188.7313232421875,1204.0531005859375,10248062,-0.0016416941328736,1130.4464794921876,1153.0449523925781,1130.4464794921876,1118.6374142456054,0,1
2023-07-06,1199.03662109375,1217.78271484375,1220.4132080078125,1188.8466796875,1188.8466796875,19117987,0.0209905507648353,1132.833876953125,1156.23935546875,1132.833876953125,1118.7519223022462,0,1
2023-07-07,1196.6964111328125,1215.406005859375,1229.8740234375,1212.821533203125,1216.0521240234375,13375267,-0.0019517418565604,1135.3012426757812,1159.2826721191407,1135.3012426757812,1118.9130056762694,0,1
2023-07-10,1242.794921875,1262.22509765625,1271.8935546875,1234.5120849609375,1240.9268798828125,33240016,0.0385214748814612,1138.554716796875,1165.0330444335937,1138.554716796875,1119.4488516235351,0,1
2023-07-11,1256.2677001953125,1275.9085693359375,1278.3544921875,1263.4019775390625,1270.462890625,20069348,0.0108407091815165,1141.6827734375,1171.407080078125,1141.6827734375,1120.0446774291993,0,1
2023-07-12,1257.653564453125,1277.316162109375,1293.12255859375,1274.5009765625,1276.64697265625,18733835,0.0011031599854052,1144.6517919921876,1177.0165893554688,1144.6517919921876,1120.6465243530274,0,1
2023-07-13,1246.4073486328125,1265.89404296875,1291.738037109375,1263.240478515625,1284.7694091796875,14682934,-0.0089422207658614,1147.586276855469,1181.35947265625,1147.5862768554687,1121.1764633178711,0,1
2023-07-14,1245.3623046875,1264.8326416015625,1274.1549072265625,1257.6331787109375,1269.12451171875,15124144,-0.0008384449485626,1150.2463110351562,1185.6342041015625,1150.2463110351562,1121.754909362793,0,1
2023-07-17,1270.8084716796875,1290.6766357421875,1299.1451416015625,1258.9715576171875,1267.7401123046875,22220040,0.0204327422601511,1153.4720678710937,1190.6166564941407,1153.4720678710937,1122.5664602661134,0,1
2023-07-18,1281.600341796875,1301.63720703125,1309.482666015625,1288.968994140625,1300.0450439453125,25867313,0.0084921295047108,1156.6396630859374,1196.7203247070313,1156.6396630859374,1123.5731741333009,0,1
2023-07-19,1291.3243408203125,1311.5133056640625,1318.0435791015625,1290.8150634765625,1306.0445556640625,39122156,0.0075873879760393,1159.932214355469,1203.1897827148437,1159.9322143554687,1124.5855673217773,0,1
2023-07-20,1289.760498046875,1309.925048828125,1315.4749755859375,1290.0,1290.0,38717624,-0.0012110379429881,1163.0385375976562,1209.417462158203,1163.0385375976562,1125.7350936889648,0,1
2023-07-21,1249.834716796875,1269.375,1307.449951171875,1261.800048828125,1304.5,30249238,-0.0309559653210506,1165.4944775390625,1214.3031921386719,1165.4944775390625,1126.7012356567384,0,1
2023-07-24,1224.554931640625,1243.699951171875,1257.4749755859375,1234.6500244140625,1240.5,23727866,-0.0202265026059109,1167.4080200195312,1218.3963623046875,1167.4080200195312,1127.421813659668,0,1
2023-07-25,1223.767333984375,1242.9000244140625,1252.5999755859375,1240.0,1247.0,12026020,-0.0006431705396791,1169.2612768554689,1222.8863708496094,1169.2612768554689,1128.1571969604493,0,1
2023-07-26,1243.65625,1263.0999755859375,1273.5,1242.5,1242.5,12911012,0.0162522037182264,1171.8344799804688,1228.3503784179688,1171.8344799804688,1128.8927395629883,0,1
2023-07-27,1232.0872802734375,1251.3499755859375,1268.824951171875,1245.175048828125,1267.0250244140625,17226898,-0.0093023853870894,1174.3080786132812,1232.4850463867188,1174.3080786132812,1129.550217590332,0,1
2023-07-28,1244.46875,1263.925048828125,1271.425048828125,1250.2750244140625,1256.0250244140625,20827852,0.010049182330504,1177.0770190429687,1236.767352294922,1177.0770190429687,1130.2463143920897,0,1
2023-07-31,1255.00390625,1274.625,1276.949951171875,1258.9749755859375,1263.925048828125,8551174,0.0084655852145745,1179.9848681640624,1240.089404296875,1179.9848681640624,1131.0554080200195,0,1
2023-08-01,1237.25634765625,1256.5999755859375,1279.5,1252.6500244140625,1277.5,9536632,-0.0141414369352684,1182.419169921875,1243.1363830566406,1182.419169921875,1131.8845919799805,0,1
2023-08-02,1224.0382080078125,1243.175048828125,1256.0,1231.800048828125,1254.5999755859375,12748214,-0.0106834284370226,1184.5931982421876,1245.6190124511718,1184.5931982421876,1132.6082662963868,0,1
2023-08-03,1218.8934326171875,1237.949951171875,1250.449951171875,1229.0250244140625,1237.6500244140625,10168350,-0.0042031166649596,1186.794287109375,1246.6118530273438,1186.794287109375,1133.2890634155274,0,1
2023-08-04,1235.4593505859375,1254.7750244140625,1258.0,1235.800048828125,1249.4000244140625,22885610,0.0135909485812717,1189.3294189453125,1248.55,1189.3294189453125,1134.0801815795899,0,1
2023-08-07,1242.49951171875,1261.925048828125,1264.199951171875,1252.5,1260.5,5982870,0.0056984158398036,1191.4005517578123,1248.5352294921875,1191.4005517578125,1134.8200509643555,0,1
2023-08-08,1235.016357421875,1254.324951171875,1267.2249755859375,1249.7750244140625,1264.0,9844072,-0.0060226617606662,1193.19388671875,1247.4726623535157,1193.19388671875,1135.4259463500975,0,1
2023-08-09,1243.1639404296875,1262.5999755859375,1264.5,1240.550048828125,1252.425048828125,11486586,0.0065971458263278,1195.1560766601565,1246.7481811523437,1195.1560766601563,1135.9756796264649,0,1
2023-08-10,1248.7025146484375,1268.2249755859375,1275.0,1254.2249755859375,1262.4749755859375,15470598,0.0044552243180699,1197.6838916015624,1246.862939453125,1197.6838916015624,1136.5378823852539,0,1
2023-08-11,1253.969970703125,1273.574951171875,1279.425048828125,1256.175048828125,1266.2249755859375,22179330,0.0042183434348015,1200.3774877929689,1247.2933227539063,1200.3774877929689,1137.19231048584,0,1
2023-08-14,1268.7884521484375,1288.625,1291.1500244140625,1262.5,1269.5,9575812,0.0118172538350367,1203.4406103515626,1247.1923217773438,1203.4406103515626,1137.902087097168,0,1
2023-08-16,1267.754638671875,1287.574951171875,1291.4000244140625,1275.5,1275.5,10203112,-0.0008148036615654,1206.2826684570311,1246.5000366210938,1206.2826684570311,1138.6937112426758,0,1
2023-08-17,1249.4654541015625,1269.0,1289.050048828125,1266.425048828125,1283.550048828125,13673744,-0.0144264386912222,1208.7398583984375,1244.4070922851563,1208.7398583984375,1139.3720785522462,0,1
2023-08-18,1258.7208251953125,1278.4000244140625,1288.800048828125,1254.2750244140625,1265.625,18639978,0.0074074645788466,1211.2113037109375,1242.8551086425782,1211.2113037109375,1139.9263235473634,0,1
2023-08-21,1244.986328125,1260.0,1277.7249755859375,1257.824951171875,1269.9749755859375,9221746,-0.0109114720241332,1213.3944287109375,1242.6126892089844,1213.3944287109375,1140.3586190795897,0,1
2023-08-22,1244.6898193359375,1259.699951171875,1268.9749755859375,1249.5,1258.449951171875,7713044,-0.0002381622852911,1215.7324755859374,1243.61943359375,1215.7324755859374,1140.834303894043,0,1
2023-08-23,1246.0733642578125,1261.0999755859375,1271.425048828125,1258.4749755859375,1262.0999755859375,9517952,0.0011115579965241,1218.078203125,1244.7347351074218,1218.078203125,1141.2810092163086,0,1
2023-08-24,1225.1258544921875,1239.9000244140625,1269.949951171875,1235.5,1269.949951171875,14140020,-0.0168108157725542,1219.6714526367186,1243.8082153320313,1219.6714526367186,1141.6013925170898,0,1
2023-08-25,1219.4691162109375,1234.175048828125,1252.5,1221.300048828125,1228.0,22222400,-0.0046172711648426,1220.8698413085938,1243.1773071289062,1220.8698413085938,1141.8080661010742,0,1
2023-08-28,1207.315673828125,1221.875,1242.0,1215.550048828125,1236.0,12580826,-0.0099661748061115,1221.8188012695311,1241.3196533203125,1221.8188012695311,1141.92250579834,0,1
2023-08-29,1195.755126953125,1210.175048828125,1226.7249755859375,1204.074951171875,1226.0250244140625,16876644,-0.0095754135605181,1222.3107153320314,1238.3572143554688,1222.3107153320314,1141.9850497436523,0,1
2023-08-30,1194.6187744140625,1209.0250244140625,1221.5,1207.5,1216.0,12168946,-0.0009503221131553,1223.0125512695313,1236.2253356933593,1223.0125512695313,1142.1134786987304,0,1
2023-08-31,1189.15966796875,1203.5,1212.5,1199.949951171875,1211.5,21638600,-0.0045697477406464,1223.557041015625,1234.4814086914062,1223.557041015625,1142.0798843383789,0,1
2023-09-01,1191.950927734375,1206.324951171875,1212.824951171875,1200.824951171875,1203.2750244140625,18112842,0.002347253981791,1224.0919213867187,1233.1342834472657,1224.0919213867187,1142.0892135620118,0,1
2023-09-04,1190.9874267578125,1205.3499755859375,1211.824951171875,1202.6500244140625,1206.324951171875,9347626,-0.000808339466117,1224.869267578125,1230.9106872558593,1224.869267578125,1142.1204214477539,0,1
2023-09-05,1197.36083984375,1211.800048828125,1216.9749755859375,1206.2249755859375,1210.0,8675876,0.0053513689084758,1225.9626538085938,1228.6537536621095,1225.9626538085938,1142.2174618530273,0,1
2023-09-06,1199.8802490234375,1214.3499755859375,1218.074951171875,1208.625,1210.550048828125,8200370,0.0021041352747233,1227.2809155273435,1226.8969482421876,1227.2809155273437,1142.311877746582,-1,0
2023-09-07,1201.5106201171875,1216.0,1219.125,1205.5,1210.8499755859375,13652572,0.0013587781739694,1228.6236059570313,1224.8142822265625,1228.6236059570313,1142.4176260375978,0,0
2023-09-08,1209.51416015625,1224.0999755859375,1228.0,1211.4749755859375,1220.0,23109288,0.0066612312076623,1229.8260107421877,1222.8548645019532,1229.8260107421875,1142.6696072387695,0,0
2023-09-11,1222.556884765625,1237.300048828125,1238.425048828125,1226.0,1226.0,13271074,0.0107834410203928,1231.1006958007813,1221.2842102050781,1231.1006958007813,1142.9546530151367,0,0
2023-09-12,1204.8948974609375,1219.425048828125,1241.5,1217.9749755859375,1241.5,16255666,-0.0144467611485198,1231.4273364257813,1218.089532470703,1231.4273364257813,1143.1695657348632,0,0
2023-09-13,1210.922119140625,1225.5250244140625,1231.324951171875,1213.125,1220.0,12803338,0.0050022800265721,1232.119443359375,1215.2479064941406,1232.119443359375,1143.3645162963867,0,0
2023-09-14,1212.0338134765625,1226.6500244140625,1232.9000244140625,1222.5,1230.0,9209636,0.0009180560156307,1232.8724072265625,1213.3763244628906,1232.8724072265625,1143.4775546264648,0,0
2023-09-15,1214.28173828125,1228.925048828125,1234.0,1224.75,1234.0,25468592,0.0018546716928957,1233.1773095703124,1211.1543701171875,1233.1773095703124,1143.3974673461914,0,0
2023-09-18,1203.709228515625,1218.2249755859375,1225.5,1216.0250244140625,1220.0250244140625,7516300,-0.008706801257334,1233.3175659179688,1209.0905151367188,1233.3175659179688,1143.253953552246,0,0
2023-09-20,1176.8826904296875,1191.074951171875,1213.800048828125,1177.5,1211.5250244140625,57081884,-0.0222865601180271,1231.9993212890624,1205.7001586914062,1231.9993212890624,1142.93279876709,0,0
2023-09-21,1168.31103515625,1182.4000244140625,1195.050048828125,1180.0,1187.4749755859375,12226182,-0.0072833557185788,1230.2401879882811,1201.8120422363281,1230.2401879882811,1142.5870755004883,0,0
2023-09-22,1163.4447021484375,1177.4749755859375,1191.2249755859375,1175.0,1188.0,19176786,-0.0041652717995269,1228.3560107421874,1198.7279846191407,1228.3560107421874,1142.2196334838868,0,0
2023-09-25,1156.2811279296875,1170.2249755859375,1180.3499755859375,1167.550048828125,1175.199951171875,14254884,-0.0061572107428239,1226.553486328125,1195.568585205078,1226.553486328125,1141.906570739746,0,0
2023-09-26,1157.2939453125,1171.25,1175.0999755859375,1167.800048828125,1169.2750244140625,10087782,0.0008759265877027,1224.792119140625,1193.0674987792968,1224.792119140625,1141.5809646606444,0,0
2023-09-27,1170.336669921875,1184.449951171875,1185.9000244140625,1169.25,1171.75,11722778,0.011270018876538,1222.7826831054688,1191.7965759277345,1222.7826831054688,1141.4107693481446,0,0
2023-09-28,1153.14404296875,1167.050048828125,1191.5,1162.5,1191.5,14518346,-0.014690325779737,1220.2135571289064,1189.7228393554688,1220.2135571289064,1141.1574508666993,0,0
2023-09-29,1158.529052734375,1172.5,1184.550048828125,1167.050048828125,1170.9000244140625,12342014,0.0046698500490549,1217.5576513671874,1188.19130859375,1217.5576513671874,1141.0222769165039,0,0
2023-10-03,1145.263916015625,1159.074951171875,1167.800048828125,1158.0,1164.9749755859375,8859056,-0.0114499819296214,1214.6677197265626,1185.8569580078124,1214.6677197265626,1140.8116897583009,0,0
2023-10-04,1143.2877197265625,1157.074951171875,1159.5,1147.550048828125,1154.5,10286386,-0.0017255378969222,1212.5367797851563,1183.47197265625,1212.5367797851563,1140.5641848754883,0,0
2023-10-05,1143.26318359375,1157.050048828125,1164.699951171875,1154.5,1159.625,10953682,-2.146103066547056e-05,1210.9109448242189,1180.76708984375,1210.9109448242189,1140.3381411743164,0,0
2023-10-06,1145.18994140625,1159.0,1162.4000244140625,1156.0250244140625,1158.5250244140625,5431026,0.0016853143179538,1209.3393969726562,1178.0325744628906,1209.3393969726562,1140.206135559082,0,0
2023-10-09,1135.4324951171875,1149.125,1155.9749755859375,1147.5,1154.050048828125,7576878,-0.0085203737268951,1207.174921875,1174.7286682128906,1207.174921875,1140.05431060791,0,0
2023-10-10,1140.447021484375,1154.199951171875,1158.949951171875,1151.875,1153.2750244140625,10236032,0.0044164020219183,1205.3421166992186,1171.2753112792968,1205.3421166992186,1139.8509927368164,0,0
2023-10-11,1158.5537109375,1172.5250244140625,1174.8499755859375,1156.5,1157.2249755859375,9814118,0.0158768352339224,1203.6238159179688,1168.0751525878907,1203.6238159179688,1139.6870877075196,0,0
2023-10-12,1160.7027587890625,1174.699951171875,1179.675048828125,1169.074951171875,1171.925048828125,12554450,0.0018549401993832,1201.73779296875,1165.865545654297,1201.73779296875,1139.6186734008788,0,0
2023-10-13,1160.6534423828125,1174.6500244140625,1178.75,1164.574951171875,1170.0,10150316,-4.2488402716811535e-05,1200.2057348632814,1163.3521118164062,1200.2057348632814,1139.5652346801758,0,0
2023-10-16,1158.059814453125,1172.0250244140625,1177.2750244140625,1168.0,1172.5,5929036,-0.0022346273529872,1198.8861669921876,1160.6534118652344,1198.8861669921876,1139.6705892944335,0,0
2023-10-17,1163.593017578125,1177.625,1179.8499755859375,1170.6500244140625,1178.0,7928180,0.004777994241699,1197.7801586914063,1158.1189758300782,1197.7801586914063,1139.7539682006836,0,0
2023-10-18,1148.1541748046875,1162.0,1183.5,1160.5,1177.625,8918320,-0.0132682497576098,1196.0340551757813,1155.3412231445313,1196.0340551757813,1139.7132357788087,0,0
2023-10-19,1139.33544921875,1153.074951171875,1160.9000244140625,1150.5,1156.0,12032556,-0.0076807851937111,1193.9707739257813,1153.4638610839843,1193.9707739257813,1139.628977355957,0,0
2023-10-20,1135.8525390625,1149.550048828125,1157.3499755859375,1148.1500244140625,1150.0,8913312,-0.0030569663733699,1191.9874975585938,1151.8409362792968,1191.9874975585938,1139.5299172973632,0,0
2023-10-23,1118.1163330078125,1131.5999755859375,1153.125,1127.625,1145.0,7853962,-0.0156148843663513,1189.4865454101562,1149.5745178222655,1189.4865454101562,1139.3333163452148,0,0
2023-10-25,1115.5225830078125,1128.9749755859375,1140.5999755859375,1121.5,1125.0250244140625,11620688,-0.0023197496749042,1186.8229467773438,1147.5365905761719,1186.8229467773438,1139.0585403442383,0,0
2023-10-26,1099.9849853515625,1113.25,1129.0,1110.1500244140625,1125.5,15222534,-0.0139285370757403,1183.7432470703125,1144.671142578125,1183.7432470703125,1138.748903503418,0,0
2023-10-27,1119.40087890625,1132.9000244140625,1136.75,1117.9749755859375,1120.0,11771084,0.0176510532536788,1180.7554956054687,1142.1243530273437,1180.7554956054687,1138.623816833496,0,0
2023-10-30,1142.47265625,1156.25,1162.5,1134.9749755859375,1137.0,16813304,0.0206108265399014,1178.2498559570313,1141.5907836914062,1178.2498559570313,1138.6243124389648,0,0
2023-10-31,1130.3192138671875,1143.949951171875,1164.0,1141.449951171875,1164.0,12808438,-0.0106378409289062,1175.8669311523438,1140.1802917480468,1175.8669311523438,1138.5121267700194,0,0
2023-11-01,1135.0125732421875,1148.699951171875,1158.75,1137.5999755859375,1144.574951171875,10309190,0.0041522424085338,1173.3927661132811,1139.667724609375,1173.3927661132811,1138.2873165893554,0,0
2023-11-02,1146.2767333984375,1160.0999755859375,1162.1500244140625,1153.9749755859375,1156.9749755859375,10562104,0.0099242602432796,1171.41857421875,1139.8171752929688,1171.41857421875,1138.2060708618164,0,0
2023-11-03,1146.0296630859375,1159.8499755859375,1167.4749755859375,1157.875,1163.5999755859375,8850156,-0.0002155415924455,1169.44537109375,1139.955499267578,1169.44537109375,1138.1968600463867,0,0
2023-11-06,1155.564697265625,1169.5,1170.0,1162.800048828125,1166.1500244140625,10647304,0.0083200587967438,1167.635197753906,1140.4742370605468,1167.6351977539061,1138.3592617797851,0,0
2023-11-07,1148.0552978515625,1161.9000244140625,1169.550048828125,1159.7750244140625,1167.0250244140625,6960204,-0.006498467313714,1166.0937866210938,1141.1053771972656,1166.0937866210938,1138.4932040405274,0,0
2023-11-08,1154.033203125,1167.949951171875,1170.5,1160.875,1166.0,7884494,0.0052069837442711,1164.785068359375,1141.784686279297,1164.785068359375,1138.7104275512695,0,0
2023-11-09,1141.50927734375,1155.2750244140625,1167.949951171875,1152.0999755859375,1167.925048828125,14513610,-0.0108523097492658,1163.4689404296876,1140.9324645996094,1163.4689404296876,1138.7861935424805,0,0
2023-11-10,1143.6583251953125,1157.449951171875,1158.175048828125,1149.0250244140625,1152.7750244140625,7734954,0.0018826372191764,1162.4270043945312,1140.0802429199218,1162.4270043945312,1138.8820205688476,0,0
2023-11-13,1143.51025390625,1157.300048828125,1162.300048828125,1155.8499755859375,1161.449951171875,3854810,-0.0001294716138556,1161.404833984375,1139.2230834960938,1161.404833984375,1138.9831271362305,0,0
2023-11-15,1164.185791015625,1178.2249755859375,1180.9749755859375,1163.5,1170.0,12220648,0.0180807623182626,1160.9053564453125,1139.5293823242187,1160.9053564453125,1139.2544076538086,0,0
2023-11-16,1166.285400390625,1180.3499755859375,1187.074951171875,1173.4749755859375,1175.550048828125,13134910,0.0018035002584666,1160.3920458984376,1139.6640014648438,1160.3920458984376,1139.5642459106446,0,0
2023-11-17,1163.7412109375,1177.7750244140625,1186.625,1176.0250244140625,1176.449951171875,7758634,-0.0021814467130196,1159.8471215820311,1140.4433532714843,1159.8471215820311,1139.8939657592773,0,0
2023-11-20,1160.6781005859375,1174.675048828125,1179.199951171875,1168.199951171875,1174.2750244140625,4490186,-0.0026321232957754,1159.113466796875,1141.5104858398438,1159.113466796875,1140.2842544555665,0,0
2023-11-21,1175.2769775390625,1189.449951171875,1194.0,1180.0999755859375,1183.0,8214450,0.012577886104472,1158.6214013671874,1143.481707763672,1158.6214013671874,1140.8502310180663,0,0
2023-11-22,1179.87158203125,1194.0999755859375,1197.2249755859375,1186.0999755859375,1187.5,8534814,0.0039093801546323,1158.1886206054687,1146.5694702148437,1158.1886206054687,1141.3882876586913,0,0
2023-11-23,1183.4781494140625,1197.75,1200.0,1194.0999755859375,1194.0999755859375,8531542,0.0030567456982084,1157.667900390625,1149.9672485351562,1157.667900390625,1141.9577828979493,0,0
2023-11-24,1182.6876220703125,1196.949951171875,1201.300048828125,1195.5250244140625,1195.800048828125,6749486,-0.0006679695304399,1156.8705151367187,1154.1023803710937,1156.8705151367187,1142.5550186157227,0,0
2023-11-28,1182.9346923828125,1197.199951171875,1199.8499755859375,1187.625,1196.949951171875,13792174,0.0002089058073233,1156.4313110351563,1157.279071044922,1156.4313110351563,1143.1829122924805,1,1
2023-11-29,1186.047119140625,1200.3499755859375,1205.9749755859375,1199.0250244140625,1204.0,12531306,0.0026311061615269,1155.9338110351562,1159.4577941894531,1155.9338110351562,1143.8217098999023,0,1
2023-11-30,1174.5606689453125,1188.7249755859375,1200.3499755859375,1184.949951171875,1197.3499755859375,28439984,-0.0096846491256057,1155.1843481445312,1161.6698669433595,1155.1843481445312,1144.4429489135741,0,1
2023-12-01,1182.8853759765625,1197.1500244140625,1198.199951171875,1188.800048828125,1189.0,14342842,0.0070875070580433,1154.5564208984374,1164.0635070800781,1154.5564208984374,1145.118420715332,0,1
2023-12-04,1195.6810302734375,1210.0999755859375,1225.0,1199.300048828125,1225.0,15590990,0.0108173239408857,1154.3958569335937,1166.5337219238281,1154.3958569335937,1145.753246154785,0,1
2023-12-05,1204.3514404296875,1218.875,1220.425048828125,1210.824951171875,1219.5,12693624,0.0072514407577974,1154.9452319335935,1169.4498107910156,1154.9452319335937,1146.4221090698243,0,1
2023-12-06,1215.887451171875,1230.550048828125,1236.4749755859375,1217.5,1223.550048828125,16422442,0.0095786083321922,1155.8967602539062,1172.4659484863282,1155.8967602539062,1147.1927279663087,0,1
2023-12-07,1213.886474609375,1228.5250244140625,1230.4749755859375,1221.0,1230.0,8142096,-0.0016456922559496,1156.905595703125,1175.7575073242188,1156.905595703125,1147.9835592651368,0,1
2023-12-08,1213.244140625,1227.875,1238.3499755859375,1222.5,1231.925048828125,10204894,-0.0005291549068306,1158.0448559570314,1178.7180541992188,1158.0448559570314,1148.6467880249024,0,1
2023-12-11,1215.022705078125,1229.675048828125,1233.800048828125,1226.199951171875,1228.0,7066138,0.0014659575872411,1159.1994311523438,1182.3937255859375,1159.1994311523438,1149.1965640258788,0,1
2023-12-12,1197.5830078125,1212.0250244140625,1232.4749755859375,1210.074951171875,1230.0,9197124,-0.0143533920746803,1159.7443579101562,1185.0899597167968,1159.7443579101562,1149.6634579467773,0,1
2023-12-13,1202.4739990234375,1216.9749755859375,1219.175048828125,1203.1500244140625,1211.0,10031182,0.0040840519438158,1160.73095703125,1188.0381469726562,1160.73095703125,1150.131746520996,0,1
2023-12-14,1217.39404296875,1232.074951171875,1237.4749755859375,1221.324951171875,1227.0,16972354,0.0124077892390435,1161.9082568359374,1190.6985595703125,1161.9082568359374,1150.7332516479491,0,1
2023-12-15,1232.9317626953125,1247.800048828125,1250.0,1235.0250244140625,1239.0,15932152,0.0127630982066184,1163.6616137695312,1194.0308776855468,1163.6616137695312,1151.3676876831055,0,1
2023-12-18,1245.4803466796875,1260.5,1267.449951171875,1245.4749755859375,1247.800048828125,14165188,0.0101778414378281,1165.7054663085937,1198.1178344726563,1165.7054663085937,1152.190280456543,0,1
2023-12-19,1263.8094482421875,1279.050048828125,1286.949951171875,1262.5999755859375,1277.5,16820604,0.0147164920035578,1168.1163916015626,1203.2744018554688,1168.1163916015626,1153.1304190063477,0,1
2023-12-20,1248.518798828125,1263.574951171875,1299.425048828125,1260.0,1285.5250244140625,17736722,-0.0120988567029072,1170.18296875,1206.9364929199219,1170.18296875,1153.957297668457,0,1
2023-12-21,1266.008056640625,1281.2750244140625,1286.75,1259.125,1263.5,13765454,0.0140080051889612,1172.7944799804689,1211.2433166503906,1172.7944799804689,1154.9076345825194,0,1
2023-12-22,1267.2430419921875,1282.5250244140625,1290.449951171875,1273.824951171875,1279.800048828125,16541784,0.0009754956495613,1175.330400390625,1215.4315612792968,1175.330400390625,1155.9670663452148,0,1
2023-12-26,1273.66552734375,1289.0250244140625,1295.9749755859375,1281.3499755859375,1284.0,7465664,0.0050680770292224,1177.63263671875,1219.9804565429688,1177.63263671875,1157.0101040649415,0,1
2023-12-27,1278.01318359375,1293.425048828125,1299.949951171875,1286.550048828125,1291.0,9204156,0.0034134991932042,1179.9788452148437,1224.7343811035157,1179.9788452148437,1158.1154348754883,0,1
2023-12-28,1287.2518310546875,1302.7750244140625,1306.0,1293.425048828125,1294.9000244140625,12302636,0.0072289140515424,1182.5108129882813,1229.7946166992188,1182.5108129882813,1159.1321170043946,0,1
2023-12-29,1277.074462890625,1292.4749755859375,1307.0,1289.6500244140625,1305.550048828125,10864584,-0.0079062759271617,1184.8911059570312,1234.9203063964844,1184.8911059570312,1160.04497467041,0,1
2024-01-01,1279.69287109375,1295.125,1303.425048828125,1286.574951171875,1290.2750244140625,4030540,0.002050317565037,1187.2131030273438,1239.7606811523438,1187.2131030273438,1160.951272277832,0,1
2024-01-02,1290.2900390625,1305.8499755859375,1307.5,1286.5,1292.5,7448800,0.0082810244615121,1190.0558203125,1244.4911315917968,1190.0558203125,1162.0425576782227,0,1
2024-01-03,1276.25927734375,1291.6500244140625,1317.0,1288.5999755859375,1305.0,9037536,-0.0108741145742273,1192.794296875,1248.0865234375,1192.794296875,1163.1467294311524,0,1
2024-01-04,1282.854736328125,1298.324951171875,1304.925048828125,1289.550048828125,1294.0,9612778,0.005167804929185,1195.7343408203126,1251.4348876953125,1195.7343408203126,1164.3706686401367,0,1
2024-01-05,1288.3138427734375,1303.8499755859375,1309.925048828125,1299.0,1301.449951171875,8086406,0.0042554361695992,1199.138291015625,1255.1562561035157,1199.138291015625,1165.6413284301757,0,1
2024-01-08,1278.26025390625,1293.675048828125,1315.9749755859375,1284.4749755859375,1305.0,7734652,-0.0078036799213028,1202.3930444335938,1258.4070617675782,1202.3930444335938,1166.9501007080078,0,1
2024-01-09,1274.8759765625,1290.25,1303.4000244140625,1288.5999755859375,1300.0,5403074,-0.0026475651835438,1205.8908642578126,1261.399725341797,1205.8908642578126,1168.2672845458985,0,1
2024-01-10,1309.261474609375,1325.050048828125,1329.5,1287.5250244140625,1288.5,11102740,0.0269716416961514,1209.688076171875,1266.9836486816407,1209.688076171875,1169.7627563476562,0,1
2024-01-11,1343.696044921875,1359.9000244140625,1362.5,1328.5,1329.5,23725852,0.026300758847864,1213.7125439453123,1274.0447509765625,1213.7125439453125,1171.480044555664,0,1
2024-01-12,1354.39208984375,1370.7249755859375,1373.324951171875,1345.75,1359.9000244140625,15012164,0.0079601670052522,1218.1940014648435,1280.8946533203125,1218.1940014648437,1173.0952960205077,0,1
2024-01-15,1377.51318359375,1394.125,1396.449951171875,1366.0,1375.0,8610594,0.0170711966818024,1223.044013671875,1288.1237243652345,1223.044013671875,1174.810475463867,0,1
2024-01-16,1358.24560546875,1374.625,1396.300048828125,1370.5,1389.9749755859375,9069024,-0.0139872186738231,1227.2833911132811,1293.7619873046874,1227.2833911132811,1176.4947503662108,0,1
2024-01-17,1345.3509521484375,1361.574951171875,1386.2750244140625,1355.0250244140625,1359.5,12197382,-0.0094936094535438,1231.2698168945312,1297.8390625,1231.2698168945312,1178.2156552124025,0,1
2024-01-18,1351.650146484375,1367.949951171875,1371.0,1351.25,1351.4000244140625,10279438,0.0046821941337151,1235.1915258789063,1302.9956298828124,1235.1915258789063,1179.8902410888672,0,1
2024-01-19,1351.1561279296875,1367.449951171875,1376.0,1359.0,1376.0,10422704,-0.0003654929169152,1239.2535424804687,1307.2530334472656,1239.2535424804687,1181.5386145019531,0,1
2024-01-23,1312.7442626953125,1328.574951171875,1371.75,1322.550048828125,1371.75,20055420,-0.028428887262075,1242.427763671875,1309.528094482422,1242.427763671875,1183.0251458740233,0,1
2024-01-24,1327.8619384765625,1343.875,1349.5,1323.925048828125,1335.2249755859375,21919128,0.0115160859665159,1246.1548168945312,1312.2379150390625,1246.1548168945312,1184.368360595703,0,1
2024-01-25,1336.952392578125,1353.074951171875,1364.1500244140625,1335.199951171875,1342.949951171875,11808872,0.0068459331788603,1250.0206982421876,1315.1848754882812,1250.0206982421876,1185.756118774414,0,1
2024-01-29,1430.795654296875,1448.050048828125,1452.5,1360.175048828125,1364.5,23893438,0.0701919247384617,1255.76640625,1322.3620666503907,1255.76640625,1187.6258160400391,0,1
2024-01-30,1390.852294921875,1407.625,1459.9749755859375,1404.425048828125,1459.949951171875,14093978,-0.0279168861430663,1260.299736328125,1328.050958251953,1260.299736328125,1189.2603540039063,0,1
2024-01-31,1409.6259765625,1426.625,1434.25,1402.5,1404.0,15130226,0.0134979693452492,1265.1665478515624,1334.5476135253907,1265.1665478515624,1191.0264752197265,0,1
2024-02-01,1409.650634765625,1426.6500244140625,1443.3499755859375,1418.050048828125,1435.0,13349362,1.7492727528489738e-05,1270.084736328125,1340.515643310547,1270.084736328125,1192.766591796875,0,1
2024-02-02,1440.33056640625,1457.699951171875,1474.9000244140625,1433.175048828125,1433.175048828125,19652588,0.0217642094317405,1275.6777856445312,1348.7192077636719,1275.6777856445312,1194.6367065429688,0,1
2024-02-05,1421.878173828125,1439.0250244140625,1470.5,1431.5250244140625,1460.75,8814432,-0.0128112205687374,1280.6098095703126,1355.6703796386719,1280.6098095703126,1196.3944519042968,0,1
2024-02-06,1410.7869873046875,1427.800048828125,1441.8499755859375,1419.824951171875,1441.8499755859375,9047984,-0.0078003775060254,1285.2281176757813,1361.7940368652344,1285.2281176757813,1198.0695922851562,0,1
2024-02-07,1424.966064453125,1442.1500244140625,1449.5,1429.25,1435.925048828125,9296568,0.0100504734421507,1290.0578759765624,1369.129327392578,1290.0578759765624,1199.8771978759767,0,1
2024-02-08,1432.845947265625,1450.125,1459.4749755859375,1427.5250244140625,1450.0,14694634,0.0055298740152973,1295.0610424804688,1377.0278259277343,1295.0610424804688,1201.697734375,0,1
2024-02-09,1443.3443603515625,1460.75,1471.9749755859375,1450.949951171875,1454.0,12556798,0.007326965683905,1300.2692358398438,1383.7319702148438,1300.2692358398438,1203.584281616211,0,1
2024-02-12,1435.04443359375,1452.3499755859375,1461.0,1442.3499755859375,1460.75,6674430,-0.0057504826885462,1305.2491821289063,1388.2993896484375,1305.2491821289063,1205.4226263427734,0,1
2024-02-13,1447.6424560546875,1465.0999755859375,1479.0,1454.0,1455.5,7715594,0.0087788378993871,1310.7108178710937,1392.9619079589843,1310.7108178710937,1207.3035131835939,0,1
2024-02-14,1463.7236328125,1481.375,1483.6500244140625,1457.5,1457.5,7117888,0.0111085280005114,1316.3275830078126,1397.2724304199219,1316.3275830078126,1209.2237976074218,0,1
2024-02-15,1453.076904296875,1470.5999755859375,1484.7249755859375,1466.5250244140625,1483.3499755859375,10006782,-0.0072737286445034,1321.475500488281,1402.0139953613282,1321.4755004882813,1211.1225415039062,0,1
2024-02-16,1443.1712646484375,1460.574951171875,1477.0,1458.550048828125,1476.4749755859375,9767498,-0.0068170099043937,1326.251896972656,1406.905010986328,1326.2518969726561,1212.937791748047,0,1
2024-02-19,1456.4364013671875,1474.0,1479.5,1453.5250244140625,1462.050048828125,6729828,0.0091916580129396,1331.0628759765625,1412.1443237304688,1331.0628759765625,1214.7206494140626,0,1
2024-02-20,1453.4969482421875,1471.0250244140625,1475.5,1461.800048828125,1475.0250244140625,7117496,-0.0020182502457647,1335.855085449219,1417.2613647460937,1335.8550854492187,1216.4421209716797,0,1
2024-02-21,1450.2115478515625,1467.699951171875,1488.5250244140625,1457.550048828125,1474.0,12720292,-0.0022603421318484,1340.59443359375,1424.1347290039062,1340.59443359375,1218.1947631835938,0,1
2024-02-22,1464.0941162109375,1481.75,1484.949951171875,1458.0,1468.1500244140625,18493728,0.0095727884527891,1345.5758618164064,1430.946337890625,1345.5758618164064,1219.953430786133,0,1
2024-02-23,1475.82763671875,1493.625,1497.550048828125,1483.3499755859375,1489.5,14438584,0.0080141845922985,1351.1407543945313,1437.8901000976562,1351.1407543945313,1221.7849658203124,0,1
2024-02-26,1469.6025390625,1487.324951171875,1494.5250244140625,1482.5,1493.550048828125,7513106,-0.0042180384086656,1356.4833251953123,1439.8304443359375,1356.4833251953125,1223.5168756103515,0,1
2024-02-27,1467.9476318359375,1485.6500244140625,1499.949951171875,1478.050048828125,1483.0250244140625,10826044,-0.0011260917034194,1361.4943969726562,1443.6852111816406,1361.4943969726562,1225.2231298828126,0,1
2024-02-28,1438.2802734375,1455.625,1491.2750244140625,1450.175048828125,1483.0,8647950,-0.0202100931634278,1365.6013671875,1445.1179260253907,1365.6013671875,1226.7423095703125,0,1
2024-02-29,1443.393798828125,1460.800048828125,1478.9749755859375,1454.5250244140625,1465.0,23628976,0.0035553052385288,1369.5596362304686,1446.8050842285156,1369.5596362304686,1228.3240899658203,0,1
2024-03-01,1474.345458984375,1492.125,1500.0,1462.5,1463.5,12132926,0.0214436698989417,1373.7703564453125,1448.5058288574219,1373.7703564453125,1230.0514282226563,0,1
2024-03-04,1489.4384765625,1507.4000244140625,1512.449951171875,1487.2249755859375,1490.4749755859375,10024420,0.0102370970698564,1378.58875,1451.8838439941405,1378.58875,1231.8430981445313,0,1
2024-03-05,1482.32421875,1500.199951171875,1507.4000244140625,1486.050048828125,1505.7750244140625,7107668,-0.0047764697397364,1382.9150732421874,1455.4607055664062,1382.9150732421874,1233.6797387695312,0,1
2024-03-06,1485.0909423828125,1503.0,1509.0,1478.5,1493.449951171875,7805676,0.0018664767112457,1387.27203125,1458.4669494628906,1387.27203125,1235.5631567382814,0,1
2024-03-07,1461.3028564453125,1478.925048828125,1503.0999755859375,1475.550048828125,1502.9749755859375,8315726,-0.0160179321404602,1391.0247778320313,1459.889794921875,1391.0247778320313,1237.3395623779297,0,1
2024-03-11,1449.12451171875,1466.5999755859375,1489.0,1463.5,1489.0,11277130,-0.0083338951079496,1394.4470043945312,1460.1788024902344,1394.4470043945312,1239.037127685547,0,1
2024-03-12,1457.844482421875,1475.425048828125,1488.0,1465.0250244140625,1466.5999755859375,9432678,0.0060174061183897,1397.858857421875,1461.3188049316407,1397.858857421875,1240.7486437988282,0,1
2024-03-13,1415.10986328125,1432.175048828125,1483.0999755859375,1427.7750244140625,1479.7750244140625,13522134,-0.0293135650996402,1400.6195654296876,1459.6921752929688,1400.6195654296876,1242.2475091552735,0,1
2024-03-14,1414.418212890625,1431.4749755859375,1448.5250244140625,1425.5,1439.699951171875,18571102,-0.0004887609143089,1403.314072265625,1457.226904296875,1403.314072265625,1243.7754052734374,0,1
2024-03-15,1401.3260498046875,1418.2249755859375,1433.2249755859375,1412.9000244140625,1425.949951171875,19223818,-0.0092562178333247,1405.5347924804687,1454.6393615722657,1405.5347924804687,1245.2385217285157,0,1
2024-03-18,1422.32275390625,1439.4749755859375,1441.7249755859375,1416.5250244140625,1420.0,9169392,0.0149834537825719,1408.4560620117188,1453.5969360351562,1408.4560620117188,1246.6554211425782,0,1
2024-03-19,1408.267333984375,1425.25,1437.5999755859375,1417.25,1428.75,8275764,-0.0098820186088378,1410.9643139648438,1451.1884826660157,1410.9643139648438,1247.970009765625,0,1
2024-03-20,1426.546875,1443.75,1445.0,1424.0250244140625,1427.949951171875,8488806,0.0129801640459181,1413.728974609375,1449.8409790039063,1413.728974609375,1249.3774719238281,0,1
2024-03-21,1433.685791015625,1450.9749755859375,1457.9000244140625,1444.675048828125,1452.5250244140625,13006936,0.0050043332895213,1416.8374853515625,1449.0146911621093,1416.8374853515625,1250.9343420410157,0,1
2024-03-22,1437.6876220703125,1455.0250244140625,1460.0,1447.3499755859375,1449.9749755859375,19527608,0.0027912887745455,1420.0937182617188,1447.6943664550781,1420.0937182617188,1252.526329345703,0,1
2024-03-26,1424.397705078125,1441.574951171875,1452.4000244140625,1439.0,1445.0,11415906,-0.0092439531287399,1422.3964428710938,1445.122869873047,1422.3964428710938,1254.07015625,0,1
2024-03-27,1475.0618896484375,1492.8499755859375,1500.0,1447.0,1448.0,16326644,0.0355688473729558,1425.023759765625,1445.3958374023437,1425.023759765625,1255.81720703125,0,1
2024-03-28,1468.145263671875,1485.8499755859375,1505.949951171875,1478.6500244140625,1492.875,21854364,-0.0046890412023395,1427.2988232421876,1445.4057189941407,1427.2988232421876,1257.524903564453,0,1
2024-04-01,1467.0831298828125,1484.7750244140625,1493.9749755859375,1482.5,1492.4749755859375,5013880,-0.0007234527913171,1429.0902221679687,1446.8458618164063,1429.0902221679687,1259.1845764160157,0,1
2024-04-02,1469.2320556640625,1486.949951171875,1494.0,1475.0,1484.0,8910166,0.0014647607470079,1431.309951171875,1448.1377746582032,1431.309951171875,1260.851586303711,0,1
2024-04-03,1454.0650634765625,1471.5999755859375,1484.449951171875,1468.9000244140625,1482.074951171875,7008292,-0.0103230746491198,1433.4842333984377,1447.1237548828126,1433.4842333984375,1262.482974243164,0,1
2024-04-04,1445.493408203125,1462.925048828125,1479.75,1450.0,1479.75,14490272,-0.0058949599221806,1435.3610986328124,1444.9265014648438,1435.3610986328124,1264.0665063476563,0,1
2024-04-05,1442.7020263671875,1460.0999755859375,1470.800048828125,1456.0,1460.875,7442298,-0.001931092746668,1437.1920166015625,1442.9453918457032,1437.1920166015625,1265.552699584961,0,1
2024-04-08,1468.2686767578125,1485.9749755859375,1490.9749755859375,1461.0,1462.9749755859375,8357118,0.0177213658283987,1440.3025048828124,1442.1042785644531,1440.3025048828124,1267.0962945556641,0,1
2024-04-09,1446.2098388671875,1463.6500244140625,1489.800048828125,1462.5,1489.0,7071414,-0.0150237066551979,1442.669462890625,1441.349627685547,1442.669462890625,1268.5280053710937,-1,0
2024-04-10,1461.945068359375,1479.574951171875,1487.0,1466.3499755859375,1466.3499755859375,9138330,0.0108803225294835,1445.16931640625,1441.990655517578,1445.16931640625,1269.98193359375,0,0
2024-04-12,1449.6680908203125,1467.1500244140625,1486.4749755859375,1463.074951171875,1475.875,15551012,-0.0083977009839637,1445.5467651367187,1441.5818359375,1445.5467651367187,1271.4326391601562,0,0
2024-04-15,1447.3707275390625,1464.824951171875,1482.125,1446.324951171875,1461.0,12902062,-0.0015847512239508,1446.6771337890625,1443.1948791503905,1446.6771337890625,1272.8598168945311,0,0
2024-04-16,1448.2847900390625,1465.75,1471.175048828125,1450.925048828125,1453.3499755859375,9366184,0.0006315330845154,1447.4503100585937,1444.8882080078124,1447.4503100585937,1274.2752062988282,0,0
2024-04-18,1446.876708984375,1464.324951171875,1486.0,1459.3499755859375,1463.5,19005692,-0.0009722404490967,1448.1948315429688,1447.1657409667969,1448.1948315429688,1275.7489892578126,0,0
2024-04-19,1452.6077880859375,1470.125,1474.0,1443.0250244140625,1456.7750244140625,15741778,0.003961000316043,1448.4403759765626,1448.6799926757812,1448.4403759765626,1277.2985705566407,1,1
2024-04-22,1462.2166748046875,1479.8499755859375,1482.824951171875,1467.800048828125,1472.449951171875,10350362,0.0066149216585238,1449.2471459960936,1451.377459716797,1449.2471459960936,1278.9398181152344,0,1
2024-04-23,1441.936279296875,1459.324951171875,1493.5,1455.550048828125,1479.0,14605554,-0.0138696240148686,1449.8701318359374,1452.1469299316407,1449.8701318359374,1280.4776190185546,0,1
2024-04-24,1432.895263671875,1450.175048828125,1468.550048828125,1449.5,1463.5,10462776,-0.0062700521200622,1450.0287158203123,1452.107403564453,1450.0287158203125,1281.8951257324218,0,1
2024-04-25,1442.57861328125,1459.9749755859375,1467.9749755859375,1441.5,1442.5,15943926,0.0067578907229834,1450.223369140625,1452.351953125,1450.223369140625,1283.3139056396485,0,1
2024-04-26,1435.2421875,1452.550048828125,1465.0,1450.0,1463.949951171875,9413848,-0.0050856332637309,1450.061325683594,1452.8941772460937,1450.0613256835939,1284.5473022460938,0,1
2024-04-29,1447.568359375,1465.0250244140625,1467.9000244140625,1450.0,1450.0,7247974,0.008588217363141,1450.3118041992188,1451.5195007324219,1450.3118041992188,1285.903560180664,0,1
2024-04-30,1449.5198974609375,1467.0,1483.074951171875,1462.875,1468.0,11474262,0.0013481491725753,1450.3493530273438,1450.588232421875,1450.3493530273438,1287.2792315673828,0,1
2024-05-02,1449.0753173828125,1466.550048828125,1477.324951171875,1464.125,1472.0,14512646,-0.0003067085032111,1450.05638671875,1449.687841796875,1450.05638671875,1288.5294250488282,-1,0
2024-05-03,1416.9130859375,1434.0,1474.949951171875,1416.1500244140625,1471.0,17226958,-0.0221950032958956,1449.3331103515625,1447.0718933105468,1449.3331103515625,1289.6305084228516,0,0
2024-05-06,1402.610595703125,1419.5250244140625,1440.0,1418.0,1435.5,7394208,-0.0100941196579547,1448.5218969726564,1444.499169921875,1448.5218969726564,1290.4295867919923,0,0
2024-05-07,1384.775634765625,1401.4749755859375,1420.75,1392.0,1415.9749755859375,14517472,-0.0127155469894046,1447.088681640625,1441.46328125,1447.088681640625,1291.0721264648437,0,0
2024-05-08,1401.6473388671875,1418.550048828125,1432.949951171875,1397.5,1397.5,9439002,0.0121837095324239,1446.051689453125,1439.410546875,1446.051689453125,1291.7920953369141,0,0
2024-05-09,1377.51318359375,1394.125,1423.75,1390.0,1413.0,11009612,-0.0172184219269754,1444.5977221679686,1434.8727722167969,1444.5977221679686,1292.4476245117187,0,0
2024-05-10,1390.65478515625,1407.425048828125,1410.0,1388.074951171875,1396.75,10505096,0.0095400913174676,1443.128935546875,1432.09501953125,1443.128935546875,1293.1740869140624,0,0
2024-05-13,1385.9859619140625,1402.699951171875,1406.9749755859375,1384.0,1399.9000244140625,8456620,-0.0033572841312036,1441.3321020507813,1428.2970642089845,1441.3321020507813,1293.7499743652343,0,0
2024-05-14,1403.1539306640625,1420.074951171875,1427.074951171875,1400.0250244140625,1400.9749755859375,7188300,0.0123868272996725,1440.0031298828126,1425.9713562011718,1440.0031298828126,1294.3577423095703,0,0
2024-05-15,1399.3992919921875,1416.2750244140625,1429.9749755859375,1413.0250244140625,1420.5,5046534,-0.0026758565755491,1438.6321630859377,1423.5727844238281,1438.6321630859375,1294.8981170654297,0,0
2024-05-16,1408.3660888671875,1425.3499755859375,1427.5,1398.0250244140625,1418.550048828125,14711774,0.0064076042672815,1438.0338793945311,1421.5768493652345,1438.0338793945311,1295.4911450195314,0,0
2024-05-17,1418.5927734375,1435.699951171875,1437.199951171875,1413.25,1423.050048828125,10916476,0.0072613822862905,1437.5378588867188,1420.1626525878905,1437.5378588867188,1296.3349353027343,0,0
2024-05-21,1419.0128173828125,1436.125,1441.824951171875,1425.5999755859375,1425.5999755859375,11176128,0.0002960990307985,1436.4312060546874,1418.4829040527343,1436.4312060546874,1297.3072247314453,0,0
2024-05-22,1443.24560546875,1460.6500244140625,1468.7750244140625,1436.2750244140625,1436.2750244140625,10281604,0.0170772157862757,1435.5073486328124,1417.5343505859375,1435.5073486328124,1298.4046160888672,0,0
2024-05-23,1468.3428955078125,1486.050048828125,1492.2249755859375,1455.0,1458.550048828125,14608260,0.0173894796173039,1435.2277221679688,1418.8546813964845,1435.2277221679688,1299.5280493164062,0,0
2024-05-24,1462.6119384765625,1480.25,1488.5,1476.0999755859375,1483.625,7094776,-0.0039030100181525,1434.7781420898436,1420.3405151367188,1434.7781420898436,1300.680672607422,0,0
2024-05-27,1448.77880859375,1466.25,1484.9000244140625,1461.550048828125,1480.2249755859375,6629010,-0.0094578264534206,1434.5276611328125,1420.6505249023437,1434.5276611328125,1301.7022229003906,0,0
2024-05-28,1438.8485107421875,1456.199951171875,1478.5,1452.75,1468.0,7820162,-0.0068542539362521,1434.3221411132813,1420.8308410644531,1434.3221411132813,1302.6214459228515,0,0
2024-05-29,1423.6072998046875,1440.7750244140625,1458.0,1438.449951171875,1446.5,7383556,-0.0105926446208283,1433.6373974609376,1419.6327880859376,1433.6373974609376,1303.5532006835938,0,0
2024-05-30,1407.8720703125,1424.8499755859375,1440.4000244140625,1420.0999755859375,1435.5,13206858,-0.0110530688444392,1433.4926416015626,1417.5503967285156,1433.4926416015626,1304.472369995117,0,0
2024-05-31,1413.35595703125,1430.4000244140625,1442.25,1422.25,1431.300048828125,31069832,0.0038951598191252,1433.471396484375,1415.7644287109374,1433.471396484375,1305.4446826171875,0,0
2024-06-03,1492.32861328125,1510.324951171875,1514.5,1459.0,1483.0,21527942,0.0558759849966472,1435.291447753906,1419.535205078125,1435.2914477539061,1306.729028930664,0,0
2024-06-04,1380.625732421875,1397.2750244140625,1498.050048828125,1359.300048828125,1498.050048828125,36709098,-0.0748513965793156,1434.4575073242188,1418.4359619140625,1434.4575073242188,1307.4196600341797,0,0
2024-06-05,1403.821044921875,1420.75,1431.1500244140625,1384.0999755859375,1422.0,17464890,0.016800579588873,1434.3685815429687,1419.388232421875,1434.3685815429687,1308.2636834716798,0,0
2024-06-06,1414.5416259765625,1431.5999755859375,1443.699951171875,1421.3499755859375,1435.0,17855722,0.007636714874355,1434.1284765625,1420.0329467773438,1434.1284765625,1309.120571899414,0,0
2024-06-07,1452.4345703125,1469.949951171875,1472.0,1426.5,1428.5,18558696,0.02678814369268,1434.5034521484374,1423.7790161132812,1434.5034521484374,1310.1392321777344,0,0
2024-06-10,1453.867431640625,1471.4000244140625,1493.3499755859375,1468.074951171875,1469.949951171875,9251760,0.0009865238389477,1434.8270483398437,1426.9396484375,1434.8270483398437,1311.138719482422,0,0
2024-06-11,1439.31787109375,1456.675048828125,1473.675048828125,1454.675048828125,1469.0,11774902,-0.0100074877738037,1435.1254516601562,1429.6062438964843,1435.1254516601562,1311.9913665771485,0,0
2024-06-12,1445.8885498046875,1463.324951171875,1476.0,1455.175048828125,1457.5,10081742,0.0045651338338099,1434.5419848632812,1431.7429748535155,1434.5419848632812,1312.8820361328126,0,0
2024-06-13,1447.790771484375,1465.25,1472.25,1460.0999755859375,1472.0,9181160,0.0013156074027589,1434.1348950195313,1434.162548828125,1434.1348950195313,1313.8736627197266,1,1
2024-06-14,1459.9442138671875,1477.550048828125,1479.675048828125,1457.2249755859375,1470.0,8157998,0.0083944742722403,1433.9921166992187,1436.741455078125,1433.9921166992187,1314.8797796630859,0,1
2024-06-18,1463.3778076171875,1481.0250244140625,1487.4000244140625,1471.3499755859375,1487.3499755859375,7196766,0.0023518664051587,1433.8750317382812,1438.9807067871093,1433.8750317382812,1315.971737060547,0,1
2024-06-19,1441.2694091796875,1458.6500244140625,1487.5,1456.0,1487.5,8725874,-0.0151077857832893,1433.6191186523438,1440.0935363769531,1433.6191186523438,1316.9546350097655,0,1
2024-06-20,1456.1400146484375,1473.699951171875,1482.8499755859375,1450.0999755859375,1459.0,16113776,0.0103177139360874,1433.83205078125,1440.7382568359376,1433.83205078125,1318.0049682617187,0,1
2024-06-21,1436.872314453125,1454.199951171875,1474.699951171875,1440.574951171875,1473.625,31170360,-0.0132320381292209,1433.7154565429687,1439.164727783203,1433.7154565429687,1319.0637005615235,0,1
2024-06-24,1424.2989501953125,1441.4749755859375,1449.5,1437.5,1445.5250244140625,8878386,-0.0087505090962782,1432.8360620117187,1437.2490783691405,1432.8360620117187,1320.0878497314452,0,1
2024-06-25,1436.822998046875,1454.1500244140625,1455.925048828125,1441.0,1443.0,7045386,0.0087931314207914,1432.6483251953125,1436.6512878417968,1432.6483251953125,1321.235386352539,0,1
2024-06-26,1495.9844970703125,1514.0250244140625,1518.9749755859375,1445.125,1446.050048828125,22014882,0.0411752172006278,1433.3291137695312,1439.5080871582031,1433.3291137695312,1322.736533203125,0,1
2024-06-27,1512.3126220703125,1530.550048828125,1537.5,1506.0,1513.75,28383030,0.0109146351663245,1434.5820043945312,1443.9433532714843,1434.5820043945312,1324.3250024414062,0,1
2024-06-28,1546.7474365234375,1565.4000244140625,1581.0,1531.0250244140625,1531.0250244140625,28957336,0.0227696403181405,1436.5695385742188,1450.8871215820313,1436.5695385742188,1326.1129412841797,0,1
2024-07-01,1541.5599365234375,1560.1500244140625,1579.4000244140625,1555.675048828125,1562.5250244140625,7724306,-0.0033538119265674,1438.4350415039062,1457.2973205566407,1438.4350415039062,1327.860986328125,0,1
2024-07-02,1546.525146484375,1565.175048828125,1573.5,1557.0,1569.5,7749246,0.0032208997154759,1440.4280102539062,1460.007147216797,1440.4280102539062,1329.6386749267579,0,1
2024-07-03,1533.927001953125,1552.425048828125,1575.0,1542.7750244140625,1566.324951171875,9049620,-0.008146097436494,1442.05439453125,1467.6722106933594,1442.05439453125,1331.3215057373047,0,1
2024-07-04,1535.5079345703125,1554.0250244140625,1567.5,1550.800048828125,1557.0,6837176,0.0010306439714371,1443.5202197265626,1474.2565551757812,1443.5202197265626,1332.9996441650392,0,1
2024-07-05,1569.6956787109375,1588.625,1598.5,1548.0,1553.824951171875,12269710,0.0222647785601914,1446.0754077148438,1482.0142578125,1446.0754077148438,1334.8405694580078,0,1
2024-07-08,1581.824462890625,1600.9000244140625,1608.800048828125,1582.5250244140625,1589.0,9500806,0.0077268379751467,1449.0539916992188,1488.4837524414063,1449.0539916992188,1336.7021209716797,0,1
2024-07-09,1571.325927734375,1590.2750244140625,1600.5,1580.5,1597.5999755859375,6960002,-0.0066369786297684,1451.6289379882812,1494.3566772460938,1451.6289379882812,1338.4459661865235,0,1
2024-07-10,1565.3480224609375,1584.2249755859375,1597.5,1563.1500244140625,1595.0,7134578,-0.003804370034202,1454.2310546875,1500.658184814453,1454.2310546875,1340.2482318115235,0,1
2024-07-11,1561.815673828125,1580.6500244140625,1604.25,1570.5,1587.5,11940946,-0.0022565899609079,1456.5160009765625,1506.454541015625,1456.5160009765625,1342.002699584961,0,1
2024-07-12,1577.69921875,1596.7249755859375,1605.1500244140625,1574.5,1584.5,12924784,0.0101699228584017,1459.0795874023438,1512.9499633789062,1459.0795874023438,1343.831026611328,0,1
2024-07-15,1578.1932373046875,1597.2249755859375,1605.8499755859375,1585.5,1604.449951171875,5329688,0.0003131259423954,1461.6619458007813,1518.8624145507813,1461.6619458007813,1345.6505841064454,0,1
2024-07-16,1557.4681396484375,1576.25,1600.0,1569.125,1593.5,9386838,-0.0131321673204259,1464.473046875,1523.5669311523438,1464.473046875,1347.4193786621095,0,1
2024-07-18,1567.7689208984375,1586.675048828125,1593.9000244140625,1557.824951171875,1576.0,12298374,0.0066137990163479,1467.7762133789065,1529.8919067382812,1467.7762133789063,1349.3738098144531,0,1
2024-07-19,1536.61962890625,1555.1500244140625,1589.9749755859375,1552.800048828125,1586.0,13140390,-0.0198685479581626,1470.813093261719,1533.9158874511718,1470.8130932617187,1351.2153527832031,0,1
2024-07-22,1482.793701171875,1500.675048828125,1537.5,1499.2750244140625,1537.25,19674376,-0.0350287909394257,1472.4360205078126,1536.2119567871093,1472.4360205078126,1352.8120977783203,0,1
2024-07-23,1470.1708984375,1487.9000244140625,1505.75,1463.0,1501.0,18052044,-0.008512851601945,1474.2891748046875,1538.5055541992188,1474.2891748046875,1354.3815466308595,0,1
2024-07-24,1477.8779296875,1495.699951171875,1509.5,1476.4000244140625,1485.0,11913362,0.0052422689485902,1476.0336376953126,1540.55830078125,1476.0336376953126,1355.9844665527344,0,1
2024-07-25,1474.6171875,1492.4000244140625,1500.4749755859375,1477.074951171875,1481.0,12519876,-0.0022063677398508,1477.8062622070313,1539.4899353027345,1477.8062622070313,1357.505869140625,0,1
2024-07-26,1491.044189453125,1509.0250244140625,1512.425048828125,1490.3499755859375,1492.4000244140625,9859940,0.0111398416432231,1479.5640673828125,1538.426513671875,1479.5640673828125,1359.195369873047,0,1
2024-07-29,1501.9871826171875,1520.0999755859375,1527.5,1511.7750244140625,1511.949951171875,7538550,0.0073391474521462,1481.6158251953125,1536.1885009765624,1481.6158251953125,1360.912660522461,0,1
2024-07-30,1495.1199951171875,1513.1500244140625,1525.0,1510.0,1517.0250244140625,8228208,-0.0045720679773272,1483.3509033203125,1533.86650390625,1483.3509033203125,1362.6619409179686,0,1
2024-07-31,1487.4869384765625,1505.425048828125,1510.449951171875,1501.1500244140625,1504.0,10057346,-0.0051053137310405,1484.7287866210938,1530.9145935058593,1484.7287866210938,1364.3829370117187,0,1
2024-08-01,1497.244384765625,1515.300048828125,1518.0,1504.300048828125,1512.0,10764222,0.006559685357006,1486.29341796875,1529.0804626464844,1486.29341796875,1366.152843017578,0,1
2024-08-02,1481.4595947265625,1499.324951171875,1509.324951171875,1493.2750244140625,1505.0,10268248,-0.0105425608535733,1487.0576977539065,1526.3780456542968,1487.0576977539063,1367.8341912841797,0,1
2024-08-05,1430.0792236328125,1447.324951171875,1483.9000244140625,1433.25,1480.0,17046704,-0.0346822628687577,1486.292424316406,1519.3972229003907,1486.2924243164061,1369.307424926758,0,1
2024-08-06,1438.700439453125,1456.050048828125,1477.5,1451.324951171875,1455.1500244140625,10236186,0.0060284882668333,1485.8141943359376,1512.2410217285155,1485.8141943359376,1370.7986920166015,0,1
2024-08-07,1447.3707275390625,1464.824951171875,1472.5,1461.5,1469.0,8174568,0.0060264721189862,1485.7860327148437,1506.04326171875,1485.7860327148437,1372.2427770996094,0,1
2024-08-08,1431.85791015625,1449.125,1465.0,1445.925048828125,1457.5250244140625,12387192,-0.0107179294756006,1485.646220703125,1499.3687561035156,1485.646220703125,1373.5985528564454,0,1
2024-08-09,1456.7330322265625,1474.300048828125,1476.5,1456.0,1460.0,6249776,0.0173726190943053,1486.3087353515623,1494.1146240234375,1486.3087353515625,1375.0789508056641,0,1
2024-08-12,1443.220947265625,1460.625,1473.0,1457.75,1470.0,8184584,-0.0092756082700237,1487.015712890625,1487.3907104492187,1487.015712890625,1376.5047564697265,0,1
2024-08-13,1446.1851806640625,1463.625,1470.074951171875,1458.0,1460.75,6265064,0.0020539013129303,1487.6722973632814,1480.7903076171874,1487.6722973632814,1377.9177172851562,-1,0
2024-08-14,1444.4312744140625,1461.8499755859375,1472.0,1453.699951171875,1463.550048828125,6267466,-0.0012127812353841,1486.7143505859376,1475.1384643554688,1486.7143505859376,1379.399102783203,0,0
2024-08-16,1460.5863037109375,1478.199951171875,1480.4000244140625,1458.050048828125,1468.6500244140625,9416902,0.0111843530274076,1488.313562011719,1469.7793334960938,1488.3135620117187,1381.005357055664,0,0
2024-08-19,1475.65625,1488.4000244140625,1498.300048828125,1480.5,1482.5,13797742,0.0103177376446526,1489.7502661132812,1466.7311645507812,1489.7502661132812,1382.7043756103515,0,0
2024-08-20,1483.1416015625,1495.949951171875,1503.925048828125,1490.0250244140625,1497.2249755859375,8411808,0.0050725577603185,1491.122265625,1466.7485595703124,1491.122265625,1384.529501953125,0,0
2024-08-21,1485.8433837890625,1498.675048828125,1507.875,1490.0,1493.25,7769996,0.0018216616833592,1491.790441894531,1467.5321838378907,1491.7904418945313,1386.3811059570312,0,0
2024-08-22,1485.2979736328125,1498.125,1506.5,1490.6500244140625,1503.0,10445782,-0.0003670710938989,1492.419052734375,1467.9031860351563,1492.419052734375,1388.3076708984374,0,0
2024-08-23,1487.1322021484375,1499.9749755859375,1511.324951171875,1498.425048828125,1503.75,9249654,0.0012349229233368,1493.375339355469,1468.5289367675782,1493.3753393554687,1390.1463275146484,0,0
2024-08-26,1499.6490478515625,1512.5999755859375,1523.0,1503.0,1506.9749755859375,8816114,0.0084167673089468,1494.4505493164063,1468.9591796875,1494.4505493164063,1391.9322094726563,0,0
2024-08-27,1487.6031494140625,1500.449951171875,1513.4749755859375,1499.449951171875,1510.5,6251156,-0.0080324783020115,1495.246796875,1468.2399780273438,1495.246796875,1393.7186291503906,0,0
2024-08-28,1485.4715576171875,1498.300048828125,1507.4749755859375,1493.0,1505.0,9610286,-0.0014329035251872,1495.75734375,1467.7575561523438,1495.75734375,1395.4709240722657,0,0
2024-08-29,1507.90283203125,1520.925048828125,1537.0,1494.0,1503.0999755859375,38335358,0.0151004401929069,1496.647844238281,1468.7783508300781,1496.6478442382813,1397.2790545654298,0,0
2024-08-30,1496.6995849609375,1509.625,1539.7249755859375,1503.324951171875,1534.0,41620730,-0.0074296876644371,1497.7564477539063,1468.7511108398437,1497.7564477539063,1399.0324041748047,0,0
2024-09-02,1503.267822265625,1516.25,1526.800048828125,1506.625,1510.875,11240852,0.004388480741684,1498.69900390625,1469.8415222167969,1498.69900390625,1400.7709197998047,0,0
2024-09-03,1496.203857421875,1509.125,1523.0,1507.5,1521.25,10923800,-0.0046990727394827,1499.885634765625,1473.14775390625,1499.885634765625,1402.5116625976561,0,0
2024-09-04,1501.5823974609375,1514.550048828125,1517.5,1499.5,1500.699951171875,11983304,0.0035947909186186,1501.4313037109375,1476.2918518066406,1501.4313037109375,1404.2494085693359,0,0
2024-09-05,1480.192138671875,1492.9749755859375,1525.7750244140625,1487.050048828125,1519.050048828125,16264168,-0.0142451448719909,1502.2986865234377,1477.9329223632812,1502.2986865234375,1405.9428228759766,0,0
2024-09-06,1452.2830810546875,1464.824951171875,1497.0,1461.625,1492.5,19394228,-0.0188550235391935,1501.424658203125,1478.9541809082032,1501.424658203125,1407.4859466552734,0,0
2024-09-09,1449.9283447265625,1462.449951171875,1469.925048828125,1455.5999755859375,1466.5,9010298,-0.0016214031264586,1500.17697265625,1478.613946533203,1500.17697265625,1409.018037109375,0,0
2024-09-10,1449.0113525390625,1461.5250244140625,1472.050048828125,1457.574951171875,1460.5,10768260,-0.0006324396587149,1498.2222509765625,1478.903466796875,1498.2222509765625,1410.4421649169922,0,0
2024-09-11,1439.0721435546875,1451.5,1468.75,1447.550048828125,1463.050048828125,9760202,-0.0068593037362743,1496.1724951171875,1478.5478149414062,1496.1724951171875,1411.8060986328126,0,0
2024-09-12,1467.1298828125,1479.800048828125,1486.0,1445.875,1457.0,22349376,0.0194971040079383,1494.58458984375,1479.6827453613282,1494.58458984375,1413.3230419921874,0,0
2024-09-13,1460.016357421875,1472.625,1483.1500244140625,1469.5,1476.4000244140625,8711328,-0.0048485996188615,1493.106376953125,1479.654248046875,1493.106376953125,1414.8197332763673,0,0
2024-09-16,1458.752197265625,1471.3499755859375,1480.9000244140625,1464.75,1477.550048828125,5481774,-0.0008658534199453,1491.5712622070312,1478.8090454101562,1491.5712622070312,1416.237109375,0,0
2024-09-17,1459.6942138671875,1472.300048828125,1477.4749755859375,1466.625,1474.0,5935328,0.0006457687627332,1489.3712329101563,1477.6366760253907,1489.3712329101563,1417.6362225341798,0,0
2024-09-18,1450.919921875,1463.449951171875,1482.0,1460.550048828125,1470.0,8574714,-0.0060110480050076,1486.7531420898438,1475.8905029296875,1486.7531420898438,1418.9734313964843,0,0
2024-09-19,1457.0916748046875,1469.675048828125,1476.5,1455.550048828125,1466.25,16955902,0.0042536826716885,1484.46845703125,1474.4801879882812,1484.46845703125,1420.3454516601562,0,0
2024-09-20,1473.2025146484375,1485.925048828125,1495.0,1471.375,1474.0,30897320,0.0110568470895351,1482.625546875,1473.7837036132812,1482.625546875,1421.7967907714844,0,0
2024-09-23,1480.5887451171875,1493.375,1501.5,1488.949951171875,1491.0,8832314,0.0050137237720591,1481.0010083007812,1472.8306884765625,1481.0010083007812,1423.2694989013671,0,0
2024-09-24,1476.6229248046875,1489.375,1500.5,1487.875,1488.5,17137444,-0.0026785427929117,1478.979482421875,1472.2816772460938,1478.979482421875,1424.779810180664,0,0
2024-09-25,1481.15869140625,1493.949951171875,1496.5,1480.199951171875,1483.9000244140625,7069002,0.0030717162285438,1477.0387915039062,1472.0660339355468,1477.0387915039062,1426.2711767578126,0,0
2024-09-26,1485.12451171875,1497.949951171875,1504.0,1488.050048828125,1490.6500244140625,18818998,0.0026775120961108,1475.5919189453125,1470.9271179199218,1475.5919189453125,1427.7183941650392,0,0
2024-09-27,1513.10791015625,1526.175048828125,1533.4749755859375,1492.0,1499.0,20597478,0.0188424594818077,1474.4986987304687,1471.7475341796876,1474.4986987304687,1429.2621765136719,0,0
2024-09-30,1463.9324951171875,1476.574951171875,1524.9749755859375,1474.4000244140625,1519.4000244140625,27008814,-0.0324996087251863,1473.0449560546874,1469.7807678222657,1473.0449560546874,1430.5024017333985,0,0
2024-10-01,1452.2830810546875,1464.824951171875,1487.949951171875,1462.824951171875,1480.6500244140625,16431642,-0.0079576169675552,1472.4347436523435,1467.5847290039062,1472.4347436523437,1431.694384765625,0,0
2024-10-03,1394.928466796875,1406.9749755859375,1449.4000244140625,1402.074951171875,1436.574951171875,37757294,-0.0394927235647198,1470.9298950195312,1462.2520324707032,1470.9298950195312,1432.6028063964843,0,0
2024-10-04,1374.653564453125,1386.5250244140625,1417.3499755859375,1381.7750244140625,1403.925048828125,37072876,-0.0145347254904809,1468.8654077148435,1456.9751037597657,1468.8654077148437,1433.4009606933594,0,0
2024-10-07,1358.9888916015625,1370.7249755859375,1396.5,1361.375,1393.5,22181340,-0.011395360443265,1466.552841796875,1452.3103942871094,1466.552841796875,1434.2079901123047,0,0
2024-10-08,1385.3858642578125,1397.3499755859375,1401.0,1365.0999755859375,1372.9749755859375,17020808,0.0194239797097541,1464.4396752929688,1449.083270263672,1464.4396752929688,1435.1225494384767,0,0
2024-10-09,1362.8306884765625,1374.5999755859375,1400.9749755859375,1372.5,1397.5250244140625,14310610,-0.0162807896075461,1461.6565454101562,1444.774237060547,1461.6565454101562,1435.8497326660156,0,0
2024-10-10,1359.31103515625,1371.050048828125,1386.0,1369.425048828125,1380.0250244140625,22358646,-0.0025826049780599,1458.9403662109376,1440.786181640625,1458.9403662109376,1436.4816290283204,0,0
2024-10-11,1360.35205078125,1372.0999755859375,1383.2750244140625,1368.824951171875,1370.0,7980122,0.000765840634024,1456.3976684570312,1435.4472900390624,1456.3976684570312,1437.0559875488282,0,0
2024-10-14,1360.7734375,1372.5250244140625,1380.074951171875,1368.25,1379.449951171875,12221432,0.0003097629900348,1453.6682495117188,1430.4851440429688,1453.6682495117188,1437.5408074951172,0,0
2024-10-15,1332.5174560546875,1344.0250244140625,1371.699951171875,1340.699951171875,1358.5250244140625,33762794,-0.0207646480057871,1450.6894067382811,1424.173406982422,1450.6894067382811,1437.96080078125,0,0
2024-10-16,1342.4813232421875,1354.074951171875,1364.0,1337.625,1340.0,20034438,0.0074774759176521,1448.9374487304688,1418.312762451172,1448.9374487304688,1438.3431671142578,0,0
2024-10-17,1344.811279296875,1356.425048828125,1368.449951171875,1352.050048828125,1365.699951171875,15543660,0.0017355593812362,1447.0596655273437,1413.0073303222657,1447.0596655273437,1438.7310083007812,0,0
2024-10-18,1347.66162109375,1359.300048828125,1368.425048828125,1341.324951171875,1352.175048828125,12082452,0.0021195106263276,1445.0654833984374,1407.5358276367188,1445.0654833984374,1439.1009887695313,0,0
2024-10-21,1357.476806640625,1369.199951171875,1374.0,1357.7249755859375,1367.125,14067408,0.0072831231469729,1443.577861328125,1401.7495422363281,1443.577861328125,1439.4983068847657,0,0
2024-10-22,1331.8482666015625,1343.3499755859375,1376.0,1340.2249755859375,1369.199951171875,15831960,-0.0188795417451631,1441.080166015625,1394.312518310547,1441.080166015625,1439.7212890625,0,0
2024-10-23,1327.0645751953125,1338.5250244140625,1357.4749755859375,1335.0,1337.5,17214742,-0.00359176906725,1438.7570385742188,1386.8346008300782,1438.7570385742188,1439.9712396240234,0,0
2024-10-24,1328.3287353515625,1339.800048828125,1343.699951171875,1323.125,1335.2750244140625,22155934,0.0009525988259191,1436.3999096679688,1379.1931030273438,1436.3999096679688,1440.2144189453124,0,0
2024-10-25,1316.4808349609375,1327.8499755859375,1344.3499755859375,1322.0,1343.5,18597496,-0.0089194038157197,1433.8409008789065,1370.760919189453,1433.8409008789063,1440.3453729248047,0,0
2024-10-28,1322.9251708984375,1334.3499755859375,1353.0,1322.0999755859375,1337.0,10824350,0.0048951232455207,1431.0876782226562,1361.2517822265625,1431.0876782226562,1440.5787023925782,0,0
2024-10-29,1328.52685546875,1340.0,1343.199951171875,1320.300048828125,1328.0999755859375,12008361,0.0042343170222607,1428.1450903320313,1354.4815002441405,1428.1450903320313,1440.8070629882814,0,0
2024-10-30,1332.3935546875,1343.9000244140625,1350.0,1325.3499755859375,1335.0,11984423,0.0029105164135998,1425.1301293945312,1348.4870239257812,1425.1301293945312,1441.0274615478515,0,0
2024-10-31,1320.64501953125,1332.050048828125,1343.0,1326.1500244140625,1340.0,9331650,-0.008817616322833,1421.826162109375,1344.7728515625,1421.826162109375,1441.2393853759766,0,0
2024-11-01,1327.1884765625,1338.6500244140625,1341.949951171875,1333.0,1333.050048828125,2127335,0.0049547432765637,1418.6639721679687,1342.3995971679688,1418.6639721679687,1441.5009478759766,0,0
2024-11-04,1291.0009765625,1302.1500244140625,1340.0,1285.0999755859375,1337.8499755859375,19796890,-0.0272662855646003,1414.74134765625,1339.0002014160157,1414.74134765625,1441.4096453857421,0,0
2024-11-05,1294.1240234375,1305.300048828125,1309.550048828125,1286.1500244140625,1293.0,16267479,0.0024190894752966,1410.6308471679688,1334.437109375,1410.6308471679688,1441.1617852783204,0,0
2024-11-06,1314.002197265625,1325.3499755859375,1328.300048828125,1300.199951171875,1310.0,21625209,0.0153603313655548,1407.158828125,1331.9956848144532,1407.158828125,1440.9598358154296,0,0
2024-11-07,1294.470947265625,1305.6500244140625,1324.0,1302.5999755859375,1324.0,9611974,-0.0148639401369674,1403.3388159179688,1328.753680419922,1403.3388159179688,1440.544624633789,0,0
2024-11-08,1272.758544921875,1283.75,1301.6500244140625,1275.0,1297.6500244140625,19814406,-0.0167731862886642,1398.6359301757811,1324.374005126953,1398.6359301757811,1440.1171893310548,0,0
2024-11-11,1261.802978515625,1272.699951171875,1286.0,1267.0,1278.949951171875,9056552,-0.0086077335327749,1393.937998046875,1319.4254821777345,1393.937998046875,1439.6994494628907,0,0
2024-11-12,1263.33984375,1274.25,1289.300048828125,1267.5,1275.550048828125,10671091,0.0012179914460044,1389.1394384765624,1315.9666015625,1389.1394384765624,1439.2578979492187,0,0
2024-11-13,1241.3299560546875,1252.050048828125,1275.449951171875,1249.5,1270.25,14633633,-0.0174219849110276,1384.0419604492188,1310.909033203125,1384.0419604492188,1438.7087670898438,0,0
2024-11-14,1256.746826171875,1267.5999755859375,1272.5999755859375,1251.0999755859375,1253.5999755859375,12612633,0.0124196391475051,1379.1452490234376,1306.505810546875,1379.1452490234376,1438.4287799072265,0,0
2024-11-18,1249.9554443359375,1260.75,1272.9000244140625,1243.9000244140625,1267.5999755859375,13620611,-0.0054039379248916,1374.5405151367188,1301.6205017089844,1374.5405151367188,1438.0392474365235,0,0
2024-11-19,1231.0189208984375,1241.6500244140625,1281.5,1235.1500244140625,1260.75,14183746,-0.0151497587560494,1370.1152319335938,1295.297607421875,1370.1152319335938,1437.509580078125,0,0
2024-11-21,1212.528564453125,1223.0,1243.949951171875,1217.25,1241.6500244140625,19433843,-0.0150203673813702,1365.367236328125,1289.3316223144532,1365.367236328125,1436.4182446289062,0,0
2024-11-22,1254.565673828125,1265.4000244140625,1268.8499755859375,1222.449951171875,1229.4000244140625,20471957,0.034668964185565,1361.4783227539062,1285.7066772460937,1361.4783227539062,1435.7368115234376,0,0
2024-11-25,1275.9805908203125,1287.0,1304.449951171875,1282.449951171875,1290.0,28923341,0.0170695862631431,1358.2164916992188,1283.0892700195313,1358.2164916992188,1435.0685845947266,0,0
2024-11-26,1284.6060791015625,1295.699951171875,1297.8499755859375,1284.199951171875,1294.949951171875,9247557,0.0067598898786578,1354.566015625,1281.4955322265625,1354.566015625,1434.4433618164062,0,0
2024-11-27,1282.1275634765625,1293.199951171875,1303.8499755859375,1286.0,1293.5,9572746,-0.0019293973968529,1351.0082397460938,1279.4556518554687,1351.0082397460938,1433.6523468017579,0,0
2024-11-28,1259.91943359375,1270.800048828125,1296.5999755859375,1269.050048828125,1289.949951171875,15027412,-0.0173213106990648,1347.0315844726565,1276.0252807617187,1347.0315844726563,1432.842553100586,0,0
2024-11-29,1281.1361083984375,1292.199951171875,1299.5,1275.25,1280.0,13202307,0.0168397075550852,1343.4604223632812,1273.4624084472657,1343.4604223632812,1432.1942987060547,0,0
2024-12-02,1297.9410400390625,1309.1500244140625,1311.3499755859375,1277.050048828125,1288.0,11024152,0.0131172102093297,1340.4008447265626,1272.3272094726562,1340.4008447265626,1431.5591735839844,0,0
2024-12-03,1311.969970703125,1323.300048828125,1326.800048828125,1307.0,1317.0,16869482,0.0108086039591137,1337.4984106445313,1271.5662841796875,1337.4984106445313,1430.9547937011719,0,0
2024-12-04,1297.74267578125,1308.949951171875,1328.4000244140625,1304.050048828125,1326.0,19608540,-0.0108442229925812,1333.9892138671876,1271.903369140625,1333.9892138671876,1430.2267852783202,0,0
2024-12-05,1310.7305908203125,1322.050048828125,1329.949951171875,1306.1500244140625,1314.3499755859375,16858723,0.0100080819421644,1330.59205078125,1272.7336975097655,1330.59205078125,1429.605216064453,0,0
2024-12-06,1300.320556640625,1311.550048828125,1323.9000244140625,1310.0,1323.9000244140625,9037514,-0.0079421616101692,1327.066003417969,1272.0496154785155,1327.0660034179687,1428.8686065673828,0,0
2024-12-09,1284.0609130859375,1295.1500244140625,1315.0,1293.0999755859375,1303.0,14650002,-0.0125043347747222,1323.1240478515624,1271.5291137695312,1323.1240478515624,1427.97029296875,0,0
2024-12-10,1273.8489990234375,1284.8499755859375,1294.9000244140625,1280.199951171875,1289.25,16043729,-0.0079528268156361,1318.8985375976563,1271.5836364746094,1318.8985375976563,1427.0741534423828,0,0
2024-12-11,1267.2559814453125,1278.199951171875,1290.0,1276.050048828125,1285.0,11724373,-0.0051756664904391,1313.9814990234374,1271.8562866210937,1313.9814990234374,1426.1945770263671,0,0
2024-12-12,1252.0870361328125,1262.9000244140625,1278.199951171875,1260.5999755859375,1270.0,20906813,-0.0119699141567276,1309.74458984375,1271.2936462402345,1309.74458984375,1425.1728302001952,0,0
2024-12-13,1261.9517822265625,1272.8499755859375,1275.199951171875,1239.5999755859375,1260.0,28630222,0.007878642465797,1305.9379638671876,1272.3247375488281,1305.9379638671876,1424.2151043701172,0,0
2024-12-16,1257.4407958984375,1268.300048828125,1281.0,1266.550048828125,1275.0,9486781,-0.0035746106877125,1303.1882104492188,1272.3594360351562,1303.1882104492188,1423.2512506103515,0,0
2024-12-17,1234.6378173828125,1245.300048828125,1263.9000244140625,1242.800048828125,1261.050048828125,17462791,-0.0181344351082011,1300.3878955078126,1271.5935546875,1300.3878955078126,1422.103969116211,0,0
2024-12-18,1242.5196533203125,1253.25,1259.949951171875,1240.6500244140625,1240.6500244140625,12670179,0.0063839255743907,1298.0585107421875,1272.1685913085937,1298.0585107421875,1420.9374291992187,0,0
2024-12-19,1219.914794921875,1230.449951171875,1244.9000244140625,1229.0,1239.0,14244653,-0.0181927572236236,1294.7490893554686,1272.5379028320312,1294.7490893554686,1419.6889904785157,0,0
2024-12-20,1194.9803466796875,1205.300048828125,1239.5,1201.5,1224.0,20312896,-0.0204394998289895,1291.3920825195312,1269.5586364746093,1291.3920825195312,1418.3241540527345,0,0
2024-12-23,1211.834716796875,1222.300048828125,1227.199951171875,1213.199951171875,1215.0,10052824,0.0141043073754461,1288.4425561523435,1266.3513427734374,1288.4425561523437,1417.1919262695312,0,0
2024-12-24,1212.2808837890625,1222.75,1233.550048828125,1221.0,1222.300048828125,6734917,0.0003681747898482,1285.4811328125,1262.7350830078126,1285.4811328125,1416.036361694336,0,0
2024-12-26,1206.1339111328125,1216.550048828125,1227.699951171875,1214.25,1224.25,10016178,-0.0050705844977422,1282.3883422851563,1258.935400390625,1282.3883422851563,1414.695303955078,0,0
2024-12-27,1210.595458984375,1221.050048828125,1227.9000244140625,1217.0,1218.300048828125,7000397,0.0036990485139185,1279.94990234375,1256.4692016601562,1279.94990234375,1413.3010888671874,0,0
2024-12-30,1200.3338623046875,1210.699951171875,1223.199951171875,1208.0999755859375,1216.4000244140625,8818766,-0.0084764870077213,1277.106953125,1252.4290893554687,1277.106953125,1411.891137084961,0,0
2024-12-31,1205.043212890625,1215.449951171875,1219.0999755859375,1206.1500244140625,1208.0,6405475,0.0039233672679159,1274.311591796875,1247.784197998047,1274.311591796875,1410.4908984375,0,0
