Date,Adj Close,Close,High,Low,Open,Volume
2020-01-01,519.1380004882812,536.75,542.5,535.7000122070312,539.9000244140625,7642793
2020-01-02,522.861572265625,540.5999755859375,541.9000244140625,535.8499755859375,536.0,10264223
2020-01-03,521.1690063476562,538.8499755859375,540.7999877929688,536.25,538.0,9594690
2020-01-06,508.4505310058594,525.7000122070312,537.25,523.7999877929688,537.25,12534334
2020-01-07,505.742431640625,522.9000244140625,535.5999755859375,521.6500244140625,531.2999877929688,16101835
2020-01-08,508.6923828125,525.9500122070312,527.3499755859375,515.0,516.0,16094310
2020-01-09,528.3745727539062,546.2999877929688,547.4000244140625,530.2999877929688,530.7000122070312,18934019
2020-01-10,522.5231323242188,540.25,546.5,538.5,544.9000244140625,12335407
2020-01-13,520.9271850585938,538.5999755859375,546.0499877929688,538.0,539.4000244140625,7901800
2020-01-14,519.9600219726562,537.5999755859375,538.9500122070312,534.1500244140625,536.2000122070312,13939440
2020-01-15,518.025634765625,535.5999755859375,536.9500122070312,530.6500244140625,535.0999755859375,12353176
2020-01-16,519.5248413085938,537.1500244140625,540.0,533.2000122070312,533.9000244140625,11249232
2020-01-17,514.5921630859375,532.0499877929688,538.0,530.5999755859375,534.5,18312609
2020-01-20,517.30029296875,534.8499755859375,544.0,531.0,533.0,19159996
2020-01-21,513.6248779296875,531.0499877929688,540.25,530.2000122070312,532.9500122070312,13477994
2020-01-22,505.6940002441406,522.8499755859375,534.9500122070312,520.75,531.5,17527408
2020-01-23,510.3848876953125,527.7000122070312,530.25,517.0499877929688,521.4000244140625,17061293
2020-01-24,516.3330078125,533.8499755859375,537.4000244140625,527.0,529.25,17851868
2020-01-27,519.6214599609375,537.25,545.0,531.5,538.5,38149166
2020-01-28,510.86846923828125,528.2000122070312,540.5999755859375,524.4500122070312,538.0999755859375,24009224
2020-01-29,509.3209533691406,526.5999755859375,534.7999877929688,525.2999877929688,531.5499877929688,16400827
2020-01-30,514.7373046875,532.2000122070312,533.9500122070312,524.1500244140625,527.6500244140625,14319317
2020-01-31,508.4021301269531,525.6500244140625,532.75,522.4000244140625,530.0,16292578
2020-02-03,498.6335144042969,515.5499877929688,519.1500244140625,502.0,504.0,22531888
2020-02-04,513.3831176757812,530.7999877929688,534.6500244140625,516.6500244140625,520.0,17781475
2020-02-05,521.4107666015625,539.0999755859375,540.4000244140625,525.7000122070312,529.0499877929688,18782476
2020-02-06,523.8287353515625,541.5999755859375,547.0,536.25,540.3499755859375,15296851
2020-02-07,518.8477172851562,536.4500122070312,541.75,535.1500244140625,540.9500122070312,8297149
2020-02-10,516.4298706054688,533.9500122070312,542.25,530.5,538.6500244140625,12536053
2020-02-11,522.0394897460938,539.75,544.7999877929688,537.5,537.7000122070312,11243552
2020-02-12,531.276123046875,549.2999877929688,550.7000122070312,542.7000122070312,545.7999877929688,14026335
2020-02-13,523.2484741210938,541.0,549.0,538.0,549.0,9227235
2020-02-14,527.8909912109375,545.7999877929688,548.6500244140625,536.5499877929688,541.25,14458649
2020-02-17,523.8287353515625,541.5999755859375,545.3499755859375,537.75,543.0,7793293
2020-02-18,523.44189453125,541.2000122070312,544.4000244140625,536.0,541.0,15918303
2020-02-19,526.9237670898438,544.7999877929688,546.5,540.5,543.5,8704234
2020-02-20,529.0515747070312,547.0,549.3499755859375,541.7999877929688,545.5,13588526
2020-02-24,512.4642944335938,529.8499755859375,541.8499755859375,527.5499877929688,539.5,16940750
2020-02-25,513.5281982421875,530.9500122070312,538.7999877929688,525.2999877929688,532.4500122070312,14942960
2020-02-26,506.51611328125,523.7000122070312,529.3499755859375,522.2000122070312,526.8499755859375,15743918
2020-02-27,498.4400939941406,515.3499755859375,523.2999877929688,512.6500244140625,522.7999877929688,26315054
2020-02-28,480.93402099609375,497.25,506.8500061035156,492.20001220703125,501.6000061035156,32737933
2020-03-02,489.4936218261719,506.1000061035156,520.5499877929688,498.45001220703125,508.25,28642076
2020-03-03,497.85980224609375,514.75,519.5,508.5,509.8500061035156,19661945
2020-03-04,491.6697998046875,508.3500061035156,517.5,497.04998779296875,517.5,21883404
2020-03-05,487.9461364746094,504.5,511.1499938964844,500.0,509.75,16671516
2020-03-06,470.3916931152344,486.3500061035156,496.79998779296875,477.29998779296875,485.0,31024353
2020-03-09,442.7301330566406,457.75,475.0,442.95001220703125,475.0,42027175
2020-03-11,450.370849609375,465.6499938964844,471.75,449.6000061035156,450.0,31018779
2020-03-12,411.6833801269531,425.6499938964844,445.95001220703125,416.0,438.0,50757033
2020-03-13,432.52630615234375,447.20001220703125,464.75,395.20001220703125,401.0,67104335
2020-03-16,389.67987060546875,402.8999938964844,424.20001220703125,397.45001220703125,424.20001220703125,34833637
2020-03-17,355.19964599609375,367.25,408.45001220703125,364.0,407.0,47232699
2020-03-18,343.39996337890625,355.04998779296875,375.5,342.29998779296875,369.1000061035156,61202289
2020-03-19,327.44134521484375,338.54998779296875,369.6000061035156,323.0,336.1000061035156,57985870
2020-03-20,334.3567810058594,345.70001220703125,359.79998779296875,323.0,328.0,88640642
2020-03-23,274.6812744140625,284.0,313.70001220703125,280.0,311.1499938964844,56867949
2020-03-24,286.7711181640625,296.5,305.0,268.29998779296875,295.29998779296875,67895418
2020-03-25,306.5017395019531,316.8999938964844,334.1499938964844,281.6000061035156,284.0,66544138
2020-03-26,319.4136962890625,330.25,364.3999938964844,314.25,322.0,76173940
2020-03-27,328.6986999511719,339.8500061035156,359.54998779296875,326.0,355.79998779296875,72889985
2020-03-30,303.1165771484375,313.3999938964844,333.8999938964844,311.1000061035156,330.1000061035156,36559880
2020-03-31,313.1269836425781,323.75,334.8500061035156,316.0,324.70001220703125,46279768
2020-04-01,300.9404296875,311.1499938964844,323.75,308.1000061035156,319.0,33141186
2020-04-03,277.2442626953125,286.6499938964844,309.5,281.5,309.5,57326314
2020-04-07,315.3998718261719,326.1000061035156,329.6000061035156,296.8500061035156,308.29998779296875,57661076
2020-04-08,308.4844970703125,318.95001220703125,352.75,315.1000061035156,322.8500061035156,73931321
2020-04-09,331.4552001953125,342.70001220703125,345.0,322.6499938964844,332.3999938964844,52431174
2020-04-13,319.8005676269531,330.6499938964844,345.79998779296875,329.25,341.04998779296875,30994190
2020-04-15,316.60888671875,327.3500061035156,351.8999938964844,325.0,342.70001220703125,49132329
2020-04-16,330.77813720703125,342.0,347.79998779296875,319.3500061035156,325.29998779296875,56494027
2020-04-17,363.227294921875,375.54998779296875,385.5,349.04998779296875,362.0,69006835
2020-04-20,349.4448547363281,361.29998779296875,378.8999938964844,357.0,376.0,55810736
2020-04-21,320.961181640625,331.8500061035156,346.20001220703125,328.0,341.0,50118175
2020-04-22,324.9266357421875,335.95001220703125,338.0,323.04998779296875,326.0,49115085
2020-04-23,341.3688659667969,352.95001220703125,354.79998779296875,338.0,340.25,45953398
2020-04-24,323.86273193359375,334.8500061035156,343.25,331.5,337.8999938964844,38513206
2020-04-27,336.4845275878906,347.8999938964844,352.8999938964844,338.0,339.29998779296875,38980019
2020-04-28,348.0424499511719,359.8500061035156,362.8500061035156,350.25,353.75,32933194
2020-04-29,358.29461669921875,370.45001220703125,376.5,351.6499938964844,353.0,39341745
2020-04-30,367.6763610839844,380.1499938964844,392.95001220703125,374.1499938964844,382.0,45734705
2020-05-04,326.9577331542969,338.04998779296875,359.0,336.0,359.0,38837299
2020-05-05,319.9940185546875,330.8500061035156,348.0,329.54998779296875,348.0,45069968
2020-05-06,330.19781494140625,341.3999938964844,345.54998779296875,325.25,331.5,49952812
2020-05-07,325.7004089355469,336.75,342.8999938964844,333.70001220703125,337.0,27656346
2020-05-08,326.6192321777344,337.70001220703125,352.5,333.70001220703125,344.0,42968091
2020-05-11,309.6451110839844,320.1499938964844,343.54998779296875,318.20001220703125,341.0,83665601
2020-05-12,310.6606140136719,321.20001220703125,324.3999938964844,308.0,318.29998779296875,69072308
2020-05-13,326.9577331542969,338.04998779296875,348.3999938964844,332.29998779296875,343.5,72816461
2020-05-14,316.6571960449219,327.3999938964844,334.5,325.6499938964844,330.0,33999095
2020-05-15,312.1114501953125,322.70001220703125,330.54998779296875,318.79998779296875,329.29998779296875,31828868
2020-05-18,288.70550537109375,298.5,320.5,293.25,320.0,74034133
2020-05-19,290.4464111328125,300.29998779296875,311.5,297.1000061035156,307.04998779296875,61827491
2020-05-20,295.6208801269531,305.6499938964844,308.25,297.5,299.0,42238419
2020-05-21,294.4118957519531,304.3999938964844,312.79998779296875,302.0,306.0,43075357
2020-05-22,281.49993896484375,291.04998779296875,307.70001220703125,285.54998779296875,301.0,80358245
2020-05-26,283.0958251953125,292.70001220703125,297.8999938964844,290.0,296.04998779296875,46681705
2020-05-27,308.38775634765625,318.8500061035156,321.95001220703125,294.8500061035156,296.1000061035156,80541990
2020-05-28,316.1252746582031,326.8500061035156,329.75,320.75,322.25,66136408
2020-05-29,321.05792236328125,331.95001220703125,334.29998779296875,320.0,322.8999938964844,60487477
2020-06-01,328.1183776855469,339.25,348.0,336.20001220703125,339.0,44024770
2020-06-02,336.9681396484375,348.3999938964844,350.0,332.5,337.0,47558213
2020-06-03,345.140869140625,356.8500061035156,373.0,353.79998779296875,357.8999938964844,69689299
2020-06-04,336.4361877441406,347.8500061035156,363.0,345.5,357.0,57061575
2020-06-05,345.47943115234375,357.20001220703125,360.0,347.0,350.0,37251097
2020-06-08,347.99407958984375,359.79998779296875,373.75,353.1499938964844,366.54998779296875,46827341
2020-06-09,337.11322021484375,348.54998779296875,369.3500061035156,345.25,360.04998779296875,47621969
2020-06-10,341.4172058105469,353.0,356.8500061035156,345.29998779296875,348.54998779296875,36292403
2020-06-11,330.0527648925781,341.25,354.20001220703125,340.1000061035156,352.45001220703125,36999490
2020-06-12,332.9059753417969,344.20001220703125,346.1499938964844,324.1000061035156,324.20001220703125,47509067
2020-06-15,320.23577880859375,331.1000061035156,342.25,325.5,341.20001220703125,43500660
2020-06-16,331.6969909667969,342.95001220703125,347.8999938964844,326.04998779296875,342.25,57511237
2020-06-17,330.7298278808594,341.95001220703125,351.0,336.1000061035156,338.6000061035156,37107002
2020-06-18,340.4500427246094,352.0,354.70001220703125,337.20001220703125,340.0,39285919
2020-06-19,351.8628234863281,363.79998779296875,365.45001220703125,349.20001220703125,351.0,51367236
2020-06-22,355.4897766113281,367.54998779296875,375.25,365.1499938964844,367.0,40133602
2020-06-23,363.8075866699219,376.1499938964844,378.29998779296875,364.20001220703125,369.0,32493320
2020-06-24,336.677978515625,348.1000061035156,380.0,345.0,380.0,57955780
2020-06-25,339.4828186035156,351.0,355.6000061035156,338.5,345.8999938964844,69902888
2020-06-26,337.64520263671875,349.1000061035156,358.5,346.1000061035156,355.6000061035156,34596104
2020-06-29,331.842041015625,343.1000061035156,345.6000061035156,338.5,345.25,27384244
2020-06-30,339.9180908203125,351.45001220703125,354.45001220703125,346.29998779296875,347.0,47526095
2020-07-01,352.1046142578125,364.04998779296875,365.75,351.6000061035156,354.25,36922617
2020-07-02,350.9440002441406,362.8500061035156,370.8999938964844,361.3500061035156,366.0,50964311
2020-07-03,349.1547546386719,361.0,367.1499938964844,359.79998779296875,364.6499938964844,28779044
2020-07-06,349.97686767578125,361.8500061035156,367.8500061035156,360.5,367.8500061035156,33334074
2020-07-07,363.7108459472656,376.04998779296875,378.0,362.1000061035156,363.0,46030825
2020-07-08,356.8438415527344,368.95001220703125,379.0,367.54998779296875,377.8999938964844,46315597
2020-07-09,358.1979064941406,370.3500061035156,376.0,365.29998779296875,373.45001220703125,35144463
2020-07-10,348.5260314941406,360.3500061035156,368.20001220703125,359.0,364.8999938964844,27864858
2020-07-13,341.9975280761719,353.6000061035156,367.0,352.5,364.1000061035156,32379935
2020-07-14,334.2117004394531,345.54998779296875,352.45001220703125,340.6000061035156,351.5,34031256
2020-07-15,334.4534606933594,345.79998779296875,356.79998779296875,343.75,349.5,30442553
2020-07-16,333.3411865234375,344.6499938964844,348.6000061035156,341.0,347.95001220703125,35535437
2020-07-17,342.19091796875,353.79998779296875,356.0,345.45001220703125,346.0,27511781
2020-07-20,351.089111328125,363.0,366.3500061035156,355.25,358.0,36312529
2020-07-21,366.3706359863281,378.79998779296875,379.8999938964844,370.04998779296875,371.0,45559912
2020-07-22,368.5951843261719,381.1000061035156,389.5,375.29998779296875,386.8999938964844,45500191
2020-07-23,379.3793029785156,392.25,395.6499938964844,378.8500061035156,382.54998779296875,37838027
2020-07-24,369.2721862792969,381.79998779296875,388.70001220703125,372.1499938964844,388.29998779296875,52980980
2020-07-27,346.73675537109375,358.5,385.79998779296875,356.6000061035156,385.0,73275058
2020-07-28,340.5467224121094,352.1000061035156,362.75,343.20001220703125,361.1000061035156,125939354
2020-07-29,339.5311584472656,351.04998779296875,357.6499938964844,348.20001220703125,353.20001220703125,50194622
2020-07-30,333.6313781738281,344.95001220703125,354.6000061035156,340.3999938964844,353.3999938964844,40820253
2020-07-31,335.4206237792969,346.79998779296875,353.0,342.04998779296875,346.45001220703125,37345191
2020-08-03,331.98712158203125,343.25,349.3500061035156,340.5,346.79998779296875,32119883
2020-08-04,339.4828186035156,351.0,353.20001220703125,344.20001220703125,347.0,30811518
2020-08-05,340.64349365234375,352.20001220703125,360.0,350.75,353.3999938964844,37057881
2020-08-06,346.97857666015625,358.75,363.75,348.6000061035156,353.45001220703125,48021824
2020-08-07,346.2048034667969,357.95001220703125,359.6499938964844,353.1499938964844,359.45001220703125,28510964
2020-08-10,351.6210021972656,363.54998779296875,364.95001220703125,357.3500061035156,359.5,22856010
2020-08-11,355.29638671875,367.3500061035156,374.29998779296875,364.04998779296875,370.0,45446107
2020-08-12,354.8127136230469,366.8500061035156,368.75,363.75,365.75,25706005
2020-08-13,355.973388671875,368.04998779296875,372.3500061035156,366.25,368.95001220703125,26257336
2020-08-14,349.5415954589844,361.3999938964844,371.79998779296875,354.20001220703125,371.79998779296875,28893259
2020-08-17,348.3809509277344,360.20001220703125,366.3500061035156,354.3500061035156,366.0,24232497
2020-08-18,357.42413330078125,369.54998779296875,370.0,361.6000061035156,361.8999938964844,26517363
2020-08-19,362.1634216308594,374.45001220703125,375.8500061035156,370.3999938964844,374.0,35790233
2020-08-20,355.6832275390625,367.75,369.6499938964844,362.6000061035156,367.0,68444775
2020-08-21,358.9716491699219,371.1499938964844,373.0,367.04998779296875,370.0,34109928
2020-08-24,367.86981201171875,380.3500061035156,381.20001220703125,373.8500061035156,374.8500061035156,32907235
2020-08-25,373.6728820800781,386.3500061035156,389.79998779296875,381.3999938964844,382.5,53072303
2020-08-26,376.574462890625,389.3500061035156,391.6499938964844,384.20001220703125,388.20001220703125,37163882
2020-08-27,379.3309631347656,392.20001220703125,397.45001220703125,387.6000061035156,389.95001220703125,36910405
2020-08-28,396.2567443847656,409.70001220703125,411.8999938964844,392.8999938964844,393.8999938964844,83472297
2020-08-31,381.6522216796875,394.6000061035156,422.0,387.5,414.8500061035156,72744175
2020-09-01,378.12200927734375,390.95001220703125,399.6499938964844,385.29998779296875,394.70001220703125,34872793
2020-09-02,379.5243835449219,392.3999938964844,394.0,381.1000061035156,387.25,31295799
2020-09-03,370.1910400390625,382.75,392.54998779296875,381.04998779296875,392.3999938964844,26135555
2020-09-04,360.3257141113281,372.54998779296875,379.95001220703125,368.3500061035156,375.0,33118984
2020-09-07,361.1477966308594,373.3999938964844,376.8500061035156,369.0,374.1000061035156,22323904
2020-09-08,363.37237548828125,375.70001220703125,381.29998779296875,369.1499938964844,372.3999938964844,32052920
2020-09-09,355.5381774902344,367.6000061035156,372.3999938964844,361.8999938964844,370.79998779296875,25285238
2020-09-10,358.53643798828125,370.70001220703125,375.0,365.45001220703125,371.70001220703125,24852274
2020-09-11,358.3429870605469,370.5,373.6499938964844,365.1000061035156,373.0,22678353
2020-09-14,351.76611328125,363.70001220703125,373.8500061035156,359.3500061035156,373.5,27140598
2020-09-15,359.3585510253906,371.54998779296875,372.25,363.70001220703125,364.04998779296875,24967618
2020-09-16,362.4051818847656,374.70001220703125,376.70001220703125,365.0,371.3500061035156,22068622
2020-09-17,356.8922119140625,369.0,371.75,367.3999938964844,370.0,24084936
2020-09-18,357.42413330078125,369.54998779296875,374.6499938964844,364.54998779296875,370.0,78166508
2020-09-21,339.19268798828125,350.70001220703125,367.3999938964844,348.5,366.6499938964844,28932482
2020-09-22,342.771240234375,354.3999938964844,356.1499938964844,349.5,354.0,28593292
2020-09-23,340.304931640625,351.8500061035156,357.1000061035156,342.45001220703125,356.6000061035156,22740143
2020-09-24,324.6849060058594,335.70001220703125,346.95001220703125,333.75,344.95001220703125,25840472
2020-09-25,337.2099609375,348.6499938964844,350.5,336.6000061035156,339.04998779296875,23231600
2020-09-28,351.089111328125,363.0,363.95001220703125,349.1000061035156,351.5,18495592
2020-09-29,345.3343200683594,357.04998779296875,363.75,354.25,363.75,17080848
2020-09-30,343.1097717285156,354.75,357.5,349.3500061035156,356.95001220703125,19565058
2020-10-01,357.0856628417969,369.20001220703125,371.20001220703125,358.25,358.25,23237122
2020-10-05,360.8576965332031,373.1000061035156,382.6499938964844,370.75,370.75,26530105
2020-10-06,368.1116027832031,380.6000061035156,381.79998779296875,375.1000061035156,377.1000061035156,18093629
2020-10-07,370.09429931640625,382.6499938964844,384.3500061035156,374.1000061035156,379.29998779296875,21845743
2020-10-08,374.7851867675781,387.5,389.70001220703125,382.6499938964844,385.0,21085500
2020-10-09,388.3258056640625,401.5,403.5,386.8999938964844,390.70001220703125,41641237
2020-10-12,390.7921142578125,404.04998779296875,410.0,400.70001220703125,403.45001220703125,25742564
2020-10-13,383.2480773925781,396.25,401.0,393.5,401.0,19922778
2020-10-14,393.451904296875,406.79998779296875,409.25,389.0,394.3500061035156,23368177
2020-10-15,378.17034912109375,391.0,409.8999938964844,389.1499938964844,406.8999938964844,34234586
2020-10-16,383.1029968261719,396.1000061035156,401.29998779296875,390.5,394.0,25339096
2020-10-19,403.4139404296875,417.1000061035156,418.75,401.1499938964844,402.04998779296875,41072871
2020-10-20,400.9959411621094,414.6000061035156,416.8999938964844,411.0,413.5,26158669
2020-10-21,406.5089111328125,420.29998779296875,428.5,410.29998779296875,416.0,43124966
2020-10-22,399.3517761230469,412.8999938964844,419.6499938964844,407.6499938964844,416.3999938964844,33088074
2020-10-23,403.26885986328125,416.95001220703125,420.5,411.75,417.0,22151463
2020-10-26,391.17901611328125,404.45001220703125,419.1499938964844,401.45001220703125,418.04998779296875,21712057
2020-10-27,396.49853515625,409.95001220703125,412.3999938964844,393.25,406.3500061035156,33571163
2020-10-28,383.05462646484375,396.04998779296875,409.8999938964844,394.79998779296875,409.8999938964844,28145103
2020-10-29,386.7783203125,399.8999938964844,402.8999938964844,389.6499938964844,392.25,32615425
2020-10-30,379.71783447265625,392.6000061035156,402.70001220703125,388.04998779296875,399.3999938964844,27225165
2020-11-02,403.7524719238281,417.45001220703125,422.79998779296875,407.0,417.0,72698777
2020-11-03,429.2862243652344,443.8500061035156,446.8999938964844,424.20001220703125,425.0,61813071
2020-11-04,422.70928955078125,437.04998779296875,442.0,425.29998779296875,437.29998779296875,43426662
2020-11-05,424.11175537109375,438.5,446.25,435.6000061035156,445.0,30129938
2020-11-06,428.2706298828125,442.79998779296875,444.8999938964844,436.20001220703125,439.8500061035156,27831424
2020-11-09,447.5176696777344,462.70001220703125,464.6000061035156,449.0,450.0,40995422
2020-11-10,467.97369384765625,483.8500061035156,487.04998779296875,473.0,485.79998779296875,57535138
2020-11-11,470.5850830078125,486.54998779296875,490.54998779296875,472.1000061035156,484.75,45609279
2020-11-12,461.0583190917969,476.70001220703125,483.54998779296875,471.3500061035156,481.6000061035156,31071572
2020-11-13,469.6179504394531,485.54998779296875,487.1000061035156,467.54998779296875,472.70001220703125,34815091
2020-11-14,470.92364501953125,486.8999938964844,489.8500061035156,484.6499938964844,489.8500061035156,3636073
2020-11-17,470.4400329589844,486.3999938964844,493.0,478.1499938964844,490.5,36127378
2020-11-18,481.3208923339844,497.6499938964844,499.0,486.25,488.0,29156543
2020-11-19,463.04107666015625,478.75,493.3500061035156,475.79998779296875,490.0,31896908
2020-11-20,464.4434814453125,480.20001220703125,483.45001220703125,468.1000061035156,479.5,30089190
2020-11-23,452.8855895996094,468.25,483.3500061035156,466.5,481.79998779296875,29513544
2020-11-24,462.50909423828125,478.20001220703125,480.0,471.20001220703125,474.0,23135994
2020-11-25,457.1896057128906,472.70001220703125,489.95001220703125,471.1000061035156,485.0,34168305
2020-11-26,459.7041931152344,475.29998779296875,477.20001220703125,465.79998779296875,475.1000061035156,28707911
2020-11-27,457.8182373046875,473.3500061035156,479.54998779296875,471.29998779296875,476.3999938964844,48390771
2020-12-01,469.1827392578125,485.1000061035156,488.5,474.29998779296875,479.70001220703125,20120049
2020-12-02,464.6852722167969,480.45001220703125,487.0,472.20001220703125,486.3500061035156,21244707
2020-12-03,466.0393371582031,481.8500061035156,485.0,478.8500061035156,482.1000061035156,22701738
2020-12-04,485.5765380859375,502.04998779296875,504.0,483.0,483.70001220703125,39547014
2020-12-07,493.700927734375,510.45001220703125,515.5999755859375,504.1499938964844,505.0,37778332
2020-12-08,491.71820068359375,508.3999938964844,512.0,505.3999938964844,511.5,19339943
2020-12-09,494.7164306640625,511.5,515.0,506.04998779296875,510.0,21272782
2020-12-10,490.3157043457031,506.95001220703125,514.4000244140625,498.75,508.1000061035156,20419020
2020-12-11,498.5368347167969,515.4500122070312,516.9000244140625,506.1000061035156,509.25,25335765
2020-12-14,508.5472106933594,525.7999877929688,527.7999877929688,518.0999755859375,518.0999755859375,26369591
2020-12-15,501.051513671875,518.0499877929688,524.25,513.0999755859375,524.0,26969145
2020-12-16,495.63525390625,512.4500122070312,521.7000122070312,511.1000061035156,520.0499877929688,24263586
2020-12-17,493.65252685546875,510.3999938964844,516.5,509.1000061035156,514.0,23883288
2020-12-18,500.18109130859375,517.1500244140625,518.25,509.1499938964844,514.0,21735833
2020-12-21,478.2742614746094,494.5,514.7000122070312,488.20001220703125,514.5999755859375,29157759
2020-12-22,483.8839416503906,500.29998779296875,501.79998779296875,489.1000061035156,497.29998779296875,32328041
2020-12-23,487.07568359375,503.6000061035156,505.5,496.54998779296875,499.0,19205951
2020-12-24,496.69915771484375,513.5499877929688,515.9500122070312,505.1000061035156,506.75,17576807
2020-12-28,503.0342102050781,520.0999755859375,521.2000122070312,513.5999755859375,515.9000244140625,14470472
2020-12-29,511.4487609863281,528.7999877929688,530.7999877929688,517.8499755859375,522.5499877929688,19092649
2020-12-30,511.4003601074219,528.75,533.0,524.5499877929688,531.6500244140625,21365141
2020-12-31,517.4935913085938,535.0499877929688,538.5,526.5,530.0999755859375,27817770
2021-01-01,510.1914367675781,527.5,537.0,526.0999755859375,535.5499877929688,13592625
2021-01-04,514.253662109375,531.7000122070312,535.0,524.2999877929688,532.2999877929688,16549750
2021-01-05,519.6214599609375,537.25,539.9500122070312,523.0,526.6500244140625,23311516
2021-01-06,528.761474609375,546.7000122070312,550.5999755859375,535.8499755859375,538.75,28178838
2021-01-07,523.3451538085938,541.0999755859375,554.4000244140625,539.75,552.1500244140625,21138034
2021-01-08,524.2639770507812,542.0499877929688,547.0999755859375,536.3499755859375,547.0,21937965
2021-01-11,526.8270874023438,544.7000122070312,546.0,535.0,545.1500244140625,19394393
2021-01-12,530.018798828125,548.0,550.6500244140625,537.0999755859375,541.0,16388310
2021-01-13,538.2398681640625,556.5,561.0,548.25,551.5,21920297
2021-01-14,535.1448974609375,553.2999877929688,558.4500122070312,550.5999755859375,554.0499877929688,13330898
2021-01-15,525.1828002929688,543.0,551.0,541.5,550.0,15708956
2021-01-18,515.6561279296875,533.1500244140625,548.4000244140625,528.9000244140625,544.5,21580313
2021-01-19,528.5196533203125,546.4500122070312,547.75,533.9000244140625,539.0,20575358
2021-01-20,532.9203491210938,551.0,554.5999755859375,546.0,546.4500122070312,16097138
2021-01-21,534.5645141601562,552.7000122070312,561.0,549.7000122070312,555.0,18189277
2021-01-22,516.2847290039062,533.7999877929688,553.5,530.5999755859375,553.0999755859375,24515997
2021-01-25,520.3953247070312,538.0499877929688,542.2999877929688,531.2000122070312,536.5499877929688,23415249
2021-01-27,505.2104187011719,522.3499755859375,539.2000122070312,519.0999755859375,537.7999877929688,28049286
2021-01-28,510.9168701171875,528.25,529.8499755859375,512.0,514.5999755859375,29836591
2021-01-29,519.3796997070312,537.0,544.9500122070312,529.4500122070312,533.3499755859375,33172808
2021-02-01,583.98779296875,603.7999877929688,609.4500122070312,551.0,552.0,69354326
2021-02-02,597.0932006835938,617.3499755859375,624.0,598.7000122070312,613.0,42362384
2021-02-03,601.9291381835938,622.3499755859375,627.5,614.0,623.4000244140625,27155908
2021-02-04,607.6840209960938,628.2999877929688,631.6500244140625,609.0,618.7999877929688,29982222
2021-02-05,593.9983520507812,614.1500244140625,635.2999877929688,611.0,628.2999877929688,32015570
2021-02-08,608.9412841796875,629.5999755859375,633.9500122070312,622.3499755859375,622.3499755859375,18230551
2021-02-09,612.5682983398438,633.3499755859375,643.2000122070312,628.5999755859375,631.3499755859375,27155615
2021-02-10,611.4076538085938,632.1500244140625,638.2000122070312,626.4000244140625,633.3499755859375,23967387
2021-02-11,609.9568481445312,630.6500244140625,633.5999755859375,624.0999755859375,626.75,16072702
2021-02-12,626.3507080078125,647.5999755859375,649.9000244140625,629.4000244140625,629.9000244140625,19049709
2021-02-15,651.8360595703125,673.9500122070312,676.7999877929688,652.0,655.0,27155194
2021-02-16,636.7479248046875,658.3499755859375,679.4000244140625,649.5499877929688,673.4000244140625,24966739
2021-02-17,635.7807006835938,657.3499755859375,664.9500122070312,649.3499755859375,654.7999877929688,21684753
2021-02-18,623.4974975585938,644.6500244140625,652.4000244140625,637.5999755859375,650.0,27845347
2021-02-19,603.5734252929688,624.0499877929688,635.5,619.0,635.5,24055811
2021-02-22,589.8392944335938,609.8499755859375,629.2999877929688,607.2999877929688,622.0,27092321
2021-02-23,596.0776977539062,616.2999877929688,623.0499877929688,609.0499877929688,614.75,23534585
2021-02-24,620.0639038085938,641.0999755859375,645.0,615.0999755859375,615.0999755859375,17762047
2021-02-25,607.3937377929688,628.0,648.4000244140625,626.2999877929688,642.7000122070312,38571809
2021-02-26,578.1363525390625,597.75,615.0,590.9000244140625,615.0,57349273
2021-03-01,588.3885498046875,608.3499755859375,611.8499755859375,600.2000122070312,607.5499877929688,21527318
2021-03-02,590.4679565429688,610.5,616.5,599.0,610.0,24051433
2021-03-03,611.3591918945312,632.0999755859375,633.75,613.8499755859375,618.0,21036174
2021-03-04,600.3817138671875,620.75,630.9000244140625,615.7999877929688,618.75,25057198
2021-03-05,589.4524536132812,609.4500122070312,614.7000122070312,601.5,613.2000122070312,26645968
2021-03-08,588.098388671875,608.0499877929688,616.0,601.1500244140625,611.5999755859375,19632433
2021-03-09,604.5889282226562,625.0999755859375,628.3499755859375,612.2999877929688,614.8499755859375,23056249
2021-03-10,605.072509765625,625.5999755859375,630.5,621.7999877929688,628.75,15838994
2021-03-12,592.7409057617188,612.8499755859375,638.0,608.3499755859375,631.4500122070312,21757862
2021-03-15,583.6976928710938,603.5,612.8499755859375,590.5999755859375,611.9000244140625,24347946
2021-03-16,575.4282836914062,594.9500122070312,607.0,593.6500244140625,606.8499755859375,17925629
2021-03-17,570.1571044921875,589.5,603.6500244140625,587.0,597.5499877929688,20214082
2021-03-18,559.6146850585938,578.5999755859375,601.4000244140625,575.5,594.75,22776537
2021-03-19,567.4005737304688,586.6500244140625,588.9000244140625,570.0,575.2000122070312,29162618
2021-03-22,554.6337280273438,573.4500122070312,586.8499755859375,569.5,586.8499755859375,21755401
2021-03-23,567.1588134765625,586.4000244140625,589.25,574.2999877929688,576.0,29486417
2021-03-24,548.87890625,567.5,580.5499877929688,565.0,580.0,24434219
2021-03-25,552.7960205078125,571.5499877929688,579.0,557.0999755859375,568.0999755859375,27170186
2021-03-26,559.5663452148438,578.5499877929688,584.5,574.2999877929688,584.5,20724410
2021-03-30,572.0430908203125,591.4500122070312,593.0999755859375,582.0,582.0,28011943
2021-03-31,562.9998779296875,582.0999755859375,589.6500244140625,579.0,586.0,20119972
2021-04-01,574.8963012695312,594.4000244140625,596.0999755859375,580.2000122070312,587.5499877929688,15631940
2021-04-05,552.5059814453125,571.25,592.0,563.5,592.0,23260127
2021-04-06,547.3314208984375,565.9000244140625,578.5,564.4000244140625,574.7000122070312,23284697
2021-04-07,558.6959228515625,577.6500244140625,580.0,559.4000244140625,566.5499877929688,23984399
2021-04-08,557.777099609375,576.7000122070312,585.8499755859375,573.2999877929688,582.0,19262565
2021-04-09,547.62158203125,566.2000122070312,579.0,565.0,573.9500122070312,23239564
2021-04-12,520.8788452148438,538.5499877929688,551.9500122070312,531.1500244140625,551.4000244140625,26601702
2021-04-13,542.205322265625,560.5999755859375,563.7999877929688,537.8499755859375,541.0,25445897
2021-04-15,556.3262329101562,575.2000122070312,576.75,554.1500244140625,565.9500122070312,37614884
2021-04-16,548.3470458984375,566.9500122070312,577.75,564.0999755859375,574.5999755859375,24045008
2021-04-19,541.3832397460938,559.75,562.2999877929688,534.4000244140625,550.0,28526176
2021-04-20,540.7545776367188,559.0999755859375,572.6500244140625,552.5999755859375,565.2000122070312,24425842
2021-04-22,560.195068359375,579.2000122070312,580.5999755859375,546.9000244140625,552.0,34942633
2021-04-23,551.24853515625,569.9500122070312,580.5,567.0499877929688,569.9000244140625,33749097
2021-04-26,571.7045288085938,591.0999755859375,605.5,588.0,602.0,62584522
2021-04-27,579.103515625,598.75,601.9500122070312,591.0999755859375,593.25,24239685
2021-04-28,600.9620361328125,621.3499755859375,622.7999877929688,598.0,598.0,33292864
2021-04-29,601.0587158203125,621.4500122070312,628.4500122070312,609.0,622.5499877929688,34537860
2021-04-30,580.796142578125,600.5,616.3499755859375,598.0999755859375,610.0999755859375,23653258
2021-05-03,577.169189453125,596.75,598.8499755859375,587.5,592.5499877929688,18010557
2021-05-04,572.1397705078125,591.5499877929688,608.0,589.0,596.6500244140625,15115127
2021-05-05,583.0206298828125,602.7999877929688,604.7999877929688,584.7000122070312,595.2999877929688,17253943
2021-05-06,588.2435302734375,608.2000122070312,610.8499755859375,599.25,602.7999877929688,16949763
2021-05-07,587.1795043945312,607.0999755859375,614.7999877929688,603.7000122070312,612.0,10941083
2021-05-10,593.1278076171875,613.25,617.0,611.0,611.0,12060808
2021-05-11,589.8392944335938,609.8499755859375,612.9000244140625,603.25,606.4000244140625,13818480
2021-05-12,575.23486328125,594.75,606.6500244140625,593.2000122070312,603.2000122070312,14785569
2021-05-14,577.7011108398438,597.2999877929688,601.9500122070312,591.0999755859375,592.0,12675754
2021-05-17,603.1381225585938,623.5999755859375,624.5,601.2000122070312,603.25,20453101
2021-05-18,612.4232177734375,633.2000122070312,635.5,626.0,628.0,19242627
2021-05-19,604.927490234375,625.4500122070312,634.0,623.3499755859375,627.0999755859375,13911576
2021-05-20,598.3021850585938,618.5999755859375,632.9000244140625,616.6500244140625,628.0499877929688,13900762
2021-05-21,621.3696899414062,642.4500122070312,643.9500122070312,622.2999877929688,622.2999877929688,23975898
2021-05-24,626.10888671875,647.3499755859375,653.4500122070312,638.0,643.25,20323003
2021-05-25,628.9620971679688,650.2999877929688,652.0,642.5,650.0999755859375,14884778
2021-05-26,631.0899658203125,652.5,656.6500244140625,643.2999877929688,649.3499755859375,14487031
2021-05-27,630.8480834960938,652.25,656.5,648.0999755859375,651.0999755859375,23349546
2021-05-28,621.949951171875,643.0499877929688,660.0,639.25,658.0499877929688,14191446
2021-05-31,641.0034790039062,662.75,665.0,643.75,643.75,21786138
2021-06-01,628.7686157226562,650.0999755859375,664.9000244140625,648.3499755859375,664.5499877929688,14123196
2021-06-02,627.0759887695312,648.3499755859375,649.3499755859375,641.0999755859375,648.5,16025108
2021-06-03,628.9136962890625,650.25,653.6500244140625,644.75,653.4500122070312,11805702
2021-06-04,621.6115112304688,642.7000122070312,654.9000244140625,639.4000244140625,653.0,15111572
2021-06-07,626.9309692382812,648.2000122070312,650.0,644.25,645.2000122070312,7556341
2021-06-08,621.3212280273438,642.4000244140625,648.0,637.4000244140625,648.0,11912935
2021-06-09,615.2279663085938,636.0999755859375,645.5999755859375,628.7999877929688,644.4000244140625,15823094
2021-06-10,619.386962890625,640.4000244140625,642.4000244140625,631.0,635.4500122070312,10712418
2021-06-11,614.8411254882812,635.7000122070312,644.5499877929688,631.5,644.0,9015059
2021-06-14,614.3092041015625,635.1500244140625,636.0999755859375,623.3499755859375,635.7000122070312,10170497
2021-06-15,624.1260986328125,645.2999877929688,646.2000122070312,636.0,636.3499755859375,11039987
2021-06-16,619.0967407226562,640.0999755859375,649.2000122070312,637.5999755859375,644.9000244140625,8601339
2021-06-17,612.229736328125,633.0,637.5499877929688,626.7000122070312,633.0499877929688,9720060
2021-06-18,609.7150268554688,630.4000244140625,636.5999755859375,620.7000122070312,632.5999755859375,13820690
2021-06-21,610.5371704101562,631.25,633.0999755859375,616.25,622.8499755859375,13407446
2021-06-22,610.1502685546875,630.8499755859375,644.0999755859375,629.5499877929688,635.0,15270093
2021-06-23,604.2021484375,624.7000122070312,635.0,623.4500122070312,633.75,10950633
2021-06-24,613.2452392578125,634.0499877929688,636.2999877929688,624.4500122070312,627.0,12815724
2021-06-25,627.7047119140625,649.0,650.0,636.0999755859375,636.0999755859375,14785922
2021-06-28,628.9620971679688,650.2999877929688,653.0,646.1500244140625,651.0,12093491
2021-06-29,619.0967407226562,640.0999755859375,648.75,636.4500122070312,646.2999877929688,12225470
2021-06-30,610.1986694335938,630.9000244140625,640.7999877929688,629.7999877929688,638.2999877929688,14276494
2021-07-01,610.1502685546875,630.8499755859375,637.4000244140625,630.0499877929688,633.9500122070312,10517081
2021-07-02,619.2418212890625,640.25,641.3499755859375,632.25,632.25,10999396
2021-07-05,626.5924682617188,647.8499755859375,648.5,641.2000122070312,642.75,7358568
2021-07-06,628.9620971679688,650.2999877929688,655.0,645.2000122070312,645.2000122070312,9209891
2021-07-07,632.5406494140625,654.0,654.75,645.9000244140625,650.9000244140625,7741559
2021-07-08,620.8377075195312,641.9000244140625,654.0,638.0999755859375,650.5,10782941
2021-07-09,617.5975341796875,638.5499877929688,641.1500244140625,633.7999877929688,639.5,7069698
2021-07-12,625.0449829101562,646.25,650.25,642.4000244140625,646.0,6992783
2021-07-13,643.13134765625,664.9500122070312,666.3499755859375,653.0,655.1500244140625,19825411
2021-07-14,642.551025390625,664.3499755859375,668.0,658.2000122070312,662.0,11648541
2021-07-15,645.5493774414062,667.4500122070312,669.5999755859375,661.0999755859375,665.0999755859375,8244429
2021-07-16,638.6339111328125,660.2999877929688,667.75,657.7000122070312,667.4500122070312,9212875
2021-07-19,634.3783569335938,655.9000244140625,656.9000244140625,645.5499877929688,645.6500244140625,9121737
2021-07-20,620.8377075195312,641.9000244140625,651.25,639.0999755859375,648.6500244140625,13169127
2021-07-22,634.4267578125,655.9500122070312,660.2999877929688,648.2999877929688,652.5,13123569
2021-07-23,654.4474487304688,676.6500244140625,677.8499755859375,650.75,655.9500122070312,19298083
2021-07-26,654.5441284179688,676.75,687.75,663.5999755859375,680.0,31054759
2021-07-27,655.2213134765625,677.4500122070312,685.5999755859375,673.2999877929688,680.1500244140625,12598869
2021-07-28,662.5718994140625,685.0499877929688,687.0,670.0499877929688,677.9000244140625,18367497
2021-07-29,666.888427734375,687.5,692.5,683.0999755859375,692.5,11043138
2021-07-30,662.038330078125,682.5,687.6500244140625,678.0,687.0,14536250
2021-08-02,660.9713134765625,681.4000244140625,688.0499877929688,677.7000122070312,684.0499877929688,9348206
2021-08-03,669.7015380859375,690.4000244140625,691.9000244140625,676.6500244140625,683.0,10162609
2021-08-04,693.2244262695312,714.6500244140625,717.4000244140625,693.2000122070312,694.0,28730606
2021-08-05,681.3902587890625,702.4500122070312,716.5,699.0499877929688,715.5,17774554
2021-08-06,676.734130859375,697.6500244140625,706.0,695.7000122070312,705.0499877929688,14701949
2021-08-09,681.7781982421875,702.8499755859375,706.2999877929688,694.3499755859375,697.4000244140625,8602980
2021-08-10,679.88671875,700.9000244140625,708.2999877929688,697.2999877929688,704.0999755859375,10843554
2021-08-11,672.7570190429688,693.5499877929688,707.1500244140625,690.0,706.25,9748084
2021-08-12,680.3231811523438,701.3499755859375,702.9500122070312,693.2999877929688,693.5,8840339
2021-08-13,683.6697387695312,704.7999877929688,709.9000244140625,701.0,707.0499877929688,12787590
2021-08-16,681.584228515625,702.6500244140625,707.4000244140625,698.6500244140625,702.4000244140625,7920846
2021-08-17,680.177734375,701.2000122070312,702.9000244140625,691.5,699.7999877929688,8669653
2021-08-18,667.6644287109375,688.2999877929688,700.8499755859375,683.5999755859375,700.8499755859375,11069373
2021-08-20,660.2922973632812,680.7000122070312,684.4000244140625,675.3499755859375,683.8499755859375,13121808
2021-08-23,662.2322998046875,682.7000122070312,689.9500122070312,673.8499755859375,689.9500122070312,10917371
2021-08-24,673.630126953125,694.4500122070312,697.25,680.4000244140625,683.25,9821388
2021-08-25,670.33203125,691.0499877929688,700.4500122070312,687.1500244140625,699.9500122070312,9535359
2021-08-26,677.8496704101562,698.7999877929688,701.5499877929688,690.0,692.0499877929688,10756731
2021-08-27,678.7711791992188,699.75,700.4500122070312,689.0499877929688,696.0999755859375,9135827
2021-08-30,692.25439453125,713.6500244140625,715.0,700.9000244140625,704.5,10797869
2021-08-31,697.4924926757812,719.0499877929688,719.9000244140625,709.3499755859375,714.0,19760246
2021-09-01,698.317138671875,719.9000244140625,734.7999877929688,717.2000122070312,727.5999755859375,13729351
2021-09-02,703.40966796875,725.1500244140625,728.0499877929688,717.5,722.2999877929688,8627956
2021-09-03,702.5851440429688,724.2999877929688,731.7999877929688,721.0999755859375,724.75,8993813
2021-09-06,699.5296020507812,721.1500244140625,728.0,720.0,725.4000244140625,5329995
2021-09-07,695.4070434570312,716.9000244140625,722.4500122070312,711.6500244140625,720.9000244140625,6242711
2021-09-08,699.3355712890625,720.9500122070312,722.75,715.0,716.5,7118011
2021-09-09,698.6565551757812,720.25,723.9000244140625,717.5999755859375,720.7999877929688,6243422
2021-09-13,686.1918334960938,707.4000244140625,717.9000244140625,705.2000122070312,717.9000244140625,6967906
2021-09-14,686.2402954101562,707.4500122070312,714.0,706.5,713.25,5241865
2021-09-15,692.9334106445312,714.3499755859375,716.0,706.2999877929688,707.0999755859375,5936741
2021-09-16,705.3981323242188,727.2000122070312,729.4000244140625,712.8499755859375,720.0,13557169
2021-09-17,698.5595703125,720.1500244140625,734.4000244140625,714.0,732.9000244140625,17075003
2021-09-20,688.7138671875,710.0,720.4000244140625,706.5,710.0,7943459
2021-09-21,690.5083618164062,711.8499755859375,714.5,694.4000244140625,711.1500244140625,10009615
2021-09-22,682.26318359375,703.3499755859375,715.0,702.25,715.0,9740470
2021-09-23,695.5039672851562,717.0,720.0,707.1500244140625,711.0,10412491
2021-09-24,701.2756958007812,722.9500122070312,724.5999755859375,716.5499877929688,722.5999755859375,11780868
2021-09-27,708.1142578125,730.0,731.75,722.2999877929688,724.5,7712240
2021-09-28,695.6495361328125,717.1500244140625,735.4000244140625,706.5999755859375,734.0999755859375,13491800
2021-09-29,688.2288818359375,709.5,711.9500122070312,701.2999877929688,707.3499755859375,11453404
2021-09-30,679.8381958007812,700.8499755859375,713.9000244140625,698.7999877929688,709.5999755859375,18487517
2021-10-01,671.593017578125,692.3499755859375,694.8499755859375,687.9000244140625,693.0,10935810
2021-10-04,679.2076416015625,700.2000122070312,703.3499755859375,694.0499877929688,697.0499877929688,8976533
2021-10-05,676.2006225585938,697.0999755859375,699.0,691.8499755859375,693.0,7497208
2021-10-06,668.8284301757812,689.5,705.0,688.3499755859375,696.5999755859375,13200810
2021-10-07,681.147705078125,702.2000122070312,704.9500122070312,693.4500122070312,697.5499877929688,10041549
2021-10-08,682.3118286132812,703.4000244140625,710.0,698.2999877929688,706.0,9383924
2021-10-11,691.9149169921875,713.2999877929688,719.4000244140625,700.2999877929688,702.0,9337637
2021-10-12,687.3557739257812,708.5999755859375,713.0,704.4000244140625,706.5,7376091
2021-10-13,688.6654052734375,709.9500122070312,715.9000244140625,707.9500122070312,713.8499755859375,6357766
2021-10-14,705.4951782226562,727.2999877929688,729.7999877929688,709.0499877929688,710.25,8950350
2021-10-18,723.1010131835938,745.4500122070312,748.9000244140625,732.0499877929688,739.0,15345601
2021-10-19,725.0411376953125,747.4500122070312,755.0,738.75,755.0,11349799
2021-10-20,723.489013671875,745.8499755859375,757.4500122070312,741.9000244140625,746.75,12762996
2021-10-21,732.8497314453125,755.5,759.8499755859375,737.4000244140625,748.9000244140625,12166996
2021-10-22,736.5357666015625,759.2999877929688,765.8499755859375,753.3499755859375,758.5,13248928
2021-10-25,816.4654541015625,841.7000122070312,867.0,798.4000244140625,800.0,96124084
2021-10-26,804.5342407226562,829.4000244140625,841.7000122070312,822.3499755859375,828.7000122070312,16925115
2021-10-27,809.96630859375,835.0,849.0,824.2000122070312,828.75,22898400
2021-10-28,774.7545776367188,798.7000122070312,831.9500122070312,796.25,830.0999755859375,18750423
2021-10-29,778.004150390625,802.0499877929688,808.75,783.9000244140625,798.0,15701200
2021-11-01,779.7987670898438,803.9000244140625,809.7000122070312,793.0,807.7000122070312,11406421
2021-11-02,776.9371337890625,800.9500122070312,810.0,798.0,809.0,9452457
2021-11-03,762.3869018554688,785.9500122070312,806.0,780.4500122070312,806.0,11839149
2021-11-04,758.6522827148438,782.0999755859375,789.0,779.0,788.5,3149310
2021-11-08,756.7607421875,780.1500244140625,793.0,773.1500244140625,793.0,13967995
2021-11-09,762.9688110351562,786.5499877929688,788.5999755859375,779.2000122070312,784.0,10084357
2021-11-10,757.48828125,780.9000244140625,784.2999877929688,773.0999755859375,782.5499877929688,9507347
2021-11-11,748.321533203125,771.4500122070312,777.0,766.0999755859375,776.7000122070312,9221059
2021-11-12,753.317138671875,776.5999755859375,779.9000244140625,771.2000122070312,772.7000122070312,15380106
2021-11-15,750.1161499023438,773.2999877929688,784.5499877929688,771.5499877929688,777.0,10934583
2021-11-16,741.1434326171875,764.0499877929688,775.75,762.0,773.2999877929688,12785837
2021-11-17,738.4758911132812,761.2999877929688,771.9500122070312,756.2999877929688,760.9000244140625,11657214
2021-11-18,740.0279541015625,762.9000244140625,767.5,756.4000244140625,764.9000244140625,20644385
2021-11-22,729.4546508789062,752.0,770.4500122070312,740.25,768.2999877929688,20403786
2021-11-23,729.3091430664062,751.8499755859375,757.9500122070312,731.2000122070312,740.9500122070312,24913042
2021-11-24,737.408935546875,760.2000122070312,772.25,746.7000122070312,750.25,23186419
2021-11-25,728.5331420898438,751.0499877929688,754.9500122070312,745.2999877929688,754.9000244140625,17749726
2021-11-26,700.5482177734375,722.2000122070312,742.0499877929688,718.5999755859375,739.0,18987552
2021-11-29,696.862060546875,718.4000244140625,727.75,710.5,726.75,15878074
2021-11-30,692.9334106445312,714.3499755859375,732.2999877929688,711.0999755859375,716.75,23965914
2021-12-01,705.8831787109375,727.7000122070312,732.75,715.0,716.4000244140625,15214913
2021-12-02,700.7421264648438,722.4000244140625,727.0999755859375,715.2000122070312,724.5999755859375,21924640
2021-12-03,694.8250122070312,716.2999877929688,729.5,715.0999755859375,720.5,20130259
2021-12-06,688.27734375,709.5499877929688,726.7999877929688,707.5,719.0,20129080
2021-12-07,712.6248779296875,734.6500244140625,740.9500122070312,712.0,717.0,30513303
2021-12-08,730.812744140625,753.4000244140625,758.7999877929688,744.0999755859375,747.9000244140625,33432411
2021-12-09,732.36474609375,755.0,763.0,748.4000244140625,759.0499877929688,16007459
2021-12-10,735.2747802734375,758.0,759.7999877929688,751.0499877929688,756.5,7627774
2021-12-13,731.3947143554688,754.0,769.7000122070312,752.5,763.0,16855546
2021-12-14,735.9053955078125,758.6500244140625,764.3499755859375,746.2999877929688,751.0499877929688,17488089
2021-12-15,729.6972045898438,752.25,759.5,750.9000244140625,757.5999755859375,7358740
2021-12-16,718.9299926757812,741.1500244140625,757.9000244140625,738.9500122070312,757.9000244140625,14123215
2021-12-17,706.4652709960938,728.2999877929688,742.0,726.0499877929688,742.0,13227787
2021-12-20,688.6654052734375,709.9500122070312,720.2000122070312,698.2000122070312,718.0999755859375,16900016
2021-12-21,698.7535400390625,720.3499755859375,728.9500122070312,716.1500244140625,720.0,14563335
2021-12-22,710.830322265625,732.7999877929688,734.9500122070312,720.0499877929688,726.25,9843359
2021-12-23,709.3753051757812,731.2999877929688,739.5,727.9500122070312,739.0499877929688,9994049
2021-12-24,705.3012084960938,727.0999755859375,733.9000244140625,719.5999755859375,733.9000244140625,8800690
2021-12-27,713.934326171875,736.0,738.75,716.0999755859375,724.0,7955163
2021-12-28,713.7404174804688,735.7999877929688,742.4500122070312,732.5,740.4000244140625,17833655
2021-12-29,713.6433715820312,735.7000122070312,744.9500122070312,731.9000244140625,738.0,7143073
2021-12-30,713.6433715820312,735.7000122070312,740.5,729.0,733.2999877929688,14326182
2021-12-31,717.9599609375,740.1500244140625,746.25,736.5499877929688,736.5499877929688,6973055
2022-01-03,741.77392578125,764.7000122070312,766.0,743.0,743.0499877929688,9653095
2022-01-04,749.6795654296875,772.8499755859375,778.0,763.5999755859375,767.9500122070312,12114437
2022-01-05,764.4238891601562,788.0499877929688,795.8499755859375,771.2000122070312,773.0,19741360
2022-01-06,761.5137329101562,785.0499877929688,792.5,774.0,775.0499877929688,13018067
2022-01-07,769.468017578125,793.25,802.2999877929688,786.25,792.2000122070312,12250210
2022-01-10,786.4432983398438,810.75,812.7999877929688,799.0,800.25,10905080
2022-01-11,786.3463134765625,810.6500244140625,814.7000122070312,801.9000244140625,809.75,9982061
2022-01-12,799.0536499023438,823.75,825.4500122070312,812.0499877929688,818.5999755859375,13034848
2022-01-13,799.9751586914062,824.7000122070312,828.0,817.4000244140625,821.0,9372244
2022-01-14,795.4159545898438,820.0,822.0,811.5999755859375,821.0,7552844
2022-01-17,794.7369995117188,819.2999877929688,828.9000244140625,814.5499877929688,820.0,6722700
2022-01-18,798.4229736328125,823.0999755859375,836.0,818.2000122070312,821.0,10835146
2022-01-19,784.3577270507812,808.5999755859375,821.0,803.25,816.0,16416144
2022-01-20,785.958251953125,810.25,812.9500122070312,795.4000244140625,803.0,13567654
2022-01-21,780.3806762695312,804.5,811.3499755859375,795.5,803.0,12078277
2022-01-24,774.5120849609375,798.4500122070312,816.7000122070312,783.2999877929688,813.0,29612316
2022-01-25,777.6162109375,801.6500244140625,804.2999877929688,786.0499877929688,789.0,19513184
2022-01-27,770.8260498046875,794.6500244140625,801.5,781.0499877929688,786.9000244140625,23984679
2022-01-28,757.7308349609375,781.1500244140625,805.8499755859375,778.5,803.75,14072314
2022-01-31,765.1513671875,788.7999877929688,798.7000122070312,784.0,788.9500122070312,14824509
2022-02-01,786.0068359375,810.2999877929688,812.8499755859375,789.2999877929688,802.0499877929688,20031583
2022-02-02,789.3533935546875,813.75,818.7000122070312,808.8499755859375,815.0,11214375
2022-02-03,784.697265625,808.9500122070312,818.4000244140625,806.0,814.0499877929688,9755335
2022-02-04,780.9142456054688,805.0499877929688,812.0,795.7999877929688,809.7999877929688,10314067
2022-02-07,762.8234252929688,786.4000244140625,805.0,781.4500122070312,798.0499877929688,14659368
2022-02-08,768.740478515625,792.5,795.7000122070312,774.2999877929688,790.0,14642455
2022-02-09,778.7316284179688,802.7999877929688,804.25,794.2000122070312,797.25,8855292
2022-02-10,781.3507690429688,805.5,808.7999877929688,796.2999877929688,805.9500122070312,13159771
2022-02-11,767.0914306640625,790.7999877929688,797.4000244140625,787.9000244140625,796.8499755859375,13138408
2022-02-14,731.1036987304688,753.7000122070312,773.9500122070312,751.1500244140625,772.0,16170656
2022-02-15,752.7836303710938,776.0499877929688,778.0,743.2000122070312,752.9500122070312,18880659
2022-02-16,741.1434326171875,764.0499877929688,777.5499877929688,760.4000244140625,775.7000122070312,10549784
2022-02-17,727.8541259765625,750.3499755859375,767.25,746.2999877929688,766.5,16683808
2022-02-18,726.4476928710938,748.9000244140625,756.7999877929688,745.5499877929688,746.8499755859375,8945567
2022-02-21,731.831298828125,754.4500122070312,762.9000244140625,740.0,746.25,10967164
2022-02-22,728.775634765625,751.2999877929688,759.75,737.75,738.4000244140625,13156371
2022-02-23,722.2765502929688,744.5999755859375,756.4000244140625,742.7000122070312,754.5999755859375,11624282
2022-02-24,686.1918334960938,707.4000244140625,727.0999755859375,702.2999877929688,712.9000244140625,28023104
2022-02-25,708.1627197265625,730.0499877929688,739.2999877929688,720.25,724.9500122070312,16935750
2022-02-28,720.4335327148438,742.7000122070312,744.75,715.4000244140625,722.9500122070312,20547432
2022-03-02,693.4183959960938,714.8499755859375,724.9500122070312,707.75,717.0,25252492
2022-03-03,677.3646240234375,698.2999877929688,721.9500122070312,693.4500122070312,717.5999755859375,23190595
2022-03-04,667.421875,688.0499877929688,706.5499877929688,685.0,691.0,18697223
2022-03-07,634.1502685546875,653.75,667.0,642.1500244140625,663.5,27799873
2022-03-08,645.06298828125,665.0,669.4500122070312,643.0,643.2999877929688,26716975
2022-03-09,647.4395751953125,667.4500122070312,674.5,658.0,664.7000122070312,33728639
2022-03-10,656.315185546875,676.5999755859375,701.0,673.6500244140625,693.9500122070312,35959638
2022-03-11,657.5762939453125,677.9000244140625,684.7000122070312,670.5999755859375,674.6500244140625,20546724
2022-03-14,675.279052734375,696.1500244140625,698.4500122070312,677.25,678.0999755859375,24648981
2022-03-15,676.443115234375,697.3499755859375,708.0999755859375,688.0,701.5,27714580
2022-03-16,686.7738037109375,708.0,711.4000244140625,701.25,706.9000244140625,14621688
2022-03-17,698.5110473632812,720.0999755859375,725.0,716.2000122070312,717.7999877929688,18329844
2022-03-21,689.44140625,710.75,722.9000244140625,705.5,721.0,12866839
2022-03-22,696.6680297851562,718.2000122070312,721.0,699.5,708.6500244140625,11761758
2022-03-23,696.7650756835938,718.2999877929688,726.7999877929688,714.25,725.0,7140403
2022-03-24,683.0878295898438,704.2000122070312,712.7000122070312,698.0,702.4500122070312,17727969
2022-03-25,678.2861328125,699.25,706.0999755859375,696.6500244140625,705.0,15263007
2022-03-28,689.0534057617188,710.3499755859375,713.4000244140625,695.6500244140625,702.0,13806166
2022-03-29,693.85498046875,715.2999877929688,716.9500122070312,705.8499755859375,714.2999877929688,11489374
2022-03-30,708.9873657226562,730.9000244140625,731.75,719.0999755859375,721.0499877929688,20154520
2022-03-31,708.4052124023438,730.2999877929688,739.9000244140625,727.7999877929688,739.9000244140625,16046383
2022-04-01,714.1768798828125,736.25,738.2999877929688,723.0999755859375,725.0,12658848
2022-04-04,724.216552734375,746.5999755859375,749.7999877929688,725.0,742.0,17192197
2022-04-05,719.5604858398438,741.7999877929688,755.4500122070312,738.0,746.7999877929688,12290391
2022-04-06,719.3665161132812,741.5999755859375,744.9000244140625,732.0999755859375,732.2999877929688,13518142
2022-04-07,726.1080932617188,748.5499877929688,757.7999877929688,737.0999755859375,737.0999755859375,15087175
2022-04-08,731.6857299804688,754.2999877929688,756.0,743.5999755859375,749.8499755859375,15480705
2022-04-11,736.8267822265625,759.5999755859375,765.4500122070312,751.6500244140625,752.2999877929688,13216391
2022-04-12,740.9494018554688,763.8499755859375,768.9000244140625,750.25,757.0,14020000
2022-04-13,739.3973999023438,762.25,772.5499877929688,760.7000122070312,769.5999755859375,16119956
2022-04-18,735.0807495117188,757.7999877929688,762.9000244140625,749.2000122070312,751.0,17651530
2022-04-19,743.325927734375,766.2999877929688,777.9000244140625,757.0,761.7999877929688,31088359
2022-04-20,732.8983154296875,755.5499877929688,770.0,753.7999877929688,766.7999877929688,15984202
2022-04-21,739.494384765625,762.3499755859375,764.2000122070312,751.2000122070312,759.0499877929688,8953098
2022-04-22,725.2351684570312,747.6500244140625,758.8499755859375,745.9000244140625,757.0,14411607
2022-04-25,729.648681640625,752.2000122070312,762.2000122070312,744.0,747.6500244140625,35417460
2022-04-26,731.1522827148438,753.75,768.5499877929688,751.6500244140625,768.0,18727514
2022-04-27,714.6134033203125,736.7000122070312,750.0,732.5499877929688,749.0,21441480
2022-04-28,724.7501220703125,747.1500244140625,751.9000244140625,734.6500244140625,739.0999755859375,18649559
2022-04-29,721.0155029296875,743.2999877929688,759.9500122070312,740.0999755859375,750.0999755859375,19560317
2022-05-02,718.7844848632812,741.0,743.7999877929688,731.0999755859375,732.0,10903446
2022-05-04,702.5366821289062,724.25,747.0,721.1500244140625,746.2000122070312,12212165
2022-05-05,706.9501953125,728.7999877929688,743.0,726.5,730.7999877929688,9121547
2022-05-06,697.6865234375,719.25,723.0,710.2999877929688,716.25,12455025
2022-05-09,689.0534057617188,710.3499755859375,720.0,704.4500122070312,705.2999877929688,13055889
2022-05-10,689.974853515625,711.2999877929688,720.0,705.0,705.0,12797419
2022-05-11,692.7879638671875,714.2000122070312,719.7999877929688,707.1500244140625,718.0,13516852
2022-05-12,674.9395751953125,695.7999877929688,710.7000122070312,693.2999877929688,707.5499877929688,16685166
2022-05-13,657.042724609375,677.3499755859375,702.4000244140625,675.0,702.4000244140625,15717043
2022-05-16,662.5233154296875,683.0,690.9500122070312,675.75,676.7000122070312,9025623
2022-05-17,688.7138671875,710.0,712.0,685.1500244140625,686.0999755859375,12765052
2022-05-18,686.143310546875,707.3499755859375,717.0,706.0999755859375,712.3499755859375,11835013
2022-05-19,669.6044921875,690.2999877929688,698.7000122070312,685.5999755859375,693.0999755859375,16661023
2022-05-20,688.27734375,709.5499877929688,711.9000244140625,693.7000122070312,694.7999877929688,11695528
2022-05-23,689.7323608398438,711.0499877929688,725.9500122070312,707.4500122070312,709.5499877929688,17438451
2022-05-24,686.9193725585938,708.1500244140625,717.3499755859375,706.0499877929688,711.0499877929688,13779981
2022-05-25,691.96337890625,713.3499755859375,720.8499755859375,711.5999755859375,712.0499877929688,10457589
2022-05-26,706.6592407226562,728.5,733.0,715.4500122070312,723.0,14028733
2022-05-27,717.620361328125,739.7999877929688,741.2000122070312,731.25,733.5499877929688,8110620
2022-05-30,726.0596313476562,748.5,751.9500122070312,744.2999877929688,748.75,7628515
2022-05-31,730.2791748046875,752.8499755859375,756.7000122070312,740.5,741.0,20272212
2022-06-01,730.085205078125,752.6500244140625,755.5999755859375,744.2000122070312,748.0,10102092
2022-06-02,727.2721557617188,749.75,751.75,743.2000122070312,751.0499877929688,10949759
2022-06-03,721.9855346679688,744.2999877929688,757.0,741.2000122070312,756.1500244140625,8563791
2022-06-06,724.362060546875,746.75,750.9500122070312,739.5999755859375,740.2000122070312,9107831
2022-06-07,713.2069091796875,735.25,742.9500122070312,732.3499755859375,741.0,9938912
2022-06-08,707.6292114257812,729.5,741.0,726.4500122070312,736.5999755859375,9369224
2022-06-09,710.7817993164062,732.75,734.0999755859375,722.1500244140625,725.0,7444368
2022-06-10,698.4140014648438,720.0,728.2999877929688,718.0,724.75,7990818
2022-06-13,667.3734741210938,688.0,702.2999877929688,682.0999755859375,702.25,16622521
2022-06-14,664.9484252929688,685.5,694.6500244140625,680.6500244140625,682.4000244140625,13348598
2022-06-15,666.64599609375,687.25,696.3499755859375,686.0999755859375,687.5,9199591
2022-06-16,658.1583251953125,678.5,700.0499877929688,676.2999877929688,700.0,13237239
2022-06-17,666.2579345703125,686.8499755859375,692.6500244140625,669.9500122070312,671.25,16335613
2022-06-20,665.3849487304688,685.9500122070312,687.7999877929688,677.5999755859375,686.0,10981042
2022-06-21,675.2305297851562,696.0999755859375,708.0,688.5999755859375,690.5499877929688,13319648
2022-06-22,666.015380859375,686.5999755859375,698.9000244140625,685.0999755859375,694.25,6838249
2022-06-23,678.1891479492188,699.1500244140625,706.0,687.0,690.2000122070312,14960412
2022-06-24,692.0604858398438,713.4500122070312,715.25,706.5499877929688,710.9000244140625,10856736
2022-06-27,695.843505859375,717.3499755859375,728.8499755859375,716.0999755859375,728.8499755859375,8285225
2022-06-28,689.0048828125,710.2999877929688,717.2999877929688,707.0,711.0499877929688,8339931
2022-06-29,681.6812133789062,702.75,706.7000122070312,700.9500122070312,704.9500122070312,9570557
2022-06-30,685.997802734375,707.2000122070312,711.9000244140625,701.2000122070312,702.75,11970404
2022-07-01,682.7967529296875,703.9000244140625,706.75,694.0999755859375,703.4500122070312,9884899
2022-07-04,698.5110473632812,720.0999755859375,721.0999755859375,704.8499755859375,704.8499755859375,8303732
2022-07-05,697.8805541992188,719.4500122070312,732.1500244140625,718.0999755859375,723.0499877929688,11460367
2022-07-06,704.1856689453125,725.9500122070312,731.9000244140625,722.0,723.0,12163533
2022-07-07,719.7545776367188,742.0,744.0,733.0,735.9500122070312,10374018
2022-07-08,733.0437622070312,755.7000122070312,757.5,744.5499877929688,751.2999877929688,9797700
2022-07-11,746.4300537109375,769.5,771.5499877929688,755.0,755.0,12440573
2022-07-12,737.1177978515625,759.9000244140625,767.4500122070312,757.7000122070312,765.3499755859375,10219829
2022-07-13,730.61865234375,753.2000122070312,764.75,749.9000244140625,764.75,8674121
2022-07-14,729.8426513671875,752.4000244140625,759.5,748.7999877929688,750.0,7044542
2022-07-15,728.6787109375,751.2000122070312,759.0,744.2000122070312,753.25,6358018
2022-07-18,748.8551025390625,772.0,773.1500244140625,757.8499755859375,759.25,8045363
2022-07-19,757.2457885742188,780.6500244140625,782.0,767.1500244140625,767.7999877929688,12825591
2022-07-20,759.6222534179688,783.0999755859375,789.5499877929688,780.2999877929688,789.5,8152179
2022-07-21,762.4353637695312,786.0,788.9500122070312,780.0999755859375,784.9000244140625,8312338
2022-07-22,776.0641479492188,800.0499877929688,803.9000244140625,789.0999755859375,789.0999755859375,12267898
2022-07-25,776.888671875,800.9000244140625,817.7999877929688,797.0999755859375,803.0,21034148
2022-07-26,772.426513671875,796.2999877929688,802.7999877929688,791.6500244140625,801.5999755859375,7374145
2022-07-27,776.5006103515625,800.5,803.7999877929688,794.6500244140625,795.0,9536564
2022-07-28,790.1779174804688,814.5999755859375,815.5,805.2999877929688,806.9500122070312,11124518
2022-07-29,794.0579833984375,818.5999755859375,823.4000244140625,808.0,820.6500244140625,11095993
2022-08-01,798.7140502929688,823.4000244140625,825.0,817.2999877929688,820.7000122070312,7974903
2022-08-02,793.2335205078125,817.75,822.0,812.2000122070312,820.0,11106772
2022-08-03,800.0721435546875,824.7999877929688,828.0,811.5499877929688,817.75,11073975
2022-08-04,795.6585083007812,820.25,829.9500122070312,808.3499755859375,824.0,11113742
2022-08-05,813.0704345703125,838.2000122070312,840.9000244140625,823.0999755859375,823.0999755859375,16056522
2022-08-08,816.7297973632812,836.9500122070312,842.2999877929688,831.1500244140625,836.5999755859375,12142951
2022-08-10,828.2446899414062,848.75,853.0,842.1500244140625,842.1500244140625,23658553
2022-08-11,838.9301147460938,859.7000122070312,866.5,858.0999755859375,860.0499877929688,22787391
2022-08-12,853.2750244140625,874.4000244140625,877.25,858.5,863.9500122070312,10792853
2022-08-16,858.0078735351562,879.25,884.5,876.4000244140625,881.4500122070312,13804836
2022-08-17,861.9111938476562,883.25,885.5,878.4000244140625,881.7999877929688,9058040
2022-08-18,863.7164916992188,885.0999755859375,887.6500244140625,875.0499877929688,880.5499877929688,13137856
2022-08-19,849.3716430664062,870.4000244140625,886.9000244140625,864.2999877929688,885.0,10787199
2022-08-22,831.6600952148438,852.25,867.4000244140625,849.5999755859375,865.5499877929688,13848023
2022-08-23,843.0286865234375,863.9000244140625,868.0,842.7999877929688,845.3499755859375,13254855
2022-08-24,852.2015991210938,873.2999877929688,875.3499755859375,857.0499877929688,857.0499877929688,10494109
2022-08-25,851.2745361328125,872.3499755859375,881.4500122070312,866.7000122070312,873.2999877929688,9827829
2022-08-26,849.810791015625,870.8499755859375,877.5,867.2999877929688,874.1500244140625,5976725
2022-08-29,835.1731567382812,855.8499755859375,861.0,847.0,850.0499877929688,7755134
2022-08-30,865.8633422851562,887.2999877929688,890.75,859.0999755859375,860.5,12544701
2022-09-01,853.2261962890625,874.3499755859375,885.7000122070312,863.0,863.0,15877583
2022-09-02,851.3233642578125,872.4000244140625,881.2999877929688,867.0,874.0999755859375,8401284
2022-09-05,861.1305541992188,882.4500122070312,885.9000244140625,871.5499877929688,871.5499877929688,8744999
2022-09-06,862.3015747070312,883.6500244140625,889.9500122070312,878.0999755859375,882.5,9879326
2022-09-07,855.0315551757812,876.2000122070312,882.6500244140625,872.5,878.5499877929688,8814960
2022-09-08,877.0855102539062,898.7999877929688,900.7999877929688,885.5,885.5,12163106
2022-09-09,879.476318359375,901.25,911.9500122070312,897.7000122070312,910.1500244140625,9936230
2022-09-12,885.2825927734375,907.2000122070312,908.9000244140625,902.7999877929688,905.0499877929688,6016978
2022-09-13,888.0149536132812,910.0,913.9500122070312,905.2999877929688,913.9500122070312,10400475
2022-09-14,895.919189453125,918.0999755859375,922.25,898.0499877929688,898.25,14712947
2022-09-15,895.4312744140625,917.5999755859375,936.6500244140625,915.75,920.0,16253099
2022-09-16,887.1366577148438,909.0999755859375,917.5999755859375,905.2000122070312,914.9000244140625,11966860
2022-09-19,877.475830078125,899.2000122070312,912.5,895.3499755859375,904.9500122070312,11235656
2022-09-20,894.601806640625,916.75,922.5,907.3499755859375,909.2000122070312,12090663
2022-09-21,893.1380615234375,915.25,917.0,905.6500244140625,912.0,8917640
2022-09-22,881.5744018554688,903.4000244140625,911.7000122070312,895.2999877929688,906.0,11125669
2022-09-23,860.9353637695312,882.25,904.9000244140625,878.75,901.7000122070312,15927517
2022-09-26,840.2474975585938,861.0499877929688,877.9000244140625,859.2000122070312,870.0,14208640
2022-09-27,831.952880859375,852.5499877929688,874.8499755859375,848.5999755859375,864.9500122070312,12493809
2022-09-28,828.9766235351562,849.5,863.25,844.0,844.0,11411458
2022-09-29,823.511962890625,843.9000244140625,861.5999755859375,841.0999755859375,858.0,13803629
2022-09-30,841.1746215820312,862.0,867.0499877929688,837.5,843.9000244140625,13175031
2022-10-03,827.8543701171875,848.3499755859375,860.9500122070312,845.7000122070312,859.7000122070312,8232026
2022-10-04,846.6881103515625,867.6500244140625,872.6500244140625,860.0999755859375,865.0,8975095
2022-10-06,864.0580444335938,885.4500122070312,891.7000122070312,873.0499877929688,873.0499877929688,12116698
2022-10-07,861.2280883789062,882.5499877929688,884.5,872.7999877929688,877.2000122070312,9705750
2022-10-10,860.4474487304688,881.75,889.7999877929688,870.7000122070312,872.0,7357588
2022-10-11,849.5668334960938,870.5999755859375,883.25,865.4500122070312,883.25,11130051
2022-10-12,847.3711547851562,868.3499755859375,871.7000122070312,861.5,867.9500122070312,14557532
2022-10-13,832.9774780273438,853.5999755859375,865.4500122070312,850.5,862.3499755859375,11563124
2022-10-14,849.2252807617188,870.25,883.7999877929688,868.5499877929688,883.7999877929688,8199540
2022-10-17,863.8140869140625,885.2000122070312,887.5,868.5499877929688,872.0,8936947
2022-10-18,875.2314453125,896.9000244140625,900.7000122070312,891.1500244140625,896.0499877929688,8097552
2022-10-19,870.54736328125,892.0999755859375,900.6500244140625,885.5499877929688,900.0499877929688,5529462
2022-10-20,867.1807861328125,888.6500244140625,893.2999877929688,880.0999755859375,889.7000122070312,8107159
2022-10-21,885.23388671875,907.1500244140625,910.0,885.7000122070312,888.0,17022807
2022-10-24,903.921142578125,926.2999877929688,933.5,917.5999755859375,925.0,4390050
2022-10-25,902.7012939453125,925.0499877929688,943.25,922.9500122070312,942.0499877929688,15838120
2022-10-27,902.0670776367188,924.4000244140625,933.7000122070312,920.25,926.0499877929688,16080842
2022-10-28,885.9168701171875,907.8499755859375,927.5,901.0,918.0,9854094
2022-10-31,886.746337890625,908.7000122070312,917.0499877929688,904.5999755859375,912.5999755859375,9000840
2022-11-01,886.6487426757812,908.5999755859375,921.0,899.5499877929688,921.0,9823761
2022-11-02,882.843017578125,904.7000122070312,920.75,902.3499755859375,920.5999755859375,7690974
2022-11-03,886.6976318359375,908.6500244140625,913.8499755859375,897.0499877929688,901.0499877929688,9022366
2022-11-04,883.428466796875,905.2999877929688,913.4000244140625,900.2000122070312,906.2999877929688,7099336
2022-11-07,895.333740234375,917.5,920.0999755859375,903.4500122070312,910.25,11100219
2022-11-09,888.5028076171875,910.5,921.9000244140625,905.75,920.0,11590409
2022-11-10,888.6980590820312,910.7000122070312,912.9500122070312,903.9500122070312,907.5499877929688,10009741
2022-11-11,884.6483154296875,906.5499877929688,928.0,903.5,925.9000244140625,17921457
2022-11-14,873.32861328125,894.9500122070312,906.5499877929688,891.25,905.0,12641308
2022-11-15,889.673828125,911.7000122070312,913.6500244140625,898.7999877929688,900.5499877929688,15176911
2022-11-16,891.5279541015625,913.5999755859375,918.0999755859375,908.0999755859375,912.5499877929688,13008311
2022-11-17,897.5781860351562,919.7999877929688,922.2999877929688,910.3499755859375,913.0,12584194
2022-11-18,898.1148681640625,920.3499755859375,922.0,910.5499877929688,919.7999877929688,10874061
2022-11-21,899.1395874023438,921.4000244140625,924.7999877929688,914.0499877929688,914.0499877929688,9245704
2022-11-22,901.3839721679688,923.7000122070312,926.5,920.4000244140625,923.75,11256509
2022-11-23,905.0433349609375,927.4500122070312,931.8499755859375,923.7000122070312,927.0,10959704
2022-11-24,916.16796875,938.8499755859375,940.6500244140625,927.5499877929688,927.5499877929688,10844395
2022-11-25,907.8245239257812,930.2999877929688,942.9000244140625,927.5,940.2999877929688,9815055
2022-11-28,914.7529907226562,937.4000244140625,943.7999877929688,923.9500122070312,924.0,9381474
2022-11-29,923.8770751953125,946.75,949.9000244140625,933.5499877929688,933.5499877929688,13096845
2022-11-30,929.8785400390625,952.9000244140625,958.2000122070312,941.0,948.0499877929688,20858573
2022-12-01,917.4853515625,940.2000122070312,957.0,936.25,956.0,15920653
2022-12-02,908.1172485351562,930.5999755859375,934.5,926.0999755859375,928.25,14228874
2022-12-05,911.0447998046875,933.5999755859375,937.0,928.4000244140625,937.0,10984608
2022-12-06,900.3593139648438,922.6500244140625,929.75,920.2000122070312,925.0,18220912
2022-12-07,899.8713989257812,922.1500244140625,933.2000122070312,920.6500244140625,922.0,15675663
2022-12-08,909.3858642578125,931.9000244140625,933.5499877929688,923.7999877929688,925.0,10136870
2022-12-09,907.4342041015625,929.9000244140625,934.7999877929688,925.0499877929688,932.0,9575331
2022-12-12,907.8245239257812,930.2999877929688,933.9000244140625,925.0499877929688,925.0499877929688,8493863
2022-12-13,910.4105224609375,932.9500122070312,935.9000244140625,927.7999877929688,929.5,10415140
2022-12-14,899.4810180664062,921.75,936.0499877929688,920.0,936.0,12319827
2022-12-15,886.8439331054688,908.7999877929688,919.9000244140625,905.0,916.0,8929748
2022-12-16,880.208251953125,902.0,913.7000122070312,899.6500244140625,905.5,9157260
2022-12-19,884.5507202148438,906.4500122070312,910.5999755859375,901.1500244140625,908.0,7015083
2022-12-20,887.72216796875,909.7000122070312,912.4500122070312,895.7000122070312,906.0,6384331
2022-12-21,870.6937866210938,892.25,915.8499755859375,887.0,910.25,11341147
2022-12-22,869.1324462890625,890.6500244140625,903.8499755859375,886.3499755859375,900.5,9788367
2022-12-23,857.6663208007812,878.9000244140625,889.6500244140625,875.2999877929688,883.0499877929688,11059215
2022-12-26,871.620849609375,893.2000122070312,897.0,875.25,881.0999755859375,6943159
2022-12-27,878.890869140625,900.6500244140625,902.75,888.2000122070312,897.7000122070312,4994381
2022-12-28,877.2318725585938,898.9500122070312,903.9500122070312,895.7999877929688,896.0,8980300
2022-12-29,886.112060546875,908.0499877929688,923.3499755859375,889.3499755859375,897.9000244140625,11994220
2022-12-30,869.3275146484375,890.8499755859375,908.5,888.5499877929688,908.5,9688527
2023-01-02,880.6473388671875,902.4500122070312,907.0,894.0,894.0,4315403
2023-01-03,879.5739135742188,901.3499755859375,905.9500122070312,896.75,898.5,5846855
2023-01-04,877.3782348632812,899.0999755859375,907.9000244140625,894.7999877929688,899.0,12454582
2023-01-05,857.9102783203125,879.1500244140625,903.0,872.0,900.9000244140625,16547196
2023-01-06,849.078857421875,870.0999755859375,878.9500122070312,860.5,878.9500122070312,14804613
2023-01-09,852.2503051757812,873.3499755859375,878.75,862.2999877929688,874.25,16811853
2023-01-10,840.540283203125,861.3499755859375,878.4000244140625,856.5999755859375,875.4000244140625,13470142
2023-01-11,845.3706665039062,866.2999877929688,870.8499755859375,854.8499755859375,862.9000244140625,15558460
2023-01-12,839.857177734375,860.6500244140625,869.3499755859375,854.9500122070312,865.5,16659001
2023-01-13,852.3479614257812,873.4500122070312,874.9000244140625,858.2999877929688,864.7000122070312,11223103
2023-01-16,844.3460693359375,865.25,877.4500122070312,861.0499877929688,877.25,8319812
2023-01-17,844.24853515625,865.1500244140625,867.9500122070312,858.0999755859375,866.9500122070312,12624859
2023-01-18,848.493408203125,869.5,872.0,858.6500244140625,864.4500122070312,11313898
2023-01-19,845.224365234375,866.1500244140625,870.5499877929688,862.0,868.0,6694679
2023-01-20,849.3228149414062,870.3499755859375,876.5,865.5499877929688,873.5,8127162
2023-01-23,850.6402587890625,871.7000122070312,883.2999877929688,864.5999755859375,882.0,16882379
2023-01-24,849.7131958007812,870.75,881.7000122070312,868.0,879.0,11504090
2023-01-25,834.6364135742188,855.2999877929688,876.7999877929688,848.0,873.2999877929688,14918485
2023-01-27,797.4569091796875,817.2000122070312,843.0,813.0999755859375,839.1500244140625,39718683
2023-01-30,803.6046752929688,823.5,826.25,796.0,800.0,36301441
2023-01-31,811.8018188476562,831.9000244140625,838.2999877929688,814.0999755859375,826.0,27291226
2023-02-01,827.4640502929688,847.9500122070312,875.2000122070312,823.1500244140625,843.4500122070312,39237711
2023-02-02,837.1736450195312,857.9000244140625,860.5999755859375,826.0999755859375,828.4000244140625,16798190
2023-02-03,842.93115234375,863.7999877929688,872.6500244140625,852.0999755859375,864.6500244140625,14914366
2023-02-06,833.0751342773438,853.7000122070312,867.7999877929688,849.6500244140625,861.5,8463833
2023-02-07,832.1480712890625,852.75,856.0,847.2000122070312,855.0,9337066
2023-02-08,838.3446044921875,859.0999755859375,860.7000122070312,851.9000244140625,852.5,8082983
2023-02-09,840.0036010742188,860.7999877929688,864.9000244140625,851.5999755859375,858.5,6299265
2023-02-10,833.221435546875,853.8499755859375,861.9000244140625,852.0,855.5499877929688,8656405
2023-02-13,830.098876953125,850.6500244140625,859.2999877929688,849.3499755859375,853.4000244140625,9394365
2023-02-14,844.3948364257812,865.2999877929688,867.2999877929688,852.0999755859375,853.9000244140625,13402934
2023-02-15,849.761962890625,870.7999877929688,873.25,860.5999755859375,866.4000244140625,12070288
2023-02-16,848.4446411132812,869.4500122070312,877.7999877929688,864.8499755859375,875.9500122070312,10715685
2023-02-17,841.8088989257812,862.6500244140625,867.5499877929688,855.1500244140625,867.5499877929688,9990618
2023-02-20,831.5137329101562,852.0999755859375,866.5499877929688,850.25,862.6500244140625,9013430
2023-02-21,833.5630493164062,854.2000122070312,859.4500122070312,846.8499755859375,854.4000244140625,11704445
2023-02-22,818.9741821289062,839.25,854.0999755859375,834.75,851.25,13880984
2023-02-23,819.4620971679688,839.75,844.4500122070312,833.5499877929688,836.5499877929688,11743574
2023-02-24,819.4133911132812,839.7000122070312,845.5999755859375,835.5499877929688,843.9500122070312,8246139
2023-02-27,835.7098999023438,856.4000244140625,858.2999877929688,833.5499877929688,833.5499877929688,14422574
2023-02-28,834.1973266601562,854.8499755859375,858.0,850.0,854.9000244140625,19600146
2023-03-01,835.6123046875,856.2999877929688,864.0,851.8499755859375,864.0,11015843
2023-03-02,833.3678588867188,854.0,861.8499755859375,851.0999755859375,853.0,12327141
2023-03-03,847.56640625,868.5499877929688,873.0,849.8499755859375,856.75,12823098
2023-03-06,846.78564453125,867.75,876.8499755859375,865.3499755859375,871.75,13904231
2023-03-08,851.0305786132812,872.0999755859375,873.6500244140625,861.5,866.6500244140625,16144568
2023-03-09,835.2708129882812,855.9500122070312,869.7999877929688,854.1500244140625,867.2000122070312,10624440
2023-03-10,822.2921142578125,842.6500244140625,845.3499755859375,836.25,844.7000122070312,17273189
2023-03-13,808.3863525390625,828.4000244140625,855.2999877929688,823.9500122070312,841.4500122070312,16413159
2023-03-14,810.2892456054688,830.3499755859375,834.4500122070312,818.25,827.0,15456802
2023-03-15,805.94677734375,825.9000244140625,843.9500122070312,822.2000122070312,836.4500122070312,12914488
2023-03-16,803.9951171875,823.9000244140625,831.2999877929688,810.2999877929688,829.7000122070312,14987868
2023-03-17,816.046630859375,836.25,838.4000244140625,818.6500244140625,831.7999877929688,11104490
2023-03-20,816.241943359375,836.4500122070312,837.7999877929688,825.0,837.0,14838651
2023-03-21,831.8065795898438,852.4000244140625,854.5,839.0499877929688,843.0,18755854
2023-03-22,839.4180908203125,860.2000122070312,862.5499877929688,851.0,857.6500244140625,17431520
2023-03-23,834.7828369140625,855.4500122070312,867.4500122070312,852.7999877929688,857.0,17920621
2023-03-24,831.8065795898438,852.4000244140625,860.0,849.1500244140625,852.5,17295696
2023-03-27,828.1958618164062,848.7000122070312,856.4000244140625,844.0499877929688,854.9500122070312,17047675
2023-03-28,834.0997314453125,854.75,858.9000244140625,848.2000122070312,855.5499877929688,24469018
2023-03-29,830.4403686523438,851.0,862.0999755859375,848.0,857.0499877929688,34881515
2023-03-31,856.05615234375,877.25,881.0,858.5,861.9500122070312,25739021
2023-04-03,862.4478759765625,883.7999877929688,887.0999755859375,868.8499755859375,880.2000122070312,26416933
2023-04-05,863.2285766601562,884.5999755859375,887.75,874.0,886.5999755859375,21068934
2023-04-06,853.8605346679688,875.0,890.0999755859375,872.7000122070312,882.0,26042745
2023-04-10,847.4688110351562,868.4500122070312,882.7999877929688,864.4000244140625,880.0499877929688,30906205
2023-04-11,860.5938720703125,881.9000244140625,885.5999755859375,865.0,873.7000122070312,39504022
2023-04-12,868.64453125,890.1500244140625,892.0,880.2999877929688,883.4500122070312,22686032
2023-04-13,877.2806396484375,899.0,901.6500244140625,886.5,891.0999755859375,34439635
2023-04-17,879.5250854492188,901.2999877929688,917.2999877929688,893.1500244140625,917.2999877929688,29957514
2023-04-18,875.1826171875,896.8499755859375,907.9500122070312,894.0999755859375,907.9500122070312,26699379
2023-04-19,870.3522338867188,891.9000244140625,896.9000244140625,887.25,895.9000244140625,24377956
2023-04-20,872.7919311523438,894.4000244140625,899.2999877929688,889.2000122070312,892.25,16999919
2023-04-21,864.2532348632812,885.6500244140625,900.7000122070312,882.4000244140625,894.5499877929688,29578071
2023-04-24,882.8917846679688,904.75,906.5,895.0,905.0,30881665
2023-04-25,891.381591796875,913.4500122070312,916.0,903.0999755859375,906.2999877929688,41383839
2023-04-26,892.8453369140625,914.9500122070312,916.9500122070312,905.75,911.4500122070312,30371555
2023-04-27,896.1631469726562,918.3499755859375,919.9000244140625,908.5499877929688,909.5,25835108
2023-04-28,895.4801025390625,917.6500244140625,920.4500122070312,910.25,915.0999755859375,20381002
2023-05-02,899.8225708007812,922.0999755859375,925.7999877929688,918.7000122070312,924.0,17515017
2023-05-03,900.5545043945312,922.8499755859375,923.8499755859375,911.5499877929688,919.5499877929688,18715142
2023-05-04,899.4323120117188,921.7000122070312,923.9000244140625,911.7999877929688,920.0,20485002
2023-05-05,904.5554809570312,926.9500122070312,942.4500122070312,923.4500122070312,925.0,19002035
2023-05-08,915.2409057617188,937.9000244140625,941.7000122070312,927.0,927.0,18623913
2023-05-09,911.8255004882812,934.4000244140625,945.0,931.7999877929688,941.0,21507610
2023-05-10,913.435546875,936.0499877929688,941.0,928.25,934.5999755859375,25910923
2023-05-11,916.509521484375,939.2000122070312,947.0,933.8499755859375,940.0499877929688,20027372
2023-05-12,921.095947265625,943.9000244140625,948.0,935.0999755859375,939.75,13873480
2023-05-15,922.9013061523438,945.75,949.0,938.2000122070312,943.75,10453762
2023-05-16,923.4867553710938,946.3499755859375,952.2000122070312,943.0,950.0,19612293
2023-05-17,916.6558227539062,939.3499755859375,948.4000244140625,935.7999877929688,947.2999877929688,19273344
2023-05-18,923.6331176757812,946.5,952.25,942.0999755859375,947.9500122070312,21550141
2023-05-19,931.2446899414062,954.2999877929688,956.0,941.5999755859375,951.4500122070312,15427412
2023-05-22,927.3900146484375,950.3499755859375,954.25,946.1500244140625,951.0499877929688,15509525
2023-05-23,930.366455078125,953.4000244140625,958.8499755859375,945.0,952.0,16579935
2023-05-24,917.9244995117188,940.6500244140625,953.8499755859375,938.5,946.7000122070312,18049620
2023-05-25,917.143798828125,939.8499755859375,941.5999755859375,932.9500122070312,937.0,19328582
2023-05-26,927.7316284179688,950.7000122070312,952.4500122070312,935.5499877929688,939.7999877929688,10957182
2023-05-29,925.2432861328125,948.1500244140625,957.5999755859375,946.7999877929688,953.8499755859375,12108079
2023-05-30,926.9998168945312,949.9500122070312,952.2999877929688,944.6500244140625,945.3499755859375,18483624
2023-05-31,926.2191162109375,949.1500244140625,952.0,940.5,949.5,27254425
2023-06-01,913.4843139648438,936.0999755859375,954.25,932.7999877929688,954.25,21650700
2023-06-02,915.4848022460938,938.1500244140625,944.6500244140625,935.0499877929688,943.0,12494376
2023-06-05,923.8770751953125,946.75,951.7999877929688,943.0,943.0,10751684
2023-06-06,919.3394165039062,942.0999755859375,947.7999877929688,938.0999755859375,946.5,11894330
2023-06-07,917.4853515625,940.2000122070312,945.8499755859375,933.7999877929688,944.3499755859375,16486469
2023-06-08,915.2409057617188,937.9000244140625,950.5,935.2000122070312,936.5999755859375,17608140
2023-06-09,915.3872680664062,938.0499877929688,944.0,936.2000122070312,941.4000244140625,12253128
2023-06-12,913.3380126953125,935.9500122070312,943.5,933.2999877929688,938.0,10520125
2023-06-13,920.7543334960938,943.5499877929688,946.25,934.0999755859375,935.9000244140625,13528776
2023-06-14,917.0950317382812,939.7999877929688,946.9500122070312,936.25,946.0499877929688,13489262
2023-06-15,904.2138671875,926.5999755859375,942.9500122070312,924.3499755859375,940.7000122070312,19366819
2023-06-16,911.6303100585938,934.2000122070312,937.75,927.0,929.2999877929688,11249387
2023-06-19,900.8472900390625,923.1500244140625,933.9500122070312,918.7000122070312,933.5,19351375
2023-06-20,903.1892700195312,925.5499877929688,928.5499877929688,914.7999877929688,920.9500122070312,15212286
2023-06-21,902.3598022460938,924.7000122070312,928.4000244140625,920.0,928.0,9210553
2023-06-22,903.3844604492188,925.75,935.5499877929688,920.7000122070312,924.4000244140625,27291569
2023-06-23,901.1887817382812,923.5,931.9000244140625,919.0,926.0499877929688,8767733
2023-06-26,905.0433349609375,927.4500122070312,931.7999877929688,923.2000122070312,927.0999755859375,11749040
2023-06-27,913.4843139648438,936.0999755859375,939.9500122070312,922.2000122070312,930.0,13422726
2023-06-28,914.8017578125,937.4500122070312,944.0,934.2999877929688,944.0,25708001
2023-06-30,912.0205688476562,934.5999755859375,942.2000122070312,930.6500244140625,940.5,13843218
2023-07-03,919.7785034179688,942.5499877929688,945.75,936.5,937.0,12350359
2023-07-04,921.8766479492188,944.7000122070312,951.2999877929688,942.0,947.25,14041699
2023-07-05,934.8552856445312,958.0,964.75,941.0,942.0499877929688,13817767
2023-07-06,936.2214965820312,959.4000244140625,963.9000244140625,954.0,954.7000122070312,16334427
2023-07-07,923.5355834960938,946.4000244140625,955.0499877929688,943.7999877929688,953.0,8593807
2023-07-10,925.4872436523438,948.4000244140625,952.9000244140625,941.3499755859375,946.0,12069184
2023-07-11,922.12060546875,944.9500122070312,952.7000122070312,941.9000244140625,948.4000244140625,16977595
2023-07-12,921.5838623046875,944.4000244140625,951.1500244140625,941.25,948.4000244140625,21511161
2023-07-13,932.61083984375,955.7000122070312,959.25,942.2000122070312,947.7000122070312,23222286
2023-07-14,936.8557739257812,960.0499877929688,965.0,951.3499755859375,959.75,12871569
2023-07-17,945.2967529296875,968.7000122070312,973.7999877929688,952.8499755859375,962.9000244140625,16290763
2023-07-18,951.8837280273438,975.4500122070312,987.9500122070312,971.1500244140625,978.0,29709508
2023-07-19,949.9320068359375,973.4500122070312,980.0,967.5499877929688,980.0,15994261
2023-07-20,971.546875,995.5999755859375,998.1500244140625,972.0999755859375,976.0499877929688,26487838
2023-07-21,972.9130859375,997.0,1001.4500122070312,988.7999877929688,995.2999877929688,16903003
2023-07-24,968.0338745117188,992.0,1008.7000122070312,990.0999755859375,1004.9500122070312,21687719
2023-07-25,970.6686401367188,994.7000122070312,999.0,988.25,999.0,29325327
2023-07-26,972.3764038085938,996.4500122070312,997.75,990.0,993.0999755859375,12780537
2023-07-27,966.326171875,990.25,1006.5,987.2000122070312,1002.5499877929688,25932395
2023-07-28,972.1324462890625,996.2000122070312,998.7000122070312,977.0499877929688,988.0,12584130
2023-07-31,974.181640625,998.2999877929688,999.4000244140625,988.5999755859375,996.0,14303116
2023-08-01,970.522216796875,994.5499877929688,1003.7000122070312,990.4500122070312,1001.6500244140625,15508569
2023-08-02,963.1058959960938,986.9500122070312,994.0999755859375,977.5,985.25,15787996
2023-08-03,941.6862182617188,965.0,983.0,960.0499877929688,976.5499877929688,30994707
2023-08-04,947.0532836914062,970.5,976.0,961.25,968.6500244140625,20582882
2023-08-07,952.078857421875,975.6500244140625,981.5,968.2000122070312,970.9500122070312,16686062
2023-08-08,956.2262573242188,979.9000244140625,986.5999755859375,972.2999877929688,975.75,23784778
2023-08-09,957.0133056640625,972.7000122070312,975.2999877929688,963.5999755859375,974.9500122070312,19317331
2023-08-10,948.552001953125,964.0999755859375,973.6500244140625,959.4500122070312,971.5499877929688,24858441
2023-08-11,937.4833984375,952.8499755859375,963.5,950.0,963.4000244140625,17162177
2023-08-14,944.0753784179688,959.5499877929688,962.9000244140625,946.0,949.0,19026691
2023-08-16,941.0745239257812,956.5,959.7999877929688,946.5999755859375,954.4500122070312,17930805
2023-08-17,936.3027954101562,951.6500244140625,957.7999877929688,946.4500122070312,956.9500122070312,27077611
2023-08-18,935.3189086914062,950.6500244140625,955.0,946.0,947.9000244140625,13257508
2023-08-21,939.7955322265625,955.2000122070312,959.2999877929688,948.4000244140625,950.7000122070312,13358017
2023-08-22,936.6471557617188,952.0,956.9500122070312,949.2999877929688,956.4000244140625,16872719
2023-08-23,951.2576293945312,966.8499755859375,968.0499877929688,949.8499755859375,954.0,14707331
2023-08-24,953.3237915039062,968.9500122070312,982.4000244140625,966.75,972.5,28389740
2023-08-25,954.7504272460938,970.4000244140625,972.5999755859375,960.2000122070312,962.9500122070312,10275758
2023-08-28,954.8980102539062,970.5499877929688,975.0,965.0499877929688,969.9500122070312,10481574
2023-08-29,952.1431274414062,967.75,977.25,965.6500244140625,973.2999877929688,13209913
2023-08-30,943.4359130859375,958.9000244140625,975.9000244140625,955.4000244140625,970.4500122070312,13936165
2023-08-31,943.2882690429688,958.75,966.2000122070312,954.0499877929688,960.0,36675400
2023-09-01,953.0778198242188,968.7000122070312,973.0499877929688,952.7999877929688,956.9000244140625,16268147
2023-09-04,951.7495727539062,967.3499755859375,969.0499877929688,960.5499877929688,968.7000122070312,9512956
2023-09-05,952.7826538085938,968.4000244140625,970.0,962.25,964.0999755859375,16623486
2023-09-06,942.0584716796875,957.5,969.5,950.7999877929688,962.5499877929688,30802100
2023-09-07,950.0770263671875,965.6500244140625,969.5,954.7000122070312,957.4000244140625,13462347
2023-09-08,954.8980102539062,970.5499877929688,975.0,961.25,967.5,13086915
2023-09-11,962.4738159179688,978.25,982.0,969.3499755859375,974.9500122070312,7894110
2023-09-12,974.5262451171875,990.5,995.1500244140625,982.6500244140625,990.0999755859375,20959591
2023-09-13,973.8375244140625,989.7999877929688,994.8499755859375,980.5499877929688,989.7999877929688,21997553
2023-09-14,971.7714233398438,987.7000122070312,992.9000244140625,982.25,992.2999877929688,11464188
2023-09-15,976.44482421875,992.4500122070312,997.5,988.5999755859375,990.3499755859375,13307980
2023-09-18,974.2311401367188,990.2000122070312,996.25,987.2999877929688,990.0999755859375,16713222
2023-09-20,971.2302856445312,987.1500244140625,996.0,980.6500244140625,981.5499877929688,25741856
2023-09-21,943.8294067382812,959.2999877929688,982.5,957.4500122070312,979.9500122070312,19742813
2023-09-22,934.9744873046875,950.2999877929688,960.9000244140625,947.4000244140625,956.5,12701888
2023-09-25,940.9269409179688,956.3499755859375,961.2000122070312,941.5,950.2999877929688,8997098
2023-09-26,933.4003295898438,948.7000122070312,958.9500122070312,947.0999755859375,958.9500122070312,10521409
2023-09-27,927.890625,943.0999755859375,946.5,934.4000244140625,946.2999877929688,15152973
2023-09-28,927.398681640625,942.5999755859375,947.25,934.75,945.5,25991282
2023-09-29,936.5487670898438,951.9000244140625,956.0,943.7000122070312,946.7000122070312,10447334
2023-10-03,925.1358032226562,940.2999877929688,951.5999755859375,939.0,951.5999755859375,11131636
2023-10-04,915.0510864257812,930.0499877929688,935.5,925.0,935.0,17334739
2023-10-05,925.6769409179688,940.8499755859375,943.9500122070312,934.5499877929688,935.2000122070312,10478856
2023-10-06,929.9568481445312,945.2000122070312,946.5499877929688,938.0,946.0,6355755
2023-10-09,923.4632568359375,938.5999755859375,942.0499877929688,936.2999877929688,940.25,6725306
2023-10-10,935.8600463867188,951.2000122070312,957.5,940.3499755859375,940.4000244140625,11452715
2023-10-11,937.7293701171875,953.0999755859375,962.0499877929688,950.75,954.9000244140625,12233117
2023-10-12,938.86083984375,954.25,960.0999755859375,948.4000244140625,952.8499755859375,7836818
2023-10-13,935.9584350585938,951.2999877929688,957.4000244140625,944.5499877929688,949.9500122070312,6650442
2023-10-16,936.056884765625,951.4000244140625,954.8499755859375,946.1500244140625,948.5,5763024
2023-10-17,938.5165405273438,953.9000244140625,960.9500122070312,951.5,955.4000244140625,7747527
2023-10-18,928.5301513671875,943.75,950.6500244140625,939.0999755859375,949.2000122070312,12000153
2023-10-19,920.6591796875,935.75,945.0,934.0,936.0,8612676
2023-10-20,917.7075805664062,932.75,940.0,930.0,932.0,6586576
2023-10-23,914.9527587890625,929.9500122070312,944.7999877929688,925.4000244140625,942.0,11856890
2023-10-25,901.3260498046875,916.0999755859375,933.7999877929688,911.4000244140625,926.0499877929688,12593434
2023-10-26,893.9962768554688,908.6500244140625,916.5999755859375,899.0,914.2999877929688,21693345
2023-10-27,898.0301513671875,912.75,918.1500244140625,911.2999877929688,916.0,8645505
2023-10-30,909.9841918945312,924.9000244140625,926.2999877929688,908.2000122070312,909.0999755859375,7687791
2023-10-31,900.5881958007812,915.3499755859375,931.0,914.0999755859375,929.2999877929688,17211107
2023-11-01,899.3091430664062,914.0499877929688,917.5999755859375,909.2999877929688,913.7999877929688,12927203
2023-11-02,905.114013671875,919.9500122070312,924.7999877929688,912.7999877929688,920.0499877929688,9747311
2023-11-03,918.7406616210938,933.7999877929688,934.5,926.7999877929688,928.5499877929688,7146961
2023-11-06,930.2028198242188,945.4500122070312,947.75,937.4000244140625,941.0,10338367
2023-11-07,932.8099975585938,948.0999755859375,950.4500122070312,930.4500122070312,943.5999755859375,15704942
2023-11-08,920.6591796875,935.75,948.4500122070312,934.0999755859375,948.4500122070312,17606074
2023-11-09,922.2333374023438,937.3499755859375,942.3499755859375,933.0,934.0,9406117
2023-11-10,923.4632568359375,938.5999755859375,941.4500122070312,932.4000244140625,934.9000244140625,9560455
2023-11-13,919.3801879882812,934.4500122070312,940.9000244140625,932.0,940.9000244140625,11470096
2023-11-15,925.9229125976562,941.0999755859375,944.4000244140625,938.75,944.4000244140625,19492138
2023-11-16,920.9051513671875,936.0,946.2000122070312,934.0,939.0,19706373
2023-11-17,906.9833374023438,921.8499755859375,938.4000244140625,920.1500244140625,926.5499877929688,10956653
2023-11-20,906.58984375,921.4500122070312,926.75,917.5,922.0,10562301
2023-11-21,911.164794921875,926.0999755859375,928.0499877929688,922.0,924.4000244140625,8989572
2023-11-22,907.8688354492188,922.75,925.2000122070312,914.75,923.25,12197979
2023-11-23,908.1148071289062,923.0,925.3499755859375,918.5,923.0,5534614
2023-11-24,914.41162109375,929.4000244140625,930.4000244140625,920.2000122070312,921.5,7452002
2023-11-28,910.5745239257812,925.5,931.0499877929688,921.7000122070312,928.9000244140625,14231987
2023-11-29,924.4470825195312,939.5999755859375,941.0999755859375,926.0,930.9000244140625,11680078
2023-11-30,919.8721313476562,934.9500122070312,940.8499755859375,928.2000122070312,938.9500122070312,23950292
2023-12-01,931.4326171875,946.7000122070312,952.0,933.0,935.9500122070312,16986046
2023-12-04,975.2149658203125,991.2000122070312,994.8499755859375,961.4000244140625,963.7000122070312,33131257
2023-12-05,997.1061401367188,1013.4500122070312,1015.75,995.0499877929688,1002.5,31378461
2023-12-06,987.0706176757812,1003.25,1016.25,1000.25,1014.0,18786590
2023-12-07,982.88916015625,999.0,1002.2000122070312,988.1500244140625,996.3499755859375,11841945
2023-12-08,994.5480346679688,1010.8499755859375,1012.8499755859375,993.25,994.5,16116363
2023-12-11,1000.697265625,1017.0999755859375,1020.0,1004.6500244140625,1007.0999755859375,11714606
2023-12-12,999.3198852539062,1015.7000122070312,1021.0,1008.5999755859375,1017.0999755859375,12380856
2023-12-13,997.5488891601562,1013.9000244140625,1020.7000122070312,1009.2000122070312,1014.7999877929688,15887040
2023-12-14,1016.9804077148438,1033.6500244140625,1040.0,1021.25,1022.25,16317672
2023-12-15,1020.6699829101562,1037.4000244140625,1043.699951171875,1025.699951171875,1043.6500244140625,14306067
2023-12-18,1004.9771728515625,1021.4500122070312,1029.949951171875,1018.0,1029.949951171875,8592711
2023-12-19,999.0739135742188,1015.4500122070312,1025.5,1012.5999755859375,1025.5,10094256
2023-12-20,990.415771484375,1006.6500244140625,1022.0,1002.0,1022.0,16490281
2023-12-21,988.2020874023438,1004.4000244140625,1010.9000244140625,989.2000122070312,996.5499877929688,18064916
2023-12-22,978.2649536132812,994.2999877929688,1009.5499877929688,991.5999755859375,1002.9500122070312,20881976
2023-12-26,979.052001953125,995.0999755859375,997.5,989.9000244140625,994.9000244140625,14339699
2023-12-27,986.0867919921875,1002.25,1004.9000244140625,992.0,997.9500122070312,12996468
2023-12-28,989.6779174804688,1005.9000244140625,1011.7000122070312,999.0999755859375,1008.0,24915990
2023-12-29,980.5278930664062,996.5999755859375,1008.5499877929688,993.7000122070312,1004.0499877929688,12280140
2024-01-01,983.28271484375,999.4000244140625,1004.8499755859375,991.0,991.5499877929688,7683792
2024-01-02,966.4092407226562,982.25,997.6500244140625,980.25,997.0,16263825
2024-01-03,968.1802978515625,984.0499877929688,988.0,975.0999755859375,984.7000122070312,16826752
2024-01-04,971.2302856445312,987.1500244140625,989.1500244140625,981.9000244140625,986.4000244140625,22789140
2024-01-05,977.6746215820312,993.7000122070312,998.2999877929688,983.7999877929688,988.0,14875499
2024-01-08,966.1632690429688,982.0,998.2000122070312,980.2999877929688,994.0,8393164
2024-01-09,963.9495849609375,979.75,995.0,975.4000244140625,986.25,14660414
2024-01-10,977.0350952148438,993.0499877929688,994.9500122070312,974.2999877929688,974.2999877929688,9409181
2024-01-11,975.165771484375,991.1500244140625,998.5,986.8499755859375,995.2999877929688,6451345
2024-01-12,987.3165893554688,1003.5,1008.7000122070312,991.75,994.7999877929688,12255743
2024-01-15,993.5641479492188,1009.8499755859375,1011.6500244140625,999.25,1003.5,12388044
2024-01-16,992.777099609375,1009.0499877929688,1015.7999877929688,1004.5999755859375,1006.0999755859375,11505126
2024-01-17,965.9173583984375,981.75,1007.7999877929688,976.75,987.9000244140625,41914771
2024-01-18,970.443115234375,986.3499755859375,994.2999877929688,970.1500244140625,973.9500122070312,17902484
2024-01-19,983.0859375,999.2000122070312,1010.9000244140625,987.5499877929688,991.2999877929688,23271148
2024-01-23,1012.45458984375,1029.050048828125,1059.4000244140625,1021.2000122070312,1059.0999755859375,50797448
2024-01-24,983.0859375,999.2000122070312,1035.949951171875,996.6500244140625,1029.449951171875,34578943
2024-01-25,993.66259765625,1009.9500122070312,1015.0999755859375,988.1500244140625,998.4000244140625,28315035
2024-01-29,1000.0086059570312,1016.4000244140625,1032.0,1010.0,1020.0,14078922
2024-01-30,1000.5005493164062,1016.9000244140625,1023.8499755859375,1008.0,1014.9500122070312,16085742
2024-01-31,1011.569091796875,1028.1500244140625,1039.0,1003.25,1016.7999877929688,25627447
2024-02-01,1008.617431640625,1025.1500244140625,1033.949951171875,1017.4000244140625,1033.949951171875,13058880
2024-02-02,1007.4859619140625,1024.0,1050.0,1021.6500244140625,1037.0999755859375,14774650
2024-02-05,1006.9940795898438,1023.5,1026.449951171875,1012.0999755859375,1022.5,12948430
2024-02-06,1009.8472900390625,1026.4000244140625,1034.9000244140625,1016.7000122070312,1023.5499877929688,12886927
2024-02-07,1005.6658935546875,1022.1500244140625,1031.550048828125,1013.0,1028.0,16410895
2024-02-08,973.3456420898438,989.2999877929688,1028.25,985.25,1024.0999755859375,20565502
2024-02-09,994.4005126953125,1010.7000122070312,1013.75,985.5,988.8499755859375,12799837
2024-02-12,980.0359497070312,996.0999755859375,1012.2000122070312,985.25,1010.4000244140625,8050066
2024-02-13,1003.3536987304688,1019.7999877929688,1027.050048828125,1000.2999877929688,1006.0,18706292
2024-02-14,1006.2069702148438,1022.7000122070312,1035.699951171875,1007.5499877929688,1009.5499877929688,17878720
2024-02-15,1000.2545776367188,1016.6500244140625,1026.6500244140625,1006.5999755859375,1022.8499755859375,10069878
2024-02-16,1006.7481079101562,1023.25,1026.199951171875,1016.9000244140625,1023.2000122070312,7159395
2024-02-19,1026.91748046875,1043.75,1046.0,1023.3499755859375,1023.3499755859375,9388255
2024-02-20,1031.8369140625,1048.75,1052.6500244140625,1033.25,1041.050048828125,11293528
2024-02-21,1034.9852294921875,1051.949951171875,1064.0,1048.0,1056.800048828125,15946325
2024-02-22,1045.5618896484375,1062.699951171875,1066.0,1040.300048828125,1056.0,13432573
2024-02-23,1044.1844482421875,1061.300048828125,1070.0,1057.6500244140625,1070.0,13142759
2024-02-26,1037.198974609375,1054.199951171875,1062.300048828125,1050.5,1053.0999755859375,7875941
2024-02-27,1043.10205078125,1060.199951171875,1066.199951171875,1046.5,1050.75,10580973
2024-02-28,1029.327880859375,1046.199951171875,1064.8499755859375,1042.1500244140625,1063.0,7730332
2024-02-29,1035.231201171875,1052.199951171875,1060.699951171875,1038.5,1043.050048828125,20944844
2024-03-01,1069.37158203125,1086.9000244140625,1089.949951171875,1054.0,1055.0,14909562
2024-03-04,1074.733642578125,1092.3499755859375,1095.0,1080.0999755859375,1081.0,11424581
2024-03-05,1070.5030517578125,1088.050048828125,1099.5,1076.5,1086.199951171875,9222544
2024-03-06,1079.4071044921875,1097.0999755859375,1113.550048828125,1080.300048828125,1080.300048828125,21796484
2024-03-07,1070.4046630859375,1087.949951171875,1095.0,1082.699951171875,1094.949951171875,9963926
2024-03-11,1061.3038330078125,1078.699951171875,1087.949951171875,1076.75,1087.949951171875,13310362
2024-03-12,1059.483642578125,1076.8499755859375,1094.800048828125,1055.6500244140625,1077.050048828125,21785435
2024-03-13,1066.4691162109375,1083.949951171875,1089.6500244140625,1073.1500244140625,1077.1500244140625,24855870
2024-03-14,1066.124755859375,1083.5999755859375,1097.0999755859375,1075.050048828125,1080.0,14231421
2024-03-15,1062.9271240234375,1080.3499755859375,1086.25,1070.0,1072.0,66192734
2024-03-18,1063.763427734375,1081.199951171875,1084.800048828125,1060.050048828125,1075.050048828125,8769440
2024-03-19,1066.4691162109375,1083.949951171875,1088.75,1075.25,1078.449951171875,16708715
2024-03-20,1067.01025390625,1084.5,1090.0,1067.5,1080.0,18725251
2024-03-21,1064.3538818359375,1081.800048828125,1100.0,1079.1500244140625,1092.0,19992607
2024-03-22,1072.716796875,1090.300048828125,1093.699951171875,1078.699951171875,1081.1500244140625,17214415
2024-03-26,1066.22314453125,1083.699951171875,1089.1500244140625,1076.949951171875,1081.0,13367635
2024-03-27,1066.2724609375,1083.75,1092.5,1079.550048828125,1083.699951171875,26907245
2024-03-28,1075.66845703125,1093.300048828125,1105.050048828125,1085.0,1085.0,22070566
2024-04-01,1081.916015625,1099.6500244140625,1102.949951171875,1094.449951171875,1096.050048828125,10848191
2024-04-02,1063.763427734375,1081.199951171875,1094.449951171875,1079.25,1094.449951171875,14380396
2024-04-03,1059.8280029296875,1077.199951171875,1083.6500244140625,1072.25,1075.0,15477184
2024-04-04,1061.451416015625,1078.8499755859375,1085.800048828125,1063.449951171875,1084.75,21419689
2024-04-05,1065.9281005859375,1083.4000244140625,1086.0,1067.449951171875,1070.0,15340637
2024-04-08,1069.6175537109375,1087.1500244140625,1091.75,1076.300048828125,1078.3499755859375,8023461
2024-04-09,1089.19677734375,1107.050048828125,1115.25,1088.300048828125,1091.949951171875,12298463
2024-04-10,1091.5087890625,1109.4000244140625,1116.550048828125,1105.1500244140625,1110.949951171875,10598000
2024-04-12,1086.5894775390625,1104.4000244140625,1111.8499755859375,1095.800048828125,1103.5,12216657
2024-04-15,1060.95947265625,1078.3499755859375,1106.1500244140625,1076.5999755859375,1100.199951171875,10526597
2024-04-16,1049.8416748046875,1067.050048828125,1074.5999755859375,1062.699951171875,1070.550048828125,11278092
2024-04-18,1038.4287109375,1055.449951171875,1078.050048828125,1050.449951171875,1074.0,16564216
2024-04-19,1050.0384521484375,1067.25,1072.0,1048.0999755859375,1052.949951171875,11284433
2024-04-22,1069.1256103515625,1086.6500244140625,1088.699951171875,1070.3499755859375,1078.800048828125,10346714
2024-04-23,1072.6676025390625,1090.25,1100.0,1082.699951171875,1100.0,9848215
2024-04-24,1079.062744140625,1096.75,1098.4000244140625,1089.0,1092.25,5461309
2024-04-25,1095.78857421875,1113.75,1125.6500244140625,1089.949951171875,1090.0,19905338
2024-04-26,1090.032958984375,1107.9000244140625,1120.0,1102.75,1112.1500244140625,14190059
2024-04-29,1141.4403076171875,1160.1500244140625,1163.449951171875,1107.9000244140625,1108.0,28578063
2024-04-30,1131.8475341796875,1150.4000244140625,1169.550048828125,1146.75,1159.949951171875,29568491
2024-05-02,1121.0740966796875,1139.449951171875,1155.5,1133.25,1143.0,25118334
2024-05-03,1123.6322021484375,1142.050048828125,1157.4000244140625,1135.449951171875,1141.300048828125,19933604
2024-05-06,1127.813720703125,1146.300048828125,1158.449951171875,1138.0999755859375,1141.550048828125,14970524
2024-05-07,1113.6458740234375,1131.9000244140625,1152.75,1126.300048828125,1147.949951171875,15097728
2024-05-08,1104.889404296875,1123.0,1132.0,1116.050048828125,1126.550048828125,19913090
2024-05-09,1097.7071533203125,1115.699951171875,1128.8499755859375,1110.0,1120.550048828125,12229853
2024-05-10,1099.035400390625,1117.050048828125,1128.9000244140625,1112.050048828125,1118.0,8573656
2024-05-13,1109.808837890625,1128.0,1130.6500244140625,1106.699951171875,1112.4000244140625,9707983
2024-05-14,1102.47900390625,1120.550048828125,1127.9000244140625,1118.550048828125,1125.9000244140625,8944262
2024-05-15,1106.2176513671875,1124.3499755859375,1127.800048828125,1113.5,1122.0999755859375,10743423
2024-05-16,1112.8095703125,1131.050048828125,1136.550048828125,1112.800048828125,1133.0,14265565
2024-05-17,1112.2684326171875,1130.5,1144.0,1120.5999755859375,1131.050048828125,8641784
2024-05-21,1102.8724365234375,1120.949951171875,1133.800048828125,1116.25,1122.199951171875,10452900
2024-05-22,1093.1812744140625,1111.0999755859375,1125.9000244140625,1098.0999755859375,1125.0,17527411
2024-05-23,1116.2039794921875,1134.5,1137.0,1111.4000244140625,1115.550048828125,13787687
2024-05-24,1113.6949462890625,1131.949951171875,1135.0,1124.1500244140625,1130.0,6312670
2024-05-27,1111.579833984375,1129.800048828125,1147.800048828125,1121.550048828125,1131.9000244140625,11599857
2024-05-28,1108.775634765625,1126.949951171875,1135.199951171875,1125.0,1132.5,9311718
2024-05-29,1084.2281494140625,1102.0,1123.550048828125,1098.5,1115.050048828125,19268547
2024-05-30,1095.7393798828125,1113.699951171875,1121.0,1096.9000244140625,1097.0,15255387
2024-05-31,1102.970947265625,1121.050048828125,1130.5999755859375,1111.25,1118.0,26197718
2024-06-03,1141.292724609375,1160.0,1173.0,1136.300048828125,1170.0,25699977
2024-06-04,1054.1707763671875,1071.449951171875,1159.4000244140625,1053.550048828125,1157.9000244140625,43476837
2024-06-05,1090.7708740234375,1108.6500244140625,1123.25,1051.050048828125,1085.0,42172104
2024-06-06,1092.4925537109375,1110.4000244140625,1118.0,1096.5999755859375,1118.0,18574162
2024-06-07,1103.6103515625,1121.699951171875,1128.300048828125,1103.5999755859375,1110.4000244140625,17197635
2024-06-10,1105.676513671875,1123.800048828125,1133.199951171875,1115.0999755859375,1116.0,10851455
2024-06-11,1100.166748046875,1118.199951171875,1129.050048828125,1111.0,1119.75,12250002
2024-06-12,1101.4951171875,1119.550048828125,1133.4000244140625,1112.0,1121.0,16096514
2024-06-13,1089.4918212890625,1107.3499755859375,1123.199951171875,1105.0,1122.199951171875,12494254
2024-06-14,1087.8192138671875,1105.6500244140625,1114.0,1099.449951171875,1114.0,11377979
2024-06-18,1104.7418212890625,1122.8499755859375,1135.050048828125,1101.199951171875,1113.949951171875,18306176
2024-06-19,1125.993408203125,1144.449951171875,1165.550048828125,1126.1500244140625,1127.949951171875,34309514
2024-06-20,1138.1444091796875,1156.800048828125,1160.0,1135.5,1154.050048828125,15475933
2024-06-21,1139.964599609375,1158.6500244140625,1169.9000244140625,1150.6500244140625,1163.550048828125,69259425
2024-06-24,1151.2298583984375,1170.0999755859375,1175.6500244140625,1152.6500244140625,1154.6500244140625,12210295
2024-06-25,1178.6307373046875,1197.949951171875,1206.0,1167.6500244140625,1170.25,27309845
2024-06-26,1198.357421875,1218.0,1222.8499755859375,1193.8499755859375,1202.0,25403461
2024-06-27,1200.226806640625,1219.9000244140625,1235.0,1209.0999755859375,1228.3499755859375,20516632
2024-06-28,1180.2540283203125,1199.5999755859375,1227.0,1196.3499755859375,1227.0,12507092
2024-07-01,1192.3065185546875,1211.8499755859375,1215.3499755859375,1192.050048828125,1199.5999755859375,8636894
2024-07-02,1171.3992919921875,1190.5999755859375,1217.0,1185.550048828125,1217.0,16153925
2024-07-03,1182.2218017578125,1201.5999755859375,1215.8499755859375,1179.449951171875,1196.8499755859375,22330897
2024-07-04,1213.115478515625,1233.0,1234.949951171875,1214.300048828125,1229.0,15275791
2024-07-05,1213.509033203125,1233.4000244140625,1242.5999755859375,1220.8499755859375,1225.0,9535575
2024-07-08,1215.1324462890625,1235.050048828125,1239.5,1216.9000244140625,1228.9000244140625,6617190
2024-07-09,1228.1195068359375,1248.25,1250.199951171875,1229.300048828125,1234.949951171875,13366874
2024-07-10,1223.1510009765625,1243.199951171875,1252.75,1236.3499755859375,1252.75,18226503
2024-07-11,1218.4775390625,1238.449951171875,1257.800048828125,1225.050048828125,1246.3499755859375,11307116
2024-07-12,1213.01708984375,1232.9000244140625,1252.9000244140625,1230.0999755859375,1235.9000244140625,12208290
2024-07-15,1210.1146240234375,1229.949951171875,1238.449951171875,1224.050048828125,1233.0999755859375,15612671
2024-07-16,1219.9041748046875,1239.9000244140625,1245.0,1229.0,1230.0,12320605
2024-07-18,1230.136474609375,1250.300048828125,1256.449951171875,1231.699951171875,1234.9000244140625,10999632
2024-07-19,1228.51318359375,1248.6500244140625,1250.5,1240.25,1244.0,7958817
2024-07-22,1221.134033203125,1241.1500244140625,1245.300048828125,1232.9000244140625,1240.0,9958965
2024-07-23,1206.96630859375,1226.75,1248.6500244140625,1212.5,1241.1500244140625,19369832
2024-07-24,1203.2767333984375,1223.0,1233.6500244140625,1202.050048828125,1225.0,20122521
2024-07-25,1178.58154296875,1197.9000244140625,1218.25,1190.5999755859375,1205.5,14154461
2024-07-26,1187.7314453125,1207.199951171875,1220.0,1185.949951171875,1190.0,19309265
2024-07-29,1193.1427001953125,1212.699951171875,1242.75,1204.1500244140625,1215.1500244140625,28458261
2024-07-30,1189.9451904296875,1209.449951171875,1230.8499755859375,1204.4000244140625,1213.0,23972277
2024-07-31,1195.3074951171875,1214.9000244140625,1224.6500244140625,1211.0,1219.0,22297629
2024-08-01,1190.584716796875,1210.0999755859375,1222.6500244140625,1206.9000244140625,1212.5,8725046
2024-08-02,1177.25341796875,1196.550048828125,1201.6500244140625,1190.0999755859375,1197.0,10735395
2024-08-05,1153.689453125,1172.5999755859375,1188.9000244140625,1167.0,1182.0,14306771
2024-08-06,1148.0322265625,1166.8499755859375,1187.699951171875,1161.5,1175.0,13575619
2024-08-07,1153.5419921875,1172.449951171875,1179.800048828125,1161.5999755859375,1178.949951171875,15753644
2024-08-08,1145.818603515625,1164.5999755859375,1174.4000244140625,1158.9000244140625,1166.949951171875,10806438
2024-08-09,1152.70556640625,1171.5999755859375,1180.949951171875,1169.0,1176.550048828125,8687307
2024-08-12,1163.8199462890625,1172.800048828125,1178.25,1156.0,1171.0,10860455
2024-08-13,1159.4039306640625,1168.3499755859375,1189.25,1163.5999755859375,1183.199951171875,13117927
2024-08-14,1152.7552490234375,1161.6500244140625,1170.050048828125,1153.0,1167.0,13431801
2024-08-16,1178.1591796875,1187.25,1193.0,1165.6500244140625,1170.0,10961370
2024-08-19,1166.8961181640625,1175.9000244140625,1195.75,1173.300048828125,1191.0,6686394
2024-08-20,1170.4189453125,1179.449951171875,1189.800048828125,1170.0,1174.199951171875,10427061
2024-08-21,1165.8541259765625,1174.8499755859375,1178.6500244140625,1165.0999755859375,1177.0,17234142
2024-08-22,1181.979736328125,1191.0999755859375,1192.5999755859375,1176.5999755859375,1182.0,8564142
2024-08-23,1194.2847900390625,1203.5,1205.0,1188.550048828125,1193.0,7518309
2024-08-26,1204.009765625,1213.300048828125,1214.949951171875,1201.050048828125,1205.550048828125,10920226
2024-08-27,1216.9598388671875,1226.3499755859375,1232.5,1208.9000244140625,1213.300048828125,16295325
2024-08-28,1214.47900390625,1223.8499755859375,1226.4000244140625,1217.300048828125,1222.6500244140625,12291305
2024-08-29,1212.5439453125,1221.9000244140625,1235.0,1217.0,1218.949951171875,10806748
2024-08-30,1219.7879638671875,1229.199951171875,1235.550048828125,1218.9000244140625,1230.0,21211148
2024-09-02,1220.5322265625,1229.949951171875,1239.199951171875,1222.5,1239.0,12516759
2024-09-03,1238.1463623046875,1247.699951171875,1250.949951171875,1220.4000244140625,1227.199951171875,19114907
2024-09-04,1226.88330078125,1236.3499755859375,1243.699951171875,1232.800048828125,1239.8499755859375,13505843
2024-09-05,1226.486328125,1235.949951171875,1244.8499755859375,1231.300048828125,1238.0,9142811
2024-09-06,1198.899169921875,1208.1500244140625,1233.9000244140625,1205.0,1225.949951171875,10170479
2024-09-09,1225.5435791015625,1235.0,1238.300048828125,1200.449951171875,1202.9000244140625,13863250
2024-09-10,1227.8260498046875,1237.300048828125,1241.3499755859375,1227.0,1236.949951171875,15545130
2024-09-11,1226.88330078125,1236.3499755859375,1239.300048828125,1226.4000244140625,1231.5,11993242
2024-09-12,1242.5623779296875,1252.1500244140625,1257.0,1226.3499755859375,1238.0,15376442
2024-09-13,1240.7760009765625,1250.3499755859375,1255.949951171875,1242.050048828125,1252.0,9877288
2024-09-16,1253.1802978515625,1262.8499755859375,1265.5999755859375,1244.699951171875,1251.0,8973335
2024-09-17,1258.39013671875,1268.0999755859375,1272.25,1258.4000244140625,1259.949951171875,11513121
2024-09-18,1278.485107421875,1288.3499755859375,1295.3499755859375,1262.0,1262.0,12466597
2024-09-19,1282.107177734375,1292.0,1300.0,1285.3499755859375,1288.3499755859375,13172268
2024-09-20,1328.201416015625,1338.449951171875,1362.3499755859375,1291.550048828125,1295.0,73257767
2024-09-23,1311.7781982421875,1321.9000244140625,1331.800048828125,1308.5,1331.0,11380409
2024-09-24,1308.50341796875,1318.5999755859375,1331.4000244140625,1315.449951171875,1321.0,13886037
2024-09-25,1313.7132568359375,1323.8499755859375,1327.75,1310.0999755859375,1310.75,8728019
2024-09-26,1318.87353515625,1329.050048828125,1333.3499755859375,1316.9000244140625,1320.0,11100869
2024-09-27,1296.5953369140625,1306.5999755859375,1333.0,1303.8499755859375,1333.0,17117379
2024-09-30,1263.252685546875,1273.0,1296.800048828125,1270.9000244140625,1292.0999755859375,12622212
2024-10-01,1264.6419677734375,1274.4000244140625,1280.25,1267.5999755859375,1269.800048828125,10972413
2024-10-03,1246.7301025390625,1256.3499755859375,1265.75,1248.1500244140625,1253.5999755859375,17648551
2024-10-04,1230.2572021484375,1239.75,1264.4000244140625,1236.199951171875,1247.0999755859375,13488887
2024-10-07,1224.4520263671875,1233.9000244140625,1262.949951171875,1225.0,1241.550048828125,20667247
2024-10-08,1227.13134765625,1236.5999755859375,1247.800048828125,1229.75,1241.0,12219259
2024-10-09,1234.62353515625,1244.1500244140625,1265.0999755859375,1232.6500244140625,1243.050048828125,14765997
2024-10-10,1233.978515625,1243.5,1254.699951171875,1238.0,1246.75,9118195
2024-10-11,1213.635498046875,1223.0,1240.800048828125,1222.0,1237.0,8472512
2024-10-14,1222.3184814453125,1231.75,1237.9000244140625,1217.4000244140625,1221.0,11833929
2024-10-15,1245.8865966796875,1255.5,1258.300048828125,1235.4000244140625,1238.949951171875,11657338
2024-10-16,1233.6312255859375,1243.1500244140625,1254.949951171875,1241.5999755859375,1248.5,7869727
2024-10-17,1221.8223876953125,1231.25,1256.949951171875,1224.4000244140625,1249.449951171875,8459497
2024-10-18,1254.8177490234375,1264.5,1268.9000244140625,1225.25,1227.949951171875,11018126
2024-10-21,1249.4095458984375,1259.050048828125,1272.3499755859375,1250.550048828125,1264.5,7742775
2024-10-22,1257.7947998046875,1267.5,1284.9000244140625,1259.75,1266.5999755859375,20090801
2024-10-23,1242.0164794921875,1251.5999755859375,1267.949951171875,1243.050048828125,1261.0,14055447
2024-10-24,1243.15771484375,1252.75,1260.449951171875,1241.050048828125,1250.25,12223031
2024-10-25,1245.8370361328125,1255.449951171875,1268.9000244140625,1234.199951171875,1247.25,13546055
2024-10-28,1282.95068359375,1292.8499755859375,1307.800048828125,1280.5999755859375,1285.5,24096412
2024-10-29,1321.6519775390625,1331.8499755859375,1335.3499755859375,1299.25,1301.3499755859375,20656117
2024-10-30,1302.1029052734375,1312.1500244140625,1330.9000244140625,1305.5999755859375,1324.0,15055031
2024-10-31,1282.355224609375,1292.25,1318.949951171875,1288.550048828125,1307.25,23497314
2024-11-01,1281.90869140625,1291.800048828125,1296.199951171875,1286.25,1289.949951171875,1007022
2024-11-04,1267.42041015625,1277.199951171875,1291.800048828125,1270.050048828125,1290.0999755859375,14309121
2024-11-05,1286.7711181640625,1296.699951171875,1301.300048828125,1263.0999755859375,1273.0,16431920
2024-11-06,1292.3779296875,1302.3499755859375,1315.0,1292.699951171875,1300.25,12037405
2024-11-07,1268.908935546875,1278.699951171875,1302.800048828125,1275.25,1297.1500244140625,9909035
2024-11-08,1249.2109375,1258.8499755859375,1275.0,1252.699951171875,1270.0,11195808
2024-11-11,1259.5810546875,1269.300048828125,1275.9000244140625,1246.6500244140625,1262.0,8387780
2024-11-12,1260.8709716796875,1270.5999755859375,1295.0,1264.5,1276.1500244140625,13486168
2024-11-13,1244.100341796875,1253.699951171875,1276.25,1250.0,1270.5999755859375,12260404
2024-11-14,1247.325439453125,1256.949951171875,1267.699951171875,1243.050048828125,1253.75,9506892
2024-11-18,1243.852294921875,1253.449951171875,1262.5999755859375,1249.4000244140625,1260.0,6195554
2024-11-19,1239.53564453125,1249.0999755859375,1261.0,1240.8499755859375,1257.050048828125,11537317
2024-11-21,1240.974609375,1250.550048828125,1256.9000244140625,1232.550048828125,1248.550048828125,9593870
2024-11-22,1268.2640380859375,1278.050048828125,1281.4000244140625,1256.0,1258.0,11604338
2024-11-25,1290.9886474609375,1300.949951171875,1311.199951171875,1290.0,1296.0,22717581
2024-11-26,1294.9580078125,1304.949951171875,1314.25,1302.449951171875,1310.5999755859375,7646955
2024-11-27,1290.740478515625,1300.699951171875,1310.8499755859375,1297.8499755859375,1298.5,21938082
2024-11-28,1276.5003662109375,1286.3499755859375,1310.5,1282.300048828125,1301.050048828125,22803745
2024-11-29,1290.1451416015625,1300.0999755859375,1303.25,1283.0999755859375,1283.0999755859375,11397228
2024-12-02,1294.6602783203125,1304.6500244140625,1310.550048828125,1289.1500244140625,1299.9000244140625,9626400
2024-12-03,1298.381591796875,1308.4000244140625,1312.800048828125,1296.0999755859375,1303.949951171875,11509276
2024-12-04,1305.9730224609375,1316.050048828125,1320.0,1301.699951171875,1302.5999755859375,11570281
2024-12-05,1326.2664794921875,1336.5,1342.9000244140625,1308.5999755859375,1316.25,19210697
2024-12-06,1318.5758056640625,1328.75,1347.0999755859375,1326.699951171875,1342.5,8942672
2024-12-09,1312.1751708984375,1322.300048828125,1329.050048828125,1320.25,1322.0999755859375,8000764
2024-12-10,1320.2626953125,1330.449951171875,1332.0,1315.25,1319.0,8218214
2024-12-11,1317.3353271484375,1327.5,1331.25,1316.0,1324.699951171875,8138066
2024-12-12,1319.0718994140625,1329.25,1338.75,1321.550048828125,1321.550048828125,9076896
2024-12-13,1334.6021728515625,1344.9000244140625,1347.1500244140625,1313.5,1325.3499755859375,13536684
2024-12-16,1335.7928466796875,1346.0999755859375,1350.449951171875,1340.050048828125,1344.9000244140625,9071006
2024-12-17,1323.5374755859375,1333.75,1348.0999755859375,1326.050048828125,1342.0,9879257
2024-12-18,1304.087646484375,1314.1500244140625,1334.949951171875,1307.449951171875,1325.25,8510595
2024-12-19,1277.0462646484375,1286.9000244140625,1303.0,1284.449951171875,1286.0,11517304
2024-12-20,1278.5347900390625,1288.4000244140625,1297.75,1272.4000244140625,1283.949951171875,58491181
2024-12-23,1286.8704833984375,1296.800048828125,1307.0,1287.050048828125,1294.6500244140625,6827512
2024-12-24,1287.3170166015625,1297.25,1304.5,1290.25,1296.800048828125,7138516
2024-12-26,1287.4161376953125,1297.3499755859375,1312.75,1289.199951171875,1307.0,7338444
2024-12-27,1297.5382080078125,1307.550048828125,1315.949951171875,1298.550048828125,1298.550048828125,4756066
2024-12-30,1284.7369384765625,1294.6500244140625,1326.5,1289.449951171875,1304.949951171875,14207425
2024-12-31,1271.83642578125,1281.6500244140625,1289.949951171875,1280.0999755859375,1286.9000244140625,8449607
