Date,Adj Close,Close,High,Low,Open,Volume
2020-01-01,619.7403564453125,736.8499755859375,740.0,732.5499877929688,735.0,2112415
2020-01-02,617.9320068359375,734.7000122070312,740.7999877929688,730.9000244140625,738.9000244140625,5658200
2020-01-03,627.43603515625,746.0,748.0,733.9000244140625,733.9000244140625,7882938
2020-01-06,621.4224243164062,738.8499755859375,753.7999877929688,736.5,746.0999755859375,6519403
2020-01-07,612.2127685546875,727.9000244140625,742.5999755859375,725.0999755859375,738.0,7899363
2020-01-08,604.0545043945312,718.2000122070312,729.0,708.2999877929688,724.9500122070312,8639443
2020-01-09,611.9183349609375,727.5499877929688,731.5,714.2999877929688,721.7000122070312,13521186
2020-01-10,620.833740234375,738.1500244140625,742.9000244140625,730.5,740.4500122070312,9341405
2020-01-13,650.607421875,773.5499877929688,777.5,755.0,760.0,36952038
2020-01-14,652.373779296875,775.6500244140625,776.9500122070312,767.2000122070312,769.9500122070312,11414418
2020-01-15,645.5609741210938,767.5499877929688,773.8499755859375,762.1500244140625,773.8499755859375,6047430
2020-01-16,645.0985107421875,767.0,772.5,760.25,770.7000122070312,5740586
2020-01-17,645.8134765625,767.8499755859375,772.9000244140625,762.25,770.7000122070312,3762957
2020-01-20,646.3180541992188,768.4500122070312,774.4000244140625,762.9500122070312,771.5999755859375,3887680
2020-01-21,641.3135986328125,762.5,770.5,760.75,768.4500122070312,4448374
2020-01-22,647.7899780273438,770.2000122070312,778.0,766.0,768.4500122070312,9733935
2020-01-23,659.6910400390625,784.3499755859375,785.5,776.7000122070312,777.0999755859375,12528017
2020-01-24,658.3453369140625,782.75,786.5,773.5999755859375,775.75,7540490
2020-01-27,654.4343872070312,778.0999755859375,784.7999877929688,774.4000244140625,779.0499877929688,3741610
2020-01-28,654.3501586914062,778.0,781.7999877929688,772.0,781.0,5121009
2020-01-29,664.1907348632812,789.7000122070312,792.7999877929688,784.25,786.5999755859375,6832757
2020-01-30,656.6211547851562,780.7000122070312,789.7000122070312,778.0,789.7000122070312,3859680
2020-01-31,652.6259765625,775.9500122070312,784.9500122070312,771.5999755859375,780.5499877929688,6092028
2020-02-03,645.4349365234375,767.4000244140625,790.9500122070312,764.5,782.0,6416745
2020-02-04,662.634765625,787.8499755859375,789.9000244140625,770.0999755859375,770.0999755859375,5771311
2020-02-05,659.8591918945312,784.5499877929688,786.0,774.4000244140625,781.0,6310409
2020-02-06,648.7570190429688,771.3499755859375,786.7999877929688,770.0,784.3499755859375,7341622
2020-02-07,653.7614135742188,777.2999877929688,778.8499755859375,771.0,775.9500122070312,2853344
2020-02-10,650.3131713867188,773.2000122070312,778.0,769.75,774.0,3827682
2020-02-11,650.607421875,773.5499877929688,779.0999755859375,769.2000122070312,779.0,4312817
2020-02-12,656.9154663085938,781.0499877929688,783.25,775.0999755859375,775.7999877929688,2948825
2020-02-13,666.3355102539062,792.25,794.0,782.2000122070312,785.0,4387430
2020-02-14,661.4572143554688,786.4500122070312,799.2000122070312,784.5999755859375,794.5,5321680
2020-02-17,663.98046875,789.4500122070312,793.4500122070312,783.2999877929688,790.2999877929688,2929629
2020-02-18,670.8772583007812,797.6500244140625,799.0499877929688,783.6500244140625,785.0,5083346
2020-02-19,673.2322387695312,800.4500122070312,804.8499755859375,796.1500244140625,800.0,3985192
2020-02-20,670.33056640625,797.0,806.0999755859375,793.8499755859375,803.25,4564569
2020-02-24,669.3631591796875,795.8499755859375,811.5999755859375,792.1500244140625,800.0999755859375,6627536
2020-02-25,671.508056640625,798.4000244140625,806.0,795.4000244140625,799.0,6996695
2020-02-26,658.3453369140625,782.75,801.4500122070312,780.5,793.9500122070312,8760569
2020-02-27,654.2240600585938,777.8499755859375,780.75,772.2000122070312,778.0,5223386
2020-02-28,615.4088134765625,731.7000122070312,756.7999877929688,722.0499877929688,750.0,14123957
2020-03-02,623.2727661132812,741.0499877929688,765.9000244140625,733.75,737.0,9821523
2020-03-03,628.277099609375,747.0,759.0,741.25,755.0,7826587
2020-03-04,638.1597290039062,758.75,761.5,745.5499877929688,753.9000244140625,11013444
2020-03-05,634.6692504882812,754.5999755859375,773.5499877929688,751.75,763.75,7755293
2020-03-06,621.5065307617188,738.9500122070312,744.0,729.0999755859375,741.0,9216022
2020-03-09,592.4898071289062,704.4500122070312,725.8499755859375,697.0,724.5,10308654
2020-03-11,576.9721069335938,686.0,695.9500122070312,669.0499877929688,690.6500244140625,16165009
2020-03-12,530.8816528320312,631.2000122070312,670.0,627.5,668.0,13965574
2020-03-13,540.2596435546875,642.3499755859375,667.0,570.0,592.0,16903113
2020-03-16,490.4682922363281,583.1500244140625,622.1500244140625,580.0,622.0,19140152
2020-03-17,466.750244140625,554.9500122070312,592.0,550.0,588.0999755859375,16059887
2020-03-18,449.3821105957031,534.2999877929688,578.0,528.0,568.0,15390183
2020-03-19,458.84417724609375,545.5499877929688,558.0,509.25,509.25,16583991
2020-03-20,492.1925354003906,585.2000122070312,617.4500122070312,548.0,549.5,21354894
2020-03-23,442.7798156738281,526.4500122070312,560.9500122070312,515.9000244140625,540.0,17146150
2020-03-24,496.0614318847656,589.7999877929688,601.1500244140625,522.0,522.0,20027097
2020-03-25,509.8548583984375,606.2000122070312,635.0,565.7000122070312,597.0,18339548
2020-03-26,540.8062133789062,643.0,650.8499755859375,612.0999755859375,615.0,14843813
2020-03-27,548.9645385742188,652.7000122070312,674.9000244140625,642.25,665.0499877929688,13495283
2020-03-30,527.0968017578125,626.7000122070312,663.5,621.0999755859375,625.0999755859375,14624804
2020-03-31,539.544677734375,641.5,662.0,633.7000122070312,650.0,15175521
2020-04-01,506.9952087402344,602.7999877929688,637.5,594.0,634.3499755859375,13083824
2020-04-03,492.61297607421875,585.7000122070312,606.0,582.1500244140625,603.5,10221655
2020-04-07,537.4419555664062,639.0,644.25,612.9000244140625,615.0,15145605
2020-04-08,531.2179565429688,631.5999755859375,655.6500244140625,626.3499755859375,630.0,11806896
2020-04-09,535.1289672851562,636.25,652.7999877929688,632.0999755859375,646.7999877929688,11931114
2020-04-13,536.09619140625,637.4000244140625,651.7000122070312,626.0499877929688,629.0,8330276
2020-04-15,537.4839477539062,639.0499877929688,653.2999877929688,635.5999755859375,651.4000244140625,11963447
2020-04-16,524.69970703125,623.8499755859375,634.9000244140625,603.5,619.9500122070312,17783287
2020-04-17,528.8209838867188,628.75,646.0,626.0,644.0,8878320
2020-04-20,549.4692993164062,653.2999877929688,661.0,639.0,640.0,13322913
2020-04-21,532.5637817382812,633.2000122070312,646.5,627.7999877929688,627.7999877929688,11660575
2020-04-22,539.8389892578125,641.8499755859375,645.0,628.0499877929688,633.2000122070312,8266728
2020-04-23,571.3368530273438,679.2999877929688,683.6500244140625,638.0999755859375,647.0499877929688,14451289
2020-04-24,553.4222412109375,658.0,675.0,654.7999877929688,668.5499877929688,7319940
2020-04-27,558.9732055664062,664.5999755859375,681.0,661.0499877929688,661.0499877929688,7183306
2020-04-28,555.693115234375,660.7000122070312,677.0,653.0499877929688,673.0,7296571
2020-04-29,569.02392578125,676.5499877929688,682.0,658.0,666.0,8639056
2020-04-30,601.7835693359375,715.5,720.0,698.0999755859375,700.0,16253821
2020-05-04,566.626953125,673.7000122070312,701.2000122070312,670.3499755859375,689.7999877929688,9122740
2020-05-05,566.626953125,673.7000122070312,685.5999755859375,670.0,681.75,6393053
2020-05-06,560.066650390625,665.9000244140625,681.4500122070312,664.0499877929688,676.9000244140625,7934250
2020-05-07,559.267578125,664.9500122070312,674.3499755859375,662.4500122070312,665.5499877929688,4779548
2020-05-08,567.0474853515625,674.2000122070312,680.9000244140625,668.5,672.25,8400321
2020-05-11,574.3648071289062,682.9000244140625,698.5499877929688,678.0,682.5,7370186
2020-05-12,578.3599853515625,687.6500244140625,691.0,675.5,678.5,7356039
2020-05-13,583.8267211914062,694.1500244140625,699.9000244140625,683.75,694.7999877929688,8287101
2020-05-14,553.5484008789062,658.1500244140625,671.75,652.5999755859375,659.0,16888262
2020-05-15,548.6281127929688,652.2999877929688,664.7999877929688,646.7000122070312,664.7999877929688,9255353
2020-05-18,558.3844604492188,663.9000244140625,670.5499877929688,653.0,659.8499755859375,10435442
2020-05-19,562.3375244140625,668.5999755859375,674.7999877929688,655.0,664.0,5902208
2020-05-20,563.136474609375,669.5499877929688,673.0,659.6500244140625,668.5,5794636
2020-05-21,565.3652954101562,672.2000122070312,679.4500122070312,665.4000244140625,666.5,7213225
2020-05-22,582.312744140625,692.3499755859375,695.8499755859375,673.5,675.0,11867731
2020-05-26,572.3882446289062,680.5499877929688,699.4500122070312,679.0,693.0,7099606
2020-05-27,593.330810546875,705.4500122070312,709.2000122070312,675.0,686.0499877929688,8774636
2020-05-28,594.9708251953125,707.4000244140625,710.0,690.0,707.0,9440091
2020-05-29,589.0885620117188,691.0,700.7999877929688,674.9500122070312,692.5,28290128
2020-06-01,596.3775024414062,699.5499877929688,706.6500244140625,691.5,698.75,12276438
2020-06-02,603.6665649414062,708.0999755859375,711.6500244140625,697.5499877929688,700.5,7059304
2020-06-03,598.0825805664062,701.5499877929688,711.9000244140625,696.0,710.7000122070312,11378568
2020-06-04,603.3681640625,707.75,709.4500122070312,697.5,702.0,10782424
2020-06-05,599.7877197265625,703.5499877929688,711.7000122070312,700.5999755859375,707.0,7718679
2020-06-08,614.5361328125,720.8499755859375,725.7999877929688,704.0,707.6500244140625,10719105
2020-06-09,611.765380859375,717.5999755859375,729.5999755859375,715.0499877929688,720.0,10078029
2020-06-10,610.2734985351562,715.8499755859375,719.4500122070312,709.2000122070312,715.0,7263049
2020-06-11,600.1286010742188,703.9500122070312,713.4000244140625,700.25,712.0,8825715
2020-06-12,589.983642578125,692.0499877929688,695.1500244140625,675.5,675.7999877929688,9795316
2020-06-15,586.1473388671875,687.5499877929688,704.4000244140625,685.25,693.0,7857344
2020-06-16,597.7841186523438,701.2000122070312,712.0,699.1500244140625,702.0,10131760
2020-06-17,599.8728637695312,703.6500244140625,710.2999877929688,698.0,699.9000244140625,7291916
2020-06-18,608.6112670898438,713.9000244140625,716.5999755859375,706.0,708.2000122070312,6670195
2020-06-19,601.4926147460938,705.5499877929688,711.9000244140625,701.0,709.0,22438862
2020-06-22,599.9154663085938,703.7000122070312,708.7000122070312,700.0,707.0999755859375,7804096
2020-06-23,614.36572265625,720.6500244140625,724.5,692.0999755859375,695.7000122070312,12157390
2020-06-24,608.8243408203125,714.1500244140625,726.7999877929688,709.4000244140625,716.9000244140625,10220838
2020-06-25,597.1874389648438,700.5,705.5999755859375,693.5,704.8499755859375,14945284
2020-06-26,637.8524780273438,748.2000122070312,751.5999755859375,710.0,710.2000122070312,26030458
2020-06-29,623.8285522460938,731.75,744.7000122070312,730.0999755859375,735.4000244140625,8954428
2020-06-30,627.4090576171875,735.9500122070312,738.9500122070312,724.25,732.7999877929688,10411290
2020-07-01,623.9564819335938,731.9000244140625,742.2999877929688,729.75,737.25,5477468
2020-07-02,645.0135498046875,756.5999755859375,765.4500122070312,735.4000244140625,737.3499755859375,17263756
2020-07-03,650.2139892578125,762.7000122070312,764.0,752.5,755.0,7796572
2020-07-06,651.322265625,764.0,775.0,761.5,765.2000122070312,8810958
2020-07-07,677.025634765625,794.1500244140625,796.9500122070312,765.5499877929688,769.4000244140625,19362533
2020-07-08,660.444091796875,774.7000122070312,784.9000244140625,772.2000122070312,784.9000244140625,8476642
2020-07-09,666.4116821289062,781.7000122070312,790.0,775.0,780.0,6854166
2020-07-10,666.53955078125,781.8499755859375,789.9000244140625,773.5,773.5,5206452
2020-07-13,679.497802734375,797.0499877929688,805.3499755859375,786.0499877929688,788.0,10804688
2020-07-14,667.733154296875,783.25,806.4000244140625,781.3499755859375,792.9500122070312,8961822
2020-07-15,708.3981323242188,830.9500122070312,848.4500122070312,794.7999877929688,799.0,30060599
2020-07-16,776.6421508789062,911.0,955.5,894.25,900.0999755859375,90432109
2020-07-17,769.9498901367188,903.1500244140625,919.9000244140625,892.1500244140625,911.0,31682878
2020-07-20,796.5056762695312,934.2999877929688,945.0,906.75,908.5,18421053
2020-07-21,798.5943603515625,936.75,949.7000122070312,929.2000122070312,945.0,12877784
2020-07-22,782.5243530273438,917.9000244140625,939.0,910.0,938.9500122070312,14354201
2020-07-23,774.0418090820312,907.9500122070312,915.7999877929688,900.6500244140625,915.6500244140625,13051307
2020-07-24,786.7442626953125,922.8499755859375,925.75,903.25,903.25,18209580
2020-07-27,808.5687866210938,948.4500122070312,952.7999877929688,918.6500244140625,921.5499877929688,16827870
2020-07-28,820.844970703125,962.8499755859375,967.5499877929688,941.2000122070312,946.0,15818463
2020-07-29,813.4281616210938,954.1500244140625,960.0,943.5999755859375,953.25,11152710
2020-07-30,819.6514892578125,961.4500122070312,972.6500244140625,958.75,962.0,12492320
2020-07-31,823.5303344726562,966.0,986.4500122070312,953.2999877929688,969.25,12704346
2020-08-03,815.7725830078125,956.9000244140625,965.4000244140625,947.4500122070312,960.0,8479792
2020-08-04,809.7622680664062,949.8499755859375,970.7000122070312,940.5499877929688,960.4500122070312,11133170
2020-08-05,805.3718872070312,944.7000122070312,960.9500122070312,938.2999877929688,952.0,9614176
2020-08-06,827.6650390625,970.8499755859375,974.4000244140625,942.5,953.5,10976491
2020-08-07,810.6574096679688,950.9000244140625,969.4500122070312,949.0,969.4500122070312,8010948
2020-08-10,811.041015625,951.3499755859375,956.7999877929688,945.2999877929688,948.9000244140625,5716319
2020-08-11,808.5687866210938,948.4500122070312,962.0,946.0999755859375,949.9000244140625,6802442
2020-08-12,814.1100463867188,954.9500122070312,958.7999877929688,942.2000122070312,948.0,6908726
2020-08-13,810.9131469726562,951.2000122070312,968.5,948.25,954.7999877929688,5097703
2020-08-14,812.9591674804688,953.5999755859375,963.0,952.0499877929688,955.8499755859375,4663873
2020-08-17,816.2840576171875,957.5,972.4500122070312,954.0999755859375,954.0999755859375,9008210
2020-08-18,824.8518676757812,967.5499877929688,969.2000122070312,958.7000122070312,963.9000244140625,6141761
2020-08-19,817.8185424804688,959.2999877929688,971.5499877929688,957.4500122070312,970.9000244140625,6622744
2020-08-20,814.2805786132812,955.1500244140625,965.5,951.2999877929688,958.9000244140625,5656501
2020-08-21,808.8671875,948.7999877929688,963.4500122070312,946.5499877929688,963.0499877929688,6513773
2020-08-24,807.6737670898438,947.4000244140625,952.0,939.2000122070312,947.0,5798574
2020-08-25,799.7451782226562,938.0999755859375,948.6500244140625,933.5999755859375,947.5,6233918
2020-08-26,810.5722045898438,950.7999877929688,954.25,938.4000244140625,941.25,5153601
2020-08-27,807.375244140625,947.0499877929688,960.9500122070312,945.2000122070312,960.0,6154280
2020-08-28,797.3154907226562,935.25,952.5,933.0499877929688,951.4500122070312,7593610
2020-08-31,791.6463012695312,928.5999755859375,950.5,914.5999755859375,935.25,12808355
2020-09-01,779.3274536132812,914.1500244140625,935.0,912.0999755859375,926.25,6907773
2020-09-02,787.7247314453125,924.0,926.4000244140625,913.5,915.0,5678118
2020-09-03,797.5712890625,935.5499877929688,949.4000244140625,924.0,926.5,8827948
2020-09-04,783.5901489257812,919.1500244140625,929.5,914.4500122070312,915.0,8650342
2020-09-07,788.619873046875,925.0499877929688,927.5499877929688,913.0499877929688,918.9000244140625,6700385
2020-09-08,800.7682495117188,939.2999877929688,952.0,925.5499877929688,929.9500122070312,12891964
2020-09-09,790.921630859375,927.75,946.0,926.0,935.0,5528947
2020-09-10,801.4076538085938,940.0499877929688,942.0,924.7999877929688,935.2999877929688,5171884
2020-09-11,806.2244262695312,945.7000122070312,954.1500244140625,931.0,934.9000244140625,6671903
2020-09-14,834.1016235351562,978.4000244140625,991.0499877929688,948.2999877929688,957.0,21871587
2020-09-15,837.5542602539062,982.4500122070312,994.0,971.6500244140625,979.5,11608203
2020-09-16,854.0079956054688,1001.75,1005.6500244140625,982.0,986.0,10059251
2020-09-17,861.8936767578125,1011.0,1021.0,995.0,995.0,15628241
2020-09-18,854.3489379882812,1002.1500244140625,1018.7999877929688,999.0999755859375,1011.0,12897633
2020-09-21,860.955810546875,1009.9000244140625,1031.0,1000.5,1001.0,14140637
2020-09-22,858.9098510742188,1007.5,1022.5,991.2000122070312,1009.0,12625762
2020-09-23,869.3531494140625,1019.75,1037.0,1008.0999755859375,1020.1500244140625,13486204
2020-09-24,831.5440673828125,975.4000244140625,1009.0,970.0,1003.0,14427432
2020-09-25,862.2771606445312,1011.4500122070312,1014.9000244140625,975.0,975.7999877929688,13311078
2020-09-28,861.3821411132812,1010.4000244140625,1016.1500244140625,998.5,1014.7999877929688,8554526
2020-09-29,860.1885986328125,1009.0,1028.0,1004.0999755859375,1018.0,8708463
2020-09-30,859.5492553710938,1008.25,1023.9500122070312,1005.0,1009.0,8048817
2020-10-01,867.5628662109375,1017.6500244140625,1026.5,1011.75,1020.5999755859375,5563358
2020-10-05,894.033447265625,1048.699951171875,1054.9000244140625,1018.0499877929688,1018.0499877929688,14212509
2020-10-06,900.043701171875,1055.75,1060.0,1031.3499755859375,1055.0,9090819
2020-10-07,909.2510375976562,1066.550048828125,1072.0,1035.5,1044.9000244140625,9284008
2020-10-08,932.3966064453125,1093.699951171875,1124.0,1088.4000244140625,1090.0,21482613
2020-10-09,943.564697265625,1106.800048828125,1113.300048828125,1088.449951171875,1095.0999755859375,10567867
2020-10-12,965.1331176757812,1132.0999755859375,1140.0,1112.0999755859375,1123.0,14633537
2020-10-13,987.0428466796875,1157.800048828125,1166.050048828125,1135.550048828125,1135.550048828125,17523825
2020-10-14,969.3106079101562,1137.0,1164.9000244140625,1131.0999755859375,1162.0,16649573
2020-10-15,944.8008422851562,1108.25,1186.0,1092.5,1180.0,44288251
2020-10-16,961.2118530273438,1127.5,1135.949951171875,1096.9000244140625,1113.8499755859375,18365685
2020-10-19,959.8478393554688,1125.9000244140625,1139.0,1115.300048828125,1135.0,12902123
2020-10-20,969.7368774414062,1137.5,1144.699951171875,1110.0,1118.9000244140625,10448776
2020-10-21,978.986572265625,1148.3499755859375,1154.3499755859375,1135.0,1141.1500244140625,19811433
2020-10-22,962.5332641601562,1129.050048828125,1158.0,1123.800048828125,1142.0,11271335
2020-10-23,967.2291870117188,1122.5,1135.0,1120.1500244140625,1133.0,9069862
2020-10-26,958.5693969726562,1112.449951171875,1129.5999755859375,1103.1500244140625,1122.25,6309368
2020-10-27,939.95751953125,1090.8499755859375,1109.699951171875,1077.1500244140625,1105.699951171875,10172479
2020-10-28,927.635498046875,1076.550048828125,1104.75,1070.050048828125,1095.5,7608392
2020-10-29,926.1705322265625,1074.8499755859375,1082.0,1060.0999755859375,1070.0,6935616
2020-10-30,913.8917236328125,1060.5999755859375,1083.5999755859375,1052.3499755859375,1072.0,8800386
2020-11-02,923.973388671875,1072.300048828125,1079.949951171875,1051.0999755859375,1065.0,7183119
2020-11-03,915.5718994140625,1062.550048828125,1079.4000244140625,1057.5,1072.0,7204782
2020-11-04,942.62841796875,1093.949951171875,1116.0,1066.800048828125,1068.0,15702690
2020-11-05,951.288330078125,1104.0,1123.0,1099.0,1109.9000244140625,9568890
2020-11-06,958.8280029296875,1112.75,1121.0999755859375,1091.699951171875,1108.0,8807127
2020-11-09,979.3359375,1136.550048828125,1146.0,1121.1500244140625,1129.300048828125,10160320
2020-11-10,940.1298217773438,1091.050048828125,1113.8499755859375,1078.0,1113.8499755859375,15622869
2020-11-11,967.2291870117188,1122.5,1126.3499755859375,1087.0,1096.0,12514800
2020-11-12,963.13623046875,1117.75,1142.0,1113.75,1128.0999755859375,9180976
2020-11-13,968.6940307617188,1124.199951171875,1133.0,1117.0,1120.0,6363212
2020-11-14,976.6646118164062,1133.449951171875,1139.6500244140625,1131.0999755859375,1137.0,1136144
2020-11-17,968.2632446289062,1123.699951171875,1145.0,1112.6500244140625,1144.75,12813968
2020-11-18,956.9321899414062,1110.550048828125,1132.699951171875,1101.449951171875,1128.5,9839468
2020-11-19,945.0411376953125,1096.75,1114.699951171875,1093.800048828125,1100.0,10092343
2020-11-20,950.728271484375,1103.3499755859375,1109.0,1091.0999755859375,1106.0,8063554
2020-11-23,982.17919921875,1139.8499755859375,1144.800048828125,1101.949951171875,1105.0,10546363
2020-11-24,982.3516845703125,1140.050048828125,1154.9000244140625,1133.3499755859375,1145.0,8515426
2020-11-25,961.3268432617188,1115.6500244140625,1143.5,1111.25,1137.0,8958701
2020-11-26,959.2157592773438,1113.199951171875,1119.949951171875,1098.300048828125,1119.949951171875,10962256
2020-11-27,947.8416137695312,1100.0,1121.0,1091.0,1118.0,25306145
2020-12-01,980.4560546875,1137.8499755859375,1140.25,1105.050048828125,1105.050048828125,8933802
2020-12-02,983.0841064453125,1140.9000244140625,1147.449951171875,1121.0,1134.0,6741637
2020-12-03,970.6328125,1126.449951171875,1147.0,1122.699951171875,1147.0,16212632
2020-12-04,977.6985473632812,1134.6500244140625,1137.0,1115.0,1125.0,10564055
2020-12-07,985.3244018554688,1143.5,1153.0,1136.0,1147.300048828125,7792141
2020-12-08,993.8121337890625,1153.3499755859375,1167.0,1145.0,1145.0,12308330
2020-12-09,1012.6396484375,1175.199951171875,1179.5,1157.0,1168.050048828125,10039346
2020-12-10,1006.2201538085938,1167.75,1171.6500244140625,1150.0,1157.4000244140625,9488782
2020-12-11,1002.2994384765625,1163.199951171875,1171.949951171875,1155.25,1159.699951171875,10574009
2020-12-14,1003.462646484375,1164.550048828125,1172.5999755859375,1148.199951171875,1169.4000244140625,6728187
2020-12-15,994.88916015625,1154.5999755859375,1163.699951171875,1152.0,1156.0,6905926
2020-12-16,1004.4534301757812,1165.699951171875,1168.9000244140625,1153.5999755859375,1160.0,7788404
2020-12-17,998.8527221679688,1159.199951171875,1168.9000244140625,1156.199951171875,1165.9000244140625,6658153
2020-12-18,1025.219970703125,1189.800048828125,1195.0,1175.5999755859375,1182.8499755859375,15995676
2020-12-21,1014.4490356445312,1177.300048828125,1209.75,1152.050048828125,1188.0,10858352
2020-12-22,1051.6734619140625,1220.5,1223.8499755859375,1176.0999755859375,1182.0,10901851
2020-12-23,1079.720703125,1253.050048828125,1258.8499755859375,1230.550048828125,1238.0,15878346
2020-12-24,1065.0723876953125,1236.050048828125,1249.9000244140625,1226.0,1249.9000244140625,7313885
2020-12-28,1068.734619140625,1240.300048828125,1248.0,1236.0,1238.449951171875,4607051
2020-12-29,1077.3511962890625,1250.300048828125,1254.449951171875,1235.0,1235.0,6878105
2020-12-30,1074.3355712890625,1246.800048828125,1253.300048828125,1238.1500244140625,1253.0,5194690
2020-12-31,1082.090576171875,1255.800048828125,1258.4000244140625,1239.0,1243.0,7430470
2021-01-01,1086.0972900390625,1260.449951171875,1265.5,1255.800048828125,1257.9000244140625,4253550
2021-01-04,1110.0517578125,1288.25,1290.0,1261.1500244140625,1269.0,7208454
2021-01-05,1114.8341064453125,1293.800048828125,1299.0,1275.050048828125,1282.0,8145280
2021-01-06,1104.7523193359375,1282.0999755859375,1302.0,1268.050048828125,1300.0,7161715
2021-01-07,1087.562255859375,1262.1500244140625,1297.6500244140625,1255.5,1296.0,10954918
2021-01-08,1130.6026611328125,1312.0999755859375,1316.800048828125,1278.25,1278.25,13186251
2021-01-11,1185.8358154296875,1376.199951171875,1383.3499755859375,1340.0,1342.0999755859375,20528626
2021-01-12,1182.0015869140625,1371.75,1378.0,1360.0,1378.0,8309868
2021-01-13,1195.271484375,1387.1500244140625,1392.800048828125,1360.0,1373.8499755859375,14442997
2021-01-14,1180.924560546875,1370.5,1384.0,1318.449951171875,1360.0,27521697
2021-01-15,1158.9088134765625,1344.949951171875,1364.449951171875,1340.0,1360.0,15018441
2021-01-18,1130.5596923828125,1312.050048828125,1340.0,1306.0,1338.0,8861765
2021-01-19,1134.523193359375,1316.6500244140625,1331.0,1312.0,1320.0,5585744
2021-01-20,1154.1695556640625,1339.449951171875,1348.4000244140625,1320.550048828125,1320.550048828125,8225838
2021-01-21,1154.3848876953125,1339.699951171875,1361.050048828125,1335.0,1350.0,6142421
2021-01-22,1155.375732421875,1340.8499755859375,1356.0,1326.550048828125,1327.0,9646591
2021-01-25,1141.8045654296875,1325.0999755859375,1347.9000244140625,1313.0,1345.0,6542611
2021-01-27,1121.0380859375,1301.0,1327.550048828125,1285.0999755859375,1319.5999755859375,8133665
2021-01-28,1099.6685791015625,1276.199951171875,1296.449951171875,1272.550048828125,1291.800048828125,4660690
2021-01-29,1067.6575927734375,1239.050048828125,1291.1500244140625,1231.0,1286.25,12183519
2021-02-01,1086.4849853515625,1260.9000244140625,1277.949951171875,1241.0,1250.550048828125,8880279
2021-02-02,1095.4031982421875,1271.25,1294.4000244140625,1263.5999755859375,1280.0,6892490
2021-02-03,1106.9498291015625,1284.6500244140625,1304.0,1273.0,1277.6500244140625,8182968
2021-02-04,1102.3829345703125,1279.3499755859375,1293.4000244140625,1272.050048828125,1285.0,5032240
2021-02-05,1096.1358642578125,1272.0999755859375,1288.75,1262.0,1286.4000244140625,5477481
2021-02-08,1123.2354736328125,1303.550048828125,1310.0,1275.5,1285.5,6921922
2021-02-09,1124.958740234375,1305.550048828125,1332.0,1297.8499755859375,1306.9000244140625,7965949
2021-02-10,1117.16064453125,1296.5,1304.3499755859375,1283.5999755859375,1295.800048828125,5951207
2021-02-11,1113.84326171875,1292.6500244140625,1296.0,1283.050048828125,1289.0,4673317
2021-02-12,1128.620849609375,1309.800048828125,1323.75,1301.550048828125,1305.0,5797875
2021-02-15,1128.49169921875,1309.6500244140625,1328.4000244140625,1307.0999755859375,1320.0,4363513
2021-02-16,1111.9044189453125,1290.4000244140625,1319.75,1286.0,1314.0,6896421
2021-02-17,1104.0633544921875,1281.300048828125,1294.5,1275.0,1290.4000244140625,4575741
2021-02-18,1113.6707763671875,1292.449951171875,1306.0,1275.0,1276.0,6437551
2021-02-19,1112.68017578125,1291.300048828125,1299.5,1276.800048828125,1296.0999755859375,5389696
2021-02-22,1090.1903076171875,1265.199951171875,1308.550048828125,1260.0,1295.0,7371303
2021-02-23,1091.1810302734375,1266.3499755859375,1291.0,1257.550048828125,1271.1500244140625,6612942
2021-02-24,1098.0316162109375,1274.300048828125,1276.5999755859375,1252.0,1260.050048828125,4537258
2021-02-25,1098.2469482421875,1274.550048828125,1299.75,1272.0,1288.449951171875,8788221
2021-02-26,1079.9361572265625,1253.300048828125,1274.300048828125,1244.75,1269.0,15132388
2021-03-01,1091.7412109375,1267.0,1284.5,1259.0,1263.300048828125,5756286
2021-03-02,1124.0540771484375,1304.5,1310.0,1279.199951171875,1282.25,10461434
2021-03-03,1157.702392578125,1343.550048828125,1347.0,1308.0,1319.199951171875,9056399
2021-03-04,1146.3284912109375,1330.3499755859375,1363.8499755859375,1325.9000244140625,1335.0,12041941
2021-03-05,1134.5662841796875,1316.699951171875,1340.0,1305.050048828125,1328.5,6486176
2021-03-08,1150.9814453125,1335.75,1346.0999755859375,1317.199951171875,1324.800048828125,5119392
2021-03-09,1159.4256591796875,1345.550048828125,1350.449951171875,1318.75,1329.5,6518173
2021-03-10,1178.8992919921875,1368.1500244140625,1374.0,1355.0,1356.9000244140625,7925984
2021-03-12,1184.6727294921875,1374.8499755859375,1391.699951171875,1370.050048828125,1373.0,9462061
2021-03-15,1183.595703125,1373.5999755859375,1379.9000244140625,1358.5,1370.0,6658635
2021-03-16,1192.55712890625,1384.0,1406.0,1380.5,1386.050048828125,9352771
2021-03-17,1195.14208984375,1387.0,1400.0,1382.0,1392.25,7626744
2021-03-18,1152.14453125,1337.0999755859375,1393.75,1313.5,1393.75,10961755
2021-03-19,1158.4779052734375,1344.449951171875,1355.199951171875,1318.0,1330.0,12767112
2021-03-22,1181.18310546875,1370.800048828125,1376.0,1336.0999755859375,1350.0999755859375,4862758
2021-03-23,1181.829345703125,1371.550048828125,1383.25,1359.5999755859375,1372.449951171875,7165335
2021-03-24,1166.491455078125,1353.75,1370.449951171875,1346.25,1357.8499755859375,6134303
2021-03-25,1149.301025390625,1333.800048828125,1352.5,1327.5999755859375,1346.75,8749994
2021-03-26,1151.369140625,1336.199951171875,1356.699951171875,1332.0,1344.699951171875,4922071
2021-03-30,1193.6773681640625,1385.300048828125,1400.0,1336.1500244140625,1346.9000244140625,10546381
2021-03-31,1178.8134765625,1368.050048828125,1388.0,1363.300048828125,1382.0,8220987
2021-04-01,1193.5911865234375,1385.199951171875,1391.5999755859375,1371.0,1380.0,5675155
2021-04-05,1214.8743896484375,1409.9000244140625,1425.0,1387.0,1391.0,9479572
2021-04-06,1215.865234375,1411.050048828125,1426.0,1406.449951171875,1423.0,5793571
2021-04-07,1232.3662109375,1430.199951171875,1434.949951171875,1406.5999755859375,1410.25,5879234
2021-04-08,1240.6815185546875,1439.8499755859375,1451.699951171875,1421.0,1430.0,5654434
2021-04-09,1241.7156982421875,1441.050048828125,1455.0,1430.050048828125,1455.0,6052712
2021-04-12,1228.531982421875,1425.75,1477.550048828125,1415.0,1474.0,20384532
2021-04-13,1203.8880615234375,1397.1500244140625,1435.25,1375.0,1433.0,14855206
2021-04-15,1172.523193359375,1360.75,1366.4000244140625,1320.0,1332.300048828125,25342491
2021-04-16,1166.491455078125,1353.75,1370.8499755859375,1346.5999755859375,1365.0,10879878
2021-04-19,1174.0743408203125,1362.550048828125,1379.699951171875,1332.3499755859375,1340.0,12508028
2021-04-20,1164.4232177734375,1351.3499755859375,1379.0,1342.4000244140625,1379.0,8560766
2021-04-22,1164.2078857421875,1351.0999755859375,1364.800048828125,1345.1500244140625,1355.550048828125,6622446
2021-04-23,1149.301025390625,1333.800048828125,1348.4000244140625,1331.0,1343.0,7316262
2021-04-26,1157.702392578125,1343.550048828125,1351.300048828125,1321.0,1332.25,7088606
2021-04-27,1161.967529296875,1348.5,1353.0,1340.1500244140625,1346.0,3636115
2021-04-28,1168.43017578125,1356.0,1359.5,1344.5999755859375,1358.0,4879234
2021-04-29,1168.73193359375,1356.3499755859375,1369.0,1351.4000244140625,1368.0,5412357
2021-04-30,1167.00830078125,1354.3499755859375,1373.9000244140625,1345.9000244140625,1346.300048828125,8354677
2021-05-03,1165.026611328125,1352.050048828125,1361.0,1338.0,1340.800048828125,4560337
2021-05-04,1145.509765625,1329.4000244140625,1354.949951171875,1324.0999755859375,1354.0,4887060
2021-05-05,1155.93603515625,1341.5,1343.9000244140625,1327.800048828125,1341.0999755859375,3939788
2021-05-06,1173.25537109375,1361.5999755859375,1364.699951171875,1337.4000244140625,1345.0,4810090
2021-05-07,1165.45751953125,1352.550048828125,1373.050048828125,1348.5,1365.300048828125,4991435
2021-05-10,1154.255615234375,1339.550048828125,1352.9000244140625,1335.050048828125,1349.8499755859375,7195348
2021-05-11,1146.5869140625,1330.6500244140625,1341.0,1325.0999755859375,1336.9000244140625,6420988
2021-05-12,1143.4417724609375,1327.0,1330.0,1314.5,1330.0,5241898
2021-05-14,1134.307861328125,1316.4000244140625,1326.8499755859375,1311.300048828125,1326.8499755859375,4824609
2021-05-17,1145.509765625,1329.4000244140625,1334.949951171875,1320.300048828125,1320.300048828125,5017129
2021-05-18,1154.643310546875,1340.0,1344.5999755859375,1329.5,1338.0,5620150
2021-05-19,1152.058349609375,1337.0,1357.449951171875,1333.25,1342.0,4435878
2021-05-20,1154.040283203125,1339.300048828125,1349.0999755859375,1335.0,1348.4000244140625,4490092
2021-05-21,1167.1376953125,1354.5,1357.5,1346.3499755859375,1347.5,4969733
2021-05-24,1161.5799560546875,1348.050048828125,1363.0,1345.0999755859375,1356.6500244140625,4225371
2021-05-25,1173.25537109375,1361.5999755859375,1368.0,1354.449951171875,1358.0,4099340
2021-05-26,1203.9742431640625,1397.25,1400.0,1362.050048828125,1367.9000244140625,6850024
2021-05-27,1208.28271484375,1402.25,1416.25,1391.699951171875,1404.199951171875,15365391
2021-05-28,1210.6953125,1405.050048828125,1414.0,1396.0999755859375,1409.75,4261312
2021-05-31,1213.91796875,1393.75,1401.5,1383.0,1401.5,4429904
2021-06-01,1208.2130126953125,1387.199951171875,1401.0,1378.6500244140625,1400.0,4791325
2021-06-02,1200.7659912109375,1378.6500244140625,1391.949951171875,1365.0,1380.75,9272276
2021-06-03,1210.3468017578125,1389.6500244140625,1399.0,1377.050048828125,1388.0999755859375,5115645
2021-06-04,1206.8631591796875,1385.6500244140625,1396.9000244140625,1377.6500244140625,1393.949951171875,4194328
2021-06-07,1210.3468017578125,1389.6500244140625,1392.0,1377.300048828125,1391.0,5154576
2021-06-08,1230.6407470703125,1412.949951171875,1421.75,1395.550048828125,1396.0,7360630
2021-06-09,1232.6875,1415.300048828125,1425.0,1404.5999755859375,1413.4000244140625,5394317
2021-06-10,1240.5262451171875,1424.300048828125,1429.0,1419.0,1424.0,3496575
2021-06-11,1260.2103271484375,1446.9000244140625,1451.5999755859375,1429.449951171875,1430.0999755859375,6140828
2021-06-14,1273.1875,1461.800048828125,1477.0,1453.449951171875,1471.0,7132294
2021-06-15,1283.7264404296875,1473.9000244140625,1476.0,1463.0,1464.0,5403104
2021-06-16,1289.561767578125,1480.5999755859375,1489.449951171875,1467.5,1472.699951171875,7661710
2021-06-17,1302.3653564453125,1495.300048828125,1502.6500244140625,1475.0999755859375,1475.0999755859375,7677951
2021-06-18,1309.3330078125,1503.300048828125,1515.800048828125,1487.4000244140625,1509.0,13533974
2021-06-21,1306.7200927734375,1500.300048828125,1505.800048828125,1484.199951171875,1493.0,5454052
2021-06-22,1316.7796630859375,1511.8499755859375,1521.449951171875,1502.0999755859375,1509.699951171875,6427862
2021-06-23,1309.2025146484375,1503.1500244140625,1525.0,1498.6500244140625,1525.0,5529809
2021-06-24,1358.0203857421875,1559.199951171875,1568.75,1511.199951171875,1517.0,10785137
2021-06-25,1371.0849609375,1574.199951171875,1578.0,1543.0,1572.0,9780240
2021-06-28,1368.99462890625,1571.800048828125,1580.1500244140625,1560.5999755859375,1572.9000244140625,5019178
2021-06-29,1361.3736572265625,1563.050048828125,1573.6500244140625,1559.199951171875,1561.0,5913567
2021-06-30,1376.833251953125,1580.800048828125,1591.0,1572.050048828125,1572.050048828125,6058722
2021-07-01,1359.065673828125,1560.4000244140625,1576.8499755859375,1559.050048828125,1576.8499755859375,4814317
2021-07-02,1365.5108642578125,1567.800048828125,1569.449951171875,1542.5999755859375,1558.949951171875,5166064
2021-07-05,1375.221923828125,1578.949951171875,1585.0,1561.050048828125,1569.1500244140625,4058338
2021-07-06,1360.63330078125,1562.199951171875,1586.75,1557.0999755859375,1573.699951171875,4089574
2021-07-07,1362.7235107421875,1564.5999755859375,1570.550048828125,1544.6500244140625,1566.050048828125,4797120
2021-07-08,1359.370361328125,1560.75,1576.0,1549.0,1568.0,3326813
2021-07-09,1361.2430419921875,1562.9000244140625,1569.9000244140625,1551.0,1556.0,3436594
2021-07-12,1348.134765625,1547.8499755859375,1578.0,1533.75,1570.550048828125,4588982
2021-07-13,1345.6090087890625,1544.949951171875,1556.4000244140625,1536.300048828125,1556.4000244140625,4456160
2021-07-14,1373.4365234375,1576.9000244140625,1582.800048828125,1538.0999755859375,1554.0,5657716
2021-07-15,1376.833251953125,1580.800048828125,1596.8499755859375,1556.0,1557.9000244140625,10021355
2021-07-16,1354.754150390625,1555.449951171875,1574.6500244140625,1549.5999755859375,1573.75,6265593
2021-07-19,1342.7784423828125,1541.699951171875,1552.9000244140625,1537.550048828125,1544.699951171875,5669162
2021-07-20,1350.0509033203125,1550.050048828125,1557.699951171875,1538.0,1538.300048828125,5069939
2021-07-22,1385.0203857421875,1590.199951171875,1592.8499755859375,1561.4000244140625,1561.4000244140625,7854575
2021-07-23,1385.2381591796875,1590.449951171875,1598.5,1585.050048828125,1588.550048828125,4179719
2021-07-26,1396.952880859375,1603.9000244140625,1611.6500244140625,1594.0999755859375,1594.0999755859375,4586710
2021-07-27,1395.7772216796875,1602.550048828125,1609.300048828125,1597.9000244140625,1605.0,5892859
2021-07-28,1398.4334716796875,1605.5999755859375,1607.5999755859375,1585.5,1605.0999755859375,4686788
2021-07-29,1408.362548828125,1617.0,1620.0,1600.0999755859375,1600.0999755859375,4660873
2021-07-30,1402.7012939453125,1610.5,1623.4000244140625,1606.1500244140625,1610.0,6234257
2021-08-02,1421.0352783203125,1631.550048828125,1634.75,1619.199951171875,1627.449951171875,5553389
2021-08-03,1441.633544921875,1655.199951171875,1658.6500244140625,1635.5999755859375,1647.0,5513668
2021-08-04,1436.451416015625,1649.25,1679.9000244140625,1639.050048828125,1669.0999755859375,6740391
2021-08-05,1440.19677734375,1653.550048828125,1666.0,1647.050048828125,1649.5,5420536
2021-08-06,1437.278564453125,1650.199951171875,1660.6500244140625,1644.0,1657.0,3754855
2021-08-09,1448.6885986328125,1663.300048828125,1667.449951171875,1646.4000244140625,1661.0,5018477
2021-08-10,1460.838623046875,1677.25,1680.0,1661.050048828125,1668.0,6846517
2021-08-11,1461.0999755859375,1677.550048828125,1684.0,1668.0,1674.800048828125,4899639
2021-08-12,1471.594970703125,1689.5999755859375,1696.5,1674.0,1679.1500244140625,5659579
2021-08-13,1491.279052734375,1712.199951171875,1722.5,1691.300048828125,1697.0,5612790
2021-08-16,1484.4857177734375,1704.4000244140625,1719.949951171875,1690.0999755859375,1707.699951171875,4564109
2021-08-17,1516.92919921875,1741.6500244140625,1748.9000244140625,1686.550048828125,1703.9000244140625,9510390
2021-08-18,1509.787353515625,1733.449951171875,1755.5,1727.0,1729.0,6686090
2021-08-20,1509.3516845703125,1732.949951171875,1745.0,1716.0999755859375,1716.0999755859375,6206972
2021-08-23,1514.4034423828125,1738.75,1753.1500244140625,1732.0,1735.75,6189051
2021-08-24,1498.8131103515625,1720.8499755859375,1757.0,1712.699951171875,1750.0,7602939
2021-08-25,1511.6163330078125,1735.550048828125,1746.9000244140625,1718.0,1718.0,6153253
2021-08-26,1504.779052734375,1727.699951171875,1746.0,1720.0,1734.0,5302248
2021-08-27,1488.3177490234375,1708.800048828125,1727.699951171875,1705.199951171875,1725.0,6698514
2021-08-30,1478.954833984375,1698.050048828125,1718.6500244140625,1690.4000244140625,1703.050048828125,6559667
2021-08-31,1486.2711181640625,1706.449951171875,1715.0,1685.8499755859375,1700.1500244140625,12255438
2021-09-01,1461.2740478515625,1677.75,1709.5,1673.1500244140625,1709.5,7801974
2021-09-02,1471.1595458984375,1689.0999755859375,1694.300048828125,1662.6500244140625,1677.3499755859375,6830050
2021-09-03,1481.2193603515625,1700.6500244140625,1705.949951171875,1684.4000244140625,1696.050048828125,5339139
2021-09-06,1507.130859375,1730.4000244140625,1732.0,1699.3499755859375,1705.1500244140625,4876026
2021-09-07,1486.4451904296875,1706.6500244140625,1734.9000244140625,1704.0,1730.0,3520341
2021-09-08,1474.774169921875,1693.25,1700.8499755859375,1682.949951171875,1700.8499755859375,4584896
2021-09-09,1473.3370361328125,1691.5999755859375,1694.9000244140625,1682.1500244140625,1685.9000244140625,3331674
2021-09-13,1473.598388671875,1691.9000244140625,1701.5,1675.199951171875,1683.0,4662374
2021-09-14,1468.590087890625,1686.1500244140625,1695.949951171875,1678.5999755859375,1695.949951171875,4945167
2021-09-15,1490.625732421875,1711.449951171875,1715.0999755859375,1690.199951171875,1693.25,4062344
2021-09-16,1482.6129150390625,1702.25,1719.25,1691.449951171875,1715.199951171875,3246568
2021-09-17,1473.0758056640625,1691.300048828125,1718.0,1684.449951171875,1697.0,7454864
2021-09-20,1470.0709228515625,1687.8499755859375,1707.699951171875,1677.949951171875,1685.0,5660743
2021-09-21,1496.722900390625,1718.449951171875,1726.75,1684.6500244140625,1700.0,4672222
2021-09-22,1495.3726806640625,1716.9000244140625,1738.9000244140625,1713.050048828125,1717.0,4553892
2021-09-23,1517.713134765625,1742.550048828125,1745.0,1721.0999755859375,1732.0,3826090
2021-09-24,1536.2647705078125,1763.8499755859375,1788.0,1752.449951171875,1758.0,8280446
2021-09-27,1499.07421875,1721.1500244140625,1769.0,1718.0999755859375,1768.75,5045337
2021-09-28,1469.417724609375,1687.0999755859375,1710.0,1675.0,1710.0,6557197
2021-09-29,1473.9031982421875,1692.25,1701.4000244140625,1655.0,1659.25,7792548
2021-09-30,1459.05322265625,1675.199951171875,1703.0,1670.0999755859375,1703.0,6914031
2021-10-01,1450.2998046875,1665.1500244140625,1678.949951171875,1661.25,1665.0999755859375,5733906
2021-10-04,1462.14501953125,1678.75,1688.0,1665.4000244140625,1672.5,2947154
2021-10-05,1474.382080078125,1692.800048828125,1702.949951171875,1663.0,1671.0,4373310
2021-10-06,1457.6160888671875,1673.550048828125,1709.0,1670.0,1702.0999755859375,4271698
2021-10-07,1472.8143310546875,1691.0,1704.199951171875,1676.6500244140625,1687.0,5476108
2021-10-08,1501.4259033203125,1723.8499755859375,1731.5,1698.4000244140625,1705.25,4738376
2021-10-11,1472.7708740234375,1690.949951171875,1730.0,1663.699951171875,1682.0,8840633
2021-10-12,1467.7193603515625,1685.1500244140625,1689.0,1662.0,1677.0,7439300
2021-10-13,1488.666259765625,1709.199951171875,1713.6500244140625,1680.050048828125,1695.949951171875,7104171
2021-10-14,1494.3709716796875,1715.75,1783.5999755859375,1698.199951171875,1754.0,19655776
2021-10-18,1560.9134521484375,1792.1500244140625,1799.0,1740.0,1740.0,13438109
2021-10-19,1587.0426025390625,1822.1500244140625,1834.5,1782.300048828125,1814.0,10324260
2021-10-20,1569.7972412109375,1802.3499755859375,1848.0,1794.050048828125,1829.4000244140625,5876115
2021-10-21,1527.3809814453125,1753.6500244140625,1814.0,1746.8499755859375,1814.0,8779629
2021-10-22,1497.8985595703125,1719.800048828125,1763.199951171875,1707.0,1749.9000244140625,7369809
2021-10-25,1487.2291259765625,1707.550048828125,1729.75,1687.199951171875,1722.050048828125,5905209
2021-10-26,1497.0263671875,1703.699951171875,1726.5999755859375,1695.9000244140625,1710.050048828125,5871709
2021-10-27,1519.21337890625,1728.949951171875,1734.1500244140625,1701.1500244140625,1709.0999755859375,5090259
2021-10-28,1497.2021484375,1703.9000244140625,1724.75,1692.050048828125,1719.3499755859375,5329972
2021-10-29,1465.4375,1667.75,1712.5999755859375,1661.050048828125,1699.0,5875091
2021-11-01,1493.8193359375,1700.050048828125,1707.199951171875,1676.0,1677.5,3636806
2021-11-02,1491.9300537109375,1697.9000244140625,1706.449951171875,1686.3499755859375,1695.0,3471772
2021-11-03,1495.9720458984375,1702.5,1717.449951171875,1699.0,1709.0,3530713
2021-11-04,1501.419921875,1708.699951171875,1717.0,1705.0,1715.0,483407
2021-11-08,1526.726318359375,1737.5,1741.0,1703.0,1730.0,5245903
2021-11-09,1531.1197509765625,1742.5,1750.0,1726.0,1734.75,4016134
2021-11-10,1529.0546875,1740.1500244140625,1750.949951171875,1721.949951171875,1726.0,4780368
2021-11-11,1523.0357666015625,1733.300048828125,1739.75,1709.0,1732.949951171875,4731349
2021-11-12,1564.2464599609375,1780.199951171875,1782.8499755859375,1738.050048828125,1743.0,5069009
2021-11-15,1570.353515625,1787.1500244140625,1800.0,1775.5,1782.0999755859375,4354074
2021-11-16,1574.878662109375,1792.300048828125,1808.949951171875,1777.0,1790.0,6034233
2021-11-17,1570.6168212890625,1787.449951171875,1802.0,1780.699951171875,1792.550048828125,4732492
2021-11-18,1563.54345703125,1779.4000244140625,1789.449951171875,1759.0,1781.5999755859375,4326924
2021-11-22,1545.9698486328125,1759.4000244140625,1785.4000244140625,1751.1500244140625,1784.0,6621839
2021-11-23,1526.1990966796875,1736.9000244140625,1747.25,1710.0,1735.0999755859375,8436160
2021-11-24,1490.2607421875,1696.0,1740.5,1688.0,1740.0,7333061
2021-11-25,1513.4580078125,1722.4000244140625,1726.199951171875,1696.949951171875,1700.0,4476260
2021-11-26,1486.4383544921875,1691.6500244140625,1718.3499755859375,1684.0,1702.550048828125,4494181
2021-11-29,1490.568115234375,1696.3499755859375,1712.0,1669.1500244140625,1691.0,3942776
2021-11-30,1504.8907470703125,1712.6500244140625,1729.9000244140625,1700.050048828125,1704.550048828125,14808963
2021-12-01,1506.867919921875,1714.9000244140625,1741.9000244140625,1713.0,1715.0,5193264
2021-12-02,1536.17236328125,1748.25,1750.5,1711.3499755859375,1715.0,5559574
2021-12-03,1525.012939453125,1735.550048828125,1786.6500244140625,1732.550048828125,1771.0999755859375,6754012
2021-12-06,1489.6456298828125,1695.300048828125,1733.949951171875,1691.5,1730.0,3991449
2021-12-07,1504.0120849609375,1711.6500244140625,1724.9000244140625,1694.0,1701.0999755859375,4202122
2021-12-08,1540.6536865234375,1753.3499755859375,1759.800048828125,1732.5999755859375,1733.0,3029169
2021-12-09,1549.5283203125,1763.449951171875,1769.4000244140625,1742.0,1759.0,2082171
2021-12-10,1545.8377685546875,1759.25,1763.75,1746.0,1760.0,1823469
2021-12-13,1533.009033203125,1744.6500244140625,1771.3499755859375,1738.800048828125,1767.050048828125,4040584
2021-12-14,1539.598876953125,1752.1500244140625,1763.0,1710.3499755859375,1730.9000244140625,4768144
2021-12-15,1523.82666015625,1734.199951171875,1747.949951171875,1721.199951171875,1745.0,3053149
2021-12-16,1556.6898193359375,1771.5999755859375,1777.5999755859375,1758.0,1762.6500244140625,4481031
2021-12-17,1599.9652099609375,1820.8499755859375,1842.0,1806.75,1820.0,18887243
2021-12-20,1580.6781005859375,1798.9000244140625,1829.6500244140625,1787.300048828125,1801.699951171875,5773891
2021-12-21,1591.8372802734375,1811.5999755859375,1838.0,1801.0,1801.0,5353584
2021-12-22,1603.3482666015625,1824.699951171875,1829.1500244140625,1812.3499755859375,1825.0,4156428
2021-12-23,1632.257080078125,1857.5999755859375,1861.5999755859375,1827.0,1831.25,4112933
2021-12-24,1637.4415283203125,1863.5,1875.75,1854.0,1872.949951171875,3780347
2021-12-27,1639.77001953125,1866.1500244140625,1874.5,1845.050048828125,1860.0,2647733
2021-12-28,1658.9693603515625,1888.0,1895.9000244140625,1878.4000244140625,1880.699951171875,3340933
2021-12-29,1656.8167724609375,1885.550048828125,1893.800048828125,1876.4000244140625,1883.5,3236635
2021-12-30,1663.23095703125,1892.8499755859375,1909.800048828125,1874.3499755859375,1884.5,4584738
2021-12-31,1658.74951171875,1887.75,1898.3499755859375,1871.6500244140625,1890.0,4619420
2022-01-03,1668.1514892578125,1898.449951171875,1914.050048828125,1887.75,1887.75,3329616
2022-01-04,1668.766845703125,1899.1500244140625,1906.6500244140625,1878.0,1898.449951171875,3921999
2022-01-05,1620.878173828125,1844.6500244140625,1902.9000244140625,1840.0,1900.0,6995719
2022-01-06,1597.285400390625,1817.800048828125,1828.0,1800.0,1828.0,6449205
2022-01-07,1594.209716796875,1814.300048828125,1836.0,1806.800048828125,1815.449951171875,4834389
2022-01-10,1626.238037109375,1850.75,1869.9000244140625,1813.0,1815.0,7857560
2022-01-11,1630.499755859375,1855.5999755859375,1870.0,1850.1500244140625,1855.0,5142287
2022-01-12,1649.6990966796875,1877.449951171875,1889.0,1860.0,1868.9000244140625,5362535
2022-01-13,1666.7020263671875,1896.800048828125,1912.5,1866.3499755859375,1905.0,14277630
2022-01-14,1695.3033447265625,1929.3499755859375,1933.0,1881.0,1882.0,7688506
2022-01-17,1704.2220458984375,1939.5,1953.9000244140625,1930.5,1938.550048828125,5262464
2022-01-18,1687.7464599609375,1920.75,1945.0,1911.449951171875,1922.0999755859375,3690315
2022-01-19,1640.560791015625,1867.050048828125,1916.0,1862.8499755859375,1916.0,5747770
2022-01-20,1602.4696044921875,1823.699951171875,1848.0,1815.5,1844.0,5533463
2022-01-21,1569.0791015625,1785.699951171875,1808.0,1776.0,1795.0,8252758
2022-01-24,1526.111328125,1736.800048828125,1768.6500244140625,1728.0,1765.0,7116712
2022-01-25,1513.2384033203125,1722.1500244140625,1740.0,1700.5,1726.5999755859375,9137653
2022-01-27,1474.9713134765625,1678.5999755859375,1709.699951171875,1665.0,1702.0,11231734
2022-01-28,1481.6492919921875,1686.199951171875,1727.550048828125,1679.5,1681.0,10998502
2022-01-31,1525.5841064453125,1736.199951171875,1749.5,1715.3499755859375,1718.0,8788872
2022-02-01,1557.0850830078125,1772.050048828125,1780.0,1734.699951171875,1766.0999755859375,5119935
2022-02-02,1570.3094482421875,1787.0999755859375,1792.800048828125,1772.0,1789.0,4253717
2022-02-03,1527.64892578125,1738.550048828125,1779.0,1734.0,1779.0,3832922
2022-02-04,1529.8896484375,1741.0999755859375,1753.949951171875,1710.1500244140625,1732.0,4700077
2022-02-07,1506.955810546875,1715.0,1732.0,1695.4000244140625,1722.199951171875,4310209
2022-02-08,1508.9766845703125,1717.300048828125,1725.0,1696.0,1710.0,6053401
2022-02-09,1526.550537109375,1737.300048828125,1743.0,1725.0,1735.0,3867244
2022-02-10,1554.9324951171875,1769.5999755859375,1773.9000244140625,1748.75,1755.6500244140625,4334630
2022-02-11,1512.535400390625,1721.3499755859375,1745.949951171875,1713.0,1740.0,7551371
2022-02-14,1478.134521484375,1682.199951171875,1718.550048828125,1678.25,1690.0,7459637
2022-02-15,1527.38525390625,1738.25,1746.75,1690.449951171875,1699.0,4669915
2022-02-16,1523.0357666015625,1733.300048828125,1755.449951171875,1726.8499755859375,1738.25,5350642
2022-02-17,1515.56689453125,1724.800048828125,1749.0,1720.300048828125,1744.0,3937950
2022-02-18,1499.8822021484375,1706.949951171875,1722.5,1703.5,1710.0,5602215
2022-02-21,1520.751220703125,1730.699951171875,1737.300048828125,1691.5,1701.0,5120890
2022-02-22,1523.9583740234375,1734.3499755859375,1751.0,1691.050048828125,1699.9000244140625,8878515
2022-02-23,1531.42724609375,1742.8499755859375,1758.25,1733.4000244140625,1750.0,5478811
2022-02-24,1474.575927734375,1678.1500244140625,1714.949951171875,1670.5,1690.0999755859375,13592379
2022-02-25,1489.0303955078125,1694.5999755859375,1728.1500244140625,1677.0,1715.0,9737281
2022-02-28,1507.48291015625,1715.5999755859375,1728.050048828125,1665.0,1682.199951171875,15076542
2022-03-02,1496.23583984375,1702.800048828125,1714.4000244140625,1691.0,1710.0,6771489
2022-03-03,1512.0960693359375,1720.8499755859375,1733.9000244140625,1705.550048828125,1720.199951171875,7344147
2022-03-04,1514.2491455078125,1723.300048828125,1736.0,1681.0,1695.25,9074499
2022-03-07,1528.7911376953125,1739.8499755859375,1751.0,1696.0,1697.0,9742588
2022-03-08,1562.489013671875,1778.199951171875,1800.0,1718.449951171875,1718.449951171875,10984500
2022-03-09,1593.3751220703125,1813.3499755859375,1831.5999755859375,1791.0,1791.0,10193515
2022-03-10,1604.402587890625,1825.9000244140625,1844.75,1810.199951171875,1844.75,6547182
2022-03-11,1600.975830078125,1822.0,1831.4000244140625,1811.0,1814.0,4758657
2022-03-14,1661.341796875,1890.699951171875,1895.0,1831.550048828125,1831.550048828125,10289724
2022-03-15,1616.17724609375,1839.300048828125,1888.3499755859375,1830.0,1888.3499755859375,7140443
2022-03-16,1660.1993408203125,1889.4000244140625,1893.949951171875,1849.0,1865.0,5233979
2022-03-17,1629.6209716796875,1854.5999755859375,1923.300048828125,1833.050048828125,1923.300048828125,17731459
2022-03-21,1628.259033203125,1853.050048828125,1886.9000244140625,1841.0999755859375,1861.0,8362085
2022-03-22,1658.4422607421875,1887.4000244140625,1890.0,1839.0,1850.0,5709382
2022-03-23,1645.26171875,1872.4000244140625,1900.0,1857.0,1897.0,6192824
2022-03-24,1657.826904296875,1886.699951171875,1894.5999755859375,1856.1500244140625,1856.1500244140625,3784303
2022-03-25,1648.908447265625,1876.550048828125,1894.0,1858.0,1892.0,3438588
2022-03-28,1646.5797119140625,1873.9000244140625,1880.9000244140625,1852.6500244140625,1866.0,4008555
2022-03-29,1657.2120361328125,1886.0,1889.4000244140625,1860.550048828125,1873.9000244140625,3917785
2022-03-30,1672.984375,1903.949951171875,1919.0,1895.0,1910.0,7795839
2022-03-31,1675.53271484375,1906.8499755859375,1913.0,1894.199951171875,1900.0,5399145
2022-04-01,1672.633056640625,1903.550048828125,1910.300048828125,1878.300048828125,1886.8499755859375,6171518
2022-04-04,1654.5318603515625,1882.949951171875,1893.0,1873.0,1889.75,7364074
2022-04-05,1635.332763671875,1861.0999755859375,1889.5999755859375,1857.1500244140625,1883.800048828125,5472024
2022-04-06,1606.9947509765625,1828.8499755859375,1857.5,1822.1500244140625,1855.0,5407453
2022-04-07,1591.3101806640625,1811.0,1828.1500244140625,1807.550048828125,1821.050048828125,5797544
2022-04-08,1594.4735107421875,1814.5999755859375,1838.0,1808.0,1823.0,5131446
2022-04-11,1552.252197265625,1766.550048828125,1814.0,1762.550048828125,1814.0,8248407
2022-04-12,1531.075927734375,1742.449951171875,1757.5,1727.75,1757.5,6456184
2022-04-13,1536.4359130859375,1748.550048828125,1757.5,1732.0,1754.949951171875,6257693
2022-04-18,1424.710205078125,1621.4000244140625,1650.0,1590.0,1605.5,30523965
2022-04-19,1372.5159912109375,1562.0,1636.6500244140625,1550.0,1636.6500244140625,17044923
2022-04-20,1395.0982666015625,1587.699951171875,1596.300048828125,1563.0,1575.0,10678747
2022-04-21,1422.4256591796875,1618.800048828125,1627.199951171875,1589.25,1595.0,7766514
2022-04-22,1393.1212158203125,1585.449951171875,1610.699951171875,1582.4000244140625,1604.3499755859375,8134245
2022-04-25,1371.72509765625,1561.0999755859375,1572.800048828125,1554.0999755859375,1572.800048828125,7000570
2022-04-26,1389.2110595703125,1581.0,1592.0,1566.550048828125,1577.199951171875,5345435
2022-04-27,1364.4320068359375,1552.800048828125,1572.75,1550.3499755859375,1572.75,8819356
2022-04-28,1390.6171875,1582.5999755859375,1601.800048828125,1557.449951171875,1570.0,9245177
2022-04-29,1377.3927001953125,1567.550048828125,1597.300048828125,1560.800048828125,1590.0,9831395
2022-05-02,1354.0634765625,1541.0,1552.75,1531.0,1550.9000244140625,7072627
2022-05-04,1349.274658203125,1535.550048828125,1570.0,1530.1500244140625,1547.25,6220959
2022-05-05,1392.8575439453125,1585.1500244140625,1589.4000244140625,1557.449951171875,1560.050048828125,6144870
2022-05-06,1355.68896484375,1542.8499755859375,1561.8499755859375,1535.050048828125,1550.0,6171472
2022-05-09,1379.85302734375,1570.3499755859375,1586.800048828125,1522.1500244140625,1540.0,6832202
2022-05-10,1364.6077880859375,1553.0,1569.1500244140625,1546.050048828125,1558.0,6212545
2022-05-11,1341.5419921875,1526.75,1549.949951171875,1511.5999755859375,1549.949951171875,7846080
2022-05-12,1325.76953125,1508.800048828125,1527.5,1504.300048828125,1514.0,7034979
2022-05-13,1321.9034423828125,1504.4000244140625,1529.25,1498.0999755859375,1519.300048828125,6723761
2022-05-16,1308.4593505859375,1489.0999755859375,1511.8499755859375,1478.6500244140625,1510.0,6145331
2022-05-17,1334.2490234375,1518.449951171875,1525.0,1480.9000244140625,1494.9000244140625,6516378
2022-05-18,1326.1209716796875,1509.199951171875,1549.699951171875,1505.300048828125,1522.0,6594126
2022-05-19,1254.0245361328125,1427.1500244140625,1484.699951171875,1417.6500244140625,1481.0,16561140
2022-05-20,1278.627685546875,1455.1500244140625,1466.75,1446.699951171875,1453.0,10488908
2022-05-23,1290.2703857421875,1468.4000244140625,1488.0,1450.050048828125,1455.0999755859375,5887569
2022-05-24,1266.1943359375,1441.0,1469.550048828125,1435.25,1468.5999755859375,5693167
2022-05-25,1239.3504638671875,1410.449951171875,1442.5,1399.25,1435.0,9630092
2022-05-26,1251.212646484375,1423.949951171875,1430.0,1407.050048828125,1418.0,13040065
2022-05-27,1284.07568359375,1461.3499755859375,1467.0,1437.4000244140625,1443.949951171875,8284860
2022-05-30,1341.5860595703125,1526.800048828125,1530.0,1485.0,1487.0,10904213
2022-05-31,1335.1923828125,1503.5999755859375,1518.0,1488.1500244140625,1510.699951171875,16033857
2022-06-01,1312.9481201171875,1478.550048828125,1514.75,1472.0999755859375,1513.0,8738508
2022-06-02,1339.099609375,1508.0,1513.8499755859375,1475.5999755859375,1484.0,7205840
2022-06-03,1351.26513671875,1521.699951171875,1555.0,1518.0,1524.9000244140625,9395707
2022-06-06,1358.68017578125,1530.050048828125,1536.5999755859375,1493.0,1516.0,6624883
2022-06-07,1337.9453125,1506.699951171875,1519.8499755859375,1502.5999755859375,1519.8499755859375,4904592
2022-06-08,1331.9957275390625,1500.0,1520.199951171875,1492.0,1520.199951171875,4697608
2022-06-09,1345.3155517578125,1515.0,1516.949951171875,1481.5,1485.0,4361061
2022-06-10,1311.3941650390625,1476.800048828125,1493.949951171875,1473.5999755859375,1486.0999755859375,6516436
2022-06-13,1264.951904296875,1424.5,1443.5999755859375,1411.699951171875,1443.5999755859375,6987685
2022-06-14,1279.204345703125,1440.550048828125,1448.9000244140625,1403.1500244140625,1410.0,6090247
2022-06-15,1262.909423828125,1422.199951171875,1446.4000244140625,1418.8499755859375,1440.199951171875,4651958
2022-06-16,1240.7095947265625,1397.199951171875,1443.75,1392.0,1438.0,6641772
2022-06-17,1231.9185791015625,1387.300048828125,1396.949951171875,1367.1500244140625,1391.050048828125,9692047
2022-06-20,1255.7611083984375,1414.1500244140625,1422.3499755859375,1382.0,1390.050048828125,4595194
2022-06-21,1287.5069580078125,1449.9000244140625,1456.0,1422.75,1424.0,6270787
2022-06-22,1276.2738037109375,1437.25,1459.5999755859375,1435.0,1436.050048828125,6253366
2022-06-23,1289.771484375,1452.449951171875,1458.0,1433.0,1439.800048828125,6254281
2022-06-24,1279.6925048828125,1441.0999755859375,1467.5,1428.9000244140625,1458.0,6114340
2022-06-27,1309.4403076171875,1474.5999755859375,1484.0,1465.1500244140625,1468.050048828125,4511097
2022-06-28,1314.3690185546875,1480.1500244140625,1488.25,1453.0,1469.0,4412178
2022-06-29,1299.36181640625,1463.25,1477.0,1457.0,1464.699951171875,5060038
2022-06-30,1298.1630859375,1461.9000244140625,1482.0,1455.0,1465.050048828125,9165177
2022-07-01,1313.7027587890625,1479.4000244140625,1485.0,1442.3499755859375,1454.0,4651635
2022-07-04,1321.33984375,1488.0,1492.25,1462.0,1480.25,4800224
2022-07-05,1310.63916015625,1475.949951171875,1509.949951171875,1472.0,1498.800048828125,7379669
2022-07-06,1324.5809326171875,1491.6500244140625,1500.0,1470.0,1482.199951171875,5209162
2022-07-07,1330.8411865234375,1498.699951171875,1513.949951171875,1495.699951171875,1503.050048828125,3323472
2022-07-08,1344.8272705078125,1514.449951171875,1516.949951171875,1499.949951171875,1515.0,3652582
2022-07-11,1308.153076171875,1473.1500244140625,1499.9000244140625,1466.4000244140625,1495.0,4702638
2022-07-12,1277.472412109375,1438.5999755859375,1468.5999755859375,1436.0,1461.800048828125,4710356
2022-07-13,1282.6673583984375,1444.449951171875,1460.0,1438.5999755859375,1450.0,5264025
2022-07-14,1268.814697265625,1428.8499755859375,1452.949951171875,1414.0,1451.0,6157606
2022-07-15,1270.1466064453125,1430.3499755859375,1446.0,1410.6500244140625,1446.0,5620018
2022-07-18,1323.0267333984375,1489.9000244140625,1493.5999755859375,1448.050048828125,1450.0,5835171
2022-07-19,1317.9210205078125,1484.1500244140625,1486.8499755859375,1470.0999755859375,1471.550048828125,3418540
2022-07-20,1345.58203125,1515.300048828125,1525.800048828125,1500.0,1501.25,5079392
2022-07-21,1361.210693359375,1532.9000244140625,1535.449951171875,1503.0999755859375,1517.0,5008061
2022-07-22,1337.5899658203125,1506.300048828125,1540.0,1492.1500244140625,1534.0,7020642
2022-07-25,1335.1923828125,1503.5999755859375,1517.1500244140625,1480.0999755859375,1480.0999755859375,7859626
2022-07-26,1288.6170654296875,1451.1500244140625,1496.6500244140625,1445.0,1496.6500244140625,7268273
2022-07-27,1306.2880859375,1471.050048828125,1473.0,1445.0,1451.0,4517285
2022-07-28,1347.447021484375,1517.4000244140625,1524.449951171875,1489.8499755859375,1496.4000244140625,6636841
2022-07-29,1376.129150390625,1549.699951171875,1555.699951171875,1528.0,1532.800048828125,7009465
2022-08-01,1377.3280029296875,1551.050048828125,1564.0,1537.9000244140625,1564.0,2983249
2022-08-02,1370.7125244140625,1543.5999755859375,1547.0,1528.3499755859375,1546.550048828125,4374635
2022-08-03,1390.6922607421875,1566.0999755859375,1570.0,1539.9000244140625,1549.0,6011955
2022-08-04,1420.70654296875,1599.9000244140625,1603.8499755859375,1574.949951171875,1587.5,7402209
2022-08-05,1435.5804443359375,1616.6500244140625,1625.699951171875,1602.300048828125,1608.4000244140625,5361971
2022-08-08,1438.0224609375,1619.4000244140625,1622.0,1596.0,1617.0,3763409
2022-08-10,1422.9710693359375,1602.449951171875,1621.199951171875,1588.0999755859375,1621.199951171875,4423829
2022-08-11,1438.5111083984375,1619.949951171875,1631.3499755859375,1616.0,1630.0,3462090
2022-08-12,1415.5562744140625,1594.0999755859375,1614.0,1590.1500244140625,1613.300048828125,3562286
2022-08-16,1417.642822265625,1596.449951171875,1609.0,1591.0999755859375,1609.0,3004430
2022-08-17,1426.345458984375,1606.25,1612.0,1585.0,1596.449951171875,4067324
2022-08-18,1405.6551513671875,1582.949951171875,1598.199951171875,1574.0,1594.0999755859375,4635706
2022-08-19,1418.2203369140625,1597.0999755859375,1604.9000244140625,1585.0999755859375,1585.300048828125,4739884
2022-08-22,1399.1728515625,1575.6500244140625,1599.0,1574.0,1586.0,3950555
2022-08-23,1369.64697265625,1542.4000244140625,1554.5,1533.0,1548.0,5551574
2022-08-24,1365.2955322265625,1537.5,1546.0,1531.0,1535.0,2888426
2022-08-25,1348.1126708984375,1518.1500244140625,1548.699951171875,1513.75,1548.0,4331088
2022-08-26,1351.1319580078125,1521.550048828125,1544.949951171875,1517.449951171875,1535.1500244140625,3079136
2022-08-29,1298.0296630859375,1461.75,1468.550048828125,1450.0,1468.550048828125,8079050
2022-08-30,1325.7352294921875,1492.949951171875,1496.0999755859375,1466.0,1473.0999755859375,6725875
2022-09-01,1300.20556640625,1464.199951171875,1468.0999755859375,1451.050048828125,1460.050048828125,8140604
2022-09-02,1290.2596435546875,1453.0,1478.0,1448.0,1478.0,5175653
2022-09-05,1297.6302490234375,1461.300048828125,1467.0,1446.3499755859375,1451.0,3669352
2022-09-06,1292.1246337890625,1455.0999755859375,1470.0,1445.449951171875,1461.300048828125,3428442
2022-09-07,1294.3890380859375,1457.6500244140625,1465.75,1438.050048828125,1440.0,3600574
2022-09-08,1310.5948486328125,1475.9000244140625,1481.0999755859375,1463.5999755859375,1475.0,4061475
2022-09-09,1342.341064453125,1511.6500244140625,1520.0,1480.0,1488.0,4816910
2022-09-12,1364.14111328125,1536.199951171875,1545.9000244140625,1521.1500244140625,1525.800048828125,5494819
2022-09-13,1371.9111328125,1544.949951171875,1553.0,1541.300048828125,1551.9000244140625,4947158
2022-09-14,1310.1510009765625,1475.4000244140625,1498.949951171875,1472.0,1497.0,14332197
2022-09-15,1272.3223876953125,1432.800048828125,1475.199951171875,1429.050048828125,1475.0,12784100
2022-09-16,1222.816650390625,1377.050048828125,1425.0,1368.3499755859375,1425.0,20464045
2022-09-19,1234.58251953125,1390.300048828125,1406.0,1380.5999755859375,1392.0,6595241
2022-09-20,1233.028564453125,1388.550048828125,1413.550048828125,1385.0999755859375,1407.949951171875,7219797
2022-09-21,1222.9937744140625,1377.25,1388.800048828125,1368.4000244140625,1379.9000244140625,7917054
2022-09-22,1214.735595703125,1367.949951171875,1383.949951171875,1360.0,1366.3499755859375,9168498
2022-09-23,1212.515625,1365.449951171875,1394.800048828125,1362.0,1367.5,10426200
2022-09-26,1225.6580810546875,1380.25,1399.449951171875,1355.0,1360.0,9414587
2022-09-27,1237.4683837890625,1393.550048828125,1406.5,1378.0,1393.449951171875,8561254
2022-09-28,1238.4896240234375,1394.699951171875,1405.8499755859375,1377.0,1379.0,7022098
2022-09-29,1241.997314453125,1398.6500244140625,1409.8499755859375,1393.0,1404.9000244140625,6119965
2022-09-30,1255.1395263671875,1413.449951171875,1419.300048828125,1376.0,1388.949951171875,8120130
2022-10-03,1237.6461181640625,1393.75,1412.0,1386.0,1412.0,4943169
2022-10-04,1269.3031005859375,1429.4000244140625,1432.25,1414.0,1419.699951171875,6631341
2022-10-06,1292.1689453125,1455.1500244140625,1459.800048828125,1444.0999755859375,1445.0,6180672
2022-10-07,1288.6612548828125,1451.199951171875,1457.8499755859375,1440.1500244140625,1446.3499755859375,3994466
2022-10-10,1298.8291015625,1462.6500244140625,1465.0,1426.3499755859375,1426.3499755859375,5274677
2022-10-11,1264.330322265625,1423.800048828125,1479.6500244140625,1420.0999755859375,1462.6500244140625,12824774
2022-10-12,1268.681396484375,1428.699951171875,1441.0999755859375,1413.550048828125,1437.0,5481467
2022-10-13,1260.8671875,1419.9000244140625,1437.949951171875,1415.0,1431.0,4821514
2022-10-14,1309.1298828125,1474.25,1494.0,1467.25,1485.0,14990688
2022-10-17,1323.0714111328125,1489.949951171875,1495.0,1475.5,1476.9000244140625,4286396
2022-10-18,1335.28125,1503.699951171875,1510.949951171875,1497.25,1510.0,4692004
2022-10-19,1319.0751953125,1485.449951171875,1504.949951171875,1481.300048828125,1504.0,3553171
2022-10-20,1332.794921875,1500.9000244140625,1504.0,1474.199951171875,1475.0,4583939
2022-10-21,1332.4395751953125,1500.5,1506.0,1491.3499755859375,1500.300048828125,3594485
2022-10-24,1347.8466796875,1517.8499755859375,1521.800048828125,1511.0,1518.5,982837
2022-10-25,1355.3499755859375,1526.300048828125,1532.9000244140625,1521.050048828125,1528.0999755859375,3914341
2022-10-27,1368.0523681640625,1523.949951171875,1534.9000244140625,1512.5,1530.800048828125,6760137
2022-10-28,1358.4468994140625,1513.25,1527.949951171875,1507.0,1526.0,3053981
2022-10-31,1380.35107421875,1537.6500244140625,1546.4000244140625,1530.25,1530.25,4542336
2022-11-01,1412.084716796875,1573.0,1575.0,1547.0999755859375,1553.050048828125,4542692
2022-11-02,1394.400146484375,1553.300048828125,1572.75,1545.0,1572.0,2938906
2022-11-03,1374.156982421875,1530.75,1543.9000244140625,1521.6500244140625,1538.75,3174027
2022-11-04,1359.120361328125,1514.0,1520.449951171875,1501.1500244140625,1520.449951171875,4509682
2022-11-07,1353.2403564453125,1507.449951171875,1527.9000244140625,1491.0999755859375,1521.4000244140625,4898592
2022-11-09,1356.6065673828125,1511.199951171875,1529.0,1501.0999755859375,1529.0,3334755
2022-11-10,1348.302978515625,1501.949951171875,1512.0,1485.0,1485.0,3435763
2022-11-11,1409.4813232421875,1570.0999755859375,1573.5,1546.6500244140625,1546.6500244140625,7214098
2022-11-14,1423.12646484375,1585.300048828125,1591.4000244140625,1568.449951171875,1575.1500244140625,4908813
2022-11-15,1430.9365234375,1594.0,1597.8499755859375,1572.75,1577.8499755859375,3497614
2022-11-16,1438.8363037109375,1602.800048828125,1609.0,1593.5,1597.1500244140625,4497697
2022-11-17,1425.01171875,1587.4000244140625,1602.800048828125,1582.949951171875,1597.199951171875,3469515
2022-11-18,1430.3978271484375,1593.4000244140625,1598.0,1575.5,1591.699951171875,3126064
2022-11-21,1407.77587890625,1568.199951171875,1587.8499755859375,1564.050048828125,1582.0999755859375,3071764
2022-11-22,1422.9019775390625,1585.050048828125,1588.0,1562.0,1569.0,3399329
2022-11-23,1421.1962890625,1583.1500244140625,1592.0,1579.300048828125,1588.9000244140625,3245067
2022-11-24,1463.07421875,1629.800048828125,1636.0,1584.75,1589.0,5282215
2022-11-25,1468.3258056640625,1635.6500244140625,1644.0,1613.800048828125,1631.4000244140625,4563255
2022-11-28,1457.3291015625,1623.4000244140625,1653.5,1620.0,1628.0,3825766
2022-11-29,1462.4010009765625,1629.050048828125,1638.75,1615.050048828125,1621.199951171875,3131710
2022-11-30,1467.697265625,1634.949951171875,1645.75,1613.1500244140625,1619.949951171875,11868134
2022-12-01,1487.58154296875,1657.0999755859375,1672.5999755859375,1652.300048828125,1656.199951171875,5407928
2022-12-02,1470.345703125,1637.9000244140625,1661.800048828125,1633.949951171875,1656.0,4283343
2022-12-05,1472.0062255859375,1639.75,1644.8499755859375,1623.300048828125,1638.0,3824966
2022-12-06,1447.903076171875,1612.9000244140625,1626.0,1607.550048828125,1625.0,4822398
2022-12-07,1441.260009765625,1605.5,1623.800048828125,1596.699951171875,1608.0,4898087
2022-12-08,1454.411376953125,1620.1500244140625,1623.9000244140625,1598.5,1605.5,4206837
2022-12-09,1408.76318359375,1569.300048828125,1628.0,1561.0999755859375,1628.0,8880658
2022-12-12,1388.924072265625,1547.199951171875,1565.949951171875,1530.050048828125,1550.0,8037679
2022-12-13,1411.3216552734375,1572.1500244140625,1577.5,1541.1500244140625,1547.199951171875,6135067
2022-12-14,1417.830078125,1579.4000244140625,1588.5,1573.0,1582.0,4976020
2022-12-15,1382.9093017578125,1540.5,1570.0,1535.25,1569.300048828125,6443866
2022-12-16,1366.4815673828125,1522.199951171875,1549.5,1512.050048828125,1525.0,9630453
2022-12-19,1353.1507568359375,1507.3499755859375,1516.9000244140625,1495.050048828125,1507.949951171875,6222740
2022-12-20,1353.1058349609375,1507.300048828125,1516.0,1482.449951171875,1501.0,7396259
2022-12-21,1355.12548828125,1509.550048828125,1521.0,1502.3499755859375,1515.0,6236361
2022-12-22,1366.3470458984375,1522.050048828125,1529.949951171875,1511.75,1521.5,6302640
2022-12-23,1343.94921875,1497.0999755859375,1509.9000244140625,1493.0,1508.699951171875,6283822
2022-12-26,1348.70703125,1502.4000244140625,1509.9000244140625,1496.3499755859375,1500.5,4115459
2022-12-27,1359.88330078125,1514.8499755859375,1521.449951171875,1497.5,1509.949951171875,4860076
2022-12-28,1355.6641845703125,1510.1500244140625,1524.949951171875,1498.5,1505.0999755859375,5029860
2022-12-29,1362.3072509765625,1517.550048828125,1521.300048828125,1501.0,1504.0,4624745
2022-12-30,1353.9136962890625,1508.199951171875,1530.4000244140625,1504.050048828125,1528.0,5060544
2023-01-02,1368.097412109375,1524.0,1526.5,1504.050048828125,1514.0,3801140
2023-01-03,1366.795654296875,1522.550048828125,1532.6500244140625,1515.0999755859375,1519.8499755859375,4551130
2023-01-04,1341.884521484375,1494.800048828125,1521.0,1491.0999755859375,1521.0,7059590
2023-01-05,1324.2894287109375,1475.199951171875,1505.9000244140625,1469.25,1505.9000244140625,9868404
2023-01-06,1300.3209228515625,1448.5,1475.0,1446.5,1470.0,6443714
2023-01-09,1332.59326171875,1484.449951171875,1489.3499755859375,1448.199951171875,1448.199951171875,11498717
2023-01-10,1319.39697265625,1469.75,1483.9000244140625,1454.050048828125,1482.0,7158624
2023-01-11,1320.7435302734375,1471.25,1494.0,1464.0,1470.0,6173092
2023-01-12,1329.13720703125,1480.5999755859375,1485.0,1455.0,1481.949951171875,6591385
2023-01-13,1349.8292236328125,1503.6500244140625,1519.4000244140625,1468.0,1483.5,11610426
2023-01-16,1369.44384765625,1525.5,1528.0,1502.300048828125,1510.0,6073063
2023-01-17,1382.01171875,1539.5,1542.199951171875,1524.0,1527.0,5922644
2023-01-18,1387.3082275390625,1545.4000244140625,1551.8499755859375,1539.5999755859375,1544.75,5843098
2023-01-19,1381.4732666015625,1538.9000244140625,1549.550048828125,1526.1500244140625,1539.9000244140625,6165284
2023-01-20,1369.4888916015625,1525.550048828125,1545.0,1524.0,1538.0,6496429
2023-01-23,1389.642333984375,1548.0,1553.300048828125,1528.0999755859375,1535.0,4855020
2023-01-24,1393.1431884765625,1551.9000244140625,1568.800048828125,1549.75,1560.0,5200802
2023-01-25,1385.1536865234375,1543.0,1556.0,1538.75,1547.0,4158617
2023-01-27,1363.743408203125,1519.1500244140625,1550.949951171875,1507.4000244140625,1546.0,6209955
2023-01-30,1381.3834228515625,1538.800048828125,1544.0,1520.0,1528.800048828125,6964719
2023-01-31,1376.849853515625,1533.75,1548.9000244140625,1513.0,1548.9000244140625,9448126
2023-02-01,1392.4251708984375,1551.0999755859375,1555.050048828125,1528.050048828125,1542.199951171875,6194199
2023-02-02,1421.735107421875,1583.75,1586.949951171875,1552.0,1552.0,6916834
2023-02-03,1435.7840576171875,1599.4000244140625,1604.6500244140625,1573.0,1597.5,7040194
2023-02-06,1409.2569580078125,1569.8499755859375,1598.0,1561.5999755859375,1598.0,4570612
2023-02-07,1402.5692138671875,1562.4000244140625,1576.050048828125,1555.0999755859375,1569.0,4336238
2023-02-08,1427.7945556640625,1590.5,1603.0,1565.5,1565.5,7983338
2023-02-09,1451.58349609375,1617.0,1619.75,1586.050048828125,1596.199951171875,6904911
2023-02-10,1443.998046875,1608.550048828125,1616.300048828125,1596.449951171875,1612.949951171875,4786762
2023-02-13,1407.102294921875,1567.449951171875,1597.0,1566.0,1597.0,4001199
2023-02-14,1430.2633056640625,1593.25,1596.0,1578.1500244140625,1584.699951171875,5043736
2023-02-15,1433.67431640625,1597.050048828125,1599.0,1576.0,1584.0,3465747
2023-02-16,1437.938720703125,1601.800048828125,1614.449951171875,1597.8499755859375,1600.0,4290289
2023-02-17,1421.7799072265625,1583.800048828125,1595.0,1575.5,1594.0,2857734
2023-02-20,1429.544921875,1592.449951171875,1603.0,1582.5,1584.949951171875,2417716
2023-02-21,1417.9197998046875,1579.5,1601.6500244140625,1576.0,1598.699951171875,2723288
2023-02-22,1402.0303955078125,1561.800048828125,1575.0,1555.300048828125,1563.0,3656244
2023-02-23,1392.0660400390625,1550.699951171875,1569.8499755859375,1548.1500244140625,1569.8499755859375,4766854
2023-02-24,1392.0211181640625,1550.6500244140625,1569.0,1545.0,1560.0,2790986
2023-02-27,1354.901123046875,1509.300048828125,1540.0,1502.0,1540.0,4920268
2023-02-28,1335.376220703125,1487.550048828125,1524.0,1481.300048828125,1515.5999755859375,9679811
2023-03-01,1343.0068359375,1496.050048828125,1500.8499755859375,1481.5,1492.4000244140625,5125043
2023-03-02,1321.5516357421875,1472.1500244140625,1488.5999755859375,1467.300048828125,1485.0,4644499
2023-03-03,1327.9700927734375,1479.300048828125,1489.800048828125,1473.0,1486.75,4615015
2023-03-06,1353.2403564453125,1507.449951171875,1520.4000244140625,1493.1500244140625,1494.550048828125,6561742
2023-03-08,1339.999267578125,1492.699951171875,1496.0,1481.0999755859375,1490.550048828125,4137080
2023-03-09,1328.95751953125,1480.4000244140625,1498.3499755859375,1474.5999755859375,1495.0,5104656
2023-03-10,1321.0128173828125,1471.550048828125,1474.300048828125,1457.6500244140625,1460.0,3699580
2023-03-13,1288.291748046875,1435.0999755859375,1478.300048828125,1428.0,1464.199951171875,8798403
2023-03-14,1274.7364501953125,1420.0,1448.3499755859375,1411.0,1441.0,7402784
2023-03-15,1274.4222412109375,1419.6500244140625,1442.8499755859375,1416.8499755859375,1438.0,7556182
2023-03-16,1260.462890625,1404.0999755859375,1417.800048828125,1398.699951171875,1417.800048828125,7323117
2023-03-17,1275.3648681640625,1420.699951171875,1442.9000244140625,1411.4000244140625,1430.0,9090018
2023-03-20,1260.0589599609375,1403.6500244140625,1419.699951171875,1384.8499755859375,1419.699951171875,8221829
2023-03-21,1248.4337158203125,1390.699951171875,1405.0,1390.0,1399.0,8536755
2023-03-22,1247.1319580078125,1389.25,1407.25,1382.1500244140625,1403.0,8356487
2023-03-23,1233.935791015625,1374.550048828125,1383.949951171875,1370.0,1383.949951171875,7607718
2023-03-24,1239.4117431640625,1380.6500244140625,1398.949951171875,1377.5,1388.0,7559127
2023-03-27,1246.8626708984375,1388.949951171875,1395.75,1374.0999755859375,1386.25,4170193
2023-03-28,1236.673828125,1377.5999755859375,1398.0,1375.8499755859375,1392.0999755859375,6633366
2023-03-29,1242.0150146484375,1383.550048828125,1389.9000244140625,1364.550048828125,1379.0,8813966
2023-03-31,1281.8731689453125,1427.949951171875,1429.949951171875,1393.9000244140625,1404.0,8711975
2023-04-03,1266.5224609375,1410.8499755859375,1435.0,1405.1500244140625,1435.0,5242764
2023-04-05,1277.92333984375,1423.550048828125,1427.5,1400.0,1400.0,7506334
2023-04-06,1276.4420166015625,1421.9000244140625,1428.4000244140625,1410.3499755859375,1416.0,6948465
2023-04-10,1281.558837890625,1427.5999755859375,1434.0,1415.0,1423.949951171875,4993788
2023-04-11,1262.3033447265625,1406.1500244140625,1433.3499755859375,1389.0,1428.9000244140625,6942255
2023-04-12,1282.1873779296875,1428.300048828125,1431.5,1400.0,1413.050048828125,5831169
2023-04-13,1247.087158203125,1389.199951171875,1411.050048828125,1383.0,1409.75,11267238
2023-04-17,1129.5780029296875,1258.300048828125,1261.1500244140625,1185.300048828125,1250.300048828125,53171705
2023-04-18,1130.5206298828125,1259.3499755859375,1269.949951171875,1253.0999755859375,1269.949951171875,12430884
2023-04-19,1106.14794921875,1232.199951171875,1254.3499755859375,1229.4000244140625,1254.3499755859375,11307230
2023-04-20,1098.248291015625,1223.4000244140625,1237.8499755859375,1221.4000244140625,1230.699951171875,8621249
2023-04-21,1101.794189453125,1227.3499755859375,1233.25,1220.0,1228.0999755859375,8691352
2023-04-24,1100.8516845703125,1226.300048828125,1230.0,1218.0,1228.0,8313774
2023-04-25,1099.5946044921875,1224.9000244140625,1235.5,1215.0,1225.949951171875,6808576
2023-04-26,1101.9737548828125,1227.550048828125,1233.0,1220.550048828125,1228.0,5680192
2023-04-27,1118.7607421875,1246.25,1247.800048828125,1225.4000244140625,1230.0,8020704
2023-04-28,1124.5955810546875,1252.75,1259.0,1244.949951171875,1255.699951171875,10118277
2023-05-02,1146.7689208984375,1277.449951171875,1279.75,1254.550048828125,1254.550048828125,8886401
2023-05-03,1139.3179931640625,1269.1500244140625,1272.5,1262.0999755859375,1266.0,5549783
2023-05-04,1143.2681884765625,1273.550048828125,1275.800048828125,1262.5,1268.949951171875,4505401
2023-05-05,1130.296142578125,1259.0999755859375,1279.0,1254.25,1279.0,5373791
2023-05-08,1136.1312255859375,1265.5999755859375,1270.300048828125,1255.199951171875,1262.449951171875,5260842
2023-05-09,1140.70947265625,1270.699951171875,1272.0,1260.699951171875,1266.0,4969897
2023-05-10,1134.0216064453125,1263.25,1276.4000244140625,1259.1500244140625,1276.4000244140625,6515734
2023-05-11,1127.6029052734375,1256.0999755859375,1275.9000244140625,1253.050048828125,1270.25,6888461
2023-05-12,1117.818115234375,1245.199951171875,1256.0,1239.050048828125,1253.3499755859375,8292212
2023-05-15,1129.622802734375,1258.3499755859375,1268.9000244140625,1245.6500244140625,1249.9000244140625,5534710
2023-05-16,1134.9642333984375,1264.300048828125,1273.949951171875,1262.75,1265.0,5236469
2023-05-17,1119.3441162109375,1246.9000244140625,1260.949951171875,1242.449951171875,1260.5999755859375,10465667
2023-05-18,1118.5362548828125,1246.0,1259.6500244140625,1242.449951171875,1258.5999755859375,6948732
2023-05-19,1139.09375,1268.9000244140625,1273.300048828125,1252.800048828125,1256.050048828125,11094136
2023-05-22,1160.548828125,1292.800048828125,1295.5999755859375,1270.25,1272.949951171875,7625947
2023-05-23,1167.05712890625,1300.050048828125,1314.1500244140625,1297.050048828125,1299.199951171875,7436031
2023-05-24,1165.80029296875,1298.6500244140625,1305.0,1291.300048828125,1296.300048828125,4824077
2023-05-25,1170.917236328125,1304.3499755859375,1307.0,1289.25,1294.5,4334121
2023-05-26,1182.677001953125,1317.449951171875,1323.449951171875,1306.0,1306.0,5521606
2023-05-29,1179.939208984375,1314.4000244140625,1332.699951171875,1309.8499755859375,1332.699951171875,4419365
2023-05-30,1188.4222412109375,1323.8499755859375,1326.4000244140625,1309.1500244140625,1315.0,6274719
2023-05-31,1183.4400634765625,1318.300048828125,1331.0999755859375,1314.1500244140625,1319.8499755859375,17800782
2023-06-01,1184.5172119140625,1319.5,1329.5,1318.0999755859375,1322.550048828125,4277841
2023-06-02,1181.7880859375,1299.0,1312.9000244140625,1296.050048828125,1309.0,10909311
2023-06-05,1186.7916259765625,1304.5,1309.449951171875,1297.300048828125,1304.0,5002553
2023-06-06,1163.5927734375,1279.0,1288.5999755859375,1273.0,1288.5999755859375,10008100
2023-06-07,1172.644775390625,1288.949951171875,1294.0,1282.5,1290.5,5397578
2023-06-08,1167.0499267578125,1282.800048828125,1292.0,1281.0999755859375,1286.199951171875,5034942
2023-06-09,1151.7203369140625,1265.949951171875,1282.5,1264.0,1282.5,5339073
2023-06-12,1175.3741455078125,1291.949951171875,1295.699951171875,1273.0,1273.5,4785588
2023-06-13,1187.1102294921875,1304.8499755859375,1306.5,1297.050048828125,1299.9000244140625,4846587
2023-06-14,1183.0616455078125,1300.4000244140625,1306.699951171875,1293.199951171875,1306.3499755859375,3457981
2023-06-15,1170.68896484375,1286.800048828125,1293.949951171875,1282.6500244140625,1293.949951171875,6161155
2023-06-16,1175.101318359375,1291.6500244140625,1301.5,1281.050048828125,1287.0,8536287
2023-06-19,1177.2392578125,1294.0,1299.5,1287.050048828125,1294.0,4451787
2023-06-20,1185.7911376953125,1303.4000244140625,1305.0,1291.0999755859375,1294.0,4009180
2023-06-21,1182.1065673828125,1299.3499755859375,1303.800048828125,1295.0,1299.949951171875,4041529
2023-06-22,1165.91259765625,1281.550048828125,1289.4000244140625,1273.5,1289.4000244140625,6676607
2023-06-23,1150.85595703125,1265.0,1279.3499755859375,1263.3499755859375,1276.449951171875,7239467
2023-06-26,1155.7232666015625,1270.3499755859375,1274.0,1262.25,1270.25,3403244
2023-06-27,1163.729248046875,1279.1500244140625,1282.0,1274.199951171875,1280.0,3240024
2023-06-28,1176.64794921875,1293.3499755859375,1296.699951171875,1281.4000244140625,1290.0,5662358
2023-06-30,1214.99462890625,1335.5,1338.9000244140625,1304.449951171875,1308.199951171875,12821692
2023-07-03,1213.35693359375,1333.699951171875,1346.0,1328.449951171875,1330.0,7732412
2023-07-04,1223.774169921875,1345.1500244140625,1346.0,1331.4000244140625,1344.300048828125,5797775
2023-07-05,1225.7298583984375,1347.300048828125,1357.949951171875,1341.0,1357.8499755859375,5414936
2023-07-06,1222.6365966796875,1343.9000244140625,1347.449951171875,1337.1500244140625,1342.550048828125,5963897
2023-07-07,1210.1728515625,1330.199951171875,1345.800048828125,1325.3499755859375,1334.0,6295647
2023-07-10,1209.217529296875,1329.1500244140625,1341.9000244140625,1319.300048828125,1336.550048828125,3940315
2023-07-11,1226.91259765625,1348.5999755859375,1350.9000244140625,1327.0,1333.449951171875,6126128
2023-07-12,1212.9931640625,1333.300048828125,1351.9000244140625,1327.0,1351.0,8102770
2023-07-13,1241.9237060546875,1365.0999755859375,1376.800048828125,1330.8499755859375,1334.9000244140625,9977644
2023-07-14,1297.2830810546875,1425.949951171875,1430.0,1380.6500244140625,1380.6500244140625,12833381
2023-07-17,1294.5535888671875,1422.949951171875,1458.949951171875,1414.300048828125,1425.949951171875,11569884
2023-07-18,1342.089111328125,1475.199951171875,1477.949951171875,1429.0,1434.0,16743977
2023-07-19,1341.8616943359375,1474.949951171875,1498.800048828125,1460.699951171875,1486.0,13687062
2023-07-20,1318.708251953125,1449.5,1471.0,1440.699951171875,1471.0,8347221
2023-07-21,1211.446533203125,1331.5999755859375,1350.0,1305.0,1320.199951171875,45548305
2023-07-24,1215.9952392578125,1336.5999755859375,1349.9000244140625,1334.25,1341.0,8859789
2023-07-25,1214.17578125,1334.5999755859375,1342.8499755859375,1324.25,1337.0,6801982
2023-07-26,1227.139892578125,1348.8499755859375,1350.0,1339.4000244140625,1343.0,5528885
2023-07-27,1231.0521240234375,1353.1500244140625,1363.800048828125,1347.050048828125,1358.5999755859375,9191861
2023-07-28,1219.54345703125,1340.5,1363.8499755859375,1336.0,1353.8499755859375,6122735
2023-07-31,1233.371826171875,1355.699951171875,1357.5,1333.25,1348.75,7902180
2023-08-01,1242.0146484375,1365.199951171875,1369.0,1357.0,1362.0,6064652
2023-08-02,1234.418212890625,1356.8499755859375,1371.949951171875,1348.449951171875,1369.300048828125,7419145
2023-08-03,1241.1959228515625,1364.300048828125,1366.550048828125,1349.0,1350.0,6503741
2023-08-04,1253.978271484375,1378.3499755859375,1385.9000244140625,1362.0,1368.9000244140625,5712345
2023-08-07,1267.30615234375,1393.0,1395.0,1377.0,1387.9000244140625,3729093
2023-08-08,1264.7589111328125,1390.199951171875,1393.550048828125,1384.4000244140625,1392.8499755859375,4161877
2023-08-09,1268.5799560546875,1394.4000244140625,1396.0,1382.5,1384.0,4090828
2023-08-10,1263.758056640625,1389.0999755859375,1395.800048828125,1385.5999755859375,1391.5999755859375,3873025
2023-08-11,1248.0645751953125,1371.8499755859375,1396.8499755859375,1367.050048828125,1392.0,5783517
2023-08-14,1267.806640625,1393.550048828125,1395.0,1365.5999755859375,1371.8499755859375,4304135
2023-08-16,1290.50537109375,1418.5,1419.949951171875,1405.4000244140625,1410.800048828125,7735313
2023-08-17,1284.1824951171875,1411.550048828125,1420.0,1406.0,1420.0,5618346
2023-08-18,1263.485107421875,1388.800048828125,1408.699951171875,1386.1500244140625,1403.699951171875,5134103
2023-08-21,1278.5872802734375,1405.4000244140625,1407.0,1387.1500244140625,1389.75,3032722
2023-08-22,1277.086181640625,1403.75,1406.050048828125,1396.6500244140625,1404.699951171875,2890714
2023-08-23,1280.9071044921875,1407.949951171875,1416.5999755859375,1405.6500244140625,1416.0,2559125
2023-08-24,1295.14501953125,1423.5999755859375,1425.050048828125,1414.449951171875,1421.5,5171963
2023-08-25,1291.9608154296875,1420.0999755859375,1422.5,1411.4000244140625,1413.0,4307172
2023-08-28,1287.9124755859375,1415.6500244140625,1424.800048828125,1411.4000244140625,1420.0999755859375,3133464
2023-08-29,1289.732177734375,1417.6500244140625,1424.4000244140625,1415.300048828125,1424.0,3074444
2023-08-30,1305.6529541015625,1435.1500244140625,1436.6500244140625,1424.0,1427.0,3070887
2023-08-31,1305.9259033203125,1435.449951171875,1444.9000244140625,1428.6500244140625,1435.1500244140625,9792735
2023-09-01,1313.56787109375,1443.8499755859375,1446.0,1428.199951171875,1430.949951171875,3582133
2023-09-04,1332.900390625,1465.0999755859375,1470.0,1434.699951171875,1443.0,4609014
2023-09-05,1345.455322265625,1478.9000244140625,1480.050048828125,1456.5,1465.0,5496840
2023-09-06,1344.1361083984375,1477.449951171875,1482.9000244140625,1463.300048828125,1481.9000244140625,5075786
2023-09-07,1333.9012451171875,1466.199951171875,1473.4000244140625,1462.050048828125,1470.5999755859375,4411743
2023-09-08,1336.99462890625,1469.5999755859375,1474.75,1460.199951171875,1463.5,3125838
2023-09-11,1343.226318359375,1476.449951171875,1478.050048828125,1464.5,1469.5999755859375,4182226
2023-09-12,1365.652099609375,1501.0999755859375,1504.0,1477.0999755859375,1482.5,6793161
2023-09-13,1363.150146484375,1498.3499755859375,1505.0,1488.6500244140625,1505.0,4804686
2023-09-14,1370.9742431640625,1506.949951171875,1512.550048828125,1499.1500244140625,1505.0,6444213
2023-09-15,1375.2047119140625,1511.5999755859375,1518.4000244140625,1509.0,1518.0,8657816
2023-09-18,1357.1912841796875,1491.800048828125,1504.9000244140625,1488.0,1504.9000244140625,3991916
2023-09-20,1355.7811279296875,1490.25,1495.0999755859375,1476.199951171875,1476.199951171875,4169337
2023-09-21,1366.2435302734375,1501.75,1504.550048828125,1476.0,1486.550048828125,6779195
2023-09-22,1361.148681640625,1496.1500244140625,1506.949951171875,1485.199951171875,1491.9000244140625,5455613
2023-09-25,1341.1337890625,1474.1500244140625,1489.8499755859375,1471.550048828125,1489.8499755859375,4217863
2023-09-26,1328.8521728515625,1460.6500244140625,1479.9000244140625,1459.0,1479.1500244140625,3996528
2023-09-27,1334.629150390625,1467.0,1469.5999755859375,1450.050048828125,1456.0,3863586
2023-09-28,1309.56494140625,1439.449951171875,1472.5999755859375,1435.0,1467.9000244140625,5814602
2023-09-29,1305.9259033203125,1435.449951171875,1446.800048828125,1416.0,1432.0999755859375,6068968
2023-10-03,1304.6065673828125,1434.0,1437.0,1420.300048828125,1436.050048828125,4181867
2023-10-04,1314.0228271484375,1444.3499755859375,1449.949951171875,1418.199951171875,1425.0,4510406
2023-10-05,1331.3992919921875,1463.449951171875,1475.6500244140625,1450.199951171875,1452.0,7384621
2023-10-06,1345.2733154296875,1478.699951171875,1484.5,1463.300048828125,1469.5,3598672
2023-10-09,1342.316650390625,1475.449951171875,1491.0,1462.199951171875,1464.9000244140625,3567552
2023-10-10,1360.2388916015625,1495.1500244140625,1497.0,1469.0999755859375,1483.9000244140625,5688951
2023-10-11,1359.556640625,1494.4000244140625,1518.25,1481.449951171875,1497.0,7220129
2023-10-12,1333.264404296875,1465.5,1504.4000244140625,1452.0,1491.9000244140625,11081662
2023-10-13,1302.0137939453125,1431.1500244140625,1438.0,1400.0,1405.0,17973439
2023-10-16,1304.7431640625,1434.1500244140625,1443.5999755859375,1430.0,1432.0999755859375,4850745
2023-10-17,1312.294189453125,1442.449951171875,1453.3499755859375,1438.050048828125,1440.25,3923764
2023-10-18,1310.5657958984375,1440.550048828125,1454.0,1438.3499755859375,1442.0,4264837
2023-10-19,1304.2882080078125,1433.6500244140625,1439.6500244140625,1426.0999755859375,1426.0999755859375,6795691
2023-10-20,1298.4658203125,1427.25,1438.5,1425.25,1430.0,3928622
2023-10-23,1281.544189453125,1408.6500244140625,1432.3499755859375,1405.25,1425.5999755859375,2636516
2023-10-25,1262.5601806640625,1370.050048828125,1402.550048828125,1361.300048828125,1399.0,6940777
2023-10-26,1252.7918701171875,1359.449951171875,1374.0,1353.0999755859375,1355.050048828125,6357656
2023-10-27,1272.0521240234375,1380.3499755859375,1385.0,1363.6500244140625,1363.6500244140625,4634358
2023-10-30,1269.01123046875,1377.050048828125,1380.3499755859375,1363.0999755859375,1380.3499755859375,2667696
2023-10-31,1261.039794921875,1368.4000244140625,1381.1500244140625,1363.0,1379.949951171875,3451595
2023-11-01,1247.90771484375,1354.1500244140625,1377.449951171875,1351.6500244140625,1373.050048828125,3090672
2023-11-02,1262.6524658203125,1370.1500244140625,1376.300048828125,1361.6500244140625,1370.0,3758060
2023-11-03,1280.069580078125,1389.050048828125,1392.0,1377.75,1380.050048828125,3349045
2023-11-06,1293.20166015625,1403.300048828125,1407.25,1390.800048828125,1393.9000244140625,2736381
2023-11-07,1294.123291015625,1404.300048828125,1405.9000244140625,1394.8499755859375,1400.0,2272209
2023-11-08,1281.8665771484375,1391.0,1405.0,1386.449951171875,1405.0,3550635
2023-11-09,1266.9376220703125,1374.800048828125,1397.5,1370.050048828125,1395.9000244140625,5498051
2023-11-10,1261.454345703125,1368.8499755859375,1373.1500244140625,1361.0,1369.949951171875,2943649
2023-11-13,1265.7857666015625,1373.550048828125,1382.449951171875,1370.8499755859375,1379.8499755859375,3462092
2023-11-15,1299.8367919921875,1410.5,1414.0,1393.0,1399.0,8551860
2023-11-16,1331.537841796875,1444.9000244140625,1453.4000244140625,1410.5999755859375,1416.0999755859375,6673907
2023-11-17,1324.764404296875,1437.550048828125,1451.0,1435.050048828125,1441.050048828125,4901251
2023-11-20,1323.888916015625,1436.5999755859375,1452.0,1433.6500244140625,1442.0,3584210
2023-11-21,1326.1007080078125,1439.0,1450.0,1436.75,1442.0,3793135
2023-11-22,1343.4256591796875,1457.800048828125,1458.949951171875,1436.199951171875,1436.199951171875,3108786
2023-11-23,1335.5465087890625,1449.25,1467.9000244140625,1447.699951171875,1467.9000244140625,3186928
2023-11-24,1324.626220703125,1437.4000244140625,1452.6500244140625,1433.8499755859375,1445.550048828125,2973195
2023-11-28,1329.5103759765625,1442.699951171875,1445.0,1427.050048828125,1444.0,3755373
2023-11-29,1345.08447265625,1459.5999755859375,1460.699951171875,1449.800048828125,1451.0999755859375,3875778
2023-11-30,1340.983642578125,1455.1500244140625,1460.6500244140625,1449.550048828125,1453.25,10120867
2023-12-01,1338.3572998046875,1452.300048828125,1459.9000244140625,1446.1500244140625,1459.9000244140625,3489187
2023-12-04,1349.4617919921875,1464.3499755859375,1471.9000244140625,1449.300048828125,1460.449951171875,5511948
2023-12-05,1339.8778076171875,1453.949951171875,1466.9000244140625,1442.0,1465.800048828125,5123039
2023-12-06,1358.63134765625,1474.300048828125,1477.0,1451.050048828125,1456.75,5269178
2023-12-07,1350.8902587890625,1465.9000244140625,1472.8499755859375,1461.800048828125,1472.8499755859375,4424453
2023-12-08,1374.1591796875,1491.1500244140625,1494.699951171875,1466.25,1470.4000244140625,6323433
2023-12-11,1371.7171630859375,1488.5,1498.0,1482.0,1490.0,3862018
2023-12-12,1360.243896484375,1476.050048828125,1490.0,1467.6500244140625,1477.5,6103494
2023-12-13,1335.3160400390625,1449.0,1476.050048828125,1433.1500244140625,1476.0,8549258
2023-12-14,1383.6510009765625,1501.449951171875,1511.0,1461.3499755859375,1463.4000244140625,12489858
2023-12-15,1454.5638427734375,1578.4000244140625,1588.550048828125,1521.0,1523.050048828125,18395389
2023-12-18,1441.6160888671875,1564.3499755859375,1593.0,1560.300048828125,1567.949951171875,6467243
2023-12-19,1436.0408935546875,1558.300048828125,1573.949951171875,1543.25,1570.0999755859375,4221721
2023-12-20,1415.8590087890625,1536.4000244140625,1583.5,1530.0,1565.050048828125,6592367
2023-12-21,1415.4903564453125,1536.0,1546.6500244140625,1521.25,1521.25,5319038
2023-12-22,1440.280029296875,1562.9000244140625,1566.0,1523.0,1534.949951171875,6741060
2023-12-26,1422.816650390625,1543.949951171875,1548.0,1523.0,1535.0,6878067
2023-12-27,1444.150390625,1567.0999755859375,1570.0,1544.0,1544.0,4225849
2023-12-28,1440.049560546875,1562.6500244140625,1568.949951171875,1555.0,1568.949951171875,5702253
2023-12-29,1421.8489990234375,1542.9000244140625,1559.449951171875,1540.0,1541.050048828125,4388990
2024-01-01,1429.6358642578125,1551.3499755859375,1557.0,1535.25,1539.0,2808451
2024-01-02,1414.015869140625,1534.4000244140625,1549.1500244140625,1523.0,1546.0,5396313
2024-01-03,1373.099365234375,1490.0,1519.949951171875,1488.0,1519.949951171875,7550363
2024-01-04,1394.018310546875,1512.699951171875,1519.75,1492.9000244140625,1504.949951171875,7056038
2024-01-05,1412.3111572265625,1532.550048828125,1539.699951171875,1506.25,1506.75,8895403
2024-01-08,1403.325927734375,1522.800048828125,1536.0,1513.25,1528.949951171875,4440136
2024-01-09,1409.316162109375,1529.300048828125,1553.0,1525.8499755859375,1541.9000244140625,4412074
2024-01-10,1400.653564453125,1519.9000244140625,1535.449951171875,1505.0,1524.949951171875,4096845
2024-01-11,1376.9698486328125,1494.199951171875,1525.0,1486.5999755859375,1524.9000244140625,11296088
2024-01-12,1486.2186279296875,1612.75,1618.0,1555.4000244140625,1562.0,26754401
2024-01-15,1522.481689453125,1652.0999755859375,1664.949951171875,1636.0,1644.949951171875,13228305
2024-01-16,1503.5439453125,1631.550048828125,1648.5,1625.0,1644.800048828125,6500917
2024-01-17,1511.51513671875,1640.199951171875,1647.5,1620.25,1620.25,9209876
2024-01-18,1513.7269287109375,1642.5999755859375,1649.0,1628.25,1642.6500244140625,6375464
2024-01-19,1529.0244140625,1659.199951171875,1665.5,1644.1500244140625,1651.5999755859375,4522736
2024-01-23,1513.312255859375,1642.1500244140625,1674.699951171875,1637.699951171875,1650.0999755859375,9401255
2024-01-24,1543.95361328125,1675.4000244140625,1680.0,1645.0,1659.9000244140625,8999681
2024-01-25,1538.147705078125,1669.0999755859375,1680.550048828125,1658.0,1672.949951171875,8865304
2024-01-29,1526.6285400390625,1656.5999755859375,1679.3499755859375,1647.5999755859375,1665.1500244140625,4253785
2024-01-30,1521.8824462890625,1651.449951171875,1690.0,1648.25,1662.449951171875,4995943
2024-01-31,1530.5911865234375,1660.9000244140625,1667.25,1638.0999755859375,1648.25,6763779
2024-02-01,1527.0433349609375,1657.050048828125,1677.0,1650.3499755859375,1659.550048828125,5760011
2024-02-02,1560.4952392578125,1693.3499755859375,1718.5,1665.0,1666.050048828125,7858483
2024-02-05,1554.82763671875,1687.199951171875,1700.75,1681.8499755859375,1694.75,3634135
2024-02-06,1593.762939453125,1729.449951171875,1733.0,1673.949951171875,1686.75,7694265
2024-02-07,1560.86376953125,1693.75,1729.0,1686.8499755859375,1729.0,4613877
2024-02-08,1559.34326171875,1692.0999755859375,1706.3499755859375,1682.800048828125,1698.0,5919715
2024-02-09,1538.3780517578125,1669.3499755859375,1692.9000244140625,1659.800048828125,1684.699951171875,4600004
2024-02-12,1548.2847900390625,1680.0999755859375,1692.949951171875,1670.3499755859375,1670.3499755859375,3555808
2024-02-13,1552.3857421875,1684.550048828125,1689.0999755859375,1663.5,1683.0,2696481
2024-02-14,1535.4752197265625,1666.199951171875,1669.449951171875,1635.5,1660.199951171875,3768579
2024-02-15,1544.8289794921875,1676.3499755859375,1687.75,1661.5999755859375,1677.0,4834391
2024-02-16,1568.1439208984375,1701.6500244140625,1709.0,1687.949951171875,1689.0,4880654
2024-02-19,1566.39306640625,1699.75,1711.5,1687.699951171875,1705.0,3690993
2024-02-20,1553.0306396484375,1685.25,1694.25,1668.75,1685.0,3706389
2024-02-21,1525.6610107421875,1655.550048828125,1674.0,1645.300048828125,1674.0,4300508
2024-02-22,1549.4366455078125,1681.3499755859375,1684.5999755859375,1644.4000244140625,1665.0,5841277
2024-02-23,1545.289794921875,1676.8499755859375,1698.449951171875,1671.9000244140625,1697.0,5373072
2024-02-26,1529.9000244140625,1660.1500244140625,1674.949951171875,1645.0,1674.949951171875,2782438
2024-02-27,1533.079345703125,1663.5999755859375,1671.0999755859375,1652.800048828125,1661.0,5159088
2024-02-28,1540.129150390625,1671.25,1687.800048828125,1662.050048828125,1670.0,3188916
2024-02-29,1542.5712890625,1673.9000244140625,1682.25,1653.300048828125,1665.0,7814722
2024-03-01,1524.87744140625,1654.699951171875,1671.949951171875,1651.0,1669.0,6387291
2024-03-04,1508.7506103515625,1637.199951171875,1664.449951171875,1633.6500244140625,1657.8499755859375,4445156
2024-03-05,1480.459228515625,1606.5,1637.3499755859375,1602.0,1634.0,4596579
2024-03-06,1490.642333984375,1617.550048828125,1620.1500244140625,1576.0,1602.800048828125,6420684
2024-03-07,1489.6285400390625,1616.449951171875,1628.449951171875,1604.199951171875,1616.5999755859375,6348359
2024-03-11,1475.0220947265625,1600.5999755859375,1613.800048828125,1588.0,1608.1500244140625,6752895
2024-03-12,1486.403076171875,1612.949951171875,1625.0,1597.6500244140625,1600.0,4614222
2024-03-13,1484.9747314453125,1611.4000244140625,1624.5,1598.550048828125,1612.9000244140625,5688997
2024-03-14,1523.58740234375,1653.300048828125,1657.75,1608.0,1614.4000244140625,8803799
2024-03-15,1505.801513671875,1634.0,1645.800048828125,1618.3499755859375,1641.0999755859375,11809997
2024-03-18,1476.911376953125,1602.6500244140625,1632.6500244140625,1598.8499755859375,1630.0,4958904
2024-03-19,1438.943603515625,1561.449951171875,1599.0,1558.0,1592.3499755859375,6870411
2024-03-20,1432.95361328125,1554.949951171875,1574.949951171875,1552.3499755859375,1563.0,4759059
2024-03-21,1432.72314453125,1554.699951171875,1576.949951171875,1543.4000244140625,1564.0,11062497
2024-03-22,1390.4705810546875,1508.8499755859375,1528.9000244140625,1498.199951171875,1521.0,14673890
2024-03-26,1375.54150390625,1492.6500244140625,1507.449951171875,1487.9000244140625,1492.0,8351081
2024-03-27,1367.431884765625,1483.8499755859375,1499.0,1481.550048828125,1496.0,6857402
2024-03-28,1380.5177001953125,1498.050048828125,1511.800048828125,1487.1500244140625,1487.1500244140625,12499530
2024-04-01,1378.121826171875,1495.449951171875,1529.949951171875,1492.800048828125,1525.0,6580002
2024-04-02,1366.510498046875,1482.8499755859375,1493.1500244140625,1480.8499755859375,1484.8499755859375,7279400
2024-04-03,1364.48291015625,1480.6500244140625,1495.0999755859375,1475.0,1479.0,8736248
2024-04-04,1370.05810546875,1486.699951171875,1495.6500244140625,1468.0,1490.550048828125,11186915
2024-04-05,1363.0545654296875,1479.0999755859375,1486.699951171875,1476.050048828125,1480.050048828125,5072482
2024-04-08,1360.8428955078125,1476.699951171875,1490.949951171875,1474.0999755859375,1483.0,6610887
2024-04-09,1377.56884765625,1494.8499755859375,1513.800048828125,1487.300048828125,1490.0,9423230
2024-04-10,1388.5814208984375,1506.800048828125,1509.8499755859375,1484.550048828125,1500.3499755859375,6744595
2024-04-12,1368.26123046875,1484.75,1506.800048828125,1479.5,1504.0,12275616
2024-04-15,1352.9637451171875,1468.1500244140625,1491.949951171875,1461.050048828125,1480.0,8531224
2024-04-16,1303.476806640625,1414.449951171875,1455.1500244140625,1413.050048828125,1451.0,16173541
2024-04-18,1307.900146484375,1419.25,1444.699951171875,1407.5,1421.0999755859375,22107945
2024-04-19,1300.52783203125,1411.25,1426.8499755859375,1378.75,1385.0,20603621
2024-04-22,1320.341064453125,1432.75,1436.8499755859375,1413.050048828125,1419.9000244140625,5859087
2024-04-23,1329.2340087890625,1442.4000244140625,1446.8499755859375,1433.0,1443.0,4856174
2024-04-24,1318.4979248046875,1430.75,1444.300048828125,1427.050048828125,1444.300048828125,4268213
2024-04-25,1325.59375,1438.449951171875,1444.9000244140625,1420.0,1420.0,9089398
2024-04-26,1318.037109375,1430.25,1445.4000244140625,1427.0,1439.699951171875,8062444
2024-04-29,1322.1842041015625,1434.75,1439.800048828125,1428.25,1429.949951171875,5055957
2024-04-30,1309.0982666015625,1420.550048828125,1436.550048828125,1417.550048828125,1434.699951171875,6936588
2024-05-02,1303.476806640625,1414.449951171875,1424.0,1411.8499755859375,1413.0,10076354
2024-05-03,1305.1817626953125,1416.300048828125,1424.800048828125,1403.199951171875,1422.0999755859375,8842345
2024-05-06,1314.028564453125,1425.9000244140625,1445.699951171875,1417.0999755859375,1420.0,6445422
2024-05-07,1327.8975830078125,1440.949951171875,1443.3499755859375,1415.5999755859375,1424.949951171875,6080661
2024-05-08,1315.318603515625,1427.300048828125,1439.75,1425.5999755859375,1435.25,6234983
2024-05-09,1326.6075439453125,1439.550048828125,1449.949951171875,1424.8499755859375,1427.550048828125,6088406
2024-05-10,1313.10693359375,1424.9000244140625,1435.949951171875,1413.0,1435.050048828125,8777481
2024-05-13,1311.770751953125,1423.449951171875,1425.0,1411.199951171875,1425.0,3735954
2024-05-14,1312.922607421875,1424.699951171875,1433.75,1418.050048828125,1426.4000244140625,3463230
2024-05-15,1308.545166015625,1419.949951171875,1431.800048828125,1418.550048828125,1426.0,4327544
2024-05-16,1339.3248291015625,1453.3499755859375,1455.75,1427.0,1433.949951171875,9249145
2024-05-17,1330.98486328125,1444.300048828125,1457.0,1439.25,1457.0,7542860
2024-05-21,1321.6312255859375,1434.1500244140625,1444.699951171875,1428.4000244140625,1430.0,6752663
2024-05-22,1340.6612548828125,1454.800048828125,1459.949951171875,1428.0,1428.75,7173285
2024-05-23,1356.88037109375,1472.4000244140625,1478.1500244140625,1450.0,1454.699951171875,8641428
2024-05-24,1350.15283203125,1465.0999755859375,1475.5,1460.0,1468.25,5277938
2024-05-27,1355.91259765625,1471.3499755859375,1479.5999755859375,1460.25,1471.8499755859375,5821844
2024-05-28,1351.9500732421875,1467.050048828125,1476.0,1460.300048828125,1475.5,6186922
2024-05-29,1337.1131591796875,1450.949951171875,1465.5,1450.0,1465.4000244140625,7401634
2024-05-30,1315.4569091796875,1427.449951171875,1449.8499755859375,1421.550048828125,1442.800048828125,9663150
2024-05-31,1322.4598388671875,1406.9000244140625,1436.75,1400.0,1409.800048828125,37113815
2024-06-03,1321.519775390625,1405.9000244140625,1440.0,1404.0,1440.0,10589244
2024-06-04,1310.0048828125,1393.6500244140625,1415.0,1358.3499755859375,1409.0,13736134
2024-06-05,1344.267333984375,1430.0999755859375,1438.0,1400.1500244140625,1400.1500244140625,9233424
2024-06-06,1383.8875732421875,1472.25,1474.300048828125,1437.5,1444.949951171875,12660930
2024-06-07,1441.555419921875,1533.5999755859375,1539.699951171875,1477.25,1481.0,24075302
2024-06-10,1409.7369384765625,1499.75,1529.800048828125,1497.300048828125,1525.300048828125,6810606
2024-06-11,1405.97705078125,1495.75,1506.449951171875,1493.949951171875,1500.050048828125,4853054
2024-06-12,1396.0601806640625,1485.199951171875,1508.75,1482.75,1507.0,9564320
2024-06-13,1404.2850341796875,1493.949951171875,1505.0,1489.3499755859375,1495.0,7307565
2024-06-14,1399.5382080078125,1488.9000244140625,1503.699951171875,1486.050048828125,1503.699951171875,4237727
2024-06-18,1408.2799072265625,1498.199951171875,1507.0,1495.4000244140625,1497.0,5420939
2024-06-19,1420.6407470703125,1511.3499755859375,1515.6500244140625,1496.699951171875,1505.0,5493456
2024-06-20,1424.4476318359375,1515.4000244140625,1517.5,1499.0999755859375,1516.300048828125,7927010
2024-06-21,1440.7093505859375,1532.699951171875,1557.75,1523.699951171875,1545.0,17301941
2024-06-24,1435.4925537109375,1527.1500244140625,1529.0999755859375,1515.4000244140625,1524.550048828125,5564989
2024-06-25,1449.4041748046875,1541.949951171875,1543.9000244140625,1520.3499755859375,1526.0,4551525
2024-06-26,1448.229248046875,1540.699951171875,1548.8499755859375,1535.0,1541.0,4851004
2024-06-27,1478.919677734375,1573.3499755859375,1578.4000244140625,1532.050048828125,1538.449951171875,14757754
2024-06-28,1472.7158203125,1566.75,1588.5,1564.25,1572.550048828125,8197544
2024-07-01,1495.3223876953125,1590.800048828125,1599.9000244140625,1559.5,1559.5,6801771
2024-07-02,1523.7569580078125,1621.050048828125,1633.800048828125,1586.5,1596.199951171875,10493173
2024-07-03,1529.7255859375,1627.4000244140625,1636.0,1606.0,1625.0,7269965
2024-07-04,1551.5802001953125,1650.6500244140625,1660.0,1628.0,1628.199951171875,8008311
2024-07-05,1548.572265625,1647.449951171875,1665.8499755859375,1633.3499755859375,1651.449951171875,7065022
2024-07-08,1561.919921875,1661.6500244140625,1666.0,1640.0,1643.0999755859375,5880533
2024-07-09,1557.6900634765625,1657.1500244140625,1666.75,1651.0,1659.9000244140625,5191182
2024-07-10,1549.3240966796875,1648.25,1674.0,1637.550048828125,1657.0,9852770
2024-07-11,1553.5072021484375,1652.699951171875,1665.0,1642.050048828125,1656.0,8857679
2024-07-12,1609.0130615234375,1711.75,1719.75,1666.6500244140625,1680.0,17078316
2024-07-15,1604.59521484375,1707.050048828125,1728.0,1702.6500244140625,1726.199951171875,6942230
2024-07-16,1622.454833984375,1726.050048828125,1737.9000244140625,1700.0,1718.5999755859375,6886281
2024-07-18,1652.5343017578125,1758.050048828125,1765.4000244140625,1719.0,1719.0,11248896
2024-07-19,1685.3394775390625,1792.949951171875,1844.0,1786.449951171875,1844.0,29819116
2024-07-22,1702.1651611328125,1810.8499755859375,1823.0,1792.949951171875,1800.1500244140625,8462126
2024-07-23,1726.6517333984375,1836.9000244140625,1839.949951171875,1783.25,1810.0,7113056
2024-07-24,1723.878662109375,1833.949951171875,1842.3499755859375,1819.5999755859375,1837.5,6002845
2024-07-25,1715.324951171875,1824.8499755859375,1830.9000244140625,1812.0,1820.0,5815599
2024-07-26,1766.1309814453125,1878.9000244140625,1883.0,1825.3499755859375,1825.3499755859375,11369047
2024-07-29,1758.799072265625,1871.0999755859375,1903.0,1864.0,1893.5999755859375,4635931
2024-07-30,1764.486083984375,1877.1500244140625,1879.949951171875,1860.0,1871.0999755859375,2721265
2024-07-31,1756.1201171875,1868.25,1885.1500244140625,1865.050048828125,1877.0,5004209
2024-08-01,1741.409423828125,1852.5999755859375,1867.9000244140625,1845.0999755859375,1856.0999755859375,7475014
2024-08-02,1711.8939208984375,1821.199951171875,1859.5,1816.1500244140625,1843.0,7400938
2024-08-05,1646.75341796875,1751.9000244140625,1797.5,1718.550048828125,1784.949951171875,10736703
2024-08-06,1646.0013427734375,1751.0999755859375,1796.949951171875,1744.8499755859375,1760.199951171875,7690163
2024-08-07,1684.1175537109375,1791.6500244140625,1797.9000244140625,1762.0999755859375,1796.0,5094329
2024-08-08,1638.5284423828125,1743.1500244140625,1779.949951171875,1727.0999755859375,1779.949951171875,6227910
2024-08-09,1664.471923828125,1770.75,1780.75,1756.0,1771.25,4258524
2024-08-12,1689.5224609375,1797.4000244140625,1803.5,1768.0999755859375,1773.050048828125,4315329
2024-08-13,1689.5693359375,1797.449951171875,1810.0,1789.050048828125,1810.0,4176918
2024-08-14,1713.821044921875,1823.25,1825.0,1797.449951171875,1802.0,7450718
2024-08-16,1747.378173828125,1858.949951171875,1861.8499755859375,1829.5,1850.0,7335657
2024-08-19,1752.8773193359375,1864.800048828125,1867.550048828125,1849.199951171875,1860.0,2585989
2024-08-20,1759.8328857421875,1872.199951171875,1885.699951171875,1868.199951171875,1880.0,3870333
2024-08-21,1760.3028564453125,1872.699951171875,1879.0,1867.0999755859375,1875.0999755859375,1966902
2024-08-22,1767.39990234375,1880.25,1893.6500244140625,1869.699951171875,1884.0,4300287
2024-08-23,1750.3392333984375,1862.0999755859375,1882.5999755859375,1857.0,1878.199951171875,5015935
2024-08-26,1763.5460205078125,1876.1500244140625,1888.75,1864.0,1870.0,3728589
2024-08-27,1786.0584716796875,1900.0999755859375,1902.75,1873.9000244140625,1876.1500244140625,3830679
2024-08-28,1822.7177734375,1939.0999755859375,1951.0,1897.4000244140625,1906.9000244140625,6514531
2024-08-29,1817.31298828125,1933.3499755859375,1950.5,1920.9000244140625,1933.0,7228284
2024-08-30,1827.041748046875,1943.699951171875,1950.0,1928.0,1938.0,13466759
2024-09-02,1846.5933837890625,1964.5,1975.75,1942.800048828125,1943.3499755859375,5573739
2024-09-03,1824.7388916015625,1941.25,1967.0,1936.449951171875,1967.0,4694322
2024-09-04,1807.067138671875,1922.449951171875,1927.199951171875,1900.050048828125,1921.0999755859375,4778310
2024-09-05,1817.1248779296875,1933.1500244140625,1940.0,1909.5999755859375,1926.25,4081810
2024-09-06,1787.7034912109375,1901.8499755859375,1936.5,1896.8499755859375,1922.0,5848106
2024-09-09,1780.935791015625,1894.6500244140625,1920.8499755859375,1889.0,1890.0,4772612
2024-09-10,1797.5263671875,1912.300048828125,1935.0,1896.0,1904.9000244140625,6909600
2024-09-11,1795.50537109375,1910.1500244140625,1926.0,1905.0,1914.699951171875,5312946
2024-09-12,1833.3865966796875,1950.449951171875,1956.4000244140625,1910.800048828125,1925.0,8555092
2024-09-13,1827.417724609375,1944.0999755859375,1958.5999755859375,1935.6500244140625,1950.449951171875,3843127
2024-09-16,1833.19873046875,1950.25,1952.0,1933.050048828125,1945.75,1570181
2024-09-17,1835.3604736328125,1952.550048828125,1958.449951171875,1942.1500244140625,1947.75,2793127
2024-09-18,1778.5858154296875,1892.1500244140625,1938.75,1881.300048828125,1938.75,6385468
2024-09-19,1780.5125732421875,1894.199951171875,1924.9000244140625,1878.800048828125,1910.5999755859375,7976570
2024-09-20,1791.369384765625,1905.75,1915.0,1867.4000244140625,1905.0,15242974
2024-09-23,1782.627685546875,1896.449951171875,1918.9000244140625,1878.449951171875,1909.0,3636672
2024-09-24,1784.6484375,1898.5999755859375,1910.9000244140625,1871.4000244140625,1888.0,7277616
2024-09-25,1781.546630859375,1895.300048828125,1901.5999755859375,1876.800048828125,1886.3499755859375,4268341
2024-09-26,1786.1995849609375,1900.25,1917.949951171875,1893.0,1897.800048828125,8952803
2024-09-27,1792.3095703125,1906.75,1974.5999755859375,1903.300048828125,1932.0999755859375,14908931
2024-09-30,1763.029052734375,1875.5999755859375,1901.25,1870.5,1880.0,6986955
2024-10-01,1790.0533447265625,1904.3499755859375,1908.949951171875,1875.0,1875.0,4029072
2024-10-03,1779.7606201171875,1893.4000244140625,1911.8499755859375,1881.0,1889.5,7503887
2024-10-04,1803.0252685546875,1918.1500244140625,1954.0999755859375,1886.0,1889.550048828125,10001483
2024-10-07,1818.2059326171875,1934.300048828125,1942.0,1916.050048828125,1923.199951171875,6112575
2024-10-08,1831.6007080078125,1948.550048828125,1957.949951171875,1906.3499755859375,1937.9000244140625,5637391
2024-10-09,1835.548583984375,1952.75,1977.0,1945.0999755859375,1952.550048828125,4857163
2024-10-10,1803.8240966796875,1919.0,1964.0,1914.0999755859375,1957.9000244140625,4782119
2024-10-11,1818.9578857421875,1935.0999755859375,1947.0,1910.0999755859375,1918.0,4709431
2024-10-14,1841.3294677734375,1958.9000244140625,1969.5,1931.0999755859375,1932.1500244140625,3751378
2024-10-15,1841.7054443359375,1959.300048828125,1991.449951171875,1951.75,1960.0,5353705
2024-10-16,1804.858154296875,1920.0999755859375,1959.550048828125,1916.3499755859375,1955.0,3111512
2024-10-17,1849.9771728515625,1968.0999755859375,1978.0,1930.1500244140625,1935.199951171875,8162822
2024-10-18,1766.7889404296875,1879.5999755859375,1936.8499755859375,1869.25,1893.800048828125,10526196
2024-10-21,1741.5504150390625,1852.75,1898.800048828125,1838.0,1891.0999755859375,4654601
2024-10-22,1740.4693603515625,1851.5999755859375,1877.800048828125,1846.949951171875,1858.199951171875,4125240
2024-10-23,1760.9609375,1873.4000244140625,1886.0,1844.0,1845.25,4311910
2024-10-24,1751.51416015625,1863.3499755859375,1884.0,1860.0,1861.4000244140625,2906475
2024-10-25,1750.2923583984375,1862.050048828125,1876.3499755859375,1846.4000244140625,1863.449951171875,4689120
2024-10-28,1753.3941650390625,1865.3499755859375,1881.9000244140625,1857.0,1859.699951171875,7018940
2024-10-29,1748.5933837890625,1839.300048828125,1851.5999755859375,1829.0,1846.0,4621252
2024-10-30,1713.2276611328125,1802.0999755859375,1839.0,1796.3499755859375,1832.0,5919715
2024-10-31,1670.589599609375,1757.25,1787.9000244140625,1746.5,1787.9000244140625,7395236
2024-11-01,1674.0120849609375,1760.8499755859375,1766.0,1752.050048828125,1764.5,371966
2024-11-04,1676.6739501953125,1763.6500244140625,1767.0,1718.0,1724.5,7336722
2024-11-05,1667.68994140625,1754.199951171875,1768.449951171875,1745.0,1760.0,3160880
2024-11-06,1733.762451171875,1823.699951171875,1827.199951171875,1762.6500244140625,1764.0,10421494
2024-11-07,1714.131103515625,1803.050048828125,1825.699951171875,1787.0,1812.949951171875,4550965
2024-11-08,1739.704345703125,1829.949951171875,1840.5999755859375,1813.1500244140625,1818.0,4210960
2024-11-11,1768.367431640625,1860.0999755859375,1868.0,1822.550048828125,1829.0,3804234
2024-11-12,1776.6385498046875,1868.800048828125,1881.0,1861.0,1871.0999755859375,5012450
2024-11-13,1776.2581787109375,1868.4000244140625,1873.199951171875,1856.300048828125,1861.0999755859375,4257495
2024-11-14,1772.5980224609375,1864.550048828125,1876.0,1856.0,1865.5999755859375,4311431
2024-11-18,1722.1165771484375,1811.449951171875,1849.199951171875,1795.0,1849.199951171875,4839244
2024-11-19,1734.7607421875,1824.75,1859.699951171875,1820.550048828125,1825.5,4669769
2024-11-21,1743.602294921875,1834.050048828125,1867.0,1820.5999755859375,1842.0,5436504
2024-11-22,1808.4388427734375,1902.25,1914.050048828125,1834.0,1854.0999755859375,6301486
2024-11-25,1796.507568359375,1889.699951171875,1919.300048828125,1882.0,1916.0,12764638
2024-11-26,1829.2589111328125,1924.1500244140625,1938.5999755859375,1897.300048828125,1904.949951171875,6850495
2024-11-27,1829.591552734375,1924.5,1941.4000244140625,1911.75,1930.0999755859375,4447143
2024-11-28,1765.0875244140625,1856.6500244140625,1914.9000244140625,1851.6500244140625,1914.9000244140625,8468790
2024-11-29,1766.2283935546875,1857.8499755859375,1877.0,1845.0,1851.0999755859375,5244346
2024-12-02,1787.095947265625,1879.800048828125,1882.800048828125,1835.199951171875,1859.0,2868263
2024-12-03,1798.789306640625,1892.0999755859375,1899.75,1871.1500244140625,1887.0,4715792
2024-12-04,1796.0799560546875,1889.25,1913.949951171875,1875.0,1884.0,4705573
2024-12-05,1839.4310302734375,1934.8499755859375,1949.9000244140625,1888.949951171875,1900.0,9050038
2024-12-06,1827.594970703125,1922.4000244140625,1937.949951171875,1912.4000244140625,1932.800048828125,3573331
2024-12-09,1828.783447265625,1923.6500244140625,1930.199951171875,1897.199951171875,1924.199951171875,4274645
2024-12-10,1852.45556640625,1948.550048828125,1965.5999755859375,1932.0,1939.0,6174921
2024-12-11,1876.79296875,1974.1500244140625,1978.0,1952.0,1955.0,5025612
2024-12-12,1889.0091552734375,1987.0,1998.800048828125,1970.550048828125,1975.199951171875,6462130
2024-12-13,1901.0828857421875,1999.699951171875,2006.449951171875,1953.800048828125,1969.75,5362693
2024-12-16,1882.4019775390625,1980.050048828125,1999.5999755859375,1977.5999755859375,1995.449951171875,3119221
2024-12-17,1879.1220703125,1976.5999755859375,1982.0,1958.0,1968.0,5811050
2024-12-18,1881.5465087890625,1979.1500244140625,1984.949951171875,1961.5999755859375,1966.800048828125,3064095
2024-12-19,1850.2213134765625,1946.199951171875,1959.75,1920.0,1934.0,5323592
2024-12-20,1827.357421875,1922.1500244140625,1979.949951171875,1911.25,1975.1500244140625,11056720
2024-12-23,1829.4014892578125,1924.300048828125,1940.0,1909.0,1930.050048828125,2781793
2024-12-24,1814.903564453125,1909.050048828125,1942.0,1840.0,1927.050048828125,2360544
2024-12-26,1813.3348388671875,1907.4000244140625,1919.75,1902.300048828125,1909.050048828125,3623321
2024-12-27,1822.2237548828125,1916.75,1924.1500244140625,1903.9000244140625,1909.4000244140625,3937500
2024-12-30,1812.00390625,1906.0,1916.0,1886.5,1915.699951171875,7789055
2024-12-31,1787.2860107421875,1880.0,1897.0,1845.050048828125,1892.300048828125,3613063
