Date,Adj Close,Close,High,Low,Open,Volume
2020-01-01,1831.10986328125,2167.60009765625,2183.89990234375,2154.0,2168.0,1354908
2020-01-02,1822.703857421875,2157.64990234375,2179.949951171875,2149.199951171875,2179.949951171875,2380752
2020-01-03,1859.0294189453125,2200.64990234375,2223.0,2164.0,2164.0,4655761
2020-01-06,1858.8602294921875,2200.449951171875,2225.949951171875,2187.89990234375,2205.0,3023209
2020-01-07,1863.422607421875,2205.85009765625,2214.64990234375,2183.800048828125,2200.5,2429317
2020-01-08,1905.1527099609375,2255.25,2260.0,2202.050048828125,2205.0,5197454
2020-01-09,1870.602783203125,2214.35009765625,2251.949951171875,2210.0,2248.75,3734173
2020-01-10,1869.9263916015625,2213.550048828125,2234.0,2208.0,2228.0,1915807
2020-01-13,1850.3277587890625,2190.35009765625,2218.949951171875,2184.699951171875,2217.85009765625,2843893
2020-01-14,1864.3094482421875,2206.89990234375,2229.800048828125,2195.0,2195.0,2948452
2020-01-15,1881.2039794921875,2226.89990234375,2231.0,2194.199951171875,2213.0,2620681
2020-01-16,1891.25732421875,2238.800048828125,2249.0,2215.0,2226.949951171875,3117214
2020-01-17,1874.6153564453125,2219.10009765625,2253.550048828125,2213.0,2240.75,3281059
2020-01-20,1833.432861328125,2170.35009765625,2242.199951171875,2156.199951171875,2194.89990234375,5817599
2020-01-21,1834.0244140625,2171.050048828125,2186.550048828125,2158.050048828125,2169.949951171875,1902980
2020-01-22,1864.3094482421875,2206.89990234375,2210.0,2173.699951171875,2181.0,1773686
2020-01-23,1855.0374755859375,2190.949951171875,2217.75,2183.699951171875,2209.800048828125,2069866
2020-01-24,1848.64501953125,2183.39990234375,2190.949951171875,2170.0,2190.949951171875,1319430
2020-01-27,1836.6651611328125,2169.25,2193.449951171875,2165.0,2189.699951171875,1549101
2020-01-28,1848.9412841796875,2183.75,2187.800048828125,2152.0,2174.0,1743024
2020-01-29,1824.2606201171875,2154.60009765625,2186.949951171875,2150.0,2185.0,2306761
2020-01-30,1810.0789794921875,2137.85009765625,2165.0,2125.0,2160.0,2098567
2020-01-31,1760.294189453125,2079.050048828125,2144.35009765625,2071.60009765625,2139.39990234375,3287223
2020-02-03,1780.148681640625,2102.5,2194.699951171875,2093.199951171875,2152.0,4728073
2020-02-04,1784.593505859375,2107.75,2136.699951171875,2086.60009765625,2129.0,3509339
2020-02-05,1817.4453125,2146.550048828125,2156.699951171875,2104.300048828125,2115.0,2439322
2020-02-06,1802.03564453125,2128.35009765625,2174.199951171875,2115.5,2145.0,2640065
2020-02-07,1808.978271484375,2136.550048828125,2151.0,2119.0,2139.0,2083442
2020-02-10,1830.4840087890625,2161.949951171875,2167.0,2119.0,2140.89990234375,2383032
2020-02-11,1823.2451171875,2153.39990234375,2174.800048828125,2147.60009765625,2163.0,1335820
2020-02-12,1837.934814453125,2170.75,2185.0,2150.0,2151.10009765625,1620407
2020-02-13,1855.8843994140625,2191.949951171875,2197.0,2171.0,2172.949951171875,1645948
2020-02-14,1849.3228759765625,2184.199951171875,2212.0,2171.0,2188.0,1500115
2020-02-17,1865.4517822265625,2203.25,2217.0,2190.199951171875,2196.949951171875,1774724
2020-02-18,1876.0355224609375,2215.75,2221.0,2186.050048828125,2199.949951171875,2486223
2020-02-19,1859.609375,2196.35009765625,2230.0,2190.5,2215.75,1760463
2020-02-20,1826.12353515625,2156.800048828125,2214.39990234375,2151.25,2204.5,2317278
2020-02-24,1791.0289306640625,2115.35009765625,2178.949951171875,2106.699951171875,2156.0,3092877
2020-02-25,1825.5731201171875,2156.14990234375,2176.64990234375,2111.0,2115.5,2674567
2020-02-26,1798.0137939453125,2123.60009765625,2163.89990234375,2112.949951171875,2154.0,2686842
2020-02-27,1782.6885986328125,2105.5,2119.949951171875,2086.199951171875,2119.949951171875,2349001
2020-02-28,1693.4912109375,2000.1500244140625,2069.5,1990.0,2068.0,4298076
2020-03-02,1694.464599609375,2001.300048828125,2053.949951171875,1985.699951171875,2035.0,2667076
2020-03-03,1724.013427734375,2036.199951171875,2060.0,2012.0,2020.0,2757585
2020-03-04,1763.807373046875,2083.199951171875,2094.449951171875,2025.0,2056.0,3237002
2020-03-05,1799.2415771484375,2125.050048828125,2147.75,2084.050048828125,2085.699951171875,3937056
2020-03-06,1791.9603271484375,2116.449951171875,2123.64990234375,2071.60009765625,2098.0,2595027
2020-03-09,1669.952880859375,1972.3499755859375,2079.89990234375,1935.0,2075.0,4940975
2020-03-11,1654.16259765625,1953.699951171875,1987.300048828125,1920.0,1933.0,6796449
2020-03-12,1498.5,1769.8499755859375,1908.4000244140625,1758.3499755859375,1904.0,8728786
2020-03-13,1529.3614501953125,1806.300048828125,1820.0,1506.050048828125,1687.9000244140625,8029720
2020-03-16,1436.3111572265625,1696.4000244140625,1842.25,1675.8499755859375,1755.0,7844271
2020-03-17,1403.798583984375,1658.0,1731.0,1623.1500244140625,1730.0,5713248
2020-03-18,1400.7503662109375,1654.4000244140625,1713.550048828125,1627.75,1676.800048828125,7258778
2020-03-19,1395.5908203125,1636.3499755859375,1685.449951171875,1546.75,1559.699951171875,5135111
2020-03-20,1532.9879150390625,1797.449951171875,1869.0,1627.0,1630.0,8547498
2020-03-23,1424.0335693359375,1669.699951171875,1750.0,1617.75,1620.0,7003490
2020-03-24,1452.562255859375,1703.1500244140625,1770.0,1632.8499755859375,1653.050048828125,6350865
2020-03-25,1492.77490234375,1750.300048828125,1810.0,1680.0,1700.0,2765520
2020-03-26,1527.444091796875,1790.949951171875,1832.050048828125,1722.550048828125,1831.5999755859375,4556067
2020-03-27,1556.0582275390625,1824.5,1850.0,1750.4000244140625,1820.0,4331250
2020-03-30,1516.825927734375,1778.5,1905.0,1763.550048828125,1766.0,8513547
2020-03-31,1557.4224853515625,1826.0999755859375,1855.0,1780.0,1837.4000244140625,3927593
2020-04-01,1457.338623046875,1708.75,1834.75,1702.0,1825.9000244140625,4941878
2020-04-03,1410.814453125,1654.199951171875,1740.0,1650.0,1740.0,5735369
2020-04-07,1514.011474609375,1775.199951171875,1785.8499755859375,1705.0,1710.0,5427577
2020-04-08,1454.5238037109375,1705.449951171875,1806.0,1701.0,1760.0,6285615
2020-04-09,1506.293212890625,1766.1500244140625,1778.800048828125,1731.199951171875,1750.449951171875,5307397
2020-04-13,1500.408203125,1759.25,1787.0,1746.0,1761.0,2990438
2020-04-15,1479.8541259765625,1735.1500244140625,1812.0,1727.800048828125,1785.0,4761399
2020-04-16,1463.564208984375,1716.050048828125,1764.9000244140625,1675.050048828125,1709.949951171875,6245533
2020-04-17,1540.4505615234375,1806.199951171875,1851.949951171875,1753.0,1800.0,9895823
2020-04-20,1551.0689697265625,1818.6500244140625,1830.0,1802.5,1830.0,3244282
2020-04-21,1481.9862060546875,1737.6500244140625,1794.5999755859375,1727.699951171875,1765.0,5122541
2020-04-22,1509.150390625,1769.5,1790.0,1719.1500244140625,1737.6500244140625,3829836
2020-04-23,1601.8997802734375,1878.25,1900.0,1760.8499755859375,1780.0,5934366
2020-04-24,1550.9832763671875,1818.550048828125,1851.949951171875,1807.800048828125,1840.699951171875,2987102
2020-04-27,1566.3775634765625,1836.5999755859375,1875.0,1825.0,1832.300048828125,3374741
2020-04-28,1585.5245361328125,1859.050048828125,1868.0,1832.5999755859375,1865.0,2678505
2020-04-29,1625.268310546875,1905.6500244140625,1912.550048828125,1850.050048828125,1874.0,4241510
2020-04-30,1718.060302734375,2014.449951171875,2032.0,1942.199951171875,1980.0,5915544
2020-05-04,1646.4195556640625,1930.449951171875,1966.0,1913.6500244140625,1966.0,3729348
2020-05-05,1648.380859375,1932.75,1977.0,1927.0,1955.0999755859375,2905528
2020-05-06,1623.519775390625,1903.5999755859375,1953.699951171875,1893.5999755859375,1939.800048828125,3517431
2020-05-07,1613.3280029296875,1891.6500244140625,1934.449951171875,1883.3499755859375,1910.0,3166754
2020-05-08,1614.820556640625,1893.4000244140625,1939.5,1886.25,1939.0999755859375,2686530
2020-05-11,1650.5557861328125,1935.300048828125,1951.4000244140625,1909.0,1909.0,2449841
2020-05-12,1662.6663818359375,1949.5,1956.5,1910.25,1933.4000244140625,3256595
2020-05-13,1662.7943115234375,1949.6500244140625,1994.0,1925.6500244140625,1994.0,2656665
2020-05-14,1622.453857421875,1902.3499755859375,1923.0999755859375,1891.0999755859375,1910.0,2263146
2020-05-15,1614.3941650390625,1892.9000244140625,1917.4000244140625,1865.199951171875,1916.0,3173682
2020-05-18,1659.34033203125,1945.5999755859375,1952.949951171875,1872.0999755859375,1907.0,3727694
2020-05-19,1661.94140625,1948.6500244140625,1966.449951171875,1903.0,1903.0,3198693
2020-05-20,1666.1632080078125,1953.5999755859375,1962.9000244140625,1931.699951171875,1950.0,2778505
2020-05-21,1698.23095703125,1991.199951171875,1998.0,1941.1500244140625,1946.0,3400908
2020-05-22,1723.091796875,2020.3499755859375,2032.0,1961.25,1977.0999755859375,3663418
2020-05-26,1657.122802734375,1943.0,2024.0,1925.0,2015.0,4575317
2020-05-27,1710.2564697265625,2005.300048828125,2010.0,1941.25,1959.0,3482160
2020-05-28,1709.4039306640625,2004.300048828125,2014.0,1971.300048828125,1988.5,3475681
2020-05-29,1682.1541748046875,1972.3499755859375,2002.6500244140625,1962.4000244140625,1982.0,7237735
2020-06-01,1744.3287353515625,2045.25,2060.0,1981.0999755859375,1990.0,3747773
2020-06-02,1745.9490966796875,2047.1500244140625,2081.0,2040.050048828125,2060.199951171875,2443886
2020-06-03,1750.2255859375,2046.1500244140625,2063.75,2020.0,2051.85009765625,3699799
2020-06-04,1789.0599365234375,2091.550048828125,2100.0,2046.75,2046.75,4048593
2020-06-05,1752.0223388671875,2048.25,2098.0,2040.300048828125,2091.60009765625,3573289
2020-06-08,1772.123291015625,2071.75,2095.0,2062.10009765625,2078.25,2957841
2020-06-09,1772.380126953125,2072.050048828125,2095.5,2060.25,2063.10009765625,2909439
2020-06-10,1803.7723388671875,2108.75,2132.0,2073.5,2077.050048828125,5168397
2020-06-11,1768.616455078125,2067.64990234375,2105.0,2061.800048828125,2100.0,2269513
2020-06-12,1744.5377197265625,2039.5,2049.199951171875,2011.0,2011.199951171875,2842642
2020-06-15,1736.325927734375,2029.9000244140625,2059.0,2000.949951171875,2039.0999755859375,2399022
2020-06-16,1749.9263916015625,2045.800048828125,2073.949951171875,2031.0,2065.0,2146528
2020-06-17,1751.637451171875,2047.800048828125,2058.85009765625,2026.550048828125,2046.0,2703527
2020-06-18,1743.3402099609375,2038.0999755859375,2059.199951171875,2025.199951171875,2045.0,1944389
2020-06-19,1748.9000244140625,2044.5999755859375,2090.0,2032.0,2042.0,5681758
2020-06-22,1734.658203125,2027.949951171875,2052.25,2019.1500244140625,2050.0,3196138
2020-06-23,1740.945068359375,2035.300048828125,2044.0,2010.0,2027.0,4205944
2020-06-24,1746.846923828125,2042.199951171875,2064.25,2031.5999755859375,2034.0,2560937
2020-06-25,1724.5216064453125,2016.0999755859375,2060.0,2009.25,2035.0,3043931
2020-06-26,1812.41162109375,2118.85009765625,2132.0,2019.949951171875,2025.0,6300722
2020-06-29,1797.6993408203125,2101.64990234375,2127.60009765625,2091.300048828125,2108.0,3076341
2020-06-30,1781.019287109375,2082.14990234375,2111.89990234375,2075.050048828125,2100.0,3071725
2020-07-01,1789.4873046875,2092.050048828125,2113.949951171875,2079.5,2079.699951171875,2503466
2020-07-02,1845.1724853515625,2157.14990234375,2165.0,2098.0,2102.0,3758699
2020-07-03,1881.52587890625,2199.64990234375,2205.0,2160.25,2163.64990234375,4185208
2020-07-06,1935.88525390625,2263.199951171875,2269.89990234375,2205.0,2205.0,5190366
2020-07-07,1941.6163330078125,2269.89990234375,2302.699951171875,2232.14990234375,2275.0,5630055
2020-07-08,1897.991455078125,2218.89990234375,2274.39990234375,2207.60009765625,2270.0,2793358
2020-07-09,1885.5465087890625,2204.35009765625,2244.5,2191.050048828125,2229.0,3443998
2020-07-10,1900.9429931640625,2222.35009765625,2249.85009765625,2176.0,2205.25,9610320
2020-07-13,1898.9326171875,2220.0,2244.949951171875,2210.0,2220.0,2963503
2020-07-14,1857.8321533203125,2171.949951171875,2239.0,2165.0,2210.0,2976738
2020-07-15,1910.8223876953125,2233.89990234375,2260.0,2181.10009765625,2185.0,5569321
2020-07-16,1915.8375244140625,2234.75,2333.0,2220.10009765625,2244.0,8582118
2020-07-17,1886.6895751953125,2200.75,2243.89990234375,2190.050048828125,2237.0,4509135
2020-07-20,1892.819091796875,2207.89990234375,2226.89990234375,2190.800048828125,2201.0,2952646
2020-07-21,1907.5220947265625,2225.050048828125,2238.64990234375,2201.14990234375,2230.0,2665286
2020-07-22,1878.28857421875,2190.949951171875,2231.0,2184.199951171875,2231.0,2861534
2020-07-23,1861.3563232421875,2171.199951171875,2190.949951171875,2163.0,2190.949951171875,2265766
2020-07-24,1849.5255126953125,2157.39990234375,2163.0,2125.10009765625,2154.5,3665100
2020-07-27,1891.876220703125,2206.800048828125,2215.0,2163.5,2165.0,4248480
2020-07-28,1980.1351318359375,2309.75,2320.0,2215.0,2215.0,8092319
2020-07-29,1951.2437744140625,2276.050048828125,2342.0,2246.050048828125,2292.0,6090431
2020-07-30,1954.201904296875,2279.5,2358.0,2272.25,2285.89990234375,7098496
2020-07-31,1955.83056640625,2281.39990234375,2334.800048828125,2257.449951171875,2303.14990234375,4723290
2020-08-03,1932.4688720703125,2254.14990234375,2303.85009765625,2230.699951171875,2290.449951171875,4012337
2020-08-04,1928.6541748046875,2249.699951171875,2269.64990234375,2225.050048828125,2259.949951171875,2927928
2020-08-05,1937.0557861328125,2259.5,2300.0,2253.0,2260.0,3800641
2020-08-06,1978.7198486328125,2308.10009765625,2319.5,2265.35009765625,2275.0,4748047
2020-08-07,1967.789794921875,2295.35009765625,2328.0,2287.0,2308.0,3165491
2020-08-10,1957.030517578125,2282.800048828125,2325.0,2276.050048828125,2318.0,2929353
2020-08-11,1954.54443359375,2279.89990234375,2312.0,2275.60009765625,2283.0,2774423
2020-08-12,1935.212646484375,2257.35009765625,2296.39990234375,2246.550048828125,2288.35009765625,3415751
2020-08-13,1932.7259521484375,2254.449951171875,2300.0,2250.5,2273.0,2695682
2020-08-14,1922.18115234375,2242.14990234375,2281.300048828125,2233.10009765625,2277.0,2270405
2020-08-17,1931.8262939453125,2253.39990234375,2270.0,2238.25,2263.0,2625630
2020-08-18,1945.8431396484375,2269.75,2289.0,2248.300048828125,2262.800048828125,3493374
2020-08-19,1934.5697021484375,2256.60009765625,2284.60009765625,2252.5,2276.35009765625,2843005
2020-08-20,1931.355224609375,2252.85009765625,2276.550048828125,2240.050048828125,2257.0,2895164
2020-08-21,1927.7113037109375,2248.60009765625,2271.0,2241.050048828125,2260.0,1975294
2020-08-24,1927.28271484375,2248.10009765625,2259.949951171875,2230.0,2250.60009765625,2167966
2020-08-25,1922.610107421875,2242.64990234375,2250.0,2233.550048828125,2245.0,1663419
2020-08-26,1931.9119873046875,2253.5,2259.89990234375,2216.449951171875,2242.0,2618149
2020-08-27,1927.5399169921875,2248.39990234375,2287.35009765625,2241.75,2266.0,3579393
2020-08-28,1919.0953369140625,2238.550048828125,2279.949951171875,2235.10009765625,2268.39990234375,2941136
2020-08-31,1935.126708984375,2257.25,2276.199951171875,2228.0,2240.0,6018154
2020-09-01,1925.782470703125,2246.35009765625,2278.0,2241.300048828125,2269.0,3610908
2020-09-02,1941.89990234375,2265.14990234375,2268.75,2241.64990234375,2247.0,2084137
2020-09-03,1971.34716796875,2299.5,2324.0,2268.0,2268.0,4654146
2020-09-04,1962.1748046875,2288.800048828125,2324.25,2262.949951171875,2275.0,5231303
2020-09-07,1994.966552734375,2327.050048828125,2343.5,2283.35009765625,2289.0,4620401
2020-09-08,2013.0972900390625,2348.199951171875,2390.449951171875,2327.050048828125,2335.949951171875,7453998
2020-09-09,1995.4801025390625,2327.64990234375,2359.0,2320.0,2325.0,3866535
2020-09-10,1998.48046875,2331.14990234375,2348.5,2324.300048828125,2335.0,2308813
2020-09-11,2035.3016357421875,2374.10009765625,2383.0,2330.14990234375,2330.949951171875,4145424
2020-09-14,2135.8623046875,2491.39990234375,2505.75,2381.85009765625,2384.10009765625,7512131
2020-09-15,2135.8623046875,2491.39990234375,2538.0,2464.60009765625,2491.39990234375,7318770
2020-09-16,2145.806884765625,2503.0,2507.60009765625,2477.300048828125,2488.949951171875,3074003
2020-09-17,2109.75732421875,2460.949951171875,2495.75,2450.60009765625,2480.0,4828176
2020-09-18,2100.284423828125,2449.89990234375,2500.39990234375,2436.39990234375,2485.0,4183256
2020-09-21,2113.486328125,2465.300048828125,2504.89990234375,2452.14990234375,2465.0,4598809
2020-09-22,2162.909423828125,2522.949951171875,2555.0,2458.0,2485.0,7499613
2020-09-23,2115.329833984375,2467.449951171875,2519.85009765625,2409.0,2510.0,7502280
2020-09-24,1999.424560546875,2332.25,2450.0,2302.60009765625,2450.0,8424708
2020-09-25,2076.623291015625,2422.300048828125,2440.0,2352.10009765625,2368.0,8228267
2020-09-28,2080.05224609375,2426.300048828125,2444.0,2366.0,2440.0,4347166
2020-09-29,2133.29052734375,2488.39990234375,2511.050048828125,2426.300048828125,2434.85009765625,6995811
2020-09-30,2136.63330078125,2492.300048828125,2505.0,2460.0,2489.0,3917166
2020-10-01,2163.33837890625,2523.449951171875,2540.0,2492.300048828125,2510.0,2610337
2020-10-05,2319.666015625,2705.800048828125,2728.10009765625,2603.050048828125,2620.0,17412105
2020-10-06,2326.952880859375,2714.300048828125,2736.0,2650.10009765625,2736.0,9846367
2020-10-07,2345.513427734375,2735.949951171875,2770.0,2703.0,2742.0,9656101
2020-10-08,2422.455322265625,2825.699951171875,2885.0,2800.0,2800.0,19839329
2020-10-09,2411.524658203125,2812.949951171875,2829.85009765625,2780.0,2810.0,7739245
2020-10-12,2426.1416015625,2830.0,2854.0,2800.75,2815.5,4623203
2020-10-13,2423.184326171875,2826.550048828125,2854.89990234375,2812.199951171875,2845.0,4209878
2020-10-14,2418.921875,2809.60009765625,2842.0,2787.550048828125,2842.0,4395936
2020-10-15,2359.51708984375,2740.60009765625,2827.75,2727.0,2811.0,6629355
2020-10-16,2379.061279296875,2763.300048828125,2771.64990234375,2731.300048828125,2750.10009765625,5273773
2020-10-19,2334.506591796875,2711.550048828125,2774.0,2706.60009765625,2774.0,3331194
2020-10-20,2358.139404296875,2739.0,2759.89990234375,2717.949951171875,2725.0,3406273
2020-10-21,2303.3828125,2675.39990234375,2749.0,2663.050048828125,2739.0,4570143
2020-10-22,2299.72412109375,2671.14990234375,2686.64990234375,2638.10009765625,2661.0,5262294
2020-10-23,2313.19775390625,2686.800048828125,2702.0,2670.10009765625,2687.800048828125,3499091
2020-10-26,2314.4033203125,2688.199951171875,2709.949951171875,2670.5,2689.949951171875,2672752
2020-10-27,2264.4248046875,2630.14990234375,2718.14990234375,2624.10009765625,2699.75,3537502
2020-10-28,2257.580322265625,2622.199951171875,2655.949951171875,2606.0,2650.0,3569445
2020-10-29,2266.577392578125,2632.64990234375,2655.0,2600.25,2608.0,3105968
2020-10-30,2294.30029296875,2664.85009765625,2674.35009765625,2621.60009765625,2636.10009765625,3427003
2020-11-02,2242.427978515625,2604.60009765625,2664.85009765625,2600.050048828125,2660.0,2571196
2020-11-03,2267.3955078125,2633.60009765625,2665.0,2601.050048828125,2604.0,2879269
2020-11-04,2284.226318359375,2653.14990234375,2721.85009765625,2610.0,2610.0,4893928
2020-11-05,2312.250732421875,2685.699951171875,2710.0,2667.0,2685.0,2816502
2020-11-06,2330.976318359375,2707.449951171875,2713.25,2681.300048828125,2699.0,3884421
2020-11-09,2347.46337890625,2726.60009765625,2744.0,2695.10009765625,2731.10009765625,3646592
2020-11-10,2281.170654296875,2649.60009765625,2713.14990234375,2638.35009765625,2697.199951171875,4760020
2020-11-11,2314.05859375,2687.800048828125,2692.800048828125,2643.39990234375,2667.949951171875,3242441
2020-11-12,2299.637939453125,2671.050048828125,2713.0,2661.75,2686.0,2437505
2020-11-13,2287.412353515625,2656.85009765625,2664.89990234375,2636.0,2655.75,2548093
2020-11-14,2299.03515625,2670.35009765625,2689.0,2660.050048828125,2677.949951171875,298819
2020-11-17,2295.333740234375,2666.050048828125,2695.0,2650.050048828125,2695.0,2827273
2020-11-18,2261.41162109375,2626.64990234375,2664.199951171875,2607.050048828125,2661.0,2893762
2020-11-19,2270.236328125,2636.89990234375,2676.14990234375,2630.85009765625,2637.0,4167501
2020-11-20,2290.33984375,2660.25,2676.0,2627.550048828125,2655.0,2711471
2020-11-23,2345.44091796875,2724.25,2730.0,2665.0,2690.0,3706418
2020-11-24,2343.546630859375,2722.050048828125,2743.0,2705.0,2734.39990234375,3120516
2020-11-25,2325.681640625,2701.300048828125,2732.949951171875,2688.199951171875,2729.0,3302249
2020-11-26,2342.298095703125,2720.60009765625,2730.949951171875,2680.0,2686.0,2341099
2020-11-27,2307.0419921875,2679.64990234375,2717.699951171875,2669.050048828125,2705.0,6086808
2020-12-01,2347.635986328125,2726.800048828125,2735.89990234375,2624.449951171875,2679.0,3605017
2020-12-02,2367.22216796875,2749.550048828125,2754.699951171875,2702.449951171875,2719.0,2509032
2020-12-03,2332.698974609375,2709.449951171875,2773.89990234375,2700.800048828125,2773.89990234375,2852548
2020-12-04,2348.28173828125,2727.550048828125,2738.85009765625,2699.0,2710.800048828125,2686527
2020-12-07,2357.020263671875,2737.699951171875,2744.0,2706.14990234375,2715.0,1996400
2020-12-08,2408.332763671875,2797.300048828125,2805.550048828125,2732.449951171875,2740.0,4277818
2020-12-09,2419.955322265625,2810.800048828125,2840.0,2793.14990234375,2815.0,3659996
2020-12-10,2397.140380859375,2784.300048828125,2827.300048828125,2780.25,2818.0,2127801
2020-12-11,2396.537841796875,2783.60009765625,2807.699951171875,2764.550048828125,2792.699951171875,1795408
2020-12-14,2408.677001953125,2797.699951171875,2804.0,2756.25,2802.0,2483658
2020-12-15,2377.553955078125,2761.550048828125,2794.699951171875,2755.0,2786.0,2365509
2020-12-16,2422.8828125,2814.199951171875,2819.800048828125,2760.449951171875,2779.0,2565149
2020-12-17,2443.544921875,2838.199951171875,2853.699951171875,2805.0,2811.0,2863460
2020-12-18,2463.175537109375,2861.0,2898.0,2846.199951171875,2868.0,6076692
2020-12-21,2428.005615234375,2820.14990234375,2886.5,2785.0,2861.0,2705195
2020-12-22,2473.075927734375,2872.5,2883.64990234375,2818.64990234375,2834.0,2881737
2020-12-23,2504.286376953125,2908.75,2919.0,2865.449951171875,2876.050048828125,2790988
2020-12-24,2504.80224609375,2909.35009765625,2921.35009765625,2883.199951171875,2909.0,1807144
2020-12-28,2522.06494140625,2929.39990234375,2949.699951171875,2902.0,2910.0,2108994
2020-12-29,2523.011474609375,2930.5,2952.0,2920.0,2920.0,1994151
2020-12-30,2504.75927734375,2909.300048828125,2947.699951171875,2902.0,2934.39990234375,2637968
2020-12-31,2464.682373046875,2862.75,2905.0,2845.0,2900.0,4040956
2021-01-01,2521.07373046875,2928.25,2940.0,2879.0,2880.0,2681440
2021-01-04,2616.811767578125,3039.449951171875,3050.75,2940.949951171875,2950.0,5113293
2021-01-05,2662.9150390625,3093.0,3114.25,3039.60009765625,3039.60009765625,5801309
2021-01-06,2627.185546875,3051.5,3113.5,3037.199951171875,3100.0,3726716
2021-01-07,2611.086669921875,3032.800048828125,3080.85009765625,3000.25,3075.0,3717827
2021-01-08,2686.93603515625,3120.89990234375,3128.0,3060.0,3090.0,5879039
2021-01-11,2734.76171875,3176.449951171875,3230.0,3146.550048828125,3230.0,9508039
2021-01-12,2733.383544921875,3174.85009765625,3210.0,3150.0,3176.449951171875,3611458
2021-01-13,2719.6953125,3158.949951171875,3177.0,3126.25,3175.0,3572801
2021-01-14,2804.013427734375,3250.699951171875,3266.5,3120.39990234375,3155.0,6931542
2021-01-15,2789.046875,3233.35009765625,3274.0,3210.0,3235.0,4131692
2021-01-18,2779.040771484375,3221.75,3256.75,3187.39990234375,3250.0,4160906
2021-01-19,2812.639404296875,3260.699951171875,3279.0,3232.0,3233.0,2975735
2021-01-20,2854.129638671875,3308.800048828125,3327.949951171875,3267.10009765625,3270.0,3453446
2021-01-21,2823.982177734375,3273.85009765625,3309.14990234375,3262.10009765625,3305.0,2778546
2021-01-22,2849.212646484375,3303.10009765625,3325.0,3241.89990234375,3241.89990234375,3052459
2021-01-25,2839.0341796875,3291.300048828125,3339.800048828125,3278.64990234375,3308.949951171875,2272887
2021-01-27,2812.940673828125,3261.050048828125,3306.449951171875,3227.0,3300.0,2786662
2021-01-28,2757.304443359375,3196.550048828125,3275.0,3183.800048828125,3230.0,3083938
2021-01-29,2683.811279296875,3111.35009765625,3216.85009765625,3100.0,3210.050048828125,5445659
2021-02-01,2707.9638671875,3139.35009765625,3165.0,3044.10009765625,3100.0,3985846
2021-02-02,2763.255615234375,3203.449951171875,3224.0,3150.0,3174.0,2881837
2021-02-03,2760.322509765625,3200.050048828125,3236.0,3162.64990234375,3213.0,2505866
2021-02-04,2750.31689453125,3188.449951171875,3237.85009765625,3176.0,3216.050048828125,2057261
2021-02-05,2724.007568359375,3157.949951171875,3205.85009765625,3129.0,3198.949951171875,2366135
2021-02-08,2772.442138671875,3214.10009765625,3226.0,3155.14990234375,3189.5,2526592
2021-02-09,2740.354248046875,3176.89990234375,3245.800048828125,3164.0,3195.0,2658751
2021-02-10,2771.751953125,3213.300048828125,3219.39990234375,3157.300048828125,3185.0,2127983
2021-02-11,2765.45556640625,3206.0,3219.300048828125,3185.050048828125,3215.0,1165882
2021-02-12,2752.34423828125,3190.800048828125,3245.5,3182.0,3184.199951171875,2777404
2021-02-15,2708.39501953125,3139.85009765625,3209.0,3131.550048828125,3209.0,2630853
2021-02-16,2681.612060546875,3108.800048828125,3167.64990234375,3100.0,3150.0,3435770
2021-02-17,2650.8173828125,3073.10009765625,3132.85009765625,3045.550048828125,3105.10009765625,3678426
2021-02-18,2637.231689453125,3057.35009765625,3097.89990234375,3031.0,3065.0,4189909
2021-02-19,2649.7392578125,3071.85009765625,3087.14990234375,3016.14990234375,3058.0,3725028
2021-02-22,2551.922119140625,2958.449951171875,3096.0,2943.14990234375,3096.0,5366696
2021-02-23,2570.68310546875,2980.199951171875,3028.0,2968.0,2970.0,3832829
2021-02-24,2542.994140625,2948.10009765625,3003.35009765625,2921.14990234375,2972.0,3774549
2021-02-25,2583.708251953125,2995.300048828125,3029.89990234375,2968.449951171875,2974.0,4224073
2021-02-26,2496.5869140625,2894.300048828125,2972.35009765625,2880.0,2960.0,5553153
2021-03-01,2522.3779296875,2924.199951171875,2965.0,2901.800048828125,2926.0,3265871
2021-03-02,2593.239990234375,3006.35009765625,3025.0,2948.0,2960.0,3306469
2021-03-03,2638.741455078125,3059.10009765625,3064.0,2996.89990234375,3035.0,3509857
2021-03-04,2630.63330078125,3049.699951171875,3081.449951171875,3016.050048828125,3023.0,3916760
2021-03-05,2594.7060546875,3008.050048828125,3063.199951171875,2996.60009765625,3016.10009765625,3203686
2021-03-08,2593.7568359375,3006.949951171875,3033.0,2996.0,3016.0,2003125
2021-03-09,2631.71142578125,3050.949951171875,3066.89990234375,2992.10009765625,3006.949951171875,1942397
2021-03-10,2648.962646484375,3070.949951171875,3093.199951171875,3060.0,3075.0,3053778
2021-03-12,2637.7490234375,3057.949951171875,3117.0,3041.35009765625,3075.0,2938317
2021-03-15,2644.822509765625,3066.14990234375,3099.0,3041.0,3041.0,3097083
2021-03-16,2682.690185546875,3110.050048828125,3141.0,3060.0,3060.0,4894756
2021-03-17,2685.191162109375,3112.949951171875,3155.0,3085.300048828125,3105.0,3838390
2021-03-18,2619.2470703125,3036.5,3146.449951171875,2987.050048828125,3125.949951171875,3656306
2021-03-19,2631.064697265625,3050.199951171875,3099.0,3005.0,3030.0,5776626
2021-03-22,2699.59716796875,3129.64990234375,3139.449951171875,3018.64990234375,3048.699951171875,2821646
2021-03-23,2710.767333984375,3142.60009765625,3169.0,3122.85009765625,3140.0,3305973
2021-03-24,2692.221923828125,3121.10009765625,3152.300048828125,3111.14990234375,3111.199951171875,2207104
2021-03-25,2643.700927734375,3064.85009765625,3130.85009765625,3050.0,3112.199951171875,3179786
2021-03-26,2645.383056640625,3066.800048828125,3118.0,3043.050048828125,3090.64990234375,3697370
2021-03-30,2724.52587890625,3158.550048828125,3188.449951171875,3060.89990234375,3083.0,4694008
2021-03-31,2741.173583984375,3177.85009765625,3205.0,3132.0,3155.0,3530069
2021-04-01,2730.089111328125,3165.0,3215.0,3145.0,3191.10009765625,4285076
2021-04-05,2793.833984375,3238.89990234375,3263.0,3151.0,3171.0,5317862
2021-04-06,2816.089111328125,3264.699951171875,3275.0,3230.0,3275.0,2291562
2021-04-07,2821.868896484375,3271.39990234375,3277.550048828125,3234.800048828125,3259.0,2491268
2021-04-08,2861.504150390625,3317.35009765625,3335.0,3266.050048828125,3270.0,2578118
2021-04-09,2865.731201171875,3322.25,3354.35009765625,3308.0,3354.0,2911129
2021-04-12,2800.433837890625,3246.550048828125,3338.10009765625,3213.199951171875,3322.25,3791828
2021-04-13,2677.51513671875,3104.050048828125,3214.0,3073.050048828125,3214.0,8654596
2021-04-15,2776.625732421875,3218.949951171875,3237.25,3087.449951171875,3160.300048828125,6062760
2021-04-16,2756.096435546875,3195.14990234375,3247.0,3182.60009765625,3229.0,3224657
2021-04-19,2727.3291015625,3161.800048828125,3189.0,3135.10009765625,3169.0,2679106
2021-04-20,2712.44970703125,3144.550048828125,3225.35009765625,3126.35009765625,3225.0,3141893
2021-04-22,2690.23779296875,3118.800048828125,3148.0,3105.25,3148.0,1988980
2021-04-23,2682.215087890625,3109.5,3119.0,3091.050048828125,3105.0,1615309
2021-04-26,2674.711181640625,3100.800048828125,3153.0,3088.050048828125,3102.050048828125,2490260
2021-04-27,2701.623779296875,3132.0,3136.10009765625,3103.0,3106.0,1471417
2021-04-28,2694.80908203125,3124.10009765625,3151.0,3112.0,3149.949951171875,1639037
2021-04-29,2687.17578125,3115.25,3157.35009765625,3105.5,3145.60009765625,1621395
2021-04-30,2618.513916015625,3035.64990234375,3132.050048828125,3020.0,3099.0,3072305
2021-05-03,2619.6787109375,3037.0,3055.0,3004.0,3024.89990234375,1545831
2021-05-04,2630.67578125,3049.75,3090.0,3035.0,3062.800048828125,1990777
2021-05-05,2670.31201171875,3095.699951171875,3099.39990234375,3052.39990234375,3070.0,1939289
2021-05-06,2683.897216796875,3111.449951171875,3134.0,3074.0,3105.5,1791671
2021-05-07,2702.400390625,3132.89990234375,3159.85009765625,3111.800048828125,3133.0,1912540
2021-05-10,2713.268798828125,3145.5,3164.199951171875,3125.0,3145.949951171875,2137153
2021-05-11,2693.51611328125,3122.60009765625,3128.10009765625,3091.14990234375,3125.0,2415625
2021-05-12,2663.3251953125,3087.60009765625,3120.0,3070.60009765625,3120.0,1978558
2021-05-14,2632.18505859375,3051.5,3098.5,3040.0,3098.5,2043935
2021-05-17,2647.927734375,3069.75,3075.199951171875,3036.0,3055.0,2890462
2021-05-18,2664.35986328125,3088.800048828125,3124.0,3078.0,3100.0,2098538
2021-05-19,2658.494384765625,3082.0,3118.0,3067.10009765625,3084.0,1986041
2021-05-20,2639.51708984375,3060.0,3088.800048828125,3052.10009765625,3067.10009765625,2329027
2021-05-21,2657.200439453125,3080.5,3088.199951171875,3055.10009765625,3061.0,1685566
2021-05-24,2658.063232421875,3081.5,3105.0,3072.0,3081.5,1652260
2021-05-25,2699.236572265625,3114.0,3128.25,3082.10009765625,3092.0,1841613
2021-05-26,2737.809814453125,3158.5,3165.0,3103.800048828125,3120.0,1923753
2021-05-27,2756.446044921875,3180.0,3217.75,3161.800048828125,3161.949951171875,5959785
2021-05-28,2724.893798828125,3143.60009765625,3198.0,3135.64990234375,3189.5,1763701
2021-05-31,2738.37255859375,3159.14990234375,3170.35009765625,3128.60009765625,3150.0,1652799
2021-06-01,2733.042236328125,3153.0,3169.949951171875,3132.0,3168.60009765625,1377441
2021-06-02,2712.62890625,3129.449951171875,3159.449951171875,3115.0,3150.85009765625,2240078
2021-06-03,2722.856689453125,3141.25,3154.550048828125,3122.64990234375,3154.550048828125,1281706
2021-06-04,2725.02392578125,3143.75,3156.85009765625,3125.0,3128.0,1836060
2021-06-07,2759.219482421875,3183.199951171875,3190.449951171875,3133.60009765625,3145.0,2559821
2021-06-08,2773.91162109375,3200.14990234375,3231.0,3187.199951171875,3198.0,2574057
2021-06-09,2773.998291015625,3200.25,3220.0,3186.199951171875,3202.0,1710925
2021-06-10,2788.34423828125,3216.800048828125,3224.0,3193.0,3210.0,1874324
2021-06-11,2837.752685546875,3273.800048828125,3309.0,3211.0,3211.550048828125,3452954
2021-06-14,2839.96240234375,3276.35009765625,3308.699951171875,3270.35009765625,3279.0,1847360
2021-06-15,2828.173828125,3262.75,3298.0,3251.550048828125,3298.0,1304985
2021-06-16,2838.229736328125,3274.35009765625,3294.699951171875,3253.0,3262.10009765625,1635552
2021-06-17,2875.8486328125,3317.75,3336.050048828125,3260.0,3265.5,2273413
2021-06-18,2858.122314453125,3297.300048828125,3358.0,3275.0,3350.89990234375,3380431
2021-06-21,2837.14599609375,3273.10009765625,3286.0,3251.699951171875,3265.0,1130569
2021-06-22,2861.5029296875,3301.199951171875,3327.050048828125,3285.0,3304.0,1708688
2021-06-23,2827.003662109375,3261.39990234375,3329.0,3256.39990234375,3329.0,1467104
2021-06-24,2924.25927734375,3373.60009765625,3383.0,3278.5,3284.0,4155204
2021-06-25,2930.5009765625,3380.800048828125,3399.64990234375,3350.0,3375.25,2722861
2021-06-28,2892.31787109375,3336.75,3391.5,3333.0,3391.5,1355238
2021-06-29,2895.870849609375,3340.85009765625,3366.300048828125,3326.5,3342.0,1497322
2021-06-30,2900.118896484375,3345.75,3382.0,3338.5,3346.0,1693146
2021-07-01,2896.434814453125,3341.5,3362.0,3332.35009765625,3358.0,990310
2021-07-02,2882.522705078125,3325.449951171875,3339.699951171875,3295.199951171875,3331.0,1682274
2021-07-05,2878.665283203125,3321.0,3374.0,3302.0,3342.0,1972858
2021-07-06,2827.7841796875,3262.300048828125,3328.0,3256.10009765625,3313.0,2159420
2021-07-07,2838.748291015625,3274.949951171875,3282.699951171875,3241.60009765625,3275.0,2640710
2021-07-08,2824.490234375,3258.5,3298.0,3231.89990234375,3298.0,2485811
2021-07-09,2780.84619140625,3208.14990234375,3282.0,3201.0,3250.0,6365067
2021-07-12,2767.800537109375,3193.10009765625,3236.0,3188.35009765625,3235.0,1892226
2021-07-13,2762.990234375,3187.550048828125,3214.0,3175.0,3214.0,1809339
2021-07-14,2786.394287109375,3214.550048828125,3222.0,3185.0,3187.0,2044279
2021-07-15,2782.397705078125,3202.949951171875,3231.85009765625,3194.0,3227.60009765625,2232968
2021-07-16,2775.318359375,3194.800048828125,3219.85009765625,3192.0,3213.0,1256526
2021-07-19,2766.457763671875,3184.60009765625,3199.800048828125,3176.0,3180.0,1597058
2021-07-20,2784.8740234375,3205.800048828125,3215.0,3156.14990234375,3184.60009765625,1811945
2021-07-22,2794.03857421875,3216.35009765625,3224.949951171875,3190.0,3190.0,2859334
2021-07-23,2790.998046875,3212.85009765625,3241.550048828125,3206.64990234375,3230.0,1776193
2021-07-26,2777.706787109375,3197.550048828125,3224.25,3190.85009765625,3200.0,1259611
2021-07-27,2765.0234375,3182.949951171875,3210.0,3161.14990234375,3200.0,1121367
2021-07-28,2777.923828125,3197.800048828125,3204.449951171875,3132.39990234375,3188.0,1660654
2021-07-29,2776.186767578125,3195.800048828125,3225.449951171875,3190.300048828125,3200.25,1731997
2021-07-30,2751.559326171875,3167.449951171875,3223.5,3162.35009765625,3219.0,2999943
2021-08-02,2796.6875,3219.39990234375,3224.89990234375,3167.0,3180.0,2608669
2021-08-03,2853.58837890625,3284.89990234375,3290.0,3218.949951171875,3229.0,3804735
2021-08-04,2844.074951171875,3273.949951171875,3305.199951171875,3261.199951171875,3300.0,2929598
2021-08-05,2852.76220703125,3283.949951171875,3315.0,3262.5,3275.0,2534521
2021-08-06,2875.218505859375,3309.800048828125,3324.0,3265.0,3272.550048828125,2292362
2021-08-09,2886.424560546875,3322.699951171875,3337.0,3310.0,3323.89990234375,1510489
2021-08-10,2896.154296875,3333.89990234375,3349.89990234375,3315.60009765625,3315.60009765625,2040777
2021-08-11,2905.101318359375,3344.199951171875,3360.0,3327.10009765625,3350.0,1929707
2021-08-12,2911.659912109375,3351.75,3368.0,3326.0,3326.0,1310205
2021-08-13,3008.650390625,3463.39990234375,3480.0,3357.5,3360.75,4363584
2021-08-16,3016.94677734375,3472.949951171875,3494.35009765625,3436.5,3460.0,2083489
2021-08-17,3086.529052734375,3553.050048828125,3560.800048828125,3463.0,3482.10009765625,4336019
2021-08-18,3093.04443359375,3560.550048828125,3595.0,3536.60009765625,3573.85009765625,2631309
2021-08-20,3092.132080078125,3559.5,3575.0,3500.0,3506.0,2836148
2021-08-23,3159.803955078125,3637.39990234375,3673.0,3561.89990234375,3580.0,3744176
2021-08-24,3138.781005859375,3613.199951171875,3667.35009765625,3594.39990234375,3657.0,2511141
2021-08-25,3178.5673828125,3659.0,3697.75,3607.050048828125,3610.0,2123263
2021-08-26,3189.73095703125,3671.85009765625,3687.60009765625,3647.89990234375,3660.0,1902533
2021-08-27,3231.688720703125,3720.14990234375,3729.5,3651.10009765625,3666.0,3944728
2021-08-30,3215.31396484375,3701.300048828125,3740.35009765625,3687.60009765625,3715.0,2033114
2021-08-31,3289.282958984375,3786.449951171875,3804.10009765625,3703.449951171875,3709.39990234375,3207480
2021-09-01,3227.1708984375,3714.949951171875,3816.699951171875,3707.0,3796.0,2643336
2021-09-02,3332.97900390625,3836.75,3859.14990234375,3722.0,3734.0,3403717
2021-09-03,3337.5830078125,3842.050048828125,3856.89990234375,3804.550048828125,3825.0,1746812
2021-09-06,3346.2265625,3852.0,3877.60009765625,3814.0,3849.699951171875,1723693
2021-09-07,3314.866455078125,3815.89990234375,3869.949951171875,3808.25,3864.0,1585039
2021-09-08,3278.598388671875,3774.14990234375,3815.0,3756.0,3810.0,4147175
2021-09-09,3293.58349609375,3791.39990234375,3808.699951171875,3765.0,3789.699951171875,1441148
2021-09-13,3340.449951171875,3845.35009765625,3852.39990234375,3767.0,3767.0,1691473
2021-09-14,3375.675537109375,3885.89990234375,3896.5,3825.0,3849.949951171875,1991188
2021-09-15,3435.311767578125,3954.550048828125,3980.0,3866.0,3882.10009765625,2461369
2021-09-16,3390.791015625,3903.300048828125,3981.75,3892.10009765625,3930.0,2946666
2021-09-17,3325.247314453125,3827.85009765625,3945.0,3805.0,3920.0,6477148
2021-09-20,3321.46875,3823.5,3871.0,3807.85009765625,3809.0,2002008
2021-09-21,3355.73876953125,3862.949951171875,3871.550048828125,3821.64990234375,3858.0,1568129
2021-09-22,3355.044189453125,3862.14990234375,3896.85009765625,3852.449951171875,3862.5,1744067
2021-09-23,3361.211669921875,3869.25,3879.0,3835.0,3870.0,2003869
2021-09-24,3362.992431640625,3871.300048828125,3944.39990234375,3855.0,3890.0,2320754
2021-09-27,3333.15234375,3836.949951171875,3904.0,3802.89990234375,3900.0,1673362
2021-09-28,3282.94189453125,3779.14990234375,3850.0,3751.25,3850.0,2253075
2021-09-29,3294.01806640625,3791.89990234375,3806.0,3722.14990234375,3759.800048828125,2489161
2021-09-30,3279.814453125,3775.550048828125,3805.0,3750.10009765625,3805.0,2252412
2021-10-01,3240.419189453125,3730.199951171875,3810.0,3725.0,3781.75,1578374
2021-10-04,3277.85986328125,3773.300048828125,3783.64990234375,3707.449951171875,3724.800048828125,1356860
2021-10-05,3329.982177734375,3833.300048828125,3840.0,3741.60009765625,3754.0,1877966
2021-10-06,3310.5234375,3810.89990234375,3857.449951171875,3795.0,3836.0,1678154
2021-10-07,3381.7568359375,3892.89990234375,3899.0,3820.050048828125,3830.0,1647233
2021-10-08,3418.89306640625,3935.64990234375,3989.89990234375,3900.0,3925.0,2934339
2021-10-11,3201.675048828125,3685.60009765625,3757.5,3660.0,3755.0,11845402
2021-10-12,3173.22509765625,3652.85009765625,3707.0,3630.60009765625,3706.0,5752877
2021-10-13,3175.266357421875,3655.199951171875,3675.449951171875,3645.0,3650.0,3545655
2021-10-14,3143.28076171875,3611.449951171875,3670.0,3608.199951171875,3625.0,6442299
2021-10-18,3174.3525390625,3647.14990234375,3652.699951171875,3601.449951171875,3603.449951171875,3590107
2021-10-19,3163.038330078125,3634.14990234375,3690.10009765625,3625.199951171875,3669.0,3135441
2021-10-20,3141.01806640625,3608.85009765625,3630.0,3578.300048828125,3612.0,2933693
2021-10-21,3074.565673828125,3532.5,3607.449951171875,3511.25,3604.10009765625,4871211
2021-10-22,3045.2783203125,3498.85009765625,3561.60009765625,3485.0,3560.0,2691670
2021-10-25,3040.142578125,3492.949951171875,3514.550048828125,3450.0,3503.0,2595594
2021-10-26,3031.134033203125,3482.60009765625,3529.0,3475.0,3494.5,3878763
2021-10-27,3037.357666015625,3489.75,3511.25,3483.0,3483.0,2510813
2021-10-28,2978.08544921875,3421.64990234375,3518.0,3415.0,3518.0,2424942
2021-10-29,2957.283203125,3397.75,3461.0,3385.949951171875,3400.050048828125,3960501
2021-11-01,3025.73779296875,3476.39990234375,3487.0,3412.949951171875,3437.949951171875,2020718
2021-11-02,3032.52734375,3484.199951171875,3513.60009765625,3469.75,3494.0,3087414
2021-11-03,3039.532958984375,3492.25,3519.89990234375,3466.050048828125,3504.199951171875,1537639
2021-11-04,3053.80712890625,3508.64990234375,3513.25,3505.0,3512.949951171875,328991
2021-11-08,3048.67236328125,3502.75,3548.0,3481.199951171875,3548.0,2526082
2021-11-09,3051.240478515625,3505.699951171875,3535.0,3496.0,3508.0,1782692
2021-11-10,3032.613525390625,3484.300048828125,3519.699951171875,3480.199951171875,3498.0,1516489
2021-11-11,3036.00830078125,3488.199951171875,3510.050048828125,3436.0,3480.0,1284514
2021-11-12,3068.950927734375,3526.050048828125,3534.14990234375,3485.699951171875,3506.0,1747259
2021-11-15,3092.668701171875,3553.300048828125,3569.60009765625,3528.0,3528.0,1809157
2021-11-16,3095.3671875,3556.39990234375,3575.550048828125,3542.0,3569.0,2013204
2021-11-17,3065.33935546875,3521.89990234375,3562.85009765625,3506.39990234375,3550.60009765625,1632914
2021-11-18,3025.12890625,3475.699951171875,3520.85009765625,3451.60009765625,3515.14990234375,2136598
2021-11-22,3010.071533203125,3458.39990234375,3515.949951171875,3440.300048828125,3478.39990234375,3167936
2021-11-23,3015.162841796875,3464.25,3480.949951171875,3407.800048828125,3445.0,2153461
2021-11-24,2996.9287109375,3443.300048828125,3493.050048828125,3424.0,3472.199951171875,2161746
2021-11-25,2999.191650390625,3445.89990234375,3463.0,3434.050048828125,3443.89990234375,1849619
2021-11-26,3000.018798828125,3446.85009765625,3490.0,3411.89990234375,3425.0,1941251
2021-11-29,3048.019287109375,3502.0,3529.35009765625,3406.449951171875,3447.14990234375,2981745
2021-11-30,3071.6494140625,3529.14990234375,3563.75,3491.0,3491.0,5588446
2021-12-01,3113.9931640625,3577.800048828125,3590.0,3535.0,3535.0,2102118
2021-12-02,3170.653564453125,3642.89990234375,3648.0,3574.10009765625,3589.199951171875,3152938
2021-12-03,3168.521484375,3640.449951171875,3665.949951171875,3630.85009765625,3646.449951171875,2486263
2021-12-06,3077.9599609375,3536.39990234375,3658.0,3522.0,3640.449951171875,1849642
2021-12-07,3119.824951171875,3584.5,3598.0,3524.300048828125,3562.5,1484458
2021-12-08,3156.72802734375,3626.89990234375,3646.449951171875,3601.0,3601.0,1428660
2021-12-09,3134.83837890625,3601.75,3634.75,3566.0,3610.0,1567957
2021-12-10,3165.3447265625,3636.800048828125,3642.0,3575.10009765625,3585.0,1510718
2021-12-13,3141.714111328125,3609.64990234375,3662.0,3601.699951171875,3650.0,1883864
2021-12-14,3154.0302734375,3623.800048828125,3635.0,3576.699951171875,3605.0,1747007
2021-12-15,3107.50830078125,3570.35009765625,3623.0,3558.14990234375,3620.0,1603233
2021-12-16,3117.300537109375,3581.60009765625,3608.449951171875,3570.0,3582.0,2072320
2021-12-17,3119.6943359375,3584.35009765625,3651.35009765625,3573.699951171875,3602.5,4333992
2021-12-20,3095.80224609375,3556.89990234375,3606.0,3510.14990234375,3589.0,2312310
2021-12-21,3140.538818359375,3608.300048828125,3641.199951171875,3566.39990234375,3582.64990234375,2340989
2021-12-22,3160.0791015625,3630.75,3636.800048828125,3606.25,3624.0,1224328
2021-12-23,3187.886962890625,3662.699951171875,3670.5,3630.0,3648.0,1792861
2021-12-24,3195.024169921875,3670.89990234375,3705.0,3644.800048828125,3685.0,2209923
2021-12-27,3216.95751953125,3696.10009765625,3700.0,3653.10009765625,3671.0,1534135
2021-12-28,3226.052978515625,3706.550048828125,3725.0,3693.85009765625,3710.0,1456218
2021-12-29,3215.738525390625,3694.699951171875,3719.949951171875,3685.0,3692.25,1456923
2021-12-30,3249.7265625,3733.75,3740.0,3680.0,3681.35009765625,1966475
2021-12-31,3253.730224609375,3738.35009765625,3760.0,3731.300048828125,3742.800048828125,1207141
2022-01-03,3322.837158203125,3817.75,3830.0,3745.0,3750.0,2346158
2022-01-04,3381.152099609375,3884.75,3889.14990234375,3811.699951171875,3831.10009765625,2488606
2022-01-05,3360.436767578125,3860.949951171875,3870.0,3812.39990234375,3865.0,1733031
2022-01-06,3313.87158203125,3807.449951171875,3835.0,3772.0,3812.0,1810293
2022-01-07,3353.95263671875,3853.5,3864.89990234375,3796.39990234375,3820.0,2460591
2022-01-10,3376.88720703125,3879.85009765625,3978.0,3861.0,3978.0,3937092
2022-01-11,3408.263671875,3915.89990234375,3925.0,3856.0,3856.0,1906106
2022-01-12,3359.523193359375,3859.89990234375,3929.0,3836.550048828125,3925.0,3203744
2022-01-13,3392.597412109375,3897.89990234375,3923.0,3857.0,3918.0,6684507
2022-01-14,3453.739990234375,3968.14990234375,3977.0,3860.050048828125,3877.85009765625,3348123
2022-01-17,3498.128662109375,4019.14990234375,4043.0,3962.300048828125,3992.699951171875,3442604
2022-01-18,3473.280029296875,3990.60009765625,4041.699951171875,3980.0,4033.949951171875,2389041
2022-01-19,3413.162109375,3914.64990234375,4012.0,3910.5,4012.0,3102539
2022-01-20,3336.348876953125,3826.550048828125,3920.0,3811.0,3910.0,6176776
2022-01-21,3342.40869140625,3833.5,3851.550048828125,3771.10009765625,3807.0,3112358
2022-01-24,3288.219970703125,3771.35009765625,3849.64990234375,3740.10009765625,3840.0,3258414
2022-01-25,3286.9560546875,3769.89990234375,3809.39990234375,3722.199951171875,3769.5,3330501
2022-01-27,3181.761962890625,3649.25,3733.39990234375,3625.10009765625,3731.0,5718297
2022-01-28,3217.33544921875,3690.050048828125,3729.800048828125,3646.0,3646.0,3143862
2022-01-31,3257.61669921875,3736.25,3758.0,3721.39990234375,3749.0,2739393
2022-02-01,3313.766357421875,3800.64990234375,3808.0,3736.39990234375,3770.0,2105169
2022-02-02,3362.2001953125,3856.199951171875,3864.0,3800.64990234375,3827.89990234375,1984212
2022-02-03,3334.64892578125,3824.60009765625,3882.5,3816.050048828125,3851.0,1960538
2022-02-04,3326.191162109375,3814.89990234375,3824.699951171875,3769.0,3815.300048828125,2307366
2022-02-07,3294.890625,3779.0,3831.800048828125,3756.14990234375,3791.0,1919149
2022-02-08,3263.894287109375,3743.449951171875,3799.699951171875,3721.0,3791.550048828125,2946443
2022-02-09,3278.803955078125,3760.550048828125,3777.949951171875,3746.10009765625,3750.0,1638721
2022-02-10,3287.348388671875,3770.35009765625,3789.800048828125,3758.0,3789.800048828125,2112459
2022-02-11,3221.60791015625,3694.949951171875,3752.5,3690.0,3752.5,3851488
2022-02-14,3255.43701171875,3733.75,3793.25,3710.0,3724.0,5951745
2022-02-15,3328.719970703125,3817.800048828125,3835.0,3748.0,3786.0,3931683
2022-02-16,3324.6220703125,3813.10009765625,3854.10009765625,3806.0,3844.0,3256906
2022-02-17,3299.423828125,3784.199951171875,3835.0,3779.0,3825.0,3134372
2022-02-18,3307.881591796875,3793.89990234375,3815.949951171875,3757.60009765625,3769.0,3688883
2022-02-21,3242.92529296875,3719.39990234375,3827.800048828125,3705.550048828125,3810.0,7465922
2022-02-22,3126.963134765625,3586.39990234375,3667.89990234375,3570.0,3650.0,5408531
2022-02-23,3107.25830078125,3563.800048828125,3622.89990234375,3555.64990234375,3611.0,2426203
2022-02-24,2965.880615234375,3401.64990234375,3483.85009765625,3391.10009765625,3474.0,5039136
2022-02-25,3069.723876953125,3520.75,3530.0,3462.0,3468.0,2549723
2022-02-28,3098.88818359375,3554.199951171875,3563.75,3455.89990234375,3490.0,3288942
2022-03-02,3091.86962890625,3546.14990234375,3571.949951171875,3506.0,3552.5,2761341
2022-03-03,3090.343505859375,3544.39990234375,3578.60009765625,3530.10009765625,3562.85009765625,1928039
2022-03-04,3072.862060546875,3524.35009765625,3561.199951171875,3487.050048828125,3501.5,2370257
2022-03-07,3038.46630859375,3484.89990234375,3548.0,3431.550048828125,3450.0,3054130
2022-03-08,3138.777099609375,3599.949951171875,3609.0,3460.0,3460.0,3300992
2022-03-09,3167.244384765625,3632.60009765625,3654.0,3597.050048828125,3605.0,2719654
2022-03-10,3157.08740234375,3620.949951171875,3684.0,3615.0,3684.0,2005441
2022-03-11,3138.07958984375,3599.14990234375,3639.85009765625,3592.85009765625,3603.25,1623423
2022-03-14,3176.312744140625,3643.0,3648.35009765625,3580.0,3580.0,1765688
2022-03-15,3133.5029296875,3593.89990234375,3659.0,3585.39990234375,3659.0,3651133
2022-03-16,3187.56005859375,3655.89990234375,3668.0,3616.25,3640.5,3090475
2022-03-17,3202.251708984375,3672.75,3710.0,3660.300048828125,3696.60009765625,3600452
2022-03-21,3162.100341796875,3626.699951171875,3713.949951171875,3615.0,3696.0,2413831
2022-03-22,3226.8388671875,3700.949951171875,3711.0,3625.0,3640.0,2907611
2022-03-23,3236.822509765625,3712.39990234375,3729.800048828125,3690.0,3708.0,1596195
2022-03-24,3269.474365234375,3749.85009765625,3758.199951171875,3695.0,3700.0,1879046
2022-03-25,3232.506103515625,3707.449951171875,3779.5,3672.0,3759.89990234375,1690133
2022-03-28,3232.72412109375,3707.699951171875,3713.0,3661.199951171875,3695.0,1760990
2022-03-29,3230.67529296875,3705.35009765625,3722.0,3691.0,3694.75,2689063
2022-03-30,3253.51904296875,3731.550048828125,3738.0,3706.199951171875,3738.0,1583455
2022-03-31,3260.8427734375,3739.949951171875,3754.64990234375,3720.199951171875,3740.0,2168110
2022-04-01,3277.234375,3758.75,3763.0,3728.050048828125,3748.0,1387014
2022-04-04,3287.348388671875,3770.35009765625,3780.0,3737.10009765625,3762.0,1472994
2022-04-05,3326.104736328125,3814.800048828125,3835.60009765625,3772.0,3772.0,2314947
2022-04-06,3274.27001953125,3755.35009765625,3809.300048828125,3731.14990234375,3809.300048828125,2051729
2022-04-07,3212.19140625,3684.14990234375,3745.5,3679.0,3745.5,2494829
2022-04-08,3213.498779296875,3685.64990234375,3705.0,3642.5,3690.0,2296773
2022-04-11,3222.871826171875,3696.39990234375,3712.35009765625,3656.10009765625,3690.0,2291660
2022-04-12,3218.250732421875,3691.10009765625,3739.0,3648.35009765625,3683.0,4483476
2022-04-13,3192.834228515625,3661.949951171875,3709.85009765625,3655.550048828125,3707.0,1621672
2022-04-18,3076.088134765625,3528.050048828125,3610.0,3522.5,3610.0,3820792
2022-04-19,3027.131103515625,3471.89990234375,3563.550048828125,3439.14990234375,3550.0,3170014
2022-04-20,3101.155029296875,3556.800048828125,3569.14990234375,3480.0,3500.0,2640370
2022-04-21,3163.801025390625,3628.64990234375,3644.0,3567.39990234375,3580.0,2280996
2022-04-22,3149.76318359375,3612.550048828125,3617.0,3571.5,3581.10009765625,1581465
2022-04-25,3093.65673828125,3548.199951171875,3584.0,3533.10009765625,3558.0,1960694
2022-04-26,3092.00048828125,3546.300048828125,3587.89990234375,3518.14990234375,3575.14990234375,1943469
2022-04-27,3104.99169921875,3561.199951171875,3568.449951171875,3506.300048828125,3546.0,1727648
2022-04-28,3125.132080078125,3584.300048828125,3604.39990234375,3538.050048828125,3588.0,1703660
2022-04-29,3092.34912109375,3546.699951171875,3623.25,3536.85009765625,3597.0,2051115
2022-05-02,3088.599609375,3542.39990234375,3547.949951171875,3492.75,3519.89990234375,1324161
2022-05-04,3033.975830078125,3479.75,3545.449951171875,3465.300048828125,3538.5,2305825
2022-05-05,3063.31494140625,3513.39990234375,3533.0,3485.35009765625,3512.10009765625,1612262
2022-05-06,2992.865478515625,3432.60009765625,3474.5,3424.5,3459.0,2010812
2022-05-09,3003.764892578125,3445.10009765625,3456.0,3346.85009765625,3398.0,2481830
2022-05-10,2998.227783203125,3438.75,3464.800048828125,3422.0,3434.0,1622685
2022-05-11,2974.905029296875,3412.0,3448.449951171875,3382.14990234375,3435.0,1841769
2022-05-12,2971.983642578125,3408.64990234375,3449.699951171875,3350.10009765625,3378.0,2807195
2022-05-13,2977.433349609375,3414.89990234375,3439.89990234375,3382.14990234375,3435.0,2187823
2022-05-16,2944.214111328125,3376.800048828125,3430.0,3366.60009765625,3415.0,1195813
2022-05-17,3009.432373046875,3451.60009765625,3467.0,3350.39990234375,3370.0,1754076
2022-05-18,3006.99072265625,3448.800048828125,3495.0,3443.050048828125,3465.0,1866781
2022-05-19,2844.077880859375,3261.949951171875,3405.0,3230.0,3397.0,4642963
2022-05-20,2871.1494140625,3293.0,3313.89990234375,3270.050048828125,3310.0,3065125
2022-05-23,2896.2158203125,3321.75,3338.89990234375,3267.0,3304.800048828125,2293690
2022-05-24,2866.790283203125,3288.0,3324.85009765625,3275.60009765625,3315.14990234375,1711510
2022-05-25,2780.46142578125,3167.64990234375,3292.85009765625,3154.050048828125,3292.85009765625,3548046
2022-05-26,2832.5126953125,3226.949951171875,3241.5,3180.550048828125,3191.0,2813186
2022-05-27,2862.66455078125,3261.300048828125,3278.89990234375,3229.199951171875,3253.199951171875,3103153
2022-05-30,2962.68603515625,3375.25,3386.60009765625,3286.35009765625,3297.0,2094624
2022-05-31,2953.1181640625,3364.35009765625,3383.39990234375,3325.0,3354.14990234375,4840965
2022-06-01,2945.086669921875,3355.199951171875,3388.0,3340.050048828125,3388.0,1493835
2022-06-02,3004.599609375,3423.0,3432.0,3346.300048828125,3355.0,2657939
2022-06-03,3019.652587890625,3440.14990234375,3477.300048828125,3431.199951171875,3459.39990234375,1913622
2022-06-06,3011.5771484375,3430.949951171875,3453.0,3377.14990234375,3418.0,1084210
2022-06-07,2951.670166015625,3362.699951171875,3418.85009765625,3356.0,3401.050048828125,2308256
2022-06-08,2988.0537109375,3404.14990234375,3413.949951171875,3346.5,3380.14990234375,2185707
2022-06-09,3008.19873046875,3427.10009765625,3437.0,3353.10009765625,3385.0,1279197
2022-06-10,2949.2119140625,3359.89990234375,3393.0,3352.0,3382.0,1527582
2022-06-13,2826.061279296875,3219.60009765625,3293.0,3192.449951171875,3290.0,3030921
2022-06-14,2818.1181640625,3210.550048828125,3238.89990234375,3174.699951171875,3190.0,2611493
2022-06-15,2814.386962890625,3206.300048828125,3234.0,3201.0,3218.5,1404536
2022-06-16,2757.9462890625,3142.0,3244.85009765625,3133.050048828125,3240.0,2032028
2022-06-17,2711.33740234375,3088.89990234375,3118.75,3023.85009765625,3092.0,5240434
2022-06-20,2731.96484375,3112.39990234375,3138.75,3069.0,3094.0,1502769
2022-06-21,2819.34619140625,3211.949951171875,3237.75,3125.39990234375,3130.0,2964461
2022-06-22,2829.001708984375,3222.949951171875,3250.550048828125,3183.0,3199.89990234375,3336315
2022-06-23,2904.3583984375,3308.800048828125,3318.0,3222.949951171875,3222.949951171875,3692578
2022-06-24,2890.576904296875,3293.10009765625,3345.0,3277.5,3339.0,2132118
2022-06-27,2909.537353515625,3314.699951171875,3362.89990234375,3306.5,3350.0,2037686
2022-06-28,2912.5654296875,3318.14990234375,3330.0,3272.60009765625,3307.0,1400046
2022-06-29,2888.294921875,3290.5,3333.0,3271.0,3271.0,2133994
2022-06-30,2867.75537109375,3267.10009765625,3310.89990234375,3255.0,3272.0,2719603
2022-07-01,2909.887939453125,3315.10009765625,3333.0,3252.050048828125,3260.0,1502879
2022-07-04,2839.623291015625,3235.050048828125,3317.949951171875,3225.050048828125,3312.0,2622535
2022-07-05,2823.1650390625,3216.300048828125,3272.0,3206.949951171875,3255.0,2170627
2022-07-06,2862.181396484375,3260.75,3268.5,3202.25,3218.5,2182144
2022-07-07,2885.968505859375,3287.85009765625,3319.39990234375,3265.050048828125,3271.0,1989921
2022-07-08,2866.30712890625,3265.449951171875,3305.0,3250.0,3300.0,2136916
2022-07-11,2733.193603515625,3113.800048828125,3225.0,3106.0,3206.14990234375,6974600
2022-07-12,2707.650390625,3084.699951171875,3136.199951171875,3080.25,3114.89990234375,3734815
2022-07-13,2667.316650390625,3038.75,3110.0,3035.0,3104.0,3863530
2022-07-14,2639.154296875,2998.75,3057.0,2967.0,3056.0,4764908
2022-07-15,2635.501708984375,2994.60009765625,3028.89990234375,2953.0,3018.550048828125,4574806
2022-07-18,2696.139892578125,3063.5,3076.949951171875,3014.300048828125,3023.0,3202795
2022-07-19,2705.601318359375,3074.25,3078.949951171875,3030.050048828125,3030.050048828125,1865074
2022-07-20,2785.29248046875,3164.800048828125,3171.949951171875,3098.050048828125,3107.800048828125,3402251
2022-07-21,2796.29345703125,3177.300048828125,3184.0,3144.050048828125,3167.0,2420640
2022-07-22,2790.749755859375,3171.0,3197.0,3143.5,3185.0,2075886
2022-07-25,2787.0087890625,3166.75,3186.449951171875,3149.10009765625,3165.0,1797504
2022-07-26,2742.255615234375,3115.89990234375,3168.89990234375,3096.5,3164.699951171875,2639367
2022-07-27,2806.4580078125,3188.85009765625,3194.10009765625,3110.0,3115.0,1389808
2022-07-28,2869.516845703125,3260.5,3264.0,3201.64990234375,3216.0,2106333
2022-07-29,2905.9521484375,3301.89990234375,3317.300048828125,3275.0,3290.0,2430257
2022-08-01,2903.22412109375,3298.800048828125,3327.0,3271.0,3327.0,1306913
2022-08-02,2897.063720703125,3291.800048828125,3312.89990234375,3271.64990234375,3290.0,1269114
2022-08-03,2939.043212890625,3339.5,3349.0,3277.050048828125,3280.0,2895824
2022-08-04,2952.640380859375,3354.949951171875,3387.89990234375,3307.35009765625,3350.0,2150567
2022-08-05,2961.52978515625,3365.050048828125,3377.0,3355.0,3361.199951171875,1106933
2022-08-08,2969.80224609375,3374.449951171875,3378.89990234375,3336.0,3365.0,1068836
2022-08-10,2952.02490234375,3354.25,3385.0,3335.0,3385.0,1878359
2022-08-11,3012.09033203125,3422.5,3428.699951171875,3375.050048828125,3400.0,1449248
2022-08-12,2993.652099609375,3401.550048828125,3419.0,3381.25,3419.0,1472354
2022-08-16,2985.86376953125,3392.699951171875,3414.85009765625,3387.5,3411.0,839942
2022-08-17,2993.2568359375,3401.10009765625,3417.949951171875,3371.10009765625,3385.10009765625,1622326
2022-08-18,2975.787109375,3381.25,3392.0,3362.0,3390.0,1430659
2022-08-19,2979.74755859375,3385.75,3421.5,3371.25,3387.0,1398410
2022-08-22,2952.2880859375,3354.550048828125,3384.10009765625,3347.39990234375,3365.0,1536532
2022-08-23,2890.726806640625,3284.60009765625,3341.89990234375,3270.0,3319.949951171875,1849256
2022-08-24,2864.984619140625,3255.35009765625,3308.0,3250.199951171875,3292.0,1691923
2022-08-25,2832.2890625,3218.199951171875,3278.14990234375,3214.75,3276.0,1946930
2022-08-26,2835.80908203125,3222.199951171875,3257.0,3216.800048828125,3234.300048828125,1457962
2022-08-29,2756.909423828125,3132.550048828125,3142.699951171875,3081.0,3125.0,2539173
2022-08-30,2826.08447265625,3211.14990234375,3226.5,3142.10009765625,3155.0,3431525
2022-09-01,2756.16162109375,3131.699951171875,3190.0,3121.0,3190.0,3546935
2022-09-02,2755.017578125,3130.39990234375,3163.0,3120.300048828125,3163.0,2052900
2022-09-05,2757.657470703125,3133.39990234375,3147.949951171875,3112.25,3123.64990234375,2147912
2022-09-06,2752.069580078125,3127.050048828125,3140.85009765625,3106.35009765625,3135.5,1936453
2022-09-07,2771.91552734375,3149.60009765625,3161.89990234375,3102.0,3102.0,1291534
2022-09-08,2789.560791015625,3169.64990234375,3183.5,3160.10009765625,3170.0,1346113
2022-09-09,2831.804931640625,3217.64990234375,3233.5,3168.5,3195.0,1561185
2022-09-12,2854.0712890625,3242.949951171875,3269.800048828125,3225.0,3239.89990234375,1785928
2022-09-13,2842.10205078125,3229.35009765625,3263.449951171875,3225.0,3263.449951171875,1972678
2022-09-14,2746.216552734375,3120.39990234375,3141.39990234375,3113.800048828125,3135.0,5090269
2022-09-15,2732.09130859375,3104.35009765625,3137.75,3100.0,3130.0,2138023
2022-09-16,2647.9111328125,3008.699951171875,3094.35009765625,3000.0,3076.0,5322221
2022-09-19,2665.60107421875,3028.800048828125,3042.0,2987.800048828125,3036.0,2072220
2022-09-20,2675.721923828125,3040.300048828125,3079.949951171875,3030.0,3050.0,1544295
2022-09-21,2641.310546875,3001.199951171875,3041.39990234375,2998.14990234375,3028.0,2253818
2022-09-22,2646.766845703125,3007.39990234375,3029.949951171875,2979.300048828125,2990.0,2017983
2022-09-23,2624.45703125,2982.050048828125,3022.5,2979.0,3004.0,2652374
2022-09-26,2635.325927734375,2994.39990234375,3025.85009765625,2926.10009765625,2959.85009765625,2925489
2022-09-27,2655.612060546875,3017.449951171875,3025.0,2976.0,3009.39990234375,2227447
2022-09-28,2671.629638671875,3035.64990234375,3049.949951171875,2980.0,2980.0,2739767
2022-09-29,2637.878173828125,2997.300048828125,3055.85009765625,2990.0,3054.0,2493902
2022-09-30,2644.2587890625,3004.550048828125,3019.699951171875,2950.10009765625,2990.85009765625,2817353
2022-10-03,2627.009033203125,2984.949951171875,3020.699951171875,2974.0,2995.0,1763331
2022-10-04,2720.473876953125,3091.14990234375,3098.0,3023.0,3029.949951171875,2145875
2022-10-06,2729.979248046875,3101.949951171875,3124.0,3092.449951171875,3111.0,1790816
2022-10-07,2697.372314453125,3064.89990234375,3105.0,3058.10009765625,3097.39990234375,1939879
2022-10-10,2744.588623046875,3118.550048828125,3127.0,3005.0,3010.0,3064063
2022-10-11,2701.46484375,3069.550048828125,3145.0,3053.35009765625,3100.0,4730645
2022-10-12,2728.923095703125,3100.75,3109.89990234375,3062.050048828125,3084.89990234375,1665247
2022-10-13,2731.16748046875,3103.300048828125,3110.0,3052.35009765625,3100.75,2054781
2022-10-14,2727.514892578125,3099.14990234375,3150.0,3071.0,3145.0,2245977
2022-10-17,2745.69189453125,3111.75,3128.39990234375,3071.449951171875,3072.64990234375,1517005
2022-10-18,2774.765380859375,3144.699951171875,3155.35009765625,3128.550048828125,3150.0,1793722
2022-10-19,2754.603515625,3121.85009765625,3159.0,3112.0,3159.0,1194289
2022-10-20,2785.883544921875,3157.300048828125,3160.0,3105.0,3105.0,1587601
2022-10-21,2768.324462890625,3137.39990234375,3160.39990234375,3127.0,3157.800048828125,1021913
2022-10-24,2789.76513671875,3161.699951171875,3178.0,3155.0,3170.10009765625,260949
2022-10-25,2790.118408203125,3162.10009765625,3184.25,3151.14990234375,3180.5,2069643
2022-10-27,2785.971435546875,3157.39990234375,3174.0,3134.35009765625,3160.699951171875,2438421
2022-10-28,2791.1337890625,3163.25,3178.5,3145.0,3150.0,1355739
2022-10-31,2817.515869140625,3193.14990234375,3199.0,3177.800048828125,3199.0,1919414
2022-11-01,2876.237060546875,3259.699951171875,3262.60009765625,3203.449951171875,3214.5,2991060
2022-11-02,2860.354736328125,3241.699951171875,3270.0,3222.050048828125,3270.0,1405955
2022-11-03,2829.515869140625,3206.75,3228.050048828125,3195.0,3228.050048828125,1422652
2022-11-04,2838.913330078125,3217.39990234375,3220.050048828125,3166.14990234375,3217.0,1464013
2022-11-07,2853.29541015625,3233.699951171875,3242.800048828125,3195.10009765625,3229.0,1474498
2022-11-09,2837.72216796875,3216.050048828125,3249.800048828125,3201.64990234375,3249.800048828125,1162267
2022-11-10,2828.544677734375,3205.64990234375,3225.0,3170.0,3170.0,1573092
2022-11-11,2925.86962890625,3315.949951171875,3341.60009765625,3255.050048828125,3269.60009765625,3265394
2022-11-14,2943.120849609375,3335.5,3349.0,3309.0,3324.0,1342074
2022-11-15,2940.561279296875,3332.60009765625,3339.949951171875,3292.0,3321.0,1400708
2022-11-16,2960.63525390625,3355.35009765625,3367.89990234375,3321.449951171875,3338.89990234375,1748235
2022-11-17,2955.031982421875,3349.0,3360.0,3317.75,3340.0,1417986
2022-11-18,2950.135009765625,3343.449951171875,3362.75,3321.0,3350.0,1164540
2022-11-21,2897.237060546875,3283.5,3333.699951171875,3273.0,3322.5,1304194
2022-11-22,2924.98779296875,3314.949951171875,3318.949951171875,3255.25,3280.0,1149739
2022-11-23,2919.119873046875,3308.300048828125,3330.0,3291.0,3330.0,1150011
2022-11-24,2982.51806640625,3380.14990234375,3392.949951171875,3308.300048828125,3316.25,1296591
2022-11-25,2990.900390625,3389.64990234375,3403.35009765625,3348.0,3383.0,1588981
2022-11-28,2995.841552734375,3395.25,3417.0,3365.550048828125,3366.0,2195437
2022-11-29,2997.69482421875,3397.35009765625,3429.0,3383.0,3383.0,1576028
2022-11-30,2991.91455078125,3390.800048828125,3414.89990234375,3375.0,3383.0,3410702
2022-12-01,3066.783203125,3475.64990234375,3480.0,3420.0,3425.0,2180856
2022-12-02,3034.577880859375,3439.14990234375,3468.89990234375,3413.0,3458.10009765625,2411749
2022-12-05,3022.885986328125,3425.89990234375,3439.14990234375,3407.0,3433.0,1475065
2022-12-06,2987.10595703125,3385.35009765625,3407.949951171875,3368.0,3400.050048828125,1166999
2022-12-07,2982.914794921875,3380.60009765625,3393.699951171875,3354.0,3368.300048828125,1167505
2022-12-08,2956.39990234375,3350.550048828125,3380.60009765625,3339.449951171875,3360.0,1285619
2022-12-09,2905.399169921875,3292.75,3374.10009765625,3276.35009765625,3374.10009765625,1797896
2022-12-12,2899.840087890625,3286.449951171875,3296.0,3236.10009765625,3255.5,1527610
2022-12-13,2940.120361328125,3332.10009765625,3336.449951171875,3267.800048828125,3277.199951171875,1378016
2022-12-14,2969.458984375,3365.35009765625,3377.0,3340.89990234375,3348.800048828125,1213311
2022-12-15,2916.296630859375,3305.10009765625,3364.75,3298.949951171875,3358.800048828125,1415694
2022-12-16,2859.0751953125,3240.25,3292.0,3225.199951171875,3275.0,2703680
2022-12-19,2825.368896484375,3202.050048828125,3245.5,3194.5,3227.0,2120965
2022-12-20,2862.339599609375,3243.949951171875,3249.0,3163.64990234375,3198.89990234375,1529971
2022-12-21,2884.046875,3268.550048828125,3283.050048828125,3240.0,3249.0,1432566
2022-12-22,2876.237060546875,3259.699951171875,3294.0,3245.10009765625,3294.0,1384101
2022-12-23,2848.574951171875,3228.35009765625,3266.85009765625,3217.0,3217.0,1360281
2022-12-26,2870.237060546875,3252.89990234375,3272.0,3225.050048828125,3228.35009765625,870157
2022-12-27,2876.060791015625,3259.5,3273.800048828125,3231.5,3269.199951171875,835883
2022-12-28,2873.943603515625,3257.10009765625,3266.10009765625,3226.0,3249.800048828125,910795
2022-12-29,2884.222412109375,3268.75,3271.5,3228.0,3231.10009765625,1037927
2022-12-30,2873.590087890625,3256.699951171875,3299.0,3246.199951171875,3286.050048828125,1163131
2023-01-02,2877.781005859375,3261.449951171875,3266.85009765625,3235.199951171875,3261.0,709547
2023-01-03,2921.811767578125,3311.35009765625,3320.0,3245.300048828125,3252.0,1245178
2023-01-04,2924.722900390625,3314.64990234375,3327.35009765625,3286.199951171875,3306.699951171875,1231668
2023-01-05,2921.590576171875,3311.10009765625,3337.300048828125,3281.949951171875,3330.199951171875,1826057
2023-01-06,2833.751708984375,3211.550048828125,3301.550048828125,3200.0,3300.0,2488376
2023-01-09,2929.399658203125,3319.949951171875,3327.0,3221.14990234375,3229.0,2885060
2023-01-10,2899.79638671875,3286.39990234375,3298.0,3230.10009765625,3285.0,3864655
2023-01-11,2937.120361328125,3328.699951171875,3349.5,3271.14990234375,3290.10009765625,2720512
2023-01-12,2942.10546875,3334.35009765625,3350.0,3315.550048828125,3329.0,2250391
2023-01-13,2977.576416015625,3374.550048828125,3379.0,3305.0,3342.89990234375,1742837
2023-01-16,3008.709716796875,3334.050048828125,3353.0,3298.050048828125,3317.0,1843607
2023-01-17,3048.732177734375,3378.39990234375,3381.800048828125,3321.0,3330.0,1688475
2023-01-18,3059.200439453125,3390.0,3408.949951171875,3372.25,3380.0,2421189
2023-01-19,3043.949462890625,3373.10009765625,3387.0,3361.0,3380.0,1585044
2023-01-20,3034.925537109375,3363.10009765625,3394.64990234375,3355.60009765625,3365.0,1529349
2023-01-23,3081.670654296875,3414.89990234375,3419.0,3355.60009765625,3388.0,1067916
2023-01-24,3100.982177734375,3436.300048828125,3451.949951171875,3417.300048828125,3425.0,1387863
2023-01-25,3095.071533203125,3429.75,3435.0,3405.0,3425.300048828125,874110
2023-01-27,3078.196044921875,3411.050048828125,3446.0,3382.300048828125,3426.0,1785879
2023-01-30,3098.590576171875,3433.64990234375,3458.449951171875,3385.550048828125,3420.0,1953798
2023-01-31,3030.954833984375,3358.699951171875,3449.0,3351.0,3449.0,2820375
2023-02-01,3075.759521484375,3408.35009765625,3419.0,3355.0,3363.0,2205161
2023-02-02,3122.730224609375,3460.39990234375,3469.0,3420.10009765625,3427.0,1813847
2023-02-03,3142.493896484375,3482.300048828125,3504.0,3452.89990234375,3504.0,1804469
2023-02-06,3122.324462890625,3459.949951171875,3473.14990234375,3436.85009765625,3473.14990234375,1138714
2023-02-07,3133.695068359375,3472.550048828125,3493.0,3461.39990234375,3468.89990234375,1455647
2023-02-08,3176.60498046875,3520.10009765625,3539.89990234375,3478.050048828125,3478.050048828125,1986946
2023-02-09,3195.330322265625,3540.85009765625,3547.60009765625,3505.300048828125,3515.0,1655427
2023-02-10,3192.35205078125,3537.550048828125,3542.35009765625,3508.14990234375,3520.0,1187821
2023-02-13,3142.583984375,3482.39990234375,3549.0,3473.39990234375,3549.0,1087939
2023-02-14,3158.556640625,3500.10009765625,3524.85009765625,3495.0,3505.0,1579818
2023-02-15,3177.10107421875,3520.64990234375,3526.0,3460.14990234375,3487.0,1429449
2023-02-16,3210.851806640625,3558.050048828125,3575.0,3527.0,3527.199951171875,1618931
2023-02-17,3159.50439453125,3501.14990234375,3538.89990234375,3490.0,3526.14990234375,1061369
2023-02-20,3147.005859375,3487.300048828125,3522.0,3475.050048828125,3502.0,1296082
2023-02-21,3114.247802734375,3451.0,3508.89990234375,3444.75,3494.0,1139541
2023-02-22,3069.623291015625,3401.550048828125,3447.0,3395.0,3414.949951171875,1218430
2023-02-23,3080.677734375,3413.800048828125,3452.39990234375,3408.0,3421.0,1441570
2023-02-24,3068.630859375,3400.449951171875,3433.949951171875,3382.300048828125,3422.5,977592
2023-02-27,3006.724853515625,3331.85009765625,3390.0,3316.0,3390.0,1128022
2023-02-28,2989.579345703125,3312.85009765625,3392.0,3299.89990234375,3328.5,4116217
2023-03-01,3055.31982421875,3385.699951171875,3389.0,3315.0,3323.0,1669307
2023-03-02,2997.339599609375,3321.449951171875,3369.89990234375,3318.0,3361.0,1556538
2023-03-03,3016.019775390625,3342.14990234375,3358.0,3331.10009765625,3354.0,1043190
2023-03-06,3042.821044921875,3371.85009765625,3404.949951171875,3359.0,3361.89990234375,1334132
2023-03-08,3059.56103515625,3390.39990234375,3396.0,3330.85009765625,3364.0,1844590
2023-03-09,3011.23681640625,3336.85009765625,3385.0,3330.85009765625,3385.0,1648500
2023-03-10,3005.95751953125,3331.0,3337.25,3290.0,3312.89990234375,1024404
2023-03-13,2961.694091796875,3281.949951171875,3369.800048828125,3272.0,3333.0,1901233
2023-03-14,2901.2314453125,3214.949951171875,3304.39990234375,3209.39990234375,3280.0,2670334
2023-03-15,2886.748046875,3198.89990234375,3260.35009765625,3192.0,3250.0,1780522
2023-03-16,2874.204345703125,3185.0,3219.800048828125,3172.0,3208.0,1901060
2023-03-17,2869.060791015625,3179.300048828125,3221.39990234375,3144.0,3150.5,6739966
2023-03-20,2836.573486328125,3143.300048828125,3169.64990234375,3095.050048828125,3169.64990234375,2289468
2023-03-21,2803.00390625,3106.10009765625,3156.75,3097.449951171875,3143.300048828125,1815297
2023-03-22,2825.293212890625,3130.800048828125,3143.5,3106.10009765625,3130.050048828125,1123939
2023-03-23,2819.7431640625,3124.64990234375,3146.35009765625,3101.0,3114.89990234375,1372218
2023-03-24,2815.99853515625,3120.5,3170.0,3106.0,3148.89990234375,1329577
2023-03-27,2817.622802734375,3122.300048828125,3152.75,3106.0,3135.0,1524217
2023-03-28,2811.846923828125,3115.89990234375,3149.550048828125,3110.14990234375,3127.0,1303530
2023-03-29,2832.602783203125,3138.89990234375,3150.0,3104.10009765625,3129.0,1740616
2023-03-31,2893.064697265625,3205.89990234375,3213.0,3152.0,3189.949951171875,2382581
2023-04-03,2887.740478515625,3200.0,3224.949951171875,3173.75,3224.949951171875,1521830
2023-04-05,2923.656982421875,3239.800048828125,3264.35009765625,3185.5,3185.5,2655065
2023-04-06,2906.420654296875,3220.699951171875,3257.35009765625,3215.0,3225.0,1703464
2023-04-10,2944.953857421875,3263.39990234375,3272.0,3215.0,3220.0,2203187
2023-04-11,2900.194091796875,3213.800048828125,3272.949951171875,3192.14990234375,3264.0,2348779
2023-04-12,2925.32666015625,3241.64990234375,3260.949951171875,3199.0,3227.949951171875,2417727
2023-04-13,2877.6787109375,3188.85009765625,3230.0,3180.0,3210.0,4174070
2023-04-17,2833.144287109375,3139.5,3163.39990234375,3070.25,3134.10009765625,5505048
2023-04-18,2825.248046875,3130.75,3156.85009765625,3110.60009765625,3154.949951171875,2617302
2023-04-19,2788.113525390625,3089.60009765625,3140.0,3071.5,3130.75,3298034
2023-04-20,2801.83056640625,3104.800048828125,3113.0,3078.0,3090.0,2419999
2023-04-21,2852.4111328125,3160.85009765625,3164.449951171875,3100.800048828125,3110.0,1929184
2023-04-24,2865.0,3174.800048828125,3180.949951171875,3126.14990234375,3151.10009765625,1640676
2023-04-25,2866.082275390625,3176.0,3191.199951171875,3147.5,3183.0,2024090
2023-04-26,2886.071533203125,3198.14990234375,3208.39990234375,3181.0,3181.0,2000029
2023-04-27,2876.86669921875,3187.949951171875,3199.199951171875,3170.64990234375,3185.0,2434446
2023-04-28,2905.1123046875,3219.25,3227.25,3196.25,3200.39990234375,2931312
2023-05-02,2905.247314453125,3219.39990234375,3235.0,3210.0,3235.0,2321159
2023-05-03,2869.60205078125,3179.89990234375,3216.0,3173.14990234375,3216.0,2468285
2023-05-04,2906.420654296875,3220.699951171875,3224.449951171875,3178.0,3180.14990234375,1953253
2023-05-05,2915.445068359375,3230.699951171875,3244.0,3210.050048828125,3220.0,1710027
2023-05-08,2933.4033203125,3250.60009765625,3254.85009765625,3231.300048828125,3245.0,928235
2023-05-09,2962.866943359375,3283.25,3298.0,3246.0,3252.60009765625,1107375
2023-05-10,2966.071044921875,3286.800048828125,3306.5,3266.050048828125,3290.0,1559987
2023-05-11,2961.874267578125,3282.14990234375,3309.699951171875,3272.0,3309.0,1719623
2023-05-12,2954.79052734375,3274.300048828125,3290.0,3260.0,3279.14990234375,1027479
2023-05-15,2937.41845703125,3255.050048828125,3292.0,3248.35009765625,3284.0,1150390
2023-05-16,2940.216064453125,3258.14990234375,3285.0,3250.449951171875,3256.199951171875,986306
2023-05-17,2895.591552734375,3208.699951171875,3280.0,3198.25,3255.949951171875,1588815
2023-05-18,2887.60546875,3199.85009765625,3228.949951171875,3195.0,3225.949951171875,1369364
2023-05-19,2908.361083984375,3222.85009765625,3234.5,3203.050048828125,3210.0,1152449
2023-05-22,2976.80908203125,3298.699951171875,3308.449951171875,3217.050048828125,3230.0,1333243
2023-05-23,2975.320068359375,3297.050048828125,3327.949951171875,3290.10009765625,3306.0,1687418
2023-05-24,2981.005859375,3303.35009765625,3317.199951171875,3276.0,3276.0,1016555
2023-05-25,2972.11669921875,3293.5,3306.0,3267.10009765625,3294.0,1374917
2023-05-26,3004.06201171875,3328.89990234375,3338.64990234375,3291.0,3293.5,1791115
2023-05-29,2996.34716796875,3320.35009765625,3372.0,3312.0,3360.800048828125,1210372
2023-05-30,2992.602294921875,3316.199951171875,3326.949951171875,3301.35009765625,3315.0,1344224
2023-05-31,2968.507568359375,3289.5,3327.699951171875,3265.14990234375,3309.0,5815424
2023-06-01,2999.640625,3324.0,3340.0,3297.5,3314.0,1177314
2023-06-02,2983.03662109375,3305.60009765625,3335.89990234375,3297.449951171875,3326.25,2030661
2023-06-05,2967.965576171875,3288.89990234375,3327.0,3285.050048828125,3315.0,1861468
2023-06-06,2916.888671875,3232.300048828125,3288.85009765625,3220.60009765625,3280.0,2022849
2023-06-07,2955.332275390625,3274.89990234375,3278.85009765625,3241.0,3253.0,1567196
2023-06-08,2920.6337890625,3236.449951171875,3270.0,3233.0,3261.0,1759366
2023-06-09,2896.133544921875,3209.300048828125,3250.0,3205.35009765625,3245.0,1775689
2023-06-12,2930.064208984375,3246.89990234375,3254.39990234375,3211.0,3215.0,2324605
2023-06-13,2927.17626953125,3243.699951171875,3265.0,3239.0,3260.0,1371928
2023-06-14,2933.809326171875,3251.050048828125,3255.85009765625,3225.85009765625,3243.699951171875,1658544
2023-06-15,2924.035888671875,3216.300048828125,3247.449951171875,3210.0,3245.300048828125,2273810
2023-06-16,2886.398193359375,3174.89990234375,3199.39990234375,3156.0,3197.0,4156189
2023-06-19,2918.672119140625,3210.39990234375,3214.89990234375,3175.0,3190.0,1468186
2023-06-20,2934.400146484375,3227.699951171875,3232.5,3201.050048828125,3214.0,1528452
2023-06-21,2962.128662109375,3258.199951171875,3261.39990234375,3223.949951171875,3250.0,1645987
2023-06-22,2944.21826171875,3238.5,3267.64990234375,3230.10009765625,3260.0,1529603
2023-06-23,2924.081787109375,3216.35009765625,3249.39990234375,3209.14990234375,3237.300048828125,1119505
2023-06-26,2899.807861328125,3189.64990234375,3213.89990234375,3173.0,3205.0,1978803
2023-06-27,2906.80810546875,3197.35009765625,3209.64990234375,3182.300048828125,3202.0,863542
2023-06-28,2923.26318359375,3215.449951171875,3230.949951171875,3193.39990234375,3208.0,1575872
2023-06-30,3002.176025390625,3302.25,3310.0,3214.10009765625,3220.0,2672406
2023-07-03,2974.947509765625,3272.300048828125,3318.800048828125,3268.75,3314.300048828125,1687264
2023-07-04,3008.17626953125,3308.85009765625,3315.0,3277.300048828125,3290.0,1656681
2023-07-05,3018.267333984375,3319.949951171875,3329.0,3305.0,3320.0,1453008
2023-07-06,3020.949462890625,3322.89990234375,3328.449951171875,3302.0,3306.550048828125,1848238
2023-07-07,3026.72216796875,3329.25,3356.89990234375,3302.0,3302.0,1789326
2023-07-10,2974.62939453125,3271.949951171875,3324.75,3265.199951171875,3324.75,1407431
2023-07-11,2975.038330078125,3272.39990234375,3295.0,3260.800048828125,3295.0,1110172
2023-07-12,2963.673583984375,3259.89990234375,3289.14990234375,3250.10009765625,3280.949951171875,1515240
2023-07-13,3036.99560546875,3340.550048828125,3367.449951171875,3272.75,3284.0,4585146
2023-07-14,3195.27490234375,3514.64990234375,3524.85009765625,3352.0,3365.0,6306101
2023-07-17,3174.410400390625,3491.699951171875,3549.89990234375,3477.050048828125,3510.0,2743228
2023-07-18,3179.0927734375,3496.85009765625,3524.0,3465.0,3476.0,2600090
2023-07-19,3154.727783203125,3470.050048828125,3516.85009765625,3445.64990234375,3500.0,2405370
2023-07-20,3156.77880859375,3463.300048828125,3478.89990234375,3436.050048828125,3453.10009765625,1715404
2023-07-21,3070.1865234375,3368.300048828125,3434.89990234375,3359.050048828125,3404.050048828125,3770223
2023-07-24,3094.29541015625,3394.75,3413.449951171875,3372.10009765625,3381.0,1680132
2023-07-25,3098.30615234375,3399.14990234375,3406.800048828125,3380.199951171875,3397.5,1272980
2023-07-26,3088.416748046875,3388.300048828125,3420.85009765625,3385.0,3400.35009765625,1066803
2023-07-27,3096.25537109375,3396.89990234375,3411.64990234375,3385.050048828125,3394.949951171875,1701769
2023-07-28,3058.428466796875,3355.39990234375,3393.699951171875,3331.0,3385.0,2599831
2023-07-31,3118.6328125,3421.449951171875,3426.64990234375,3360.89990234375,3364.39990234375,2743678
2023-08-01,3146.5244140625,3452.050048828125,3460.0,3415.0,3415.0,1956167
2023-08-02,3136.13330078125,3440.64990234375,3446.39990234375,3413.60009765625,3434.949951171875,1914899
2023-08-03,3099.035400390625,3399.949951171875,3433.25,3368.0,3420.0,2026351
2023-08-04,3138.7763671875,3443.550048828125,3471.0,3401.25,3401.25,2248493
2023-08-07,3175.692138671875,3484.050048828125,3488.0,3441.25,3453.949951171875,1853889
2023-08-08,3163.4326171875,3470.60009765625,3489.949951171875,3456.60009765625,3484.050048828125,1634225
2023-08-09,3156.049560546875,3462.5,3467.0,3425.050048828125,3464.89990234375,1794589
2023-08-10,3137.455322265625,3442.10009765625,3464.89990234375,3430.050048828125,3450.0,1096701
2023-08-11,3143.5625,3448.800048828125,3466.64990234375,3414.0,3438.10009765625,1679974
2023-08-14,3144.51904296875,3449.85009765625,3455.0,3411.0,3440.699951171875,1190425
2023-08-16,3152.3125,3458.39990234375,3466.0,3435.199951171875,3450.0,1328445
2023-08-17,3131.66748046875,3435.75,3460.800048828125,3413.199951171875,3455.0,1843241
2023-08-18,3069.09326171875,3367.10009765625,3410.0,3356.5,3410.0,2526749
2023-08-21,3100.5849609375,3401.64990234375,3409.75,3372.0,3375.0,1375579
2023-08-22,3082.810791015625,3382.14990234375,3411.0,3365.050048828125,3400.0,1222012
2023-08-23,3097.486328125,3398.25,3402.0,3376.0,3388.0,1330046
2023-08-24,3087.915283203125,3387.75,3413.050048828125,3378.10009765625,3408.0,1152881
2023-08-25,3082.036376953125,3381.300048828125,3385.800048828125,3350.25,3375.0,1158046
2023-08-28,3076.794921875,3375.550048828125,3394.0,3360.10009765625,3394.0,1037485
2023-08-29,3077.341552734375,3376.14990234375,3389.550048828125,3365.0,3381.050048828125,944517
2023-08-30,3090.831787109375,3390.949951171875,3408.10009765625,3383.050048828125,3398.0,1188200
2023-08-31,3059.70458984375,3356.800048828125,3417.39990234375,3343.64990234375,3401.0,3417652
2023-09-01,3080.1220703125,3379.199951171875,3389.0,3356.800048828125,3366.0,1277950
2023-09-04,3115.943603515625,3418.5,3432.85009765625,3370.050048828125,3378.0,1828332
2023-09-05,3125.833251953125,3429.35009765625,3447.0,3405.14990234375,3420.0,1501842
2023-09-06,3126.3349609375,3429.89990234375,3443.89990234375,3398.10009765625,3434.0,1314818
2023-09-07,3149.441162109375,3455.25,3460.0,3422.300048828125,3430.800048828125,1885092
2023-09-08,3137.272705078125,3441.89990234375,3465.0,3435.050048828125,3455.25,1518917
2023-09-11,3172.593017578125,3480.64990234375,3485.699951171875,3445.0,3462.0,1783604
2023-09-12,3263.879150390625,3580.800048828125,3589.89990234375,3483.0,3492.0,4476016
2023-09-13,3252.075927734375,3567.85009765625,3588.85009765625,3545.0,3571.10009765625,1754929
2023-09-14,3244.9658203125,3560.050048828125,3597.699951171875,3545.60009765625,3570.050048828125,2604721
2023-09-15,3279.83056640625,3598.300048828125,3607.35009765625,3562.449951171875,3567.85009765625,2952897
2023-09-18,3286.9853515625,3606.14990234375,3619.300048828125,3575.25,3580.050048828125,1395753
2023-09-20,3286.894287109375,3606.050048828125,3625.0,3580.0,3580.0,1649396
2023-09-21,3267.981201171875,3585.300048828125,3605.0,3528.0,3588.550048828125,2004073
2023-09-22,3284.706787109375,3603.64990234375,3633.75,3565.050048828125,3584.0,1989083
2023-09-25,3260.552490234375,3577.14990234375,3620.0,3558.64990234375,3602.5,1238778
2023-09-26,3268.345703125,3585.699951171875,3594.949951171875,3536.0,3567.60009765625,1726062
2023-09-27,3271.62744140625,3589.300048828125,3614.0,3555.699951171875,3590.0,1541134
2023-09-28,3223.728271484375,3536.75,3602.800048828125,3527.35009765625,3600.0,1755753
2023-09-29,3216.299072265625,3528.60009765625,3568.449951171875,3505.550048828125,3537.199951171875,2243791
2023-10-03,3202.854736328125,3513.85009765625,3534.199951171875,3480.10009765625,3534.199951171875,1948148
2023-10-04,3224.639892578125,3537.75,3548.0,3477.300048828125,3486.300048828125,1788138
2023-10-05,3271.6728515625,3589.35009765625,3624.0,3551.199951171875,3554.0,2990768
2023-10-06,3300.885986328125,3621.39990234375,3634.949951171875,3575.050048828125,3591.0,2075691
2023-10-09,3316.3359375,3638.35009765625,3679.0,3631.0,3645.050048828125,4233074
2023-10-10,3307.72216796875,3628.89990234375,3648.0,3601.35009765625,3640.050048828125,1848148
2023-10-11,3290.40380859375,3609.89990234375,3650.0,3605.0,3650.0,2426417
2023-10-12,3229.0146484375,3542.550048828125,3588.64990234375,3538.10009765625,3575.0,4241281
2023-10-13,3254.809814453125,3570.85009765625,3577.0,3525.0,3530.0,2890357
2023-10-16,3212.15234375,3524.050048828125,3574.64990234375,3519.10009765625,3566.0,1671104
2023-10-17,3196.65673828125,3507.050048828125,3534.14990234375,3503.35009765625,3530.0,1672065
2023-10-18,3178.60888671875,3487.25,3522.699951171875,3484.0,3511.0,1408245
2023-10-19,3157.955810546875,3455.64990234375,3476.85009765625,3451.89990234375,3469.5,1514545
2023-10-20,3193.5048828125,3494.550048828125,3499.5,3444.050048828125,3450.39990234375,1481211
2023-10-23,3116.37548828125,3410.14990234375,3478.949951171875,3401.300048828125,3473.0,1106272
2023-10-25,3098.052978515625,3390.10009765625,3425.0,3377.199951171875,3390.5,1518537
2023-10-26,3049.299072265625,3336.75,3373.699951171875,3330.0,3368.050048828125,1984471
2023-10-27,3062.275634765625,3350.949951171875,3362.0,3337.0,3350.0,1108851
2023-10-30,3087.49755859375,3378.550048828125,3382.85009765625,3333.75,3350.0,910972
2023-10-31,3078.542236328125,3368.75,3399.0,3350.050048828125,3399.0,999811
2023-11-01,3043.724609375,3330.64990234375,3371.60009765625,3311.0,3355.0,1563475
2023-11-02,3070.637451171875,3360.10009765625,3375.949951171875,3343.199951171875,3343.199951171875,1245384
2023-11-03,3062.229736328125,3350.89990234375,3387.89990234375,3344.300048828125,3382.0,1402598
2023-11-06,3089.051513671875,3380.25,3392.300048828125,3359.0,3375.0,1099852
2023-11-07,3080.095703125,3370.449951171875,3404.14990234375,3366.0,3378.0,1191144
2023-11-08,3090.2392578125,3381.550048828125,3401.949951171875,3369.550048828125,3371.449951171875,992899
2023-11-09,3059.0771484375,3347.449951171875,3391.5,3342.050048828125,3390.10009765625,2112352
2023-11-10,3046.282958984375,3333.449951171875,3347.449951171875,3322.35009765625,3338.0,1338557
2023-11-13,3044.54638671875,3331.550048828125,3356.0,3327.0,3356.0,1030990
2023-11-15,3111.029541015625,3404.300048828125,3413.0,3356.050048828125,3383.10009765625,2059802
2023-11-16,3196.520263671875,3497.85009765625,3529.35009765625,3414.199951171875,3430.050048828125,3951984
2023-11-17,3200.724365234375,3502.449951171875,3524.5,3492.550048828125,3497.85009765625,2021292
2023-11-20,3216.396728515625,3519.60009765625,3533.89990234375,3491.25,3491.25,1475621
2023-11-21,3207.806396484375,3510.199951171875,3539.050048828125,3501.0,3519.60009765625,1807236
2023-11-22,3226.037841796875,3530.14990234375,3532.64990234375,3481.10009765625,3500.0,1798051
2023-11-23,3206.024658203125,3508.25,3544.0,3500.0,3530.0,2729804
2023-11-24,3159.28125,3457.10009765625,3504.550048828125,3453.0,3494.25,1989733
2023-11-28,3171.20654296875,3470.14990234375,3481.25,3433.0,3457.10009765625,1689195
2023-11-29,3211.05078125,3513.75,3518.0,3475.800048828125,3481.0,1441634
2023-11-30,3187.1533203125,3487.60009765625,3516.64990234375,3481.0,3499.449951171875,3266235
2023-12-01,3209.131591796875,3511.64990234375,3516.949951171875,3490.050048828125,3500.0,1172141
2023-12-04,3209.862548828125,3512.449951171875,3547.800048828125,3498.0,3544.64990234375,1625213
2023-12-05,3227.36328125,3531.60009765625,3538.0,3502.800048828125,3538.0,1377656
2023-12-06,3293.61767578125,3604.10009765625,3612.85009765625,3525.14990234375,3532.60009765625,1896572
2023-12-07,3303.4873046875,3614.89990234375,3630.550048828125,3591.699951171875,3605.0,1967653
2023-12-08,3314.2705078125,3626.699951171875,3645.0,3602.050048828125,3633.0,1641155
2023-12-11,3329.07470703125,3642.89990234375,3653.0,3615.0,3622.89990234375,1102503
2023-12-12,3355.75927734375,3672.10009765625,3698.39990234375,3631.0,3638.949951171875,2236866
2023-12-13,3283.976318359375,3593.550048828125,3650.0,3563.0,3643.550048828125,3850968
2023-12-14,3351.327392578125,3667.25,3678.0,3627.60009765625,3630.0,3290396
2023-12-15,3528.386474609375,3861.0,3895.949951171875,3666.699951171875,3666.699951171875,8531230
2023-12-18,3526.740966796875,3859.199951171875,3929.0,3830.14990234375,3858.10009765625,2521612
2023-12-19,3487.445556640625,3816.199951171875,3855.10009765625,3790.0,3845.0,2004435
2023-12-20,3454.41015625,3780.050048828125,3898.800048828125,3766.550048828125,3827.25,2586083
2023-12-21,3461.218017578125,3787.5,3806.699951171875,3743.35009765625,3756.25,1517562
2023-12-22,3494.5732421875,3824.0,3845.949951171875,3762.0,3800.0,2413058
2023-12-26,3468.574462890625,3795.550048828125,3834.0,3790.14990234375,3819.85009765625,1285231
2023-12-27,3482.876220703125,3811.199951171875,3818.199951171875,3768.0,3799.0,1293976
2023-12-28,3472.549560546875,3799.89990234375,3838.0,3792.10009765625,3824.0,1682889
2023-12-29,3466.60986328125,3793.39990234375,3822.60009765625,3765.39990234375,3792.0,1574996
2024-01-01,3482.784912109375,3811.10009765625,3832.0,3773.0,3790.0,825907
2024-01-02,3457.28857421875,3783.199951171875,3811.10009765625,3767.25,3811.10009765625,1344068
2024-01-03,3373.716796875,3691.75,3771.85009765625,3687.050048828125,3767.0,1803075
2024-01-04,3350.915771484375,3666.800048828125,3719.0,3651.0,3701.75,3598144
2024-01-05,3415.890869140625,3737.89990234375,3747.75,3674.85009765625,3675.0,1963127
2024-01-08,3361.42578125,3678.300048828125,3739.75,3672.39990234375,3737.89990234375,1067805
2024-01-09,3372.026123046875,3689.89990234375,3752.35009765625,3682.75,3709.949951171875,1370944
2024-01-10,3393.181884765625,3713.050048828125,3729.25,3688.0,3690.0,1292227
2024-01-11,3413.743408203125,3735.550048828125,3773.0,3707.0,3724.0,1777909
2024-01-12,3548.308349609375,3882.800048828125,3905.25,3821.60009765625,3848.0,6813450
2024-01-15,3567.49951171875,3903.800048828125,3965.0,3885.0,3960.0,2801505
2024-01-16,3528.660400390625,3861.300048828125,3899.0,3855.550048828125,3899.0,1432672
2024-01-17,3549.953125,3884.60009765625,3909.949951171875,3812.550048828125,3819.0,3458696
2024-01-18,3566.40283203125,3902.60009765625,3908.800048828125,3862.0,3898.0,2239110
2024-01-19,3628.470947265625,3943.050048828125,3963.550048828125,3915.050048828125,3945.0,2941975
2024-01-23,3550.43701171875,3858.25,3933.89990234375,3842.75,3900.0,2618854
2024-01-24,3535.299072265625,3841.800048828125,3883.64990234375,3805.60009765625,3880.0,2657709
2024-01-25,3506.31201171875,3810.300048828125,3861.0,3778.699951171875,3839.89990234375,2205154
2024-01-29,3497.75439453125,3801.0,3820.0,3780.85009765625,3800.800048828125,1646747
2024-01-30,3497.340087890625,3800.550048828125,3847.800048828125,3787.0,3807.449951171875,1411621
2024-01-31,3511.511474609375,3815.949951171875,3834.0,3796.449951171875,3811.199951171875,2459358
2024-02-01,3546.663818359375,3854.14990234375,3904.89990234375,3805.050048828125,3820.0,2363107
2024-02-02,3649.866455078125,3966.300048828125,3984.39990234375,3872.0,3875.050048828125,2826510
2024-02-05,3656.30810546875,3973.300048828125,4022.0,3962.10009765625,3983.0,1691523
2024-02-06,3806.02734375,4136.0,4149.89990234375,3990.0,3997.0,4474396
2024-02-07,3757.6240234375,4083.39990234375,4155.0,4073.949951171875,4153.0,2124267
2024-02-08,3804.279296875,4134.10009765625,4158.0,4086.050048828125,4090.0,2345173
2024-02-09,3803.91162109375,4133.7001953125,4184.75,4100.0,4136.5498046875,2100596
2024-02-12,3791.948486328125,4120.7001953125,4159.60009765625,4105.5498046875,4130.0,1013716
2024-02-13,3818.450439453125,4149.5,4170.0,4081.5,4125.4501953125,1257415
2024-02-14,3772.991943359375,4100.10009765625,4114.89990234375,4049.5,4107.0,1391283
2024-02-15,3775.8447265625,4103.2001953125,4146.2998046875,4083.0,4128.0,1091582
2024-02-16,3798.941650390625,4128.2998046875,4147.9501953125,4100.10009765625,4113.25,1307556
2024-02-19,3776.396728515625,4103.7998046875,4128.2998046875,4055.0,4123.0498046875,772291
2024-02-20,3709.082763671875,4030.64990234375,4098.0,4010.0,4082.10009765625,1193648
2024-02-21,3673.05615234375,3991.5,4063.35009765625,3980.60009765625,4013.0,1885939
2024-02-22,3761.029296875,4087.10009765625,4094.949951171875,3971.0,3971.0,2982052
2024-02-23,3728.8212890625,4052.10009765625,4130.0,4046.39990234375,4130.0,2538072
2024-02-26,3681.843994140625,4001.050048828125,4050.0,3982.75,4036.0,1379284
2024-02-27,3776.948974609375,4104.39990234375,4124.0,3999.0,3999.0,2960475
2024-02-28,3790.337890625,4118.9501953125,4154.89990234375,4089.0,4095.60009765625,1939225
2024-02-29,3768.390869140625,4095.10009765625,4138.10009765625,4064.550048828125,4099.0,3772719
2024-03-01,3767.700439453125,4094.35009765625,4140.0,4086.800048828125,4107.2001953125,2043265
2024-03-04,3755.139404296875,4080.699951171875,4117.89990234375,4075.89990234375,4105.0,1749271
2024-03-05,3692.012939453125,4012.10009765625,4064.0,3980.0,4062.0,2070859
2024-03-06,3740.0478515625,4064.300048828125,4072.0,3958.449951171875,3994.050048828125,1744204
2024-03-07,3780.81396484375,4108.60009765625,4124.0,4037.699951171875,4065.0,2688905
2024-03-11,3793.466796875,4122.35009765625,4153.0,4089.0,4089.0,2304068
2024-03-12,3857.78955078125,4192.25,4229.9501953125,4121.0498046875,4122.35009765625,4039801
2024-03-13,3817.990478515625,4149.0,4241.0,4131.89990234375,4205.0,2837260
2024-03-14,3871.91552734375,4207.60009765625,4225.0,4086.0,4153.4501953125,2919608
2024-03-15,3882.63525390625,4219.25,4239.0,4177.0,4192.60009765625,3373143
2024-03-18,3821.2109375,4152.5,4254.75,4117.85009765625,4215.25,1526904
2024-03-19,3659.989013671875,3977.300048828125,4058.0,3966.60009765625,4051.25,8931209
2024-03-20,3654.099365234375,3970.89990234375,4018.0,3960.199951171875,3986.0,1817913
2024-03-21,3655.986083984375,3972.949951171875,4008.39990234375,3948.0,3990.050048828125,3829582
2024-03-22,3598.885986328125,3910.89990234375,3938.0,3855.0,3897.0,5852485
2024-03-26,3568.15087890625,3877.5,3946.699951171875,3871.449951171875,3875.0,3440925
2024-03-27,3534.470947265625,3840.89990234375,3895.0,3829.39990234375,3888.5,1968575
2024-03-28,3567.047119140625,3876.300048828125,3915.0,3840.5,3850.10009765625,4311783
2024-04-01,3604.269775390625,3916.75,3933.300048828125,3888.050048828125,3897.699951171875,1569676
2024-04-02,3573.948486328125,3883.800048828125,3909.85009765625,3873.0,3890.0,2142666
2024-04-03,3632.38232421875,3947.300048828125,3981.0,3851.0,3851.0,3973090
2024-04-04,3683.914794921875,4003.300048828125,4028.64990234375,3935.25,3975.89990234375,3394637
2024-04-05,3661.782958984375,3979.25,4002.0,3960.5,3978.0,1636819
2024-04-08,3655.61767578125,3972.550048828125,4032.64990234375,3960.0,3983.0,2302538
2024-04-09,3631.692138671875,3946.550048828125,4015.85009765625,3925.050048828125,3984.0,1876992
2024-04-10,3666.752685546875,3984.64990234375,3990.199951171875,3918.0,3956.39990234375,2101965
2024-04-12,3682.166259765625,4001.39990234375,4013.35009765625,3945.5,3971.0,4354821
2024-04-15,3626.76904296875,3941.199951171875,4064.199951171875,3919.050048828125,4001.39990234375,4200329
2024-04-16,3563.826171875,3872.800048828125,3928.699951171875,3862.85009765625,3902.0,3051420
2024-04-18,3553.887451171875,3862.0,3936.0,3850.0,3876.800048828125,3476284
2024-04-19,3520.94384765625,3826.199951171875,3852.550048828125,3800.89990234375,3838.0,2957749
2024-04-22,3556.280517578125,3864.60009765625,3878.0,3812.0,3837.0,1728883
2024-04-23,3565.57421875,3874.699951171875,3895.0,3860.60009765625,3877.050048828125,1807586
2024-04-24,3525.40673828125,3831.050048828125,3898.0,3824.449951171875,3890.0,1317312
2024-04-25,3544.869384765625,3852.199951171875,3873.64990234375,3811.0,3811.199951171875,2856271
2024-04-26,3516.48046875,3821.35009765625,3876.800048828125,3802.550048828125,3855.14990234375,2039178
2024-04-29,3561.433837890625,3870.199951171875,3877.800048828125,3819.199951171875,3838.0,1110693
2024-04-30,3515.83642578125,3820.64990234375,3881.75,3810.0,3872.0,2203078
2024-05-02,3555.083984375,3863.300048828125,3871.10009765625,3778.050048828125,3778.050048828125,2491044
2024-05-03,3536.771240234375,3843.39990234375,3893.60009765625,3797.60009765625,3890.14990234375,2962234
2024-05-06,3608.22705078125,3921.050048828125,3939.949951171875,3853.0,3853.0,2053831
2024-05-07,3661.50732421875,3978.949951171875,3988.0,3913.5,3930.800048828125,2062112
2024-05-08,3659.66650390625,3976.949951171875,3984.300048828125,3938.60009765625,3961.0,1247685
2024-05-09,3644.2529296875,3960.199951171875,3971.0,3910.050048828125,3962.0,1726486
2024-05-10,3583.24267578125,3893.89990234375,3973.60009765625,3885.050048828125,3962.60009765625,1672489
2024-05-13,3632.842529296875,3947.800048828125,3955.0,3870.0,3884.5,931326
2024-05-14,3589.960693359375,3901.199951171875,3945.800048828125,3892.89990234375,3936.0,1058317
2024-05-15,3570.81982421875,3880.39990234375,3926.949951171875,3875.5,3904.5,1115021
2024-05-16,3615.821044921875,3900.949951171875,3909.5,3843.5,3891.10009765625,2599399
2024-05-17,3553.857177734375,3834.10009765625,3920.0,3830.0,3919.0,2765804
2024-05-21,3540.973388671875,3820.199951171875,3844.75,3810.050048828125,3830.60009765625,1908117
2024-05-22,3551.91064453125,3832.0,3841.25,3817.550048828125,3835.0,1311168
2024-05-23,3608.868896484375,3893.449951171875,3905.0,3825.5,3840.949951171875,2095742
2024-05-24,3568.1318359375,3849.5,3883.800048828125,3844.300048828125,3878.25,1309452
2024-05-27,3565.86083984375,3847.050048828125,3908.35009765625,3841.35009765625,3855.0,1841538
2024-05-28,3559.23291015625,3839.89990234375,3870.0,3830.0,3858.0,1801993
2024-05-29,3525.632568359375,3803.64990234375,3848.89990234375,3800.0,3848.89990234375,1568095
2024-05-30,3463.020263671875,3736.10009765625,3794.39990234375,3715.449951171875,3777.0,2919230
2024-05-31,3402.632080078125,3670.949951171875,3749.800048828125,3653.75,3740.0,10956800
2024-06-03,3432.20068359375,3702.85009765625,3751.550048828125,3696.0,3732.800048828125,2156773
2024-06-04,3443.462890625,3715.0,3745.0,3591.5,3700.0,3395997
2024-06-05,3472.613525390625,3746.449951171875,3783.800048828125,3700.0,3716.0,2799670
2024-06-06,3550.427490234375,3830.39990234375,3839.89990234375,3741.5,3781.0,4328036
2024-06-07,3609.33251953125,3893.949951171875,3915.0,3837.300048828125,3837.300048828125,4552445
2024-06-10,3576.658935546875,3858.699951171875,3905.89990234375,3841.89990234375,3895.0,1734661
2024-06-11,3570.541748046875,3852.10009765625,3879.949951171875,3841.0,3845.0,1419898
2024-06-12,3551.5859375,3831.64990234375,3893.5,3827.449951171875,3874.39990234375,2177001
2024-06-13,3594.687744140625,3878.14990234375,3890.0,3852.0,3856.800048828125,1932323
2024-06-14,3551.956787109375,3832.050048828125,3889.0,3828.0,3889.0,1860730
2024-06-18,3536.245849609375,3815.10009765625,3842.0,3795.050048828125,3826.050048828125,1774045
2024-06-19,3523.825439453125,3801.699951171875,3833.85009765625,3792.949951171875,3827.64990234375,1509050
2024-06-20,3510.43115234375,3787.25,3809.949951171875,3780.050048828125,3796.0,2846526
2024-06-21,3532.214111328125,3810.75,3877.800048828125,3798.050048828125,3827.0,4642195
2024-06-24,3537.82177734375,3816.800048828125,3857.0,3791.300048828125,3808.75,1702154
2024-06-25,3557.889404296875,3838.449951171875,3847.64990234375,3792.89990234375,3817.0,1338808
2024-06-26,3574.017822265625,3855.85009765625,3866.949951171875,3841.0,3844.5,1639845
2024-06-27,3646.59375,3934.14990234375,3942.0,3818.10009765625,3831.0,4526556
2024-06-28,3618.786865234375,3904.14990234375,3960.0,3897.85009765625,3917.800048828125,2731571
2024-07-01,3687.424560546875,3978.199951171875,4001.699951171875,3884.0,3884.0,2658723
2024-07-02,3723.759521484375,4017.39990234375,4023.39990234375,3982.550048828125,3993.60009765625,2307449
2024-07-03,3675.4208984375,3965.25,4026.10009765625,3955.0,4020.0,1821198
2024-07-04,3727.050048828125,4020.949951171875,4047.35009765625,3982.10009765625,3999.85009765625,2518001
2024-07-05,3718.56884765625,4011.800048828125,4026.75,3988.0,4010.0,1668616
2024-07-08,3701.328125,3993.199951171875,4031.25,3978.050048828125,4022.0,1758882
2024-07-09,3694.191162109375,3985.5,4006.949951171875,3975.10009765625,3985.0,1305801
2024-07-10,3623.421630859375,3909.14990234375,4003.300048828125,3902.0,3983.699951171875,2669716
2024-07-11,3636.908203125,3923.699951171875,3980.0,3895.60009765625,3931.0,4872189
2024-07-12,3878.13623046875,4183.9501953125,4199.9501953125,3971.300048828125,3980.0,13509164
2024-07-15,3864.463623046875,4169.2001953125,4240.0,4157.0498046875,4235.7001953125,4848030
2024-07-16,3873.0380859375,4178.4501953125,4194.5498046875,4144.89990234375,4172.0,2029521
2024-07-18,4000.11669921875,4315.5498046875,4325.0,4160.0,4160.0,5613364
2024-07-19,3997.18994140625,4302.39990234375,4358.75,4285.25,4317.39990234375,3903354
2024-07-22,3983.208251953125,4287.35009765625,4319.9501953125,4265.0,4299.9501953125,1896386
2024-07-23,3997.144287109375,4302.35009765625,4361.7001953125,4266.2998046875,4283.0,2365208
2024-07-24,4000.767578125,4306.25,4339.10009765625,4268.10009765625,4287.5,1809793
2024-07-25,4015.864501953125,4322.5,4343.0,4274.2001953125,4295.0,2810342
2024-07-26,4076.578857421875,4387.85009765625,4422.4501953125,4337.0498046875,4350.0,3552210
2024-07-29,4070.30712890625,4381.10009765625,4431.0,4371.0,4415.0,1746803
2024-07-30,4055.674072265625,4365.35009765625,4398.0,4327.2998046875,4391.10009765625,1797906
2024-07-31,4074.2568359375,4385.35009765625,4414.0,4345.0,4350.0,2330091
2024-08-01,4085.172607421875,4397.10009765625,4419.2998046875,4365.0498046875,4399.39990234375,2202244
2024-08-02,3979.212646484375,4283.0498046875,4398.0,4270.0,4365.0,2811282
2024-08-05,3860.293212890625,4155.0498046875,4239.0,4110.5,4239.0,2787771
2024-08-06,3875.297607421875,4171.2001953125,4258.25,4160.7998046875,4170.9501953125,2203067
2024-08-07,3902.472900390625,4200.4501953125,4244.9501953125,4180.2998046875,4228.0,1237666
2024-08-08,3876.552001953125,4172.5498046875,4232.0,4160.0,4181.0,2441283
2024-08-09,3928.764892578125,4228.75,4253.64990234375,4205.5498046875,4217.0,1302536
2024-08-12,3898.012939453125,4195.64990234375,4239.0,4186.35009765625,4230.0,936912
2024-08-13,3899.221435546875,4196.9501953125,4234.0,4183.0,4213.0,1495593
2024-08-14,3990.547607421875,4295.25,4306.2001953125,4188.14990234375,4209.0,3226545
2024-08-16,4102.77783203125,4416.0498046875,4427.0,4325.10009765625,4350.0,3457058
2024-08-19,4171.4814453125,4490.0,4494.25,4390.35009765625,4421.0,2055210
2024-08-20,4202.41943359375,4523.2998046875,4565.0,4500.0,4505.0,2212298
2024-08-21,4228.619140625,4551.5,4560.0,4492.5498046875,4518.0,1896990
2024-08-22,4182.630859375,4502.0,4560.9501953125,4497.2001953125,4560.0,1829872
2024-08-23,4147.2333984375,4463.89990234375,4506.0,4455.0,4500.0,1809253
2024-08-26,4183.048828125,4502.4501953125,4552.14990234375,4485.0,4489.0,1844164
2024-08-27,4178.125,4497.14990234375,4510.0,4486.7998046875,4505.0,930697
2024-08-28,4186.39306640625,4506.0498046875,4562.5,4457.2998046875,4498.75,1848058
2024-08-29,4191.73486328125,4511.7998046875,4556.0,4460.0,4460.0,2133641
2024-08-30,4230.708984375,4553.75,4592.25,4487.7998046875,4500.0,3637222
2024-09-02,4200.32861328125,4521.0498046875,4588.0,4512.0,4576.0,1216500
2024-09-03,4192.2470703125,4512.35009765625,4555.89990234375,4495.89990234375,4521.0498046875,1717263
2024-09-04,4161.4951171875,4479.25,4487.0,4436.7001953125,4476.9501953125,1265505
2024-09-05,4158.4287109375,4475.9501953125,4499.0,4454.14990234375,4481.0,1688793
2024-09-06,4140.5908203125,4456.75,4518.9501953125,4440.0,4473.9501953125,1649179
2024-09-09,4133.90185546875,4449.5498046875,4490.25,4430.5,4455.0,1184938
2024-09-10,4188.06591796875,4507.85009765625,4539.9501953125,4440.4501953125,4442.4501953125,1385591
2024-09-11,4161.58740234375,4479.35009765625,4549.35009765625,4471.25,4521.4501953125,1325919
2024-09-12,4197.21728515625,4517.7001953125,4532.60009765625,4431.2998046875,4510.25,2742216
2024-09-13,4201.76953125,4522.60009765625,4547.0,4505.0,4530.0,1458786
2024-09-16,4193.08251953125,4513.25,4546.0498046875,4494.4501953125,4527.0,1155120
2024-09-17,4186.02099609375,4505.64990234375,4535.7998046875,4466.0,4513.25,1699364
2024-09-18,4037.836181640625,4346.14990234375,4497.0498046875,4321.0,4497.0498046875,2961779
2024-09-19,3991.384033203125,4296.14990234375,4422.2001953125,4281.7998046875,4390.0498046875,2927551
2024-09-20,3980.93212890625,4284.89990234375,4330.7001953125,4227.5,4316.89990234375,5447908
2024-09-23,3965.695068359375,4268.5,4309.39990234375,4253.0,4300.0,1702319
2024-09-24,3968.296630859375,4271.2998046875,4291.0,4240.0,4251.64990234375,3012026
2024-09-25,3971.501953125,4274.75,4289.60009765625,4240.0,4252.35009765625,2713073
2024-09-26,3987.9921875,4292.5,4316.7998046875,4260.0,4260.0,3964251
2024-09-27,4003.0439453125,4308.7001953125,4378.0,4300.0498046875,4335.0,3012477
2024-09-30,3965.695068359375,4268.5,4298.75,4260.0498046875,4286.89990234375,2503416
2024-10-01,3983.718505859375,4287.89990234375,4295.75,4242.9501953125,4255.5498046875,1823365
2024-10-03,3932.4814453125,4232.75,4279.0,4210.0,4262.60009765625,3350119
2024-10-04,3950.59814453125,4252.25,4298.0,4224.0498046875,4225.0,2965463
2024-10-07,3969.736572265625,4272.85009765625,4297.25,4229.39990234375,4273.89990234375,1472619
2024-10-08,3951.527099609375,4253.25,4279.39990234375,4203.9501953125,4272.60009765625,1541867
2024-10-09,3951.24853515625,4252.9501953125,4295.0,4246.7001953125,4260.0,1082504
2024-10-10,3927.511474609375,4227.39990234375,4293.85009765625,4198.60009765625,4253.25,2378875
2024-10-11,3854.858154296875,4149.2001953125,4241.9501953125,4112.4501953125,4143.0,5759183
2024-10-14,3843.197998046875,4136.64990234375,4165.39990234375,4122.2001953125,4140.0,2137590
2024-10-15,3824.75634765625,4116.7998046875,4169.9501953125,4095.0,4131.0498046875,2759474
2024-10-16,3804.456787109375,4094.949951171875,4115.0,4067.199951171875,4085.0,2359151
2024-10-17,3817.51025390625,4109.0,4129.9501953125,4092.949951171875,4112.7998046875,2522659
2024-10-18,3839.908203125,4123.0498046875,4146.14990234375,4080.0,4090.0,2361000
2024-10-21,3799.675048828125,4079.85009765625,4139.9501953125,4070.0,4132.60009765625,1595450
2024-10-22,3739.744140625,4015.5,4089.800048828125,4006.35009765625,4066.0,1928049
2024-10-23,3787.0087890625,4066.25,4113.5498046875,3995.14990234375,3999.60009765625,1966476
2024-10-24,3769.9189453125,4047.89990234375,4079.0,4004.0,4004.0,2676744
2024-10-25,3778.906494140625,4057.550048828125,4092.0,4032.699951171875,4057.050048828125,1759676
2024-10-28,3809.91943359375,4090.85009765625,4134.0,4051.0,4068.949951171875,1532534
2024-10-29,3795.390625,4075.25,4103.5,4060.10009765625,4095.85009765625,1445885
2024-10-30,3804.145263671875,4084.64990234375,4107.0,4060.050048828125,4075.0,1935002
2024-10-31,3695.925048828125,3968.449951171875,4078.300048828125,3960.0,4070.0,3740372
2024-11-01,3710.593505859375,3984.199951171875,3998.949951171875,3976.050048828125,3989.85009765625,154895
2024-11-04,3691.92041015625,3964.14990234375,3991.89990234375,3913.25,3966.300048828125,2269192
2024-11-05,3698.626220703125,3971.35009765625,3986.0,3941.10009765625,3941.10009765625,967590
2024-11-06,3855.368408203125,4139.64990234375,4149.7998046875,3975.25,4003.60009765625,3792017
2024-11-07,3865.845703125,4150.89990234375,4205.7998046875,4085.050048828125,4169.7001953125,3724349
2024-11-08,3862.213623046875,4147.0,4169.75,4117.64990234375,4155.0,1648039
2024-11-11,3910.363525390625,4198.7001953125,4234.2998046875,4117.64990234375,4128.2001953125,1406487
2024-11-12,3909.152587890625,4197.39990234375,4218.0,4164.35009765625,4216.0,1587640
2024-11-13,3865.333740234375,4150.35009765625,4196.75,4131.0498046875,4178.10009765625,1098813
2024-11-14,3861.188720703125,4145.89990234375,4160.0,4116.4501953125,4135.0,1825432
2024-11-18,3743.46923828125,4019.5,4213.0,3990.199951171875,4213.0,3313944
2024-11-19,3762.142578125,4039.550048828125,4132.14990234375,4014.10009765625,4019.89990234375,1776233
2024-11-21,3793.156005859375,4072.85009765625,4092.449951171875,4024.0,4044.89990234375,2384347
2024-11-22,3953.111572265625,4244.60009765625,4254.9501953125,4054.0,4071.0,3096553
2024-11-25,4018.769775390625,4315.10009765625,4328.10009765625,4252.2001953125,4280.0,4052167
2024-11-26,4053.7880859375,4352.7001953125,4366.60009765625,4310.0,4321.0498046875,2060669
2024-11-27,4035.020751953125,4332.5498046875,4377.39990234375,4324.0498046875,4358.9501953125,1558993
2024-11-28,3953.390380859375,4244.89990234375,4339.9501953125,4233.0,4319.0,2558544
2024-11-29,3977.558837890625,4270.85009765625,4298.7001953125,4195.64990234375,4220.0,2017425
2024-12-02,3982.960693359375,4276.64990234375,4288.2001953125,4230.0498046875,4270.0,1670944
2024-12-03,4007.267578125,4302.75,4325.0,4265.4501953125,4314.35009765625,2010905
2024-12-04,4055.3701171875,4354.39990234375,4386.9501953125,4289.0498046875,4313.5498046875,3302642
2024-12-05,4157.49072265625,4464.0498046875,4489.0,4360.0,4400.7998046875,3746747
2024-12-06,4140.21484375,4445.5,4465.0,4412.75,4453.0,1842087
2024-12-09,4146.40771484375,4452.14990234375,4469.39990234375,4415.5498046875,4430.4501953125,2066639
2024-12-10,4128.15380859375,4432.5498046875,4493.7998046875,4412.10009765625,4426.14990234375,2087828
2024-12-11,4123.404296875,4427.4501953125,4448.64990234375,4407.0,4431.85009765625,1635256
2024-12-12,4149.01611328125,4454.9501953125,4485.0,4426.0,4430.0498046875,1914642
2024-12-13,4166.6640625,4473.89990234375,4494.89990234375,4394.39990234375,4434.9501953125,1967048
2024-12-16,4111.99560546875,4415.2001953125,4475.0,4397.0,4459.0,1646224
2024-12-17,4031.24951171875,4328.5,4432.9501953125,4318.0,4410.0,3225027
2024-12-18,4049.2705078125,4347.85009765625,4362.0,4289.60009765625,4311.7001953125,1575404
2024-12-19,3978.536376953125,4271.89990234375,4364.0,4262.0,4282.0,3015763
2024-12-20,3883.913330078125,4170.2998046875,4382.0,4152.5,4329.0,4116989
2024-12-23,3872.737548828125,4158.2998046875,4217.0,4114.89990234375,4200.0498046875,2195338
2024-12-24,3892.482177734375,4179.5,4218.0,4158.2998046875,4158.2998046875,1181886
2024-12-26,3882.79638671875,4169.10009765625,4199.9501953125,4143.14990234375,4179.5,1208464
2024-12-27,3878.838134765625,4164.85009765625,4180.9501953125,4147.25,4163.0,858100
2024-12-30,3873.202880859375,4158.7998046875,4199.2998046875,4112.0,4151.0,1527169
2024-12-31,3813.598388671875,4094.800048828125,4139.9501953125,4032.050048828125,4135.0,1555429
